Date,Open,High,Low,Close,Volume
2000-01-03,0.784193,0.841208,0.760359,0.837002,535796800
2000-01-04,0.80943,0.827188,0.75662,0.766435,512377600
2000-01-05,0.775781,0.826721,0.770173,0.77765,778321600
2000-01-06,0.79354,0.800083,0.710354,0.710354,767972800
2000-01-07,0.72157,0.755218,0.714093,0.744002,460734400
2000-01-10,0.762695,0.764565,0.708484,0.730917,505064000
2000-01-11,0.717364,0.743068,0.676706,0.69353,441548800
2000-01-12,0.710353,0.714093,0.646795,0.651937,976068800
2000-01-13,0.706498,0.738394,0.69166,0.723439,1032684800
2000-01-14,0.747741,0.764565,0.743068,0.751012,390376000
2000-01-18,0.755218,0.792606,0.751012,0.777183,459177600
2000-01-19,0.789801,0.813168,0.772977,0.796811,597643200
2000-01-20,0.86364,0.908505,0.848686,0.848686,1831132800
2000-01-21,0.854294,0.854294,0.823917,0.832329,495924800
2000-01-24,0.810831,0.843077,0.786062,0.794475,440876800
2000-01-25,0.785128,0.845882,0.7655,0.839339,497145600
2000-01-26,0.822515,0.853826,0.820646,0.823917,367158400
2000-01-27,0.813635,0.844948,0.800083,0.822515,340144000
2000-01-28,0.808962,0.829057,0.752415,0.759891,423348800
2000-01-31,0.755219,0.776716,0.706615,0.775781,701680000
2000-02-01,0.77765,0.785128,0.747741,0.74961,318035200
2000-02-02,0.753349,0.76363,0.725308,0.738861,464195200
2000-02-03,0.750077,0.77952,0.74961,0.77251,475193600
2000-02-04,0.777183,0.822515,0.774846,0.80756,425320000
2000-02-07,0.80756,0.854294,0.792138,0.852892,441067200
2000-02-08,0.852424,0.868313,0.831862,0.858967,408643200
2000-02-09,0.853359,0.875792,0.840741,0.842143,299364800
2000-02-10,0.844013,0.85149,0.822515,0.848686,302982400
2000-02-11,0.84962,0.853359,0.809429,0.813168,212251200
2000-02-14,0.817374,0.866445,0.812233,0.865977,367539200
2000-02-15,0.861772,0.896822,0.861304,0.889812,485744000
2000-02-16,0.880464,0.883269,0.838404,0.853359,378246400
2000-02-17,0.861304,0.86364,0.845882,0.858967,289497600
2000-02-18,0.857098,0.862706,0.829057,0.831862,233441600
2000-02-22,0.82345,0.874389,0.797746,0.851022,422296000
2000-02-23,0.8467,0.889812,0.829992,0.869248,473099200
2000-02-24,0.877193,0.890746,0.8356,0.86142,376432000
2000-02-25,0.8585,0.874857,0.82345,0.825319,249144000
2000-02-28,0.82345,0.859902,0.810364,0.846817,328328000
2000-02-29,0.849153,0.876726,0.841675,0.857098,368961600
2000-03-01,0.88654,0.987485,0.886073,0.974399,1077003200
2000-03-02,0.949631,0.956641,0.90243,0.912244,311259200
2000-03-03,0.933741,0.958861,0.897289,0.957108,323366400
2000-03-06,0.942153,0.96552,0.934675,0.939817,210560000
2000-03-07,0.945424,0.952902,0.905701,0.918786,273011200
2000-03-08,0.918786,0.926731,0.88654,0.912244,271230400
2000-03-09,0.903831,0.934675,0.884204,0.914113,276718400
2000-03-10,0.909907,0.956641,0.904766,0.940284,248606400
2000-03-13,0.913179,0.945892,0.89355,0.907103,303956800
2000-03-14,0.906402,0.929068,0.852424,0.854293,428579200
2000-03-15,0.864575,0.899159,0.853359,0.869248,443609600
2000-03-16,0.877194,0.912244,0.856163,0.908972,378100800
2000-03-17,0.898224,0.934676,0.894485,0.934676,305043200
2000-03-20,0.92346,0.944023,0.915048,0.919721,204489600
2000-03-21,0.91645,1.022535,0.90944,1.008983,524328000
2000-03-22,0.99286,1.079551,0.983746,1.078148,567996800
2000-03-23,1.061792,1.124415,1.046837,1.056651,562564800
2000-03-24,1.065063,1.07628,1.013189,1.037023,446913600
2000-03-27,1.029078,1.082355,1.02347,1.043566,279182400
2000-03-28,1.026274,1.061792,1.025339,1.040295,202966400
2000-03-29,1.042164,1.042631,1.000688,1.016461,239836800
2000-03-30,0.998701,1.029546,0.937947,0.940284,414400000
2000-03-31,0.952902,1.026274,0.942153,1.015526,404633600
2000-04-03,1.013189,1.043099,0.967857,0.996832,328563200
2000-04-04,0.991691,0.994495,0.872988,0.951968,660329600
2000-04-05,0.945658,0.993561,0.927199,0.974868,457665600
2000-04-06,0.976737,1.005712,0.92159,0.936079,259627200
2000-04-07,0.9515,0.986083,0.938415,0.985148,242435200
2000-04-10,0.984681,0.992626,0.932807,0.934676,212262400
2000-04-11,0.92346,0.933741,0.882801,0.893083,541822400
2000-04-12,0.889811,0.889811,0.784193,0.816906,941136000
2000-04-13,0.833731,0.897289,0.811299,0.851022,529827200
2000-04-14,0.817374,0.882334,0.815037,0.836535,667620800
2000-04-17,0.818777,0.926732,0.815505,0.926264,409561600
2000-04-18,0.92346,0.948697,0.892615,0.948697,390924800
2000-04-19,0.943555,0.973932,0.895419,0.905701,520150400
2000-04-20,0.924862,0.932807,0.875324,0.888877,722120000
2000-04-24,0.859902,0.901027,0.858032,0.901027,443620800
2000-04-25,0.913178,0.962716,0.912711,0.959445,391641600
2000-04-26,0.946826,0.957108,0.897289,0.907103,366912000
2000-04-27,0.876259,0.949631,0.871702,0.947761,326603200
2000-04-28,0.950566,0.95337,0.907103,0.927666,249580800
2000-05-01,0.933741,0.935611,0.911309,0.929535,226195200
2000-05-02,0.92159,0.944023,0.878595,0.881399,236432000
2000-05-03,0.889344,0.906636,0.834666,0.86037,489798400
2000-05-04,0.860837,0.861771,0.826721,0.827655,399515200
2000-05-05,0.82859,0.858033,0.827889,0.845882,284076800
2000-05-08,0.838171,0.850088,0.822515,0.82345,184900800
2000-05-09,0.824851,0.831862,0.784193,0.788399,327140800
2000-05-10,0.778117,0.785128,0.738393,0.7426,535091200
2000-05-11,0.758022,0.77952,0.740264,0.768771,499744000
2000-05-12,0.792605,0.826253,0.783375,0.804756,306913600
2000-05-15,0.808028,0.808028,0.748675,0.755218,678932800
2000-05-16,0.781506,0.815504,0.768304,0.790268,440451200
2000-05-17,0.774846,0.775313,0.750544,0.758022,398092800
2000-05-18,0.770173,0.78466,0.752414,0.753349,373777600
2000-05-19,0.742133,0.742133,0.698203,0.702876,740667200
2000-05-22,0.701007,0.701007,0.643057,0.672499,755507200
2000-05-23,0.676705,0.698202,0.640253,0.641655,517585600
2000-05-24,0.644459,0.671097,0.620624,0.655675,678462400
2000-05-25,0.661751,0.692828,0.643057,0.65252,406750400
2000-05-26,0.658012,0.672032,0.637449,0.645861,181148800
2000-05-30,0.655208,0.658946,0.611278,0.654741,713059200
2000-05-31,0.6496,0.682313,0.6267,0.628102,433507200
2000-06-01,0.611278,0.669695,0.600997,0.666424,903840000
2000-06-02,0.701007,0.745871,0.665489,0.692127,792848000
2000-06-05,0.697735,0.712223,0.67063,0.682781,323668800
2000-06-06,0.687688,0.723439,0.675304,0.694464,525481600
2000-06-07,0.700073,0.725308,0.685117,0.722037,337019200
2000-06-08,0.729982,0.736524,0.696333,0.708951,238526400
2000-06-09,0.723439,0.732319,0.70568,0.715962,252358400
2000-06-12,0.720635,0.721102,0.679509,0.681846,290337600
2000-06-13,0.681846,0.708017,0.659414,0.706615,351456000
2000-06-14,0.708017,0.7197,0.673902,0.676238,277446400
2000-06-15,0.682313,0.698203,0.665489,0.690726,248572800
2000-06-16,0.699137,0.701007,0.665956,0.681846,303564800
2000-06-19,0.677173,0.731851,0.671564,0.722504,394004800
2000-06-20,0.736525,0.777183,0.73559,0.757088,501390400
2000-06-21,0.755218,0.85149,0.752414,0.831862,490000000
2000-06-22,0.833731,0.861771,0.801017,0.803821,467712000
2000-06-23,0.804288,0.816906,0.759891,0.772977,204965600
2000-06-26,0.785128,0.818777,0.77952,0.80943,185354400
2000-06-27,0.804288,0.829992,0.772042,0.773911,203470400
2000-06-28,0.797278,0.828122,0.770173,0.814102,286428800
2000-06-29,0.79354,0.806626,0.76363,0.766435,203660800
2000-06-30,0.789801,0.821581,0.772977,0.783259,323097600
2000-07-03,0.77952,0.812233,0.77952,0.797279,70828800
2000-07-05,0.796344,0.825319,0.758957,0.772042,265216000
2000-07-06,0.785128,0.791671,0.742133,0.774846,309545600
2000-07-07,0.78653,0.819711,0.77952,0.814102,263603200
2000-07-10,0.808962,0.871118,0.803821,0.854293,397796000
2000-07-11,0.852424,0.886073,0.829057,0.85149,357896000
2000-07-12,0.869248,0.881399,0.843077,0.880464,225433600
2000-07-13,0.874857,0.906636,0.818777,0.844948,445659200
2000-07-14,0.854294,0.882334,0.850555,0.862706,190276800
2000-07-17,0.871118,0.87953,0.854294,0.872053,260002400
2000-07-18,0.874857,0.880465,0.850555,0.856163,318404800
2000-07-19,0.825319,0.849621,0.773912,0.787932,457872800
2000-07-20,0.822515,0.853359,0.80943,0.824384,465572800
2000-07-21,0.812934,0.831862,0.791671,0.801017,196235200
2000-07-24,0.786062,0.790735,0.710353,0.728113,412171200
2000-07-25,0.752415,0.757088,0.733721,0.748675,211607200
2000-07-26,0.745404,0.766435,0.736525,0.748675,210470400
2000-07-27,0.747741,0.796344,0.745871,0.77765,294985600
2000-07-28,0.781856,0.785128,0.701007,0.722504,237893600
2000-07-31,0.735122,0.772042,0.729047,0.759891,155299200
2000-08-01,0.752414,0.765032,0.736524,0.737459,137284000
2000-08-02,0.732786,0.746806,0.705681,0.706615,162355200
2000-08-03,0.681379,0.718766,0.661751,0.717831,339897600
2000-08-04,0.739797,0.766435,0.692595,0.708484,263121600
2000-08-07,0.715962,0.733721,0.705681,0.716897,187348000
2000-08-08,0.716897,0.717831,0.692595,0.699137,176674400
2000-08-09,0.719701,0.724374,0.706615,0.710354,379640800
2000-08-10,0.717831,0.724373,0.708484,0.711288,251714400
2000-08-11,0.70054,0.717831,0.681379,0.713158,238056000
2000-08-14,0.711755,0.713158,0.692595,0.703811,156660000
2000-08-15,0.706615,0.716897,0.695399,0.698203,114200800
2000-08-16,0.701007,0.732786,0.700073,0.725308,143673600
2000-08-17,0.723439,0.784193,0.722504,0.769238,270900000
2000-08-18,0.768304,0.774846,0.745871,0.74774,190176000
2000-08-21,0.751479,0.771108,0.742133,0.755218,134467200
2000-08-22,0.757088,0.789801,0.753349,0.772977,276802400
2000-08-23,0.769706,0.818776,0.76363,0.812233,236863200
2000-08-24,0.817607,0.846817,0.798213,0.839105,310766400
2000-08-25,0.844947,0.859902,0.843077,0.84962,334460000
2000-08-28,0.856163,0.882334,0.853359,0.868314,359004800
2000-08-29,0.86551,0.888877,0.862706,0.885139,267030400
2000-08-30,0.882334,0.89729,0.877895,0.889812,285392800
2000-08-31,0.881867,0.919721,0.881399,0.91131,419596800
2000-09-01,0.916917,0.9515,0.914113,0.948697,256872000
2000-09-05,0.937013,0.958977,0.930937,0.933741,298642400
2000-09-06,0.917852,0.932807,0.863641,0.873922,355404000
2000-09-07,0.884204,0.935611,0.871118,0.927199,217464800
2000-09-08,0.92159,0.92159,0.874857,0.880464,195518400
2000-09-11,0.877661,0.902897,0.869249,0.873922,187381600
2000-09-12,0.857566,0.898224,0.852424,0.863641,187997600
2000-09-13,0.848686,0.889811,0.848686,0.867379,305984000
2000-09-14,0.875791,0.891681,0.84962,0.850321,426552000
2000-09-15,0.863641,0.870184,0.811299,0.82602,394514400
2000-09-18,0.826253,0.908505,0.82345,0.907103,424536000
2000-09-19,0.89355,0.904766,0.875791,0.896355,271510400
2000-09-20,0.888409,0.918786,0.875791,0.912945,227388000
2000-09-21,0.874857,0.891681,0.826253,0.847751,510490400
2000-09-22,0.752414,0.784193,0.74774,0.780455,726700800
2000-09-25,0.788866,0.829992,0.778586,0.800083,435551200
2000-09-26,0.797278,0.818776,0.768304,0.769238,290936800
2000-09-27,0.773912,0.788866,0.72157,0.731851,402259200
2000-09-28,0.737459,0.804756,0.719701,0.800083,979585600
2000-09-29,0.421539,0.43369,0.379479,0.385086,7421640800
2000-10-02,0.399107,0.400042,0.351438,0.362655,2424788800
2000-10-03,0.372936,0.373871,0.33181,0.33368,2038120000
2000-10-04,0.334614,0.355177,0.327137,0.353308,1466024000
2000-10-05,0.351438,0.366393,0.329006,0.32994,873006400
2000-10-06,0.339287,0.343026,0.314051,0.33181,612656800
2000-10-09,0.338353,0.342091,0.31592,0.325267,597564800
2000-10-10,0.323398,0.335549,0.306573,0.312182,691101600
2000-10-11,0.300966,0.314051,0.286011,0.293488,1198422400
2000-10-12,0.30377,0.311247,0.291619,0.299096,1191064000
2000-10-13,0.302835,0.330875,0.299096,0.32994,1247752800
2000-10-16,0.33368,0.3477,0.319659,0.321529,820176000
2000-10-17,0.324333,0.328071,0.294423,0.300966,601720000
2000-10-18,0.290684,0.314986,0.280402,0.300966,834265600
2000-10-19,0.286478,0.296293,0.27386,0.283207,1506724800
2000-10-20,0.285076,0.304704,0.283207,0.291619,791263200
2000-10-23,0.303069,0.307509,0.290684,0.304704,551292000
2000-10-24,0.309378,0.312182,0.281338,0.282272,804451200
2000-10-25,0.285076,0.286946,0.275729,0.276664,663969600
2000-10-26,0.281338,0.282273,0.261709,0.276664,721851200
2000-10-27,0.282272,0.286946,0.267317,0.277599,744503200
2000-10-30,0.286011,0.298162,0.280402,0.288815,639189600
2000-10-31,0.295358,0.302835,0.28788,0.292553,885880800
2000-11-01,0.290684,0.312182,0.290684,0.306573,575366400
2000-11-02,0.31592,0.335549,0.314986,0.33368,590693600
2000-11-03,0.343961,0.343961,0.328071,0.332744,515821600
2000-11-06,0.335549,0.338353,0.312182,0.320594,393478400
2000-11-07,0.321529,0.326202,0.311247,0.318724,301963200
2000-11-08,0.319659,0.320594,0.296293,0.300031,422088800
2000-11-09,0.297227,0.306573,0.285076,0.3019,476834400
2000-11-10,0.289516,0.297227,0.285076,0.285076,422251200
2000-11-13,0.280402,0.299096,0.272926,0.289749,431816000
2000-11-14,0.298162,0.306573,0.292553,0.302835,409001600
2000-11-15,0.299564,0.3019,0.28788,0.297227,282357600
2000-11-16,0.291619,0.296292,0.282272,0.284142,239372000
2000-11-17,0.286946,0.28788,0.272926,0.276664,446180000
2000-11-20,0.278066,0.291619,0.272925,0.283207,408066400
2000-11-21,0.286946,0.291619,0.280402,0.281338,301952000
2000-11-22,0.281338,0.286011,0.274795,0.276664,280532000
2000-11-24,0.282039,0.291619,0.281338,0.288815,160932800
2000-11-27,0.297227,0.298162,0.276664,0.279468,258792800
2000-11-28,0.279468,0.284142,0.268252,0.269654,269124800
2000-11-29,0.270589,0.27386,0.257971,0.262644,492150400
2000-11-30,0.249558,0.254231,0.241146,0.246755,809597600
2000-12-01,0.254231,0.261709,0.251428,0.255167,385705600
2000-12-04,0.257036,0.257036,0.24582,0.249558,371520800
2000-12-05,0.253297,0.260775,0.244885,0.254231,613978400
2000-12-06,0.218714,0.224322,0.209367,0.21404,1374464000
2000-12-07,0.215911,0.222453,0.209367,0.21404,408917600
2000-12-08,0.221518,0.228996,0.21591,0.225257,435624000
2000-12-11,0.227126,0.229931,0.222453,0.227126,332511200
2000-12-12,0.228061,0.239277,0.224322,0.229931,386260000
2000-12-13,0.232735,0.232735,0.222453,0.224322,344887200
2000-12-14,0.224789,0.228061,0.215911,0.215911,263317600
2000-12-15,0.21778,0.219649,0.209367,0.210302,513945600
2000-12-18,0.21778,0.218714,0.208433,0.213106,325808000
2000-12-19,0.214975,0.228061,0.209367,0.209367,374007200
2000-12-20,0.206096,0.218714,0.20376,0.214975,565331200
2000-12-21,0.213106,0.224322,0.207498,0.210302,366844800
2000-12-22,0.211237,0.224322,0.211237,0.224322,318052000
2000-12-26,0.222453,0.224322,0.213106,0.219649,216815200
2000-12-27,0.214508,0.221518,0.212171,0.221518,325466400
2000-12-28,0.214975,0.223387,0.21404,0.221518,305177600
2000-12-29,0.219649,0.224322,0.216845,0.222453,630336000
2001-01-02,0.222453,0.228061,0.21778,0.222453,452312000
2001-01-03,0.216845,0.249558,0.215911,0.244885,817073600
2001-01-04,0.27129,0.276664,0.251428,0.255167,739396000
2001-01-05,0.253297,0.25984,0.240211,0.244885,412356000
2001-01-08,0.253297,0.253998,0.238342,0.247689,373699200
2001-01-09,0.251428,0.263812,0.247689,0.257036,588929600
2001-01-10,0.249558,0.254231,0.240211,0.247689,580781600
2001-01-11,0.243016,0.276664,0.243016,0.269187,803734400
2001-01-12,0.267317,0.269187,0.255167,0.257036,423376800
2001-01-16,0.260775,0.272926,0.254232,0.256102,306118400
2001-01-17,0.262644,0.262644,0.246755,0.251428,840873600
2001-01-18,0.266382,0.280402,0.263578,0.279468,1227010400
2001-01-19,0.290684,0.292553,0.279468,0.291619,776664000
2001-01-22,0.285076,0.293488,0.275729,0.28788,519327200
2001-01-23,0.288815,0.313116,0.285076,0.306573,879530400
2001-01-24,0.308443,0.309378,0.292553,0.306573,717091200
2001-01-25,0.307509,0.307509,0.295358,0.298162,489708800
2001-01-26,0.291619,0.296293,0.285076,0.292553,482820800
2001-01-29,0.292553,0.325267,0.292553,0.324333,855528800
2001-01-30,0.322463,0.329006,0.312182,0.325267,692423200
2001-01-31,0.321529,0.336483,0.320594,0.323398,730704800
2001-02-01,0.309378,0.321529,0.306573,0.31592,369695200
2001-02-02,0.31592,0.328071,0.306573,0.308443,427341600
2001-02-05,0.306573,0.307509,0.295358,0.3019,286115200
2001-02-06,0.301433,0.319892,0.299096,0.31592,462711200
2001-02-07,0.308911,0.312182,0.296293,0.310313,393887200
2001-02-08,0.307509,0.314986,0.3019,0.310313,604128000
2001-02-09,0.306573,0.311247,0.279468,0.286011,590083200
2001-02-12,0.285076,0.299096,0.281338,0.294423,274120000
2001-02-13,0.298162,0.305639,0.284142,0.286011,237070400
2001-02-14,0.286946,0.293488,0.276664,0.291619,309120000
2001-02-15,0.294423,0.307509,0.294423,0.300031,311416000
2001-02-16,0.284142,0.291619,0.280402,0.284142,263911200
2001-02-20,0.286946,0.290684,0.271991,0.27386,314893600
2001-02-21,0.272925,0.298162,0.272925,0.282272,390258400
2001-02-22,0.285076,0.289749,0.269187,0.281338,431961600
2001-02-23,0.278533,0.282273,0.272926,0.281338,293865600
2001-02-26,0.285076,0.294423,0.277599,0.291619,206438400
2001-02-27,0.288348,0.290684,0.279468,0.289749,348516000
2001-02-28,0.289749,0.290684,0.271056,0.272926,508233600
2001-03-01,0.266382,0.280402,0.257036,0.280402,330461600
2001-03-02,0.27386,0.305639,0.272925,0.28788,406201600
2001-03-05,0.289749,0.306573,0.28788,0.304704,324172800
2001-03-06,0.309845,0.32994,0.309378,0.321529,731802400
2001-03-07,0.318724,0.323398,0.310313,0.31779,419540800
2001-03-08,0.309378,0.31592,0.305639,0.311247,204859200
2001-03-09,0.308443,0.309378,0.299096,0.302835,299135200
2001-03-12,0.294423,0.297227,0.271056,0.278533,391020000
2001-03-13,0.282272,0.292553,0.271991,0.292553,443329600
2001-03-14,0.276664,0.306573,0.275729,0.305639,477775200
2001-03-15,0.312182,0.319659,0.294423,0.294423,529317600
2001-03-16,0.284142,0.303769,0.282272,0.293488,470316000
2001-03-19,0.295358,0.308443,0.291619,0.307509,356008800
2001-03-20,0.309845,0.313117,0.294423,0.294423,499206400
2001-03-21,0.295825,0.312182,0.289749,0.300966,371375200
2001-03-22,0.304704,0.325267,0.3019,0.323398,723301600
2001-03-23,0.32994,0.352373,0.329006,0.343961,944888000
2001-03-26,0.345905,0.355177,0.315995,0.325716,734451200
2001-03-27,0.328109,0.344708,0.32751,0.342017,543821600
2001-03-28,0.330203,0.336484,0.321529,0.331548,584662400
2001-03-29,0.325566,0.35069,0.321529,0.336932,613065600
2001-03-30,0.337231,0.339773,0.319135,0.330053,400349600
2001-04-02,0.330352,0.338876,0.320033,0.322875,340911200
2001-04-03,0.319435,0.320033,0.30104,0.302686,368687200
2001-04-04,0.295507,0.302835,0.280402,0.291619,685484800
2001-04-05,0.308069,0.336484,0.299096,0.312107,446762400
2001-04-06,0.311061,0.314649,0.297601,0.30792,324889600
2001-04-09,0.309415,0.319135,0.299993,0.307172,266582400
2001-04-10,0.312555,0.339474,0.310761,0.329604,457374400
2001-04-11,0.343662,0.343961,0.318238,0.326015,334096000
2001-04-12,0.320332,0.344259,0.316295,0.335287,298933600
2001-04-16,0.330352,0.334988,0.311957,0.320631,285224800
2001-04-17,0.317042,0.317192,0.293114,0.305078,685199200
2001-04-18,0.322576,0.360112,0.315248,0.34082,1100842400
2001-04-19,0.382096,0.385086,0.352934,0.384638,1873670400
2001-04-20,0.372824,0.383292,0.367889,0.374469,693403200
2001-04-23,0.364,0.373871,0.358915,0.362655,541525600
2001-04-24,0.36385,0.370131,0.351587,0.359364,377137600
2001-04-25,0.362056,0.371777,0.352485,0.369683,330780800
2001-04-26,0.376412,0.39032,0.369085,0.369234,799696800
2001-04-27,0.376861,0.393162,0.370131,0.391816,453012000
2001-04-30,0.399294,0.405575,0.371926,0.381199,494776800
2001-05-01,0.380002,0.396302,0.376861,0.387779,427252000
2001-05-02,0.39391,0.399294,0.385236,0.397648,368524800
2001-05-03,0.388377,0.392564,0.369832,0.373272,301543200
2001-05-04,0.362505,0.386582,0.358317,0.385086,281052800
2001-05-07,0.383142,0.385236,0.371477,0.373272,276550400
2001-05-08,0.379105,0.3806,0.358168,0.36744,315436800
2001-05-09,0.361009,0.367141,0.353981,0.358616,324889600
2001-05-10,0.362056,0.366393,0.343213,0.343961,288976800
2001-05-11,0.34411,0.351288,0.340372,0.341718,203044800
2001-05-14,0.342316,0.35413,0.340222,0.348298,309220800
2001-05-15,0.349493,0.381347,0.344559,0.346653,237025600
2001-05-16,0.347849,0.366393,0.341718,0.360411,322330400
2001-05-17,0.362355,0.36385,0.3477,0.352186,332119200
2001-05-18,0.349345,0.353532,0.345755,0.351887,159051200
2001-05-21,0.353382,0.357569,0.344708,0.352335,460997600
2001-05-22,0.358915,0.36086,0.349942,0.351438,412916000
2001-05-23,0.355177,0.355177,0.341867,0.3474,281041600
2001-05-24,0.348298,0.348447,0.338278,0.346952,271756800
2001-05-25,0.346952,0.348298,0.336483,0.340372,158743200
2001-05-29,0.333791,0.336484,0.31121,0.32108,515989600
2001-05-30,0.310462,0.310462,0.288628,0.295806,777078400
2001-05-31,0.296105,0.302686,0.29147,0.298349,442892800
2001-06-01,0.30104,0.315397,0.298797,0.312406,456075200
2001-06-04,0.315248,0.315696,0.305975,0.308967,281920800
2001-06-05,0.31106,0.315547,0.304331,0.313154,471794400
2001-06-06,0.313004,0.313004,0.304032,0.310014,223176800
2001-06-07,0.309714,0.324519,0.305826,0.323921,325180800
2001-06-08,0.323772,0.323772,0.309714,0.318836,342624800
2001-06-11,0.314799,0.315098,0.298349,0.299694,294000000
2001-06-12,0.295657,0.309415,0.295507,0.303733,303794400
2001-06-13,0.320332,0.324968,0.299993,0.306125,511487200
2001-06-14,0.299694,0.305826,0.295657,0.297302,297348800
2001-06-15,0.300592,0.310313,0.289376,0.305676,454624800
2001-06-18,0.305227,0.311807,0.299096,0.304032,345912000
2001-06-19,0.311808,0.320033,0.299246,0.301938,321087200
2001-06-20,0.299096,0.326763,0.298797,0.324071,431620000
2001-06-21,0.322276,0.343961,0.315547,0.336334,341331200
2001-06-22,0.336185,0.343961,0.325416,0.332894,286025600
2001-06-25,0.336484,0.358915,0.335736,0.358766,439549600
2001-06-26,0.349046,0.355476,0.344111,0.355177,272781600
2001-06-27,0.356374,0.358915,0.336484,0.349046,374130400
2001-06-28,0.344708,0.357569,0.343063,0.352036,348409600
2001-06-29,0.353831,0.375366,0.346952,0.3477,515390400
2001-07-02,0.353532,0.362355,0.346054,0.35742,230048000
2001-07-03,0.351587,0.361608,0.351438,0.356523,112543200
2001-07-05,0.352934,0.355476,0.34411,0.346802,152292000
2001-07-06,0.340372,0.343362,0.324818,0.329455,302920800
2001-07-09,0.330352,0.34396,0.32422,0.339474,337467200
2001-07-10,0.343213,0.345007,0.311658,0.316145,395270400
2001-07-11,0.3145,0.337231,0.314051,0.337082,470506400
2001-07-12,0.348447,0.371029,0.348447,0.364299,614801600
2001-07-13,0.36086,0.37402,0.356523,0.371627,454742400
2001-07-16,0.372076,0.375366,0.357569,0.358317,278667200
2001-07-17,0.358616,0.37716,0.344111,0.375366,647830400
2001-07-18,0.325716,0.340671,0.305378,0.310911,1137012800
2001-07-19,0.317491,0.320332,0.295358,0.298499,861140000
2001-07-20,0.29461,0.299993,0.291469,0.298797,444584000
2001-07-23,0.300442,0.306573,0.291769,0.292217,241360000
2001-07-24,0.289974,0.2979,0.280104,0.285488,348376000
2001-07-25,0.285936,0.288628,0.268738,0.276215,443878400
2001-07-26,0.276365,0.28115,0.266944,0.27801,369140800
2001-07-27,0.280402,0.28788,0.276664,0.283543,334135200
2001-07-30,0.285936,0.289525,0.276814,0.283095,243359200
2001-07-31,0.288179,0.290423,0.276814,0.281001,235026400
2001-08-01,0.284291,0.295806,0.283394,0.285039,304136000
2001-08-02,0.293862,0.297152,0.28803,0.296405,252089600
2001-08-03,0.297452,0.297601,0.284142,0.291619,186054400
2001-08-06,0.28474,0.294011,0.284142,0.286085,99652000
2001-08-07,0.289077,0.294161,0.283843,0.28788,168548800
2001-08-08,0.28803,0.29461,0.277262,0.282646,276169600
2001-08-09,0.283543,0.286384,0.279954,0.28489,200664800
2001-08-10,0.28474,0.288927,0.27801,0.284441,186961600
2001-08-13,0.285637,0.289077,0.280552,0.285488,147996800
2001-08-14,0.287132,0.289525,0.279207,0.280104,228950400
2001-08-15,0.280552,0.283244,0.272178,0.275767,289279200
2001-08-16,0.273224,0.280402,0.268738,0.278907,288092000
2001-08-17,0.269187,0.275916,0.269037,0.270234,208426400
2001-08-20,0.271281,0.272627,0.266345,0.270981,252302400
2001-08-21,0.271281,0.271281,0.2647,0.26799,185701600
2001-08-22,0.268289,0.272925,0.263354,0.272327,173975200
2001-08-23,0.272178,0.274271,0.262906,0.266346,217078400
2001-08-24,0.269187,0.278459,0.263953,0.277711,290332000
2001-08-27,0.27816,0.288628,0.27158,0.282945,175644000
2001-08-28,0.282646,0.286235,0.275168,0.275168,171735200
2001-08-29,0.275767,0.281599,0.266645,0.266645,239971200
2001-08-30,0.265299,0.271879,0.258419,0.266645,368692800
2001-08-31,0.265149,0.27816,0.263953,0.277412,216904800
2001-09-04,0.276664,0.285338,0.271879,0.272926,348213600
2001-09-05,0.272776,0.283394,0.270981,0.277412,360057600
2001-09-06,0.275168,0.283095,0.263953,0.265,282368800
2001-09-07,0.261709,0.270682,0.257223,0.258419,241830400
2001-09-10,0.254231,0.261709,0.253036,0.259765,308845600
2001-09-17,0.239277,0.255278,0.235239,0.254083,458007200
2001-09-18,0.252737,0.265,0.241819,0.243464,327101600
2001-09-19,0.246755,0.255727,0.233295,0.254531,373318400
2001-09-20,0.243614,0.253485,0.2318,0.234492,411174400
2001-09-21,0.221332,0.243016,0.219537,0.235239,570516800
2001-09-24,0.240922,0.251839,0.238529,0.246007,294537600
2001-09-25,0.241371,0.242567,0.229556,0.232398,374404800
2001-09-26,0.236435,0.237632,0.223275,0.226566,493796800
2001-09-27,0.228061,0.235538,0.227314,0.231949,322240800
2001-09-28,0.23494,0.237931,0.230154,0.231949,365108800
2001-10-01,0.23165,0.239128,0.227762,0.232398,208208000
2001-10-02,0.230753,0.236735,0.222527,0.22507,235883200
2001-10-03,0.223574,0.229706,0.22178,0.224023,683043200
2001-10-04,0.229556,0.243016,0.224173,0.237482,401122400
2001-10-05,0.230304,0.24152,0.224173,0.24137,342686400
2001-10-08,0.232847,0.244511,0.2318,0.242268,207984000
2001-10-09,0.240025,0.242268,0.233744,0.239277,174025600
2001-10-10,0.240773,0.251989,0.238529,0.25154,307759200
2001-10-11,0.253036,0.265299,0.251989,0.265299,334163200
2001-10-12,0.258868,0.270383,0.252138,0.269336,287812000
2001-10-15,0.268439,0.274869,0.268439,0.269037,318752000
2001-10-16,0.270533,0.272178,0.265747,0.269336,202949600
2001-10-17,0.274271,0.275318,0.253634,0.254083,285538400
2001-10-18,0.258569,0.272627,0.258569,0.269187,612572800
2001-10-19,0.268289,0.275168,0.267392,0.273673,166790400
2001-10-22,0.272328,0.285189,0.270533,0.284441,391938400
2001-10-23,0.285936,0.290423,0.267242,0.271281,684980800
2001-10-24,0.270084,0.285487,0.265448,0.283394,374427200
2001-10-25,0.275767,0.28788,0.27158,0.286983,254951200
2001-10-26,0.282048,0.28788,0.278459,0.279207,278964000
2001-10-29,0.277711,0.279207,0.263205,0.263653,239181600
2001-10-30,0.259915,0.269187,0.255129,0.263205,276763200
2001-10-31,0.265149,0.275168,0.260812,0.262606,273750400
2001-11-01,0.263953,0.280851,0.257971,0.27801,312995200
2001-11-02,0.276963,0.282048,0.27158,0.277711,197204000
2001-11-05,0.281749,0.28788,0.278309,0.285189,235793600
2001-11-06,0.283543,0.293413,0.277113,0.292665,316019200
2001-11-07,0.291021,0.30104,0.289077,0.292965,382989600
2001-11-08,0.293563,0.297452,0.277711,0.279805,342143200
2001-11-09,0.27816,0.28788,0.277412,0.279805,134293600
2001-11-12,0.279057,0.286683,0.268588,0.280402,201499200
2001-11-13,0.285338,0.289974,0.279804,0.289675,224672000
2001-11-14,0.292964,0.297601,0.286384,0.293264,221149600
2001-11-15,0.290871,0.297601,0.287581,0.290871,213029600
2001-11-16,0.288179,0.288478,0.275168,0.283693,230664000
2001-11-19,0.284142,0.299844,0.283543,0.299096,332589600
2001-11-20,0.296405,0.302087,0.291619,0.292068,276584000
2001-11-21,0.293264,0.296105,0.28803,0.294311,201583200
2001-11-23,0.294759,0.298349,0.292665,0.296704,60004000
2001-11-26,0.298199,0.322276,0.297302,0.319584,460689600
2001-11-27,0.317042,0.321828,0.306573,0.314051,268553600
2001-11-28,0.311807,0.317192,0.305227,0.307022,250611200
2001-11-29,0.308069,0.309565,0.301938,0.305378,202764800
2001-11-30,0.306125,0.320631,0.302835,0.318537,303912000
2001-12-03,0.314948,0.318238,0.308069,0.314799,181165600
2001-12-04,0.314799,0.33738,0.309864,0.334988,380419200
2001-12-05,0.33439,0.359364,0.331548,0.355327,568579200
2001-12-06,0.351139,0.351438,0.3311,0.340671,338934400
2001-12-07,0.335885,0.339624,0.329006,0.337082,203515200
2001-12-10,0.333343,0.343811,0.332445,0.337082,170010400
2001-12-11,0.339025,0.341718,0.323772,0.325716,205475200
2001-12-12,0.327062,0.32781,0.31779,0.321379,192460800
2001-12-13,0.321379,0.322276,0.306573,0.314051,197842400
2001-12-14,0.310014,0.311509,0.300442,0.304929,189884800
2001-12-17,0.305079,0.314051,0.301938,0.308368,173712000
2001-12-18,0.312406,0.318986,0.302386,0.314201,235239200
2001-12-19,0.30777,0.32422,0.306125,0.323323,289956800
2001-12-20,0.320033,0.32108,0.308368,0.309116,220864000
2001-12-21,0.314201,0.322127,0.311061,0.314051,256334400
2001-12-24,0.312555,0.320781,0.312555,0.319435,50629600
2001-12-26,0.319285,0.333492,0.316145,0.321379,146400800
2001-12-27,0.322725,0.332744,0.322725,0.330053,191508800
2001-12-28,0.328557,0.34396,0.328408,0.335437,299124000
2001-12-31,0.336633,0.338876,0.326463,0.32751,137782400
2002-01-02,0.329754,0.348447,0.328408,0.348447,529496800
2002-01-03,0.343961,0.355177,0.340521,0.352634,612007200
2002-01-04,0.349046,0.358168,0.343811,0.35428,409976000
2002-01-07,0.354728,0.358915,0.340222,0.342466,444584000
2002-01-08,0.340222,0.344708,0.335885,0.338128,450038400
2002-01-09,0.34097,0.342914,0.318239,0.323772,327835200
2002-01-10,0.317342,0.32093,0.302835,0.317491,452737600
2002-01-11,0.319883,0.326613,0.308069,0.314799,348801600
2002-01-14,0.314201,0.320033,0.312555,0.316295,415996000
2002-01-15,0.318837,0.325417,0.317192,0.32452,290320800
2002-01-16,0.320182,0.320182,0.306573,0.310761,566893600
2002-01-17,0.328408,0.340072,0.327062,0.336185,660576000
2002-01-18,0.329006,0.337978,0.328408,0.331548,338811200
2002-01-22,0.333044,0.334539,0.326314,0.326314,327314400
2002-01-23,0.326015,0.344559,0.322875,0.344259,443279200
2002-01-24,0.342615,0.351587,0.342466,0.347101,344002400
2002-01-25,0.342316,0.350242,0.338876,0.3477,185914400
2002-01-28,0.349942,0.352186,0.339773,0.347999,186446400
2002-01-29,0.347251,0.352036,0.341718,0.345007,240324000
2002-01-30,0.345007,0.361009,0.343064,0.360262,471576000
2002-01-31,0.361309,0.369832,0.360561,0.369683,468445600
2002-02-01,0.364,0.373272,0.364,0.365047,398305600
2002-02-04,0.363701,0.381647,0.361907,0.379105,522373600
2002-02-05,0.375217,0.388526,0.375067,0.3806,456887200
2002-02-06,0.382843,0.388526,0.361159,0.368935,597576000
2002-02-07,0.368636,0.378207,0.360112,0.363402,347832800
2002-02-08,0.364897,0.368486,0.349494,0.359364,355331200
2002-02-11,0.357868,0.373871,0.355028,0.373571,398602400
2002-02-12,0.368786,0.374469,0.365645,0.369533,224280000
2002-02-13,0.369832,0.377459,0.368637,0.37402,312872000
2002-02-14,0.374618,0.37731,0.364598,0.367889,260170400
2002-02-15,0.366842,0.373571,0.356672,0.35742,260187200
2002-02-19,0.355327,0.356971,0.336185,0.338278,390258400
2002-02-20,0.340521,0.346952,0.33424,0.345905,285443200
2002-02-21,0.342765,0.343961,0.320781,0.321529,446751200
2002-02-22,0.323921,0.343213,0.321529,0.340072,406476000
2002-02-25,0.341718,0.369683,0.33439,0.356075,426848800
2002-02-26,0.357569,0.364449,0.3477,0.353981,260131200
2002-02-27,0.358018,0.362655,0.313154,0.328408,1030159200
2002-02-28,0.331249,0.337829,0.319285,0.32452,456937600
2002-03-01,0.327959,0.351438,0.326314,0.35069,348992000
2002-03-04,0.347849,0.36759,0.340372,0.363252,348258400
2002-03-05,0.361159,0.365346,0.349943,0.351887,274702400
2002-03-06,0.351139,0.364,0.342914,0.359962,226206400
2002-03-07,0.359813,0.366842,0.353083,0.364598,258249600
2002-03-08,0.369982,0.375217,0.363402,0.368786,269774400
2002-03-11,0.367889,0.375964,0.360411,0.374768,262785600
2002-03-12,0.366543,0.369982,0.360411,0.369683,254055200
2002-03-13,0.364449,0.371627,0.361159,0.366243,200765600
2002-03-14,0.363402,0.367889,0.356971,0.365346,217296800
2002-03-15,0.365795,0.373272,0.362654,0.373123,240900800
2002-03-18,0.373123,0.374618,0.363701,0.369982,304556000
2002-03-19,0.369235,0.378357,0.363402,0.371627,242345600
2002-03-20,0.368786,0.375964,0.366393,0.372674,294319200
2002-03-21,0.356821,0.363402,0.347849,0.362953,616352800
2002-03-22,0.362206,0.36729,0.356971,0.360262,202193600
2002-03-25,0.359962,0.360262,0.34755,0.349195,262830400
2002-03-26,0.346952,0.353532,0.34396,0.35084,257840800
2002-03-27,0.349195,0.354728,0.347849,0.350989,127702400
2002-03-28,0.354429,0.357121,0.35084,0.353981,108455200
2002-04-01,0.349644,0.369384,0.348148,0.365795,199046400
2002-04-02,0.358915,0.363402,0.356971,0.359962,203795200
2002-04-03,0.359663,0.366243,0.352934,0.355177,214530400
2002-04-04,0.353981,0.374618,0.353981,0.372375,338497600
2002-04-05,0.373123,0.376711,0.360411,0.369982,278348000
2002-04-08,0.361309,0.369085,0.355626,0.36729,261514400
2002-04-09,0.367739,0.373871,0.359065,0.360411,191531200
2002-04-10,0.362056,0.373123,0.359065,0.368786,224980000
2002-04-11,0.374319,0.376861,0.370131,0.371777,407254400
2002-04-12,0.37402,0.376413,0.36744,0.374768,320241600
2002-04-15,0.374768,0.376113,0.370879,0.373871,299370400
2002-04-16,0.376113,0.388675,0.375665,0.384937,614577600
2002-04-17,0.387779,0.391367,0.379553,0.39047,396250400
2002-04-18,0.381348,0.381647,0.372076,0.380002,401710400
2002-04-19,0.381199,0.381199,0.372824,0.373571,375407200
2002-04-22,0.371477,0.372824,0.362356,0.366842,269427200
2002-04-23,0.366991,0.37058,0.360262,0.362655,233469600
2002-04-24,0.363402,0.366393,0.35413,0.355476,140448000
2002-04-25,0.352335,0.364,0.352186,0.36071,194202400
2002-04-26,0.363103,0.364449,0.34396,0.34411,304981600
2002-04-29,0.346353,0.359813,0.345306,0.358317,272288800
2002-04-30,0.35727,0.364598,0.355177,0.362953,280963200
2002-05-01,0.363252,0.363252,0.349345,0.358616,214704000
2002-05-02,0.356075,0.364,0.352934,0.35428,239344000
2002-05-03,0.352485,0.359215,0.350391,0.351587,230781600
2002-05-06,0.349195,0.351438,0.335885,0.338726,249664800
2002-05-07,0.343064,0.343213,0.3311,0.336035,242748800
2002-05-08,0.346952,0.366692,0.344559,0.364449,436682400
2002-05-09,0.362655,0.364149,0.355925,0.361757,224616000
2002-05-10,0.363253,0.363253,0.343662,0.348747,235396000
2002-05-13,0.351737,0.360262,0.343064,0.358018,265608000
2002-05-14,0.365645,0.384039,0.362206,0.382993,526506400
2002-05-15,0.379404,0.388527,0.371477,0.378058,335826400
2002-05-16,0.374768,0.3806,0.370132,0.377011,227052000
2002-05-17,0.381199,0.385535,0.368038,0.37402,236493600
2002-05-20,0.36744,0.372824,0.366842,0.369982,269914400
2002-05-21,0.371328,0.373871,0.349943,0.35084,280991200
2002-05-22,0.349494,0.364449,0.348747,0.363701,290875200
2002-05-23,0.365645,0.377459,0.359962,0.376562,369398400
2002-05-24,0.373721,0.373721,0.358317,0.361159,166174400
2002-05-28,0.35428,0.361907,0.350391,0.358616,149716000
2002-05-29,0.357719,0.365496,0.35069,0.358616,221793600
2002-05-30,0.355476,0.364598,0.351587,0.361907,196375200
2002-05-31,0.360262,0.362654,0.348148,0.348447,365495200
2002-06-03,0.349794,0.350691,0.33768,0.342615,235110400
2002-06-04,0.342166,0.344559,0.331697,0.340671,347821600
2002-06-05,0.341419,0.341419,0.33424,0.339773,277082400
2002-06-06,0.343363,0.3474,0.329604,0.331399,259996800
2002-06-07,0.325416,0.328109,0.313004,0.320033,612376800
2002-06-10,0.321229,0.326613,0.319135,0.321229,277575200
2002-06-11,0.323623,0.324519,0.305228,0.305975,349496000
2002-06-12,0.305228,0.310313,0.298199,0.300442,528718400
2002-06-13,0.299395,0.299844,0.289824,0.292217,352083200
2002-06-14,0.28773,0.30448,0.270832,0.300592,424900000
2002-06-17,0.302686,0.308518,0.296853,0.307172,324609600
2002-06-18,0.305377,0.30792,0.298797,0.301339,353360000
2002-06-19,0.259765,0.263205,0.252438,0.256026,1709467200
2002-06-20,0.256774,0.263205,0.251989,0.255877,396636800
2002-06-21,0.253784,0.26156,0.251091,0.251989,445177600
2002-06-24,0.250792,0.265149,0.249745,0.25827,431933600
2002-06-25,0.260213,0.264401,0.252138,0.256325,301201600
2002-06-26,0.251241,0.258569,0.238978,0.247502,558952800
2002-06-27,0.251091,0.25827,0.245558,0.255129,251658400
2002-06-28,0.255727,0.266495,0.254232,0.265,269858400
2002-07-01,0.26485,0.267392,0.254979,0.255129,222689600
2002-07-02,0.25468,0.256625,0.25169,0.253335,305188800
2002-07-03,0.251391,0.264401,0.250493,0.262457,199029600
2002-07-05,0.26485,0.280402,0.26485,0.280253,161649600
2002-07-08,0.276963,0.278309,0.264401,0.269336,211204000
2002-07-09,0.270533,0.273523,0.261111,0.262158,226749600
2002-07-10,0.26485,0.271729,0.257971,0.259018,206880800
2002-07-11,0.25812,0.274421,0.253783,0.273673,373676800
2002-07-12,0.277412,0.281001,0.25812,0.261859,443492000
2002-07-15,0.260662,0.27816,0.251391,0.272626,295993600
2002-07-16,0.27143,0.277711,0.263354,0.267093,446768000
2002-07-17,0.241221,0.242268,0.227164,0.233744,1215485600
2002-07-18,0.2318,0.232697,0.220584,0.224173,559462400
2002-07-19,0.219836,0.226865,0.217293,0.223724,385207200
2002-07-22,0.220584,0.227164,0.21849,0.223126,430897600
2002-07-23,0.222826,0.226267,0.215947,0.216396,399890400
2002-07-24,0.214303,0.227612,0.213106,0.227314,406593600
2002-07-25,0.223275,0.223574,0.209517,0.214751,479354400
2002-07-26,0.216246,0.217293,0.206377,0.214452,207704000
2002-07-29,0.216545,0.225818,0.2149,0.224621,274960000
2002-07-30,0.222079,0.231949,0.217742,0.230753,354838400
2002-07-31,0.230304,0.230603,0.222826,0.22821,310699200
2002-08-01,0.225967,0.230603,0.220285,0.221331,228956000
2002-08-02,0.220434,0.224322,0.213106,0.216097,179060000
2002-08-05,0.216994,0.219836,0.208919,0.209217,204024800
2002-08-06,0.212508,0.227762,0.210564,0.220434,272053600
2002-08-07,0.225668,0.229706,0.214602,0.224771,333474400
2002-08-08,0.220883,0.230005,0.220883,0.228808,227348800
2002-08-09,0.228061,0.228061,0.220584,0.224322,205716000
2002-08-12,0.222826,0.224621,0.219686,0.224173,179765600
2002-08-13,0.222826,0.227463,0.217592,0.218191,269869600
2002-08-14,0.219387,0.229556,0.217443,0.226865,399084000
2002-08-15,0.228061,0.235538,0.224472,0.233445,322078400
2002-08-16,0.231052,0.240772,0.228509,0.236435,245224000
2002-08-19,0.235987,0.243016,0.235089,0.238978,216557600
2002-08-20,0.238829,0.240623,0.232248,0.237931,186625600
2002-08-21,0.239427,0.242866,0.231052,0.241071,202428800
2002-08-22,0.242268,0.243016,0.234193,0.238829,258311200
2002-08-23,0.237782,0.23823,0.231052,0.235239,163245600
2002-08-26,0.238529,0.238529,0.226715,0.232248,189968800
2002-08-27,0.23494,0.235388,0.219986,0.222079,262231200
2002-08-28,0.221331,0.226117,0.219088,0.219836,247973600
2002-08-29,0.219088,0.225519,0.216994,0.219836,164169600
2002-08-30,0.220285,0.226416,0.218041,0.220584,193519200
2002-09-03,0.216695,0.217592,0.210115,0.210115,276936800
2002-09-04,0.212358,0.221032,0.21191,0.216545,420660800
2002-09-05,0.212658,0.214751,0.210115,0.212059,226178400
2002-09-06,0.216994,0.219088,0.212807,0.21505,181591200
2002-09-09,0.213555,0.217293,0.211611,0.214901,158244800
2002-09-10,0.215499,0.216695,0.211162,0.214303,249468800
2002-09-11,0.214452,0.21834,0.211611,0.213705,202412000
2002-09-12,0.212358,0.216994,0.211162,0.211461,269830400
2002-09-13,0.211311,0.214452,0.210115,0.21191,282951200
2002-09-16,0.211461,0.21849,0.211162,0.216845,286641600
2002-09-17,0.217892,0.224771,0.217892,0.221331,427996800
2002-09-18,0.219686,0.225668,0.217144,0.224621,328641600
2002-09-19,0.220584,0.221332,0.216545,0.218041,205945600
2002-09-20,0.218639,0.223425,0.217144,0.222378,352788800
2002-09-23,0.220733,0.223724,0.216097,0.222079,263709600
2002-09-24,0.215349,0.22163,0.215349,0.218939,250661600
2002-09-25,0.219686,0.226865,0.219088,0.223275,254682400
2002-09-26,0.225818,0.227164,0.217592,0.219836,208644800
2002-09-27,0.216695,0.222079,0.216545,0.220135,206152800
2002-09-30,0.215349,0.217892,0.211461,0.216845,237697600
2002-10-01,0.218191,0.21834,0.209367,0.216994,342423200
2002-10-02,0.214303,0.218789,0.210863,0.21191,229348000
2002-10-03,0.212059,0.21834,0.210264,0.213854,217896000
2002-10-04,0.214751,0.215349,0.209217,0.209816,190825600
2002-10-07,0.208919,0.212508,0.205778,0.205928,244697600
2002-10-08,0.207872,0.208769,0.199796,0.204582,453644800
2002-10-09,0.202488,0.207124,0.200544,0.203236,356686400
2002-10-10,0.203834,0.212658,0.203086,0.211012,321574400
2002-10-11,0.213106,0.221033,0.210863,0.216994,294677600
2002-10-14,0.217592,0.224023,0.215947,0.220883,194404000
2002-10-15,0.227612,0.228061,0.221032,0.226715,405518400
2002-10-16,0.222228,0.226267,0.207872,0.217742,307624800
2002-10-17,0.212508,0.21505,0.209068,0.211012,469296800
2002-10-18,0.209367,0.214602,0.208321,0.214452,288299200
2002-10-21,0.213256,0.218789,0.209367,0.217742,238520800
2002-10-22,0.216396,0.222527,0.213256,0.219836,218148000
2002-10-23,0.218789,0.224023,0.216845,0.222527,209036800
2002-10-24,0.224621,0.227463,0.217592,0.219686,174748000
2002-10-25,0.219686,0.231052,0.218191,0.230603,279070400
2002-10-28,0.232548,0.238529,0.228061,0.233445,349300000
2002-10-29,0.232847,0.237482,0.223724,0.230902,259179200
2002-10-30,0.23165,0.24481,0.231501,0.238978,270676000
2002-10-31,0.239128,0.245857,0.238081,0.240324,295836800
2002-11-01,0.23838,0.246755,0.237632,0.244661,189828800
2002-11-04,0.246755,0.259915,0.244511,0.252587,376818400
2002-11-05,0.250493,0.253633,0.244511,0.252737,210694400
2002-11-06,0.255428,0.259018,0.249745,0.257522,216389600
2002-11-07,0.253335,0.255727,0.236435,0.239277,336179200
2002-11-08,0.239427,0.242268,0.232099,0.236884,190064000
2002-11-11,0.235388,0.237632,0.226117,0.226715,152975200
2002-11-12,0.229107,0.239876,0.228509,0.233894,223792800
2002-11-13,0.2318,0.240324,0.22851,0.233146,231739200
2002-11-14,0.237782,0.245409,0.235987,0.243763,141713600
2002-11-15,0.242716,0.242866,0.235688,0.238529,160994400
2002-11-18,0.242118,0.242268,0.232099,0.234043,164578400
2002-11-19,0.232548,0.235538,0.224472,0.22836,210952000
2002-11-20,0.228808,0.23479,0.228061,0.232248,208740000
2002-11-21,0.237782,0.245857,0.235538,0.244511,418482400
2002-11-22,0.240623,0.243763,0.237782,0.239427,227858400
2002-11-25,0.239726,0.241371,0.23494,0.238829,199427200
2002-11-26,0.237034,0.237782,0.22836,0.230454,240262400
2002-11-27,0.233295,0.237183,0.231052,0.235089,286798400
2002-11-29,0.236136,0.237482,0.230454,0.2318,143432800
2002-12-02,0.237782,0.240772,0.224472,0.227014,398742400
2002-12-03,0.227314,0.229407,0.225818,0.226715,227869600
2002-12-04,0.227014,0.227164,0.216845,0.223873,325757600
2002-12-05,0.224771,0.225519,0.217293,0.218789,243398400
2002-12-06,0.219088,0.227164,0.217144,0.223574,245358400
2002-12-09,0.223425,0.223574,0.219387,0.220584,236084800
2002-12-10,0.220584,0.231052,0.220285,0.228509,308610400
2002-12-11,0.228808,0.23165,0.225519,0.23165,253500800
2002-12-12,0.231949,0.232548,0.224472,0.227164,149340800
2002-12-13,0.226416,0.226566,0.219088,0.221182,164780000
2002-12-16,0.221481,0.225818,0.21849,0.222079,251624800
2002-12-17,0.222079,0.227164,0.219238,0.225519,222661600
2002-12-18,0.221332,0.222228,0.216845,0.217892,150701600
2002-12-19,0.217293,0.223126,0.210863,0.212358,347519200
2002-12-20,0.213705,0.217742,0.206077,0.211461,318096800
2002-12-23,0.21176,0.217592,0.211162,0.216695,125826400
2002-12-24,0.215947,0.216396,0.213854,0.214751,39340000
2002-12-26,0.215648,0.221481,0.213555,0.215349,85422400
2002-12-27,0.214004,0.21505,0.209517,0.210264,80035200
2002-12-30,0.210564,0.211611,0.206975,0.210414,155041600
2002-12-31,0.209367,0.214752,0.20862,0.214303,200726400
2003-01-02,0.214751,0.223126,0.214602,0.221331,181428800
2003-01-03,0.221332,0.223275,0.218191,0.222826,147453600
2003-01-06,0.224771,0.230005,0.222527,0.222826,390532800
2003-01-07,0.221182,0.224322,0.216396,0.222079,342344800
2003-01-08,0.218041,0.219986,0.215947,0.217592,229644800
2003-01-09,0.218639,0.223126,0.216845,0.219537,215252800
2003-01-10,0.218041,0.22163,0.216695,0.220135,175100800
2003-01-13,0.222826,0.222826,0.214751,0.218789,178942400
2003-01-14,0.219686,0.221631,0.216695,0.21849,186860800
2003-01-15,0.218191,0.219836,0.213256,0.215798,371128800
2003-01-16,0.212508,0.220733,0.212508,0.218639,559070400
2003-01-17,0.217742,0.217742,0.210564,0.210863,266761600
2003-01-21,0.212508,0.215499,0.209367,0.209666,253456000
2003-01-22,0.209068,0.211611,0.206377,0.207573,215140800
2003-01-23,0.210115,0.214751,0.20862,0.21191,228256000
2003-01-24,0.212957,0.212957,0.202787,0.206377,305468800
2003-01-27,0.204582,0.216845,0.204133,0.211311,391406400
2003-01-28,0.212957,0.219686,0.21176,0.218041,286255200
2003-01-29,0.217592,0.225818,0.213854,0.223275,373044000
2003-01-30,0.224023,0.225369,0.213705,0.214153,407058400
2003-01-31,0.212209,0.217592,0.210115,0.214751,341224800
2003-02-03,0.215499,0.222976,0.214602,0.219238,264784800
2003-02-04,0.216097,0.219088,0.214004,0.21834,317413600
2003-02-05,0.219986,0.223275,0.215947,0.216097,221614400
2003-02-06,0.214751,0.218191,0.212658,0.215798,179149600
2003-02-07,0.217592,0.21834,0.210414,0.211611,269701600
2003-02-10,0.213256,0.217892,0.210264,0.214602,167888000
2003-02-11,0.216845,0.218789,0.212358,0.214602,164780000
2003-02-12,0.213405,0.21834,0.213405,0.2152,228687200
2003-02-13,0.215499,0.218939,0.212957,0.217443,208493600
2003-02-14,0.21849,0.220135,0.214602,0.219387,243297600
2003-02-18,0.220584,0.228808,0.220135,0.22836,290897600
2003-02-19,0.225369,0.226566,0.219537,0.222079,240368800
2003-02-20,0.222079,0.223724,0.219986,0.220883,224352800
2003-02-21,0.221631,0.22522,0.219088,0.224322,157444000
2003-02-24,0.222228,0.224771,0.206377,0.220434,180252800
2003-02-25,0.219537,0.225519,0.218041,0.224621,188641600
2003-02-26,0.224173,0.224621,0.216545,0.216845,217095200
2003-02-27,0.217892,0.224322,0.216994,0.222228,154341600
2003-02-28,0.222228,0.225668,0.220883,0.224472,195098400
2003-03-03,0.224472,0.226715,0.217592,0.219088,203761600
2003-03-04,0.220434,0.221481,0.215947,0.217742,126414400
2003-03-05,0.21849,0.221331,0.217144,0.218639,126683200
2003-03-06,0.218041,0.21834,0.215349,0.217742,99859200
2003-03-07,0.216396,0.219986,0.214004,0.217293,200984000
2003-03-10,0.216994,0.219387,0.213854,0.214901,134573600
2003-03-11,0.214752,0.216695,0.211162,0.212807,161190400
2003-03-12,0.21191,0.2152,0.210264,0.212658,222560800
2003-03-13,0.216396,0.221331,0.21191,0.220135,335445600
2003-03-14,0.219537,0.224472,0.218939,0.221033,153098400
2003-03-17,0.222677,0.225369,0.219986,0.224472,399912800
2003-03-18,0.224322,0.225668,0.221631,0.224322,229980800
2003-03-19,0.225369,0.226566,0.221182,0.223574,141316000
2003-03-20,0.223275,0.224173,0.21834,0.222976,163178400
2003-03-21,0.225668,0.226566,0.221631,0.224322,297948000
2003-03-24,0.219387,0.221331,0.214602,0.214901,161100800
2003-03-25,0.215499,0.22178,0.214901,0.217592,167697600
2003-03-26,0.217592,0.217742,0.213854,0.215499,178343200
2003-03-27,0.214153,0.219836,0.214153,0.216695,122393600
2003-03-28,0.215349,0.218639,0.214901,0.217892,145303200
2003-03-31,0.214303,0.217293,0.209965,0.211461,256659200
2003-04-01,0.212358,0.214004,0.210414,0.21176,154341600
2003-04-02,0.214752,0.219686,0.213405,0.21834,171371200
2003-04-03,0.217742,0.219836,0.214602,0.216246,145712000
2003-04-04,0.217144,0.219387,0.2152,0.215499,146020000
2003-04-07,0.222079,0.223574,0.215498,0.216695,196862400
2003-04-08,0.216994,0.219088,0.214752,0.216097,128934400
2003-04-09,0.217144,0.218639,0.211461,0.212209,146725600
2003-04-10,0.212358,0.2152,0.212358,0.214901,107100000
2003-04-11,0.210115,0.215947,0.193366,0.197403,1392708800
2003-04-14,0.20503,0.205629,0.20189,0.203086,502958400
2003-04-15,0.203236,0.203385,0.198899,0.200245,303968000
2003-04-16,0.194263,0.204432,0.193216,0.198002,1016176000
2003-04-17,0.197403,0.198151,0.190225,0.196207,616257600
2003-04-21,0.196357,0.197254,0.194114,0.196506,152320000
2003-04-22,0.197104,0.203684,0.195759,0.20204,300568800
2003-04-23,0.202339,0.203834,0.199796,0.203086,209680800
2003-04-24,0.202189,0.203535,0.194413,0.200993,325108000
2003-04-25,0.201292,0.203086,0.197852,0.199647,205318400
2003-04-28,0.201591,0.208769,0.200843,0.207274,636798400
2003-04-29,0.209068,0.21176,0.203086,0.210264,458236800
2003-04-30,0.208321,0.214602,0.207124,0.212658,458175200
2003-05-01,0.213106,0.2152,0.209367,0.214751,342759200
2003-05-02,0.216246,0.218191,0.214452,0.216097,321182400
2003-05-05,0.220883,0.252438,0.220584,0.240623,1555708000
2003-05-06,0.241072,0.267691,0.240773,0.261709,1514492000
2003-05-07,0.259167,0.272776,0.255877,0.263953,1054379200
2003-05-08,0.2647,0.270234,0.258569,0.269187,687736000
2003-05-09,0.274121,0.275168,0.267392,0.273673,588386400
2003-05-12,0.27143,0.280253,0.271131,0.277562,419372800
2003-05-13,0.275617,0.283693,0.268439,0.279207,446796000
2003-05-14,0.281599,0.281749,0.275617,0.277412,355488000
2003-05-15,0.27816,0.281898,0.276215,0.280104,284995200
2003-05-16,0.27801,0.284291,0.273374,0.28115,341628000
2003-05-19,0.277113,0.278908,0.270084,0.270682,445888800
2003-05-20,0.270682,0.27158,0.263205,0.266047,416220000
2003-05-21,0.266047,0.270533,0.264252,0.266943,305009600
2003-05-22,0.267541,0.275168,0.265299,0.272776,178460800
2003-05-23,0.272328,0.276066,0.268588,0.273972,206718400
2003-05-27,0.268588,0.282646,0.26784,0.282347,290130400
2003-05-28,0.276664,0.279057,0.27143,0.273374,339679200
2003-05-29,0.273523,0.276664,0.267691,0.270682,333765600
2003-05-30,0.270981,0.271879,0.262158,0.268439,382748800
2003-06-02,0.270682,0.273523,0.25827,0.260961,418588800
2003-06-03,0.260812,0.264252,0.254531,0.258868,360858400
2003-06-04,0.258719,0.266047,0.256325,0.263205,271202400
2003-06-05,0.260962,0.265299,0.259167,0.263803,205497600
2003-06-06,0.265299,0.269785,0.256325,0.256475,241388000
2003-06-09,0.253335,0.25483,0.248698,0.251091,259952000
2003-06-10,0.252587,0.258569,0.250493,0.256924,176646400
2003-06-11,0.256475,0.261859,0.251391,0.260961,225114400
2003-06-12,0.262457,0.267392,0.260961,0.265747,252588000
2003-06-13,0.265448,0.268439,0.256176,0.260513,191245600
2003-06-16,0.263205,0.273225,0.260962,0.273225,238526400
2003-06-17,0.275318,0.276664,0.269037,0.272028,177464000
2003-06-18,0.275916,0.29132,0.273822,0.285936,454983200
2003-06-19,0.289525,0.293264,0.280702,0.286235,381528000
2003-06-20,0.289376,0.292815,0.282646,0.287132,356546400
2003-06-23,0.288628,0.29446,0.280402,0.285039,307361600
2003-06-24,0.291171,0.294161,0.279954,0.280851,514382400
2003-06-25,0.282048,0.290124,0.279805,0.285488,329812000
2003-06-26,0.279655,0.288927,0.279655,0.288478,161705600
2003-06-27,0.288628,0.288777,0.276365,0.280104,365792000
2003-06-30,0.279356,0.287282,0.27801,0.285039,222152000
2003-07-01,0.282197,0.286833,0.276814,0.285488,180992000
2003-07-02,0.28459,0.290124,0.284441,0.288179,325298400
2003-07-03,0.284142,0.292367,0.283843,0.286085,137771200
2003-07-07,0.288179,0.301788,0.286085,0.297152,286272000
2003-07-08,0.291918,0.306573,0.29147,0.305078,256737600
2003-07-09,0.302237,0.305826,0.297452,0.297452,213645600
2003-07-10,0.297302,0.298199,0.289675,0.292815,170934400
2003-07-11,0.294011,0.299096,0.292068,0.296853,136858400
2003-07-14,0.299245,0.305078,0.297152,0.297601,188406400
2003-07-15,0.299395,0.302686,0.290572,0.293264,206645600
2003-07-16,0.298647,0.299096,0.289824,0.297152,250930400
2003-07-17,0.301938,0.313303,0.30104,0.312555,751212000
2003-07-18,0.312555,0.316743,0.305079,0.311958,298838400
2003-07-21,0.309415,0.311061,0.303583,0.308219,183808800
2003-07-22,0.312107,0.313453,0.306573,0.31106,198424800
2003-07-23,0.313303,0.313453,0.305975,0.310911,143035200
2003-07-24,0.314649,0.321529,0.30478,0.306723,229236000
2003-07-25,0.305228,0.322576,0.305079,0.322127,216686400
2003-07-28,0.321529,0.321529,0.311957,0.313901,170357600
2003-07-29,0.313901,0.315248,0.306873,0.309864,197120000
2003-07-30,0.310612,0.312555,0.301639,0.303284,173594400
2003-07-31,0.310163,0.319285,0.30762,0.315248,301464800
2003-08-01,0.314051,0.318089,0.308667,0.310014,149604000
2003-08-04,0.307022,0.321529,0.303284,0.317192,230115200
2003-08-05,0.319285,0.320033,0.300592,0.30478,249440800
2003-08-06,0.299993,0.301639,0.291619,0.293563,245464800
2003-08-07,0.295058,0.300442,0.290423,0.298049,174378400
2003-08-08,0.300741,0.30104,0.293114,0.293712,137659200
2003-08-11,0.296405,0.29805,0.291769,0.294011,137228000
2003-08-12,0.295507,0.296105,0.291021,0.29461,164438400
2003-08-13,0.297003,0.304181,0.292815,0.301788,284099200
2003-08-14,0.302237,0.304032,0.298199,0.298648,192780000
2003-08-15,0.299395,0.300143,0.294011,0.294759,125865600
2003-08-18,0.297003,0.305228,0.294909,0.304181,192774400
2003-08-19,0.30463,0.305826,0.299096,0.303882,133688800
2003-08-20,0.301788,0.318089,0.30119,0.314201,273212800
2003-08-21,0.3145,0.324669,0.313303,0.324221,255326400
2003-08-22,0.326164,0.329006,0.308667,0.312256,250264000
2003-08-25,0.310761,0.312705,0.306424,0.311958,137782400
2003-08-26,0.310313,0.315098,0.304331,0.314799,164959200
2003-08-27,0.312705,0.321229,0.308967,0.321229,225702400
2003-08-28,0.318986,0.332296,0.318986,0.331847,319625600
2003-08-29,0.331997,0.341718,0.329754,0.338128,263155200
2003-09-02,0.338876,0.342466,0.334988,0.341718,242132800
2003-09-03,0.34097,0.348747,0.340372,0.343213,268828000
2003-09-04,0.346353,0.3477,0.340521,0.341419,199780000
2003-09-05,0.339923,0.346204,0.335138,0.336484,240133600
2003-09-08,0.336185,0.34082,0.336035,0.340072,167244000
2003-09-09,0.336932,0.339025,0.330801,0.334539,180370400
2003-09-10,0.332744,0.338128,0.330651,0.331697,224890400
2003-09-11,0.332744,0.34082,0.330502,0.337381,213684800
2003-09-12,0.336633,0.346054,0.333642,0.345456,179989600
2003-09-15,0.341119,0.342466,0.330801,0.332146,226844800
2003-09-16,0.332146,0.339325,0.331997,0.33439,269007200
2003-09-17,0.334539,0.334689,0.326763,0.3308,289396800
2003-09-18,0.330501,0.343811,0.328258,0.342166,252907200
2003-09-19,0.342166,0.344708,0.335437,0.337679,205956800
2003-09-22,0.331697,0.336484,0.32781,0.330203,179821600
2003-09-23,0.329305,0.335885,0.327211,0.335437,132451200
2003-09-24,0.332146,0.333642,0.315248,0.318836,301285600
2003-09-25,0.319135,0.319584,0.302835,0.305527,574380800
2003-09-26,0.303583,0.324519,0.301339,0.309415,347250400
2003-09-29,0.321379,0.324071,0.308817,0.318537,365702400
2003-09-30,0.315397,0.317342,0.305676,0.309864,285426400
2003-10-01,0.309714,0.315547,0.301938,0.310911,236112800
2003-10-02,0.311061,0.311061,0.303284,0.30762,204058400
2003-10-03,0.313901,0.326912,0.312256,0.32437,299600000
2003-10-06,0.324071,0.333941,0.322725,0.333343,268329600
2003-10-07,0.329754,0.350093,0.32766,0.347251,418174400
2003-10-08,0.3477,0.352036,0.339923,0.344858,428668800
2003-10-09,0.348447,0.353981,0.34082,0.35069,347748800
2003-10-10,0.351438,0.356075,0.349494,0.35413,174837600
2003-10-13,0.354878,0.365047,0.354728,0.364149,279865600
2003-10-14,0.363701,0.369983,0.361757,0.367141,275419200
2003-10-15,0.371627,0.37402,0.36759,0.371178,610103200
2003-10-16,0.355925,0.356523,0.335138,0.3477,975682400
2003-10-17,0.349644,0.351288,0.335437,0.340222,359811200
2003-10-20,0.337979,0.349046,0.334689,0.347251,279132000
2003-10-21,0.348597,0.349942,0.340222,0.346653,176461600
2003-10-22,0.343063,0.346952,0.339175,0.340372,161599200
2003-10-23,0.339923,0.346204,0.337829,0.343811,165211200
2003-10-24,0.337381,0.341718,0.332445,0.337979,219856000
2003-10-27,0.340222,0.342316,0.336334,0.337979,162013600
2003-10-28,0.337381,0.355476,0.334988,0.354728,251714400
2003-10-29,0.351587,0.35742,0.349046,0.35428,267080800
2003-10-30,0.358766,0.358915,0.342017,0.345306,260556800
2003-10-31,0.348447,0.349195,0.340671,0.342316,218153600
2003-11-03,0.341419,0.348447,0.340671,0.346204,302842400
2003-11-04,0.345007,0.345456,0.337829,0.342615,249233600
2003-11-05,0.341269,0.345905,0.336035,0.344409,322470400
2003-11-06,0.342615,0.346204,0.338726,0.345755,397073600
2003-11-07,0.346802,0.34755,0.335736,0.336484,210145600
2003-11-10,0.335736,0.338726,0.326613,0.32751,234276000
2003-11-11,0.32751,0.329305,0.321229,0.322127,215073600
2003-11-12,0.321229,0.339773,0.321229,0.333941,300003200
2003-11-13,0.330053,0.33738,0.32781,0.335287,212772000
2003-11-14,0.336185,0.338128,0.318238,0.32093,237048000
2003-11-17,0.319285,0.319584,0.313303,0.315995,228256000
2003-11-18,0.317192,0.319135,0.304331,0.305227,267192800
2003-11-19,0.307471,0.308817,0.302985,0.305378,344584800
2003-11-20,0.300592,0.315248,0.300592,0.30478,239590400
2003-11-21,0.304181,0.30777,0.296853,0.303284,241836000
2003-11-24,0.306573,0.318089,0.305826,0.316295,381824800
2003-11-25,0.317491,0.317789,0.308219,0.309266,268654400
2003-11-26,0.312406,0.316295,0.302835,0.309864,245128800
2003-11-28,0.310761,0.315098,0.306873,0.312705,76098400
2003-12-01,0.314649,0.326763,0.314051,0.324669,361536000
2003-12-02,0.323024,0.32751,0.320182,0.322127,205296000
2003-12-03,0.322127,0.326613,0.313453,0.3145,191296000
2003-12-04,0.313154,0.316594,0.310612,0.316295,177940000
2003-12-05,0.312555,0.316295,0.310014,0.311808,186177600
2003-12-08,0.310761,0.315248,0.305228,0.314799,148237600
2003-12-09,0.316594,0.31779,0.305079,0.305826,135144800
2003-12-10,0.305826,0.308219,0.298499,0.30478,271336800
2003-12-11,0.302835,0.319135,0.302237,0.317192,183136800
2003-12-12,0.318836,0.318836,0.309565,0.312406,192673600
2003-12-15,0.321379,0.321379,0.300143,0.301639,388908800
2003-12-16,0.301938,0.306424,0.299245,0.300891,373956800
2003-12-17,0.300292,0.30104,0.295956,0.297302,274260000
2003-12-18,0.297601,0.301788,0.297601,0.299694,330915200
2003-12-19,0.301938,0.305378,0.293413,0.29461,453560800
2003-12-22,0.293862,0.297452,0.28788,0.296853,377064800
2003-12-23,0.2979,0.298349,0.293114,0.296255,308498400
2003-12-24,0.294909,0.30792,0.293862,0.305227,177475200
2003-12-26,0.304331,0.312705,0.304181,0.310761,103695200
2003-12-29,0.312705,0.316444,0.311957,0.316295,233458400
2003-12-30,0.316743,0.321529,0.316295,0.318239,204853600
2003-12-31,0.319285,0.321977,0.316743,0.319584,174451200
2004-01-02,0.322276,0.325267,0.316743,0.318239,144642400
2004-01-05,0.320332,0.334838,0.320332,0.331548,395018400
2004-01-06,0.332744,0.335287,0.32467,0.330352,509348000
2004-01-07,0.330501,0.341419,0.327959,0.337829,586874400
2004-01-08,0.341568,0.354878,0.338726,0.349345,460303200
2004-01-09,0.3474,0.36086,0.34082,0.343961,427459200
2004-01-12,0.3477,0.358915,0.345456,0.354878,487547200
2004-01-13,0.369384,0.371477,0.356822,0.36071,679016800
2004-01-14,0.364897,0.366991,0.355626,0.361907,620043200
2004-01-15,0.342615,0.349942,0.336483,0.341718,1018208800
2004-01-16,0.342316,0.344559,0.338128,0.339773,372820000
2004-01-20,0.339025,0.34097,0.332744,0.339923,315946400
2004-01-21,0.339474,0.343512,0.335437,0.338128,226660000
2004-01-22,0.337381,0.341419,0.331697,0.331697,205004800
2004-01-23,0.335287,0.340072,0.332744,0.337381,227169600
2004-01-26,0.335885,0.344858,0.335437,0.34411,271269600
2004-01-27,0.344559,0.3477,0.34097,0.345007,307070400
2004-01-28,0.341568,0.349644,0.335138,0.336783,275402400
2004-01-29,0.338427,0.34097,0.331847,0.339175,212699200
2004-01-30,0.338726,0.342017,0.335287,0.337381,185298400
2004-02-02,0.335885,0.341119,0.330203,0.333791,287431200
2004-02-03,0.333492,0.334988,0.329006,0.332894,180812800
2004-02-04,0.329006,0.330352,0.324519,0.325865,305552800
2004-02-05,0.326314,0.342615,0.326164,0.335287,352844800
2004-02-06,0.335736,0.342316,0.334988,0.339624,193340000
2004-02-09,0.338278,0.341867,0.336484,0.339025,188260800
2004-02-10,0.338278,0.345755,0.335586,0.343662,255343200
2004-02-11,0.345306,0.356971,0.344708,0.355925,348544000
2004-02-12,0.353083,0.358766,0.352934,0.354878,183988000
2004-02-13,0.356672,0.360411,0.341419,0.343961,315980000
2004-02-17,0.345456,0.351288,0.345456,0.346353,170956800
2004-02-18,0.346653,0.35054,0.344708,0.347849,141635200
2004-02-19,0.348896,0.353532,0.335138,0.336035,323080800
2004-02-20,0.336484,0.336633,0.332146,0.334988,277603200
2004-02-23,0.334091,0.335885,0.327361,0.331847,194079200
2004-02-24,0.3311,0.340072,0.329006,0.33439,259056000
2004-02-25,0.333193,0.342466,0.332146,0.341119,276276000
2004-02-26,0.342166,0.346653,0.34097,0.344559,198408000
2004-02-27,0.343363,0.359215,0.343213,0.357719,468837600
2004-03-01,0.360411,0.363402,0.356971,0.359215,321680800
2004-03-02,0.358915,0.360411,0.355476,0.356075,256687200
2004-03-03,0.352934,0.361757,0.352934,0.357719,225131200
2004-03-04,0.357868,0.37716,0.357569,0.376263,660223200
2004-03-05,0.373123,0.411108,0.372375,0.399892,1540599200
2004-03-08,0.398097,0.40064,0.385834,0.388825,522872000
2004-03-09,0.38733,0.40722,0.385086,0.405276,618363200
2004-03-10,0.404378,0.420828,0.402882,0.41395,1006964000
2004-03-11,0.407818,0.419333,0.405126,0.406023,595851200
2004-03-12,0.408565,0.415444,0.406323,0.412155,329224000
2004-03-15,0.404229,0.409014,0.392714,0.395554,481717600
2004-03-16,0.39705,0.397948,0.379703,0.386133,605432800
2004-03-17,0.388227,0.394508,0.385535,0.391667,411432000
2004-03-18,0.387928,0.389722,0.382694,0.38389,321081600
2004-03-19,0.382245,0.402882,0.381946,0.386732,408576000
2004-03-22,0.379404,0.391367,0.377609,0.386732,419031200
2004-03-23,0.387031,0.388826,0.37716,0.378207,385515200
2004-03-24,0.377908,0.385086,0.377908,0.381348,428215200
2004-03-25,0.390919,0.402434,0.38718,0.401836,566445600
2004-03-26,0.40378,0.409163,0.402434,0.404378,419893600
2004-03-29,0.409313,0.418585,0.406771,0.417389,350728000
2004-03-30,0.414847,0.417987,0.408864,0.417538,359676800
2004-03-31,0.417538,0.418436,0.403032,0.404378,390773600
2004-04-01,0.402135,0.407818,0.398097,0.405425,318332000
2004-04-02,0.414996,0.417688,0.40722,0.411257,274478400
2004-04-05,0.410958,0.424268,0.41036,0.42352,385672000
2004-04-06,0.414398,0.420979,0.41021,0.416192,257992000
2004-04-07,0.412903,0.414249,0.402583,0.408416,255119200
2004-04-08,0.41694,0.418735,0.406771,0.411706,240917600
2004-04-12,0.411257,0.420231,0.411108,0.419333,230540800
2004-04-13,0.418436,0.419184,0.401387,0.402733,436396800
2004-04-14,0.399892,0.404827,0.393461,0.398396,639732800
2004-04-15,0.430998,0.442363,0.421127,0.438176,1761446400
2004-04-16,0.435933,0.438326,0.426212,0.436381,402931200
2004-04-19,0.42053,0.429951,0.416192,0.423969,712353600
2004-04-20,0.421875,0.424866,0.412155,0.414697,354519200
2004-04-21,0.412753,0.42053,0.409313,0.414697,325875200
2004-04-22,0.412155,0.421426,0.405425,0.415444,344584800
2004-04-23,0.414248,0.418735,0.404528,0.414248,315828800
2004-04-26,0.412454,0.413351,0.40378,0.405724,231128800
2004-04-27,0.40737,0.41036,0.399144,0.402882,283864000
2004-04-28,0.401088,0.403929,0.39391,0.395554,231168000
2004-04-29,0.395554,0.40378,0.388526,0.400341,460790400
2004-04-30,0.399443,0.403182,0.381199,0.385535,466502400
2004-05-03,0.388826,0.393761,0.384937,0.389872,297634400
2004-05-04,0.388376,0.39705,0.381348,0.390919,279983200
2004-05-05,0.391816,0.400042,0.388227,0.398546,238106400
2004-05-06,0.394807,0.400042,0.38733,0.397499,263558400
2004-05-07,0.39705,0.412304,0.39705,0.398845,419036800
2004-05-10,0.392863,0.397798,0.387928,0.393013,249978400
2004-05-11,0.394807,0.406622,0.394807,0.405874,305172000
2004-05-12,0.40064,0.408864,0.392414,0.408266,245420000
2004-05-13,0.405276,0.414547,0.402284,0.406622,229852000
2004-05-14,0.407519,0.408566,0.395555,0.404677,257801600
2004-05-17,0.399294,0.404677,0.394209,0.398396,300445600
2004-05-18,0.403331,0.408117,0.400789,0.404677,206063200
2004-05-19,0.409762,0.411257,0.395106,0.395854,375592000
2004-05-20,0.398247,0.40378,0.395854,0.399443,196296800
2004-05-21,0.402284,0.406771,0.399742,0.405425,179894400
2004-05-24,0.408117,0.417239,0.405425,0.408864,235603200
2004-05-25,0.411257,0.426362,0.408117,0.424866,319978400
2004-05-26,0.42367,0.4304,0.418735,0.426362,322168000
2004-05-27,0.425614,0.427708,0.416043,0.421277,235972800
2004-05-28,0.419932,0.422772,0.415744,0.419632,145717600
2004-06-01,0.415594,0.421725,0.412903,0.419632,182134400
2004-06-02,0.419184,0.436232,0.415744,0.432494,318712800
2004-06-03,0.429502,0.43354,0.423072,0.424717,250930400
2004-06-04,0.42711,0.437428,0.426362,0.4304,399112000
2004-06-07,0.434287,0.448345,0.430848,0.445803,295876000
2004-06-08,0.448495,0.455224,0.446103,0.453879,415620800
2004-06-09,0.44999,0.459262,0.448644,0.451636,349204800
2004-06-10,0.451636,0.463151,0.451636,0.459711,257577600
2004-06-14,0.458365,0.458814,0.441167,0.450439,243986400
2004-06-15,0.45672,0.465693,0.452533,0.458963,444634400
2004-06-16,0.458515,0.498295,0.456571,0.489621,909641600
2004-06-17,0.486929,0.495453,0.481695,0.490668,551320000
2004-06-18,0.488424,0.49964,0.484985,0.492163,406252000
2004-06-21,0.495304,0.500986,0.480348,0.483489,390213600
2004-06-22,0.483041,0.494855,0.482891,0.493509,360511200
2004-06-23,0.49351,0.505922,0.491864,0.503978,390868800
2004-06-24,0.501136,0.503977,0.49321,0.496201,252515200
2004-06-25,0.494556,0.503978,0.49351,0.503978,323428000
2004-06-28,0.511155,0.511305,0.481695,0.485882,521096800
2004-06-29,0.479601,0.493359,0.469731,0.486031,590553600
2004-06-30,0.486929,0.49306,0.476909,0.486629,373044000
2004-07-01,0.480049,0.485732,0.477059,0.483041,341941600
2004-07-02,0.455823,0.466292,0.444607,0.464796,910683200
2004-07-06,0.467637,0.46988,0.460608,0.462852,348980800
2004-07-07,0.461356,0.468983,0.450589,0.454477,397992000
2004-07-08,0.450589,0.458814,0.447896,0.450738,233380000
2004-07-09,0.452682,0.456122,0.449093,0.449093,208863200
2004-07-12,0.448943,0.449243,0.432643,0.435783,511621600
2004-07-13,0.437428,0.442662,0.433989,0.43698,316176000
2004-07-14,0.431596,0.448196,0.429801,0.442363,835800000
2004-07-15,0.488424,0.502931,0.480199,0.492462,1767724000
2004-07-16,0.490518,0.492313,0.480349,0.481545,488381600
2004-07-19,0.478704,0.481844,0.473469,0.478106,533170400
2004-07-20,0.477807,0.481545,0.471825,0.481545,323747200
2004-07-21,0.484835,0.489172,0.468684,0.472871,301257600
2004-07-22,0.467338,0.474516,0.464497,0.473768,334118400
2004-07-23,0.471526,0.474815,0.455823,0.459113,273571200
2004-07-26,0.461356,0.470329,0.460309,0.467487,393932000
2004-07-27,0.475563,0.48977,0.472124,0.484985,425006400
2004-07-28,0.48319,0.484686,0.465993,0.482592,285051200
2004-07-29,0.485582,0.490816,0.480498,0.488125,222157600
2004-07-30,0.488275,0.493509,0.478554,0.483639,243023200
2004-08-02,0.466291,0.481545,0.465543,0.472273,365092000
2004-08-03,0.470329,0.474367,0.465843,0.467936,211629600
2004-08-04,0.46644,0.480348,0.466141,0.475414,276488800
2004-08-05,0.475713,0.483041,0.467338,0.469432,244501600
2004-08-06,0.462104,0.465095,0.444158,0.445355,492290400
2004-08-09,0.446401,0.455374,0.445803,0.453131,290847200
2004-08-10,0.454477,0.471674,0.453878,0.471375,351036000
2004-08-11,0.465095,0.465543,0.452533,0.463749,322392000
2004-08-12,0.455374,0.461356,0.452832,0.454177,226200800
2004-08-13,0.457618,0.467786,0.454626,0.461206,328048000
2004-08-16,0.463599,0.474367,0.458216,0.460309,435674400
2004-08-17,0.457318,0.465543,0.453878,0.461655,323019200
2004-08-18,0.456271,0.476311,0.455972,0.474666,364655200
2004-08-19,0.471227,0.476461,0.454028,0.459263,388920000
2004-08-20,0.459262,0.46345,0.455972,0.460608,316780800
2004-08-23,0.461505,0.467637,0.457618,0.464796,254660000
2004-08-24,0.467487,0.477807,0.46644,0.477807,374136000
2004-08-25,0.47661,0.495752,0.474516,0.494257,505618400
2004-08-26,0.494107,0.52611,0.489621,0.518334,955858400
2004-08-27,0.518633,0.519829,0.508464,0.513698,388813600
2004-08-30,0.508464,0.519231,0.507866,0.510259,218142400
2004-08-31,0.509511,0.522671,0.508464,0.515792,376560800
2004-09-01,0.51295,0.538224,0.511305,0.536279,515726400
2004-09-02,0.530897,0.535532,0.520876,0.533289,406324800
2004-09-03,0.523568,0.537177,0.523568,0.526858,293468000
2004-09-07,0.5294,0.541215,0.526858,0.534784,301957600
2004-09-08,0.533887,0.546898,0.533588,0.543607,343526400
2004-09-09,0.539869,0.54286,0.527606,0.533887,461339200
2004-09-10,0.533289,0.541813,0.530298,0.53643,328014400
2004-09-13,0.536579,0.53942,0.528204,0.532242,281976800
2004-09-14,0.527008,0.531644,0.520128,0.530747,254822400
2004-09-15,0.528803,0.530597,0.520428,0.526409,232668800
2004-09-16,0.526409,0.549739,0.524615,0.543607,501916800
2004-09-17,0.546599,0.559011,0.544355,0.555422,502308800
2004-09-20,0.551533,0.567984,0.551384,0.563946,245000000
2004-09-21,0.564544,0.581294,0.560208,0.568433,386652000
2004-09-22,0.569778,0.570376,0.550486,0.552132,401688000
2004-09-23,0.553927,0.560806,0.552281,0.557366,397404000
2004-09-24,0.560058,0.568283,0.555572,0.557665,369488000
2004-09-27,0.55258,0.567984,0.550786,0.561255,397516000
2004-09-28,0.560208,0.57262,0.560058,0.568881,353186400
2004-09-29,0.567236,0.581145,0.565591,0.578452,273509600
2004-09-30,0.583238,0.587276,0.575013,0.579499,425012000
2004-10-01,0.585032,0.586079,0.576957,0.578303,465404800
2004-10-04,0.58593,0.58593,0.579499,0.580098,574084000
2004-10-05,0.576658,0.593258,0.574265,0.588772,406162400
2004-10-06,0.590715,0.609558,0.590266,0.607764,446303200
2004-10-07,0.606269,0.612101,0.590117,0.59251,426148800
2004-10-08,0.591613,0.594754,0.580845,0.584135,359228800
2004-10-11,0.580247,0.584135,0.571274,0.577106,323870400
2004-10-12,0.57576,0.576957,0.563049,0.57262,460191200
2004-10-13,0.581293,0.594603,0.57935,0.594453,1163008000
2004-10-14,0.645898,0.684183,0.636327,0.672667,2768427200
2004-10-15,0.671173,0.682089,0.660853,0.680444,1031128000
2004-10-18,0.66848,0.714093,0.66848,0.714093,1200752000
2004-10-19,0.719327,0.723065,0.707512,0.709158,801992800
2004-10-20,0.705568,0.711849,0.697642,0.709905,605108000
2004-10-21,0.710054,0.719775,0.70826,0.716933,724505600
2004-10-22,0.710952,0.712896,0.703175,0.709008,483067200
2004-10-25,0.705867,0.715439,0.703923,0.711101,392644000
2004-10-26,0.709606,0.718579,0.702428,0.717382,594361600
2004-10-27,0.725458,0.757013,0.720374,0.752227,1193494400
2004-10-28,0.747442,0.780941,0.740264,0.780492,864264800
2004-10-29,0.775257,0.795596,0.774659,0.783632,810219200
2004-11-01,0.785128,0.796493,0.778249,0.78438,602050400
2004-11-02,0.783632,0.808756,0.783632,0.800083,729988000
2004-11-03,0.813093,0.839114,0.80741,0.827151,1204173600
2004-11-04,0.822964,0.83074,0.813094,0.81429,928625600
2004-11-05,0.820421,0.822515,0.778249,0.818328,1205047200
2004-11-08,0.811598,0.829245,0.805467,0.813243,526920800
2004-11-09,0.811,0.815785,0.798288,0.808308,475764800
2004-11-10,0.806812,0.828347,0.806214,0.818776,508676000
2004-11-11,0.821767,0.828945,0.811,0.827001,407299200
2004-11-12,0.822664,0.832833,0.820122,0.829992,395701600
2004-11-15,0.825506,0.829394,0.812645,0.826105,376045600
2004-11-16,0.824908,0.825506,0.814738,0.821617,295103200
2004-11-17,0.825357,0.829245,0.81085,0.821019,397751200
2004-11-18,0.812047,0.829245,0.811897,0.828347,459149600
2004-11-19,0.829843,0.851079,0.815037,0.825058,765279200
2004-11-22,0.924208,0.957108,0.865884,0.917478,2568210400
2004-11-23,0.931685,0.933929,0.912992,0.916281,911450400
2004-11-24,0.922562,0.975054,0.920469,0.957856,1390788000
2004-11-26,0.977297,0.983429,0.962193,0.965334,550144000
2004-11-29,1.031134,1.040406,1.008104,1.023508,1712916800
2004-11-30,1.028742,1.028742,1.00272,1.00272,1028518400
2004-12-01,1.013787,1.01618,0.991056,1.013787,800553600
2004-12-02,0.988962,1.000478,0.966979,0.975204,987442400
2004-12-03,0.965034,0.972063,0.92346,0.937368,1238848800
2004-12-06,0.960846,0.990606,0.941405,0.983727,1247920800
2004-12-07,0.985971,0.997935,0.935574,0.940509,1056899200
2004-12-08,0.94335,0.963539,0.927947,0.946341,691902400
2004-12-09,0.939312,0.96309,0.928245,0.956959,741501600
2004-12-10,0.972512,0.987766,0.967577,0.974307,775773600
2004-12-13,0.981335,0.985523,0.966081,0.970717,395040800
2004-12-14,0.978045,0.985223,0.972361,0.9764,415721600
2004-12-15,0.975652,0.978943,0.966978,0.975951,398361600
2004-12-16,0.989261,1.00945,0.987765,0.995991,1126115200
2004-12-17,0.999579,1.002571,0.970568,0.971913,783496000
2004-12-20,0.979092,0.987018,0.923609,0.937966,1168126400
2004-12-21,0.950528,0.953669,0.921217,0.952472,1064414400
2004-12-22,0.952024,0.962492,0.948136,0.95337,565829600
2004-12-23,0.95337,0.960847,0.951126,0.957258,245929600
2004-12-27,0.969072,0.974306,0.940358,0.944546,559490400
2004-12-28,0.94664,0.960846,0.927946,0.959799,611755200
2004-12-29,0.954266,0.971764,0.950678,0.963688,449562400
2004-12-30,0.969221,0.972512,0.960399,0.969072,345340800
2004-12-31,0.970419,0.972063,0.957558,0.963091,278588800
2005-01-03,0.968773,0.973708,0.936171,0.94649,691992000
2005-01-04,0.953968,0.979092,0.941704,0.956211,1096810400
2005-01-05,0.963987,0.975802,0.957856,0.964586,680433600
2005-01-06,0.967127,0.970717,0.947088,0.965334,705555200
2005-01-07,0.972062,1.041304,0.968324,1.03562,2227450400
2005-01-10,1.044294,1.057305,1.015133,1.031284,1725309600
2005-01-11,1.020666,1.034125,0.959202,0.965483,2611627200
2005-01-12,0.978793,0.985523,0.94664,0.978943,1919702400
2005-01-13,1.102319,1.112938,1.0428,1.043846,3164716800
2005-01-14,1.050575,1.072559,1.034724,1.049827,1770742400
2005-01-18,1.044594,1.057306,1.013189,1.056558,1006460000
2005-01-19,1.054165,1.068671,1.043099,1.045043,751895200
2005-01-20,1.041603,1.06583,1.038911,1.053716,914922400
2005-01-21,1.066428,1.070764,1.046837,1.054165,911332800
2005-01-24,1.061493,1.073457,1.055062,1.058202,841629600
2005-01-25,1.067325,1.089309,1.060895,1.077495,969231200
2005-01-26,1.086617,1.087963,1.065082,1.080486,739496800
2005-01-27,1.079139,1.090505,1.070018,1.086318,496227200
2005-01-28,1.086019,1.106357,1.083327,1.106357,801612000
2005-01-31,1.11533,1.164831,1.114284,1.150025,1681097600
2005-02-01,1.152269,1.163036,1.14524,1.159447,678395200
2005-02-02,1.165728,1.195039,1.161839,1.190852,1020062400
2005-02-03,1.182926,1.187861,1.156456,1.163634,731651200
2005-02-04,1.164532,1.180383,1.159447,1.179037,563556000
2005-02-07,1.180383,1.186664,1.158999,1.180533,524456800
2005-02-08,1.182477,1.217023,1.17829,1.209845,890019200
2005-02-09,1.211939,1.226146,1.167972,1.177542,1191456000
2005-02-10,1.177243,1.185618,1.146437,1.17186,1093019200
2005-02-11,1.194291,1.222706,1.180533,1.214481,1201054400
2005-02-14,1.237211,1.268018,1.227042,1.265625,1271463200
2005-02-15,1.295985,1.332175,1.286114,1.322155,2312217600
2005-02-16,1.318267,1.348924,1.306303,1.347877,1639243200
2005-02-17,1.355654,1.359093,1.307798,1.313182,1518473600
2005-02-18,1.312136,1.31393,1.289853,1.298228,1163254400
2005-02-22,1.2906,1.320511,1.275496,1.275496,1219293600
2005-02-23,1.296881,1.322753,1.279385,1.319464,1345181600
2005-02-24,1.323202,1.335614,1.311986,1.329932,1519028000
2005-02-25,1.340251,1.344588,1.318865,1.330829,915510400
2005-02-28,1.336362,1.350121,1.314827,1.341746,651610400
2005-03-01,1.345634,1.349223,1.320809,1.330979,468188000
2005-03-02,1.323501,1.342643,1.318417,1.319613,458161200
2005-03-03,1.327091,1.328287,1.232875,1.249924,1411653600
2005-03-04,1.278936,1.286413,1.251718,1.280432,756618800
2005-03-07,1.280132,1.293592,1.266673,1.278637,450632000
2005-03-08,1.253214,1.26099,1.199376,1.212237,1021451200
2005-03-09,1.185617,1.204759,1.161391,1.176944,1322465200
2005-03-10,1.182328,1.204161,1.169467,1.1913,777109200
2005-03-11,1.202666,1.214032,1.190404,1.20446,632830800
2005-03-14,1.211939,1.220014,1.182029,1.205957,605385200
2005-03-15,1.215528,1.230483,1.203863,1.225099,508608800
2005-03-16,1.232576,1.265476,1.219715,1.231678,697813200
2005-03-17,1.242147,1.282525,1.235866,1.263682,801920000
2005-03-18,1.295985,1.299275,1.271159,1.284918,940150400
2005-03-21,1.294788,1.315126,1.281927,1.307051,541128000
2005-03-22,1.30735,1.314827,1.276543,1.28103,551415200
2005-03-23,1.269663,1.298078,1.256802,1.272655,609823200
2005-03-24,1.283422,1.286114,1.271159,1.271159,352704800
2005-03-28,1.278637,1.284918,1.270262,1.272057,275410800
2005-03-29,1.272954,1.28103,1.24125,1.248727,461356000
2005-03-30,1.258298,1.280132,1.25082,1.280132,394959600
2005-03-31,1.269663,1.271757,1.243941,1.246334,636134800
2005-04-01,1.258896,1.261589,1.213434,1.223005,641284000
2005-04-04,1.225997,1.235567,1.201171,1.228987,580014400
2005-04-05,1.232875,1.263383,1.228987,1.252914,556239600
2005-04-06,1.268169,1.280432,1.260691,1.266075,414825600
2005-04-07,1.266075,1.308546,1.263682,1.302863,506987600
2005-04-08,1.307051,1.329483,1.302265,1.308247,649950000
2005-04-11,1.320511,1.323501,1.253513,1.253812,821662800
2005-04-12,1.27086,1.291797,1.256503,1.275944,981061200
2005-04-13,1.284618,1.285814,1.208049,1.22749,1371946800
2005-04-14,1.160792,1.183225,1.101871,1.114433,2753192400
2005-04-15,1.095291,1.114134,1.055212,1.057306,1728087200
2005-04-18,1.046837,1.08572,1.016928,1.065381,1327177600
2005-04-19,1.094693,1.119817,1.072858,1.109349,1081642800
2005-04-20,1.126397,1.128789,1.059997,1.062091,945131600
2005-04-21,1.088711,1.112938,1.073756,1.11204,759592400
2005-04-22,1.101871,1.106657,1.043846,1.061792,839129200
2005-04-25,1.091402,1.107254,1.080037,1.106058,746460400
2005-04-26,1.100076,1.12191,1.080336,1.08243,810507600
2005-04-27,1.073457,1.087514,1.062091,1.075251,613888800
2005-04-28,1.08542,1.086916,1.054015,1.062988,575106000
2005-04-29,1.081233,1.083626,1.053417,1.078541,671630400
2005-05-02,1.083028,1.096189,1.077346,1.089608,465920000
2005-05-03,1.088711,1.09888,1.077644,1.083028,496739600
2005-05-04,1.080037,1.112638,1.079738,1.111143,448176400
2005-05-05,1.114134,1.114732,1.090804,1.097085,387366000
2005-05-06,1.103366,1.116526,1.100376,1.113835,326247600
2005-05-09,1.115031,1.120116,1.099179,1.105759,355695200
2005-05-10,1.099179,1.114133,1.086617,1.089308,440263600
2005-05-11,1.052819,1.066877,0.990308,1.065082,2041981200
2005-05-12,1.059399,1.064484,1.016928,1.020816,970242000
2005-05-13,1.02291,1.053716,1.019021,1.039958,702713200
2005-05-16,1.033677,1.067774,1.032779,1.063287,474294800
2005-05-17,1.051024,1.060596,1.033078,1.057604,588344400
2005-05-18,1.060296,1.123406,1.046538,1.071962,636722800
2005-05-19,1.070166,1.126995,1.070166,1.123106,793161600
2005-05-20,1.114134,1.126098,1.112339,1.123106,452650800
2005-05-23,1.132079,1.193394,1.132079,1.189206,1042574400
2005-05-24,1.179935,1.196086,1.167373,1.187412,593460000
2005-05-25,1.18143,1.19489,1.176047,1.189805,396006800
2005-05-26,1.194591,1.2245,1.194591,1.218518,525520800
2005-05-27,1.215527,1.220014,1.196684,1.213134,316008000
2005-05-31,1.216125,1.218518,1.183822,1.189206,404205200
2005-06-01,1.193095,1.219116,1.192197,1.205358,453812800
2005-06-02,1.197881,1.205957,1.184422,1.197582,373973600
2005-06-03,1.141351,1.153914,1.129687,1.143744,956869200
2005-06-06,1.146436,1.155409,1.123406,1.134173,811966400
2005-06-07,1.124602,1.128491,1.090207,1.092898,745264800
2005-06-08,1.095589,1.114133,1.093795,1.104263,404006400
2005-06-09,1.106656,1.134771,1.101272,1.126097,390255600
2005-06-10,1.11862,1.11862,1.062389,1.071064,678932800
2005-06-13,1.073456,1.094991,1.071363,1.073756,435772400
2005-06-14,1.074354,1.081233,1.06927,1.076747,347846800
2005-06-15,1.102768,1.115629,1.08572,1.110544,563343200
2005-06-16,1.112339,1.138959,1.101273,1.135968,547674400
2005-06-17,1.150624,1.152718,1.131481,1.145838,596125600
2005-06-20,1.13208,1.139258,1.120116,1.124901,323716400
2005-06-21,1.128191,1.142249,1.118022,1.132379,370526800
2005-06-22,1.144343,1.154512,1.140754,1.153017,424925200
2005-06-23,1.161391,1.189805,1.156007,1.163186,674254000
2005-06-24,1.169167,1.170065,1.126995,1.129387,410709600
2005-06-27,1.10187,1.139556,1.097085,1.109647,600171600
2005-06-28,1.121313,1.124303,1.111741,1.115929,350299600
2005-06-29,1.113536,1.11533,1.080336,1.087813,448358400
2005-06-30,1.094991,1.111442,1.086019,1.100973,418390000
2005-07-01,1.101572,1.105759,1.08542,1.091701,250000800
2005-07-05,1.093197,1.141053,1.091701,1.135968,454269200
2005-07-06,1.127893,1.141352,1.112638,1.118321,394626400
2005-07-07,1.100974,1.129388,1.100675,1.1255,383723200
2005-07-08,1.132678,1.144941,1.120714,1.144043,290735200
2005-07-11,1.147633,1.156007,1.129986,1.139557,388788400
2005-07-12,1.143445,1.14853,1.133875,1.143744,387038400
2005-07-13,1.14524,1.151521,1.133575,1.147034,684835200
2005-07-14,1.220014,1.256504,1.203265,1.218817,2096060400
2005-07-15,1.225397,1.243343,1.210143,1.242745,687682800
2005-07-18,1.238558,1.259195,1.237362,1.240951,586297600
2005-07-19,1.241847,1.292993,1.228388,1.291796,671062000
2005-07-20,1.281927,1.310042,1.275646,1.304957,453395600
2005-07-21,1.30705,1.31722,1.283123,1.294787,404264000
2005-07-22,1.299275,1.316024,1.297779,1.316024,301106400
2005-07-25,1.315724,1.324399,1.307948,1.310341,294627200
2005-07-26,1.316323,1.319314,1.296881,1.304957,268592800
2005-07-27,1.310939,1.318118,1.276244,1.315724,283749200
2005-07-28,1.311537,1.316024,1.295087,1.310042,251311200
2005-07-29,1.302864,1.32739,1.263982,1.275646,562080400
2005-08-01,1.273253,1.288507,1.258597,1.278637,314249600
2005-08-02,1.282824,1.301068,1.274449,1.291796,296875600
2005-08-03,1.291797,1.295386,1.279235,1.292694,258322400
2005-08-04,1.282824,1.286114,1.264878,1.27744,269304000
2005-08-05,1.27086,1.296881,1.256802,1.285815,241931200
2005-08-08,1.286114,1.293592,1.27445,1.275646,176383200
2005-08-09,1.28402,1.312734,1.283422,1.31064,380839200
2005-08-10,1.316024,1.327689,1.295387,1.29748,360945200
2005-08-11,1.297779,1.319612,1.293592,1.316024,271983600
2005-08-12,1.299873,1.382423,1.296881,1.378834,916036800
2005-08-15,1.390199,1.445532,1.389302,1.426091,1086727600
2005-08-16,1.417417,1.420708,1.382124,1.383321,537622400
2005-08-17,1.387807,1.418913,1.386909,1.410239,499724400
2005-08-18,1.403061,1.405752,1.368366,1.384816,442559600
2005-08-19,1.384218,1.39678,1.368964,1.370759,376569200
2005-08-22,1.380329,1.398276,1.35371,1.371955,387732800
2005-08-23,1.371357,1.378834,1.355504,1.368066,295604400
2005-08-24,1.363879,1.409342,1.36358,1.368964,572070800
2005-08-25,1.379432,1.390499,1.37016,1.377638,276253600
2005-08-26,1.379432,1.386012,1.356701,1.368066,261058000
2005-08-29,1.354009,1.376741,1.35371,1.371058,256295200
2005-08-30,1.375544,1.399471,1.37345,1.392891,518761600
2005-08-31,1.401565,1.40665,1.383918,1.402462,402956400
2005-09-01,1.405752,1.410837,1.378535,1.38362,356367200
2005-09-02,1.384816,1.399771,1.379433,1.382423,222378800
2005-09-06,1.39678,1.461982,1.392293,1.45959,818619200
2005-09-07,1.467068,1.477536,1.43327,1.456,963074000
2005-09-08,1.47604,1.499071,1.469759,1.488901,702640400
2005-09-09,1.497575,1.53586,1.4892,1.534663,615641600
2005-09-12,1.528382,1.544235,1.51283,1.537355,452796400
2005-09-13,1.525989,1.534065,1.505053,1.520007,492884000
2005-09-14,1.527186,1.531075,1.479331,1.483818,474426400
2005-09-15,1.495481,1.500865,1.475442,1.491593,415156000
2005-09-16,1.502361,1.531672,1.493986,1.531672,591004400
2005-09-19,1.526886,1.581921,1.526886,1.574443,783731200
2005-09-20,1.584911,1.609437,1.582818,1.590893,819828800
2005-09-21,1.584014,1.586706,1.551114,1.558591,434747600
2005-09-22,1.551711,1.569359,1.534962,1.552309,463727600
2005-09-23,1.558291,1.600165,1.550516,1.591192,558457200
2005-09-26,1.616017,1.631869,1.594782,1.610334,546562800
2005-09-27,1.612727,1.622298,1.598071,1.59837,341703600
2005-09-28,1.587304,1.588501,1.513129,1.527784,1125544000
2005-09-29,1.532271,1.572948,1.519709,1.565471,636846000
2005-09-30,1.565172,1.604652,1.551712,1.603456,531633200
2005-10-03,1.619906,1.631271,1.605549,1.628281,507553200
2005-10-04,1.643534,1.655498,1.604352,1.607643,539459200
2005-10-05,1.62499,1.625888,1.577733,1.57863,610769600
2005-10-06,1.591192,1.599866,1.521503,1.546328,757537200
2005-10-07,1.546926,1.553207,1.511932,1.534364,677882800
2005-10-10,1.548122,1.552609,1.503856,1.506549,507505600
2005-10-11,1.532271,1.551413,1.507446,1.543038,1225884800
2005-10-12,1.455104,1.504455,1.431774,1.47305,2697486400
2005-10-13,1.478732,1.613625,1.473648,1.607344,1865575600
2005-10-14,1.616017,1.625588,1.578929,1.615119,1035552000
2005-10-17,1.614521,1.621999,1.575639,1.59837,616834400
2005-10-18,1.592688,1.613625,1.561283,1.561582,609588000
2005-10-19,1.557395,1.643833,1.531673,1.643235,1008683200
2005-10-20,1.629177,1.689894,1.625588,1.679127,1357762000
2005-10-21,1.700064,1.704251,1.655798,1.66477,796726000
2005-10-24,1.652506,1.698567,1.647721,1.698567,609753200
2005-10-25,1.686903,1.700362,1.665668,1.67793,465127600
2005-10-26,1.683314,1.721598,1.672547,1.705747,631593200
2005-10-27,1.70455,1.705148,1.657293,1.657293,411541200
2005-10-28,1.676137,1.687801,1.620205,1.629178,769787200
2005-10-31,1.651012,1.73416,1.637552,1.722496,940844800
2005-11-01,1.712027,1.738946,1.70096,1.719803,749686000
2005-11-02,1.726384,1.794578,1.722795,1.793082,857060400
2005-11-03,1.802355,1.863968,1.796672,1.849911,884382800
2005-11-04,1.805046,1.831666,1.783212,1.828974,878035200
2005-11-07,1.820001,1.844527,1.798765,1.801457,638831200
2005-11-08,1.793082,1.805944,1.767659,1.791587,473765600
2005-11-09,1.794578,1.830768,1.794578,1.797868,552930000
2005-11-10,1.81372,1.83047,1.764968,1.829872,665344400
2005-11-11,1.840639,1.857688,1.834657,1.840639,425448800
2005-11-14,1.840639,1.853799,1.821796,1.837947,369933200
2005-11-15,1.842433,1.886699,1.838246,1.862772,536841200
2005-11-16,1.888794,1.945921,1.886999,1.942631,784515200
2005-11-17,1.961773,1.970447,1.921694,1.92977,676205600
2005-11-18,1.953398,1.956987,1.925283,1.930965,524960800
2005-11-21,1.938742,1.949808,1.905841,1.942929,511711200
2005-11-22,1.93934,1.996767,1.92977,1.989588,540282400
2005-11-23,2.000357,2.033257,1.994675,2.007236,485853200
2005-11-25,2.023687,2.079916,2.0189,2.073935,395012800
2005-11-28,2.115208,2.125677,2.065858,2.083504,1018519600
2005-11-29,2.093375,2.102646,2.014413,2.036845,891433200
2005-11-30,2.046717,2.059279,2.019499,2.028472,595674800
2005-12-01,2.062269,2.145418,2.058082,2.14153,812893200
2005-12-02,2.161569,2.175627,2.114611,2.172337,895762000
2005-12-05,2.151998,2.169345,2.138239,2.148109,583671200
2005-12-06,2.211219,2.238137,2.193871,2.214808,857029600
2005-12-07,2.220192,2.227071,2.186993,2.211817,679464800
2005-12-08,2.189384,2.218397,2.171438,2.215704,790479200
2005-12-09,2.219593,2.23096,2.193871,2.223183,555402400
2005-12-12,2.239334,2.25369,2.230062,2.24053,524994400
2005-12-13,2.238735,2.25698,2.219593,2.242623,493816400
2005-12-14,2.169347,2.192377,2.101751,2.153794,1450716400
2005-12-15,2.173832,2.179216,2.134052,2.158877,561162000
2005-12-16,2.157681,2.162466,2.125378,2.126874,671171200
2005-12-19,2.126874,2.171439,2.12478,2.134949,529295200
2005-12-20,2.142427,2.164859,2.127173,2.156784,479108000
2005-12-21,2.171439,2.201648,2.169645,2.198358,475736800
2005-12-22,2.21062,2.227968,2.201348,2.21391,370610800
2005-12-23,2.218398,2.22109,2.192376,2.193872,229857600
2005-12-27,2.213313,2.248606,2.211817,2.220192,590590000
2005-12-28,2.22737,2.236044,2.192974,2.200451,398115200
2005-12-29,2.206732,2.207929,2.136145,2.137043,490025200
2005-12-30,2.120891,2.166354,2.103843,2.150203,624262800
2006-01-03,2.164859,2.235745,2.160971,2.235745,807234400
2006-01-04,2.247111,2.272534,2.228267,2.242325,619603600
2006-01-05,2.238137,2.240231,2.205835,2.224678,449422400
2006-01-06,2.2507,2.294069,2.229763,2.282105,704457600
2006-01-09,2.294966,2.309024,2.265356,2.274627,675040800
2006-01-10,2.280609,2.4493,2.268047,2.418493,2279869200
2006-01-11,2.507623,2.536335,2.470236,2.509418,1493794400
2006-01-12,2.541421,2.584192,2.501043,2.521082,1280809600
2006-01-13,2.542019,2.572527,2.530354,2.559965,776305600
2006-01-17,2.563256,2.583594,2.508521,2.533645,835623600
2006-01-18,2.484892,2.513904,2.448102,2.467244,1200637200
2006-01-19,2.430158,2.442421,2.355084,2.364057,1695848000
2006-01-20,2.371235,2.393966,2.268046,2.275823,1134758800
2006-01-23,2.276123,2.379611,2.273132,2.323082,1059730000
2006-01-24,2.355682,2.375424,2.266252,2.274328,1142254400
2006-01-25,2.314706,2.317996,2.19088,2.219294,1275786400
2006-01-26,2.229165,2.256084,2.1514,2.163363,1181387200
2006-01-27,2.181908,2.201349,2.126575,2.154391,953864800
2006-01-30,2.128669,2.291078,2.119695,2.243222,1398401200
2006-01-31,2.258177,2.283301,2.205835,2.258476,913542000
2006-02-01,2.241727,2.28689,2.232454,2.255784,521186400
2006-02-02,2.246214,2.25399,2.154989,2.156485,707322000
2006-02-03,2.160672,2.177122,2.12478,2.149007,692123600
2006-02-06,2.154092,2.168748,1.996169,2.012918,1651767600
2006-02-07,2.04193,2.078121,1.994374,2.021891,1388830800
2006-02-08,2.04851,2.066157,1.974035,2.058081,953114400
2006-02-09,2.066756,2.070645,1.930069,1.942631,1149764000
2006-02-10,1.94951,2.023985,1.881316,2.013218,1760477600
2006-02-13,1.992879,1.996469,1.933359,1.935452,883498000
2006-02-14,1.947117,2.036846,1.944126,2.023087,1160938800
2006-02-15,2.008731,2.082309,1.996469,2.070345,1159771200
2006-02-16,2.090983,2.123883,2.078122,2.110723,948175200
2006-02-17,2.102646,2.120294,2.082009,2.102347,575999200
2006-02-21,2.111321,2.117602,2.054194,2.066158,779606800
2006-02-22,2.063765,2.143624,2.033855,2.133156,978238800
2006-02-23,2.147213,2.183403,2.136445,2.146016,856917600
2006-02-24,2.15768,2.180112,2.129565,2.137341,534744000
2006-02-27,2.153194,2.157083,2.113116,2.123285,791240800
2006-02-28,2.140931,2.165456,2.036845,2.048509,1266980400
2006-03-01,2.058978,2.07842,2.034453,2.066755,763817600
2006-03-02,2.063466,2.093375,2.053894,2.082009,625273600
2006-03-03,2.075728,2.090983,2.019798,2.02548,737668400
2006-03-06,2.024583,2.02548,1.942332,1.958483,912665600
2006-03-07,1.966857,2.000955,1.946519,1.983307,872877600
2006-03-08,1.98271,2.009927,1.954595,1.963867,653251200
2006-03-09,1.973439,1.988094,1.908535,1.912123,799304800
2006-03-10,1.915712,1.928872,1.867856,1.88999,1043142800
2006-03-13,1.945621,1.98241,1.937845,1.964464,861187600
2006-03-14,1.967156,2.013516,1.959081,2.013516,642020400
2006-03-15,2.025181,2.035052,1.959679,1.980915,891996000
2006-03-16,1.999459,2.000954,1.923189,1.923488,749638400
2006-03-17,1.936649,1.960277,1.917507,1.933957,812042000
2006-03-20,1.950706,1.957884,1.910327,1.913917,605441200
2006-03-21,1.848714,1.924386,1.836153,1.848714,1345366400
2006-03-22,1.859182,1.891784,1.832563,1.844527,1345895600
2006-03-23,1.849013,1.851406,1.782913,1.799363,1427826400
2006-03-24,1.802056,1.822694,1.765566,1.793382,1071980000
2006-03-27,1.805045,1.835852,1.776632,1.779921,1108072000
2006-03-28,1.783512,1.798765,1.742236,1.755995,1370322800
2006-03-29,1.768557,1.86995,1.724889,1.864267,2346834000
2006-03-30,1.878922,1.893279,1.840339,1.876829,1390650800
2006-03-31,1.891785,1.902552,1.861576,1.875932,815357200
2006-04-03,1.904347,1.917805,1.872642,1.873838,815791200
2006-04-04,1.857388,1.860977,1.825983,1.829572,931924000
2006-04-05,1.935452,2.010226,1.918702,2.010226,2233408800
2006-04-06,2.042828,2.154989,2.039837,2.130763,2663768800
2006-04-07,2.12149,2.129865,2.047912,2.087393,1545238800
2006-04-10,2.102347,2.12149,2.047314,2.053894,903515200
2006-04-11,2.063465,2.072737,2.006038,2.033555,939316000
2006-04-12,2.034154,2.038939,1.983008,1.995271,739894400
2006-04-13,1.984205,2.017105,1.968353,1.988093,734678000
2006-04-17,1.989289,1.99916,1.924684,1.938443,721938000
2006-04-18,1.945322,1.988094,1.937845,1.980616,794844400
2006-04-19,1.998562,2.003946,1.958184,1.963568,1086033200
2006-04-20,2.079019,2.093674,1.980018,2.022789,1666982800
2006-04-21,2.039537,2.052997,1.988093,2.005141,788986800
2006-04-24,1.999459,2.001553,1.959081,1.966558,707028000
2006-04-25,1.972839,1.991682,1.960876,1.97912,529062800
2006-04-26,1.993477,2.04223,1.986,2.038342,710886400
2006-04-27,2.025781,2.089488,2.014414,2.074533,845947200
2006-04-28,2.075131,2.132558,2.069748,2.10534,760037600
2006-05-01,2.116705,2.139735,2.06855,2.08171,750380400
2006-05-02,2.09816,2.152894,2.096964,2.142127,771663200
2006-05-03,2.148408,2.151998,2.099058,2.127771,686991200
2006-05-04,2.130163,2.180112,2.107432,2.127471,860420400
2006-05-05,2.149306,2.16097,2.128069,2.150203,563911600
2006-05-08,2.183104,2.20733,2.145119,2.150203,594851600
2006-05-09,2.148109,2.170242,2.112217,2.12448,531666800
2006-05-10,2.132258,2.133454,2.08201,2.111621,459888800
2006-05-11,2.117303,2.118799,2.020396,2.038342,812688800
2006-05-12,2.029367,2.054492,1.999757,2.024881,641774000
2006-05-15,2.015011,2.045221,2.007534,2.027574,529177600
2006-05-16,2.036846,2.041332,1.936649,1.943528,936740000
2006-05-17,1.935452,1.965063,1.91631,1.951902,754194000
2006-05-18,1.964465,1.981813,1.887896,1.889691,658442400
2006-05-19,1.892083,1.940537,1.878923,1.929471,985866000
2006-05-22,1.910328,1.913917,1.877428,1.895672,718975600
2006-05-23,1.939938,1.949808,1.884306,1.888793,694414000
2006-05-24,1.884008,1.903748,1.841237,1.894476,916031200
2006-05-25,1.921993,1.927676,1.892981,1.924087,463372000
2006-05-26,1.923489,1.930966,1.888494,1.900757,432950000
2006-05-30,1.89298,1.893279,1.831067,1.831067,563402000
2006-05-31,1.847218,1.848116,1.755396,1.787699,1280977600
2006-06-01,1.790092,1.862772,1.780221,1.859482,942508000
2006-06-02,1.884008,1.887298,1.820899,1.844228,685787200
2006-06-05,1.828975,1.828975,1.793682,1.794578,605785600
2006-06-06,1.801157,1.81342,1.761976,1.786202,726037200
2006-06-07,1.797569,1.806542,1.745227,1.751508,750506400
2006-06-08,1.747919,1.822394,1.709335,1.817309,1397482800
2006-06-09,1.829872,1.841237,1.767659,1.771847,775838000
2006-06-12,1.776632,1.786502,1.703653,1.704848,717785600
2006-06-13,1.723093,1.767659,1.715616,1.744628,1080643200
2006-06-14,1.743134,1.758088,1.695577,1.723094,878136000
2006-06-15,1.713823,1.786801,1.697372,1.776034,1190383600
2006-06-16,1.763472,1.770352,1.720402,1.721598,838101600
2006-06-19,1.729674,1.740142,1.704849,1.710831,704575200
2006-06-20,1.723094,1.745227,1.713522,1.718906,672974400
2006-06-21,1.726982,1.755994,1.713822,1.730571,863296000
2006-06-22,1.74074,1.787101,1.736853,1.782016,965633200
2006-06-23,1.786203,1.799663,1.756593,1.759583,660203600
2006-06-26,1.769753,1.77065,1.745825,1.764369,466536000
2006-06-27,1.76736,1.771249,1.716813,1.71771,550611600
2006-06-28,1.713522,1.713822,1.657293,1.675537,850704400
2006-06-29,1.697671,1.76736,1.686604,1.763771,873398400
2006-06-30,1.722496,1.727281,1.689894,1.712925,739695600
2006-07-03,1.720402,1.740142,1.715018,1.733263,194770800
2006-07-05,1.709335,1.722795,1.691688,1.704848,518240800
2006-07-06,1.707541,1.716813,1.663274,1.66806,633208800
2006-07-07,1.659387,1.69139,1.635159,1.656993,799360800
2006-07-10,1.665967,1.689595,1.630076,1.64503,529345600
2006-07-11,1.64832,1.67464,1.630972,1.664471,825022800
2006-07-12,1.650115,1.652208,1.582818,1.584015,927329200
2006-07-13,1.556198,1.618709,1.537654,1.562778,1249906000
2006-07-14,1.570256,1.581921,1.500267,1.515521,993036800
2006-07-17,1.547225,1.5885,1.544832,1.566367,1024542400
2006-07-18,1.589995,1.610633,1.550814,1.582219,1000448400
2006-07-19,1.584014,1.647423,1.566068,1.618111,1390743200
2006-07-20,1.823292,1.842135,1.786204,1.809533,1972146400
2006-07-21,1.789194,1.828974,1.78381,1.816112,891892400
2006-07-24,1.832264,1.857388,1.807439,1.83705,722856400
2006-07-25,1.847817,1.857089,1.817907,1.852303,589069600
2006-07-26,1.854397,1.933358,1.844826,1.910328,898427600
2006-07-27,1.929171,1.944725,1.880119,1.896271,735044800
2006-07-28,1.912422,1.964465,1.899262,1.961773,691507600
2006-07-31,1.998862,2.052698,1.982411,2.03266,892841600
2006-08-01,2.010525,2.03176,1.972241,2.009329,711765600
2006-08-02,2.023386,2.054193,2.019199,2.038641,550768400
2006-08-03,2.031163,2.093674,2.028172,2.081411,841044400
2006-08-04,2.005441,2.052099,1.942929,2.042828,1852866400
2006-08-07,2.02548,2.08171,1.983307,2.010226,1245512800
2006-08-08,2.006637,2.007236,1.929471,1.937546,997864000
2006-08-09,1.956988,1.962072,1.896271,1.901953,955838800
2006-08-10,1.891785,1.938443,1.875334,1.91631,697760000
2006-08-11,1.891185,1.918104,1.871744,1.903747,777529200
2006-08-14,1.915712,1.950707,1.902253,1.912422,717620400
2006-08-15,1.954295,1.98899,1.938144,1.987495,861352800
2006-08-16,2.006936,2.035948,1.983906,2.033256,781284000
2006-08-17,2.033856,2.053596,2.00933,2.021593,581148400
2006-08-18,2.02518,2.045818,2.011721,2.031162,536354000
2006-08-21,2.012918,2.013217,1.978522,1.990785,526226400
2006-08-22,1.994375,2.043426,1.988991,2.02249,576968000
2006-08-23,2.033855,2.053297,2.002151,2.013218,536258800
2006-08-24,2.030565,2.039537,1.982111,2.028172,655191600
2006-08-25,2.014114,2.065259,2.013217,2.056287,543958800
2006-08-28,2.04881,2.0521,1.994375,2.003347,738161200
2006-08-29,2.003647,2.011723,1.947716,1.988393,947332400
2006-08-30,2.014115,2.028471,1.994375,2.002749,680142400
2006-08-31,2.012319,2.042827,1.993775,2.029367,574697200
2006-09-01,2.048212,2.053297,2.028472,2.045222,408494800
2006-09-05,2.062866,2.138538,2.050304,2.13794,1012457600
2006-09-06,2.125976,2.144221,2.084702,2.094571,974103200
2006-09-07,2.111621,2.19776,2.101152,2.177421,1267957600
2006-09-08,2.19447,2.200452,2.150802,2.169047,895921600
2006-09-11,2.166355,2.205237,2.136146,2.168448,949124400
2006-09-12,2.17772,2.196862,2.137043,2.172337,1684687200
2006-09-13,2.178916,2.222884,2.162466,2.219294,1146138000
2006-09-14,2.204938,2.233352,2.197161,2.218398,801729600
2006-09-15,2.231258,2.242623,2.192076,2.216304,981853600
2006-09-18,2.207331,2.239035,2.192377,2.210024,705278000
2006-09-19,2.216303,2.224079,2.17742,2.206433,710049200
2006-09-20,2.224679,2.263561,2.219893,2.250999,822791200
2006-09-21,2.2507,2.274927,2.213911,2.232754,794124800
2006-09-22,2.222285,2.223482,2.170841,2.183403,665112000
2006-09-25,2.207629,2.268945,2.204938,2.265654,858992400
2006-09-26,2.278516,2.326371,2.276123,2.321287,1102948000
2006-09-27,2.308126,2.3171,2.267748,2.285395,810373200
2006-09-28,2.30364,2.317399,2.271637,2.303341,723609600
2006-09-29,2.306332,2.318594,2.29347,2.302444,405812400
2006-10-02,2.246213,2.269243,2.222284,2.239034,712639200
2006-10-03,2.226771,2.241726,2.189085,2.215704,790708800
2006-10-04,2.216304,2.256981,2.188189,2.254588,829082800
2006-10-05,2.229165,2.277918,2.217201,2.238138,683883200
2006-10-06,2.225875,2.244419,2.20763,2.219893,466958800
2006-10-09,2.207331,2.245615,2.199255,2.232156,438222400
2006-10-10,2.229463,2.230659,2.185795,2.207629,531588400
2006-10-11,2.195965,2.212714,2.171438,2.190281,571855200
2006-10-12,2.201649,2.254888,2.201349,2.250999,592855200
2006-10-13,2.262066,2.299453,2.235447,2.243821,684196800
2006-10-16,2.248905,2.269543,2.236941,2.255186,508692800
2006-10-17,2.244419,2.251298,2.21451,2.221987,480925200
2006-10-18,2.235745,2.254289,2.210621,2.229165,1133907600
2006-10-19,2.370637,2.391275,2.337737,2.362561,1512977200
2006-10-20,2.361964,2.392472,2.352991,2.391275,639413600
2006-10-23,2.392471,2.449598,2.385293,2.436439,832507200
2006-10-24,2.428961,2.443019,2.398753,2.424176,463212400
2006-10-25,2.433149,2.45259,2.422979,2.443019,485214800
2006-10-26,2.449598,2.470535,2.426568,2.458272,432756800
2006-10-27,2.445112,2.466049,2.39307,2.405034,594966400
2006-10-30,2.392472,2.41969,2.377816,2.405333,499917600
2006-10-31,2.43614,2.443019,2.39965,2.425073,501474400
2006-11-01,2.425671,2.434046,2.343718,2.367646,611192400
2006-11-02,2.360468,2.372432,2.347905,2.362262,465483200
2006-11-03,2.373629,2.378713,2.32667,2.341625,431888800
2006-11-06,2.361365,2.394565,2.345812,2.384097,434576800
2006-11-07,2.40623,2.42268,2.396659,2.408024,525932400
2006-11-08,2.393369,2.473228,2.389481,2.46605,690916800
2006-11-09,2.479508,2.533046,2.456178,2.492669,923053600
2006-11-10,2.498951,2.500446,2.467546,2.486089,373864400
2006-11-13,2.489079,2.525868,2.471732,2.522877,450674000
2006-11-14,2.536336,2.542318,2.509418,2.542318,588954800
2006-11-15,2.543814,2.569237,2.512409,2.513905,655323200
2006-11-16,2.53843,2.581201,2.530953,2.560563,693940800
2006-11-17,2.546505,2.570434,2.542318,2.567741,466424000
2006-11-20,2.554282,2.602138,2.5483,2.586285,570794000
2006-11-21,2.6147,2.649993,2.605427,2.649993,622666800
2006-11-22,2.661658,2.714299,2.627561,2.701139,671941200
2006-11-24,2.67781,2.78399,2.676913,2.74062,518677600
2006-11-27,2.76694,2.786381,2.676912,2.678108,1074836000
2006-11-28,2.702634,2.750789,2.689175,2.746004,1036173600
2006-11-29,2.781597,2.786083,2.699344,2.745704,1157083200
2006-11-30,2.757967,2.772024,2.723571,2.741516,870486400
2006-12-01,2.745703,2.761556,2.694857,2.731347,795079600
2006-12-04,2.748098,2.753182,2.706822,2.725366,709536800
2006-12-05,2.741217,2.761556,2.717888,2.729852,662838400
2006-12-06,2.71101,2.733442,2.681998,2.686783,638184400
2006-12-07,2.692764,2.706822,2.599147,2.603334,1004827600
2006-12-08,2.609017,2.673622,2.602138,2.639824,784277200
2006-12-11,2.658966,2.67093,2.633543,2.65448,499780400
2006-12-12,2.650292,2.657171,2.55817,2.576415,1026620000
2006-12-13,2.630551,2.66405,2.606624,2.663452,857052000
2006-12-14,2.663452,2.691867,2.639824,2.648498,832330800
2006-12-15,2.662556,2.668538,2.612009,2.623673,739939200
2006-12-18,2.620981,2.632048,2.530055,2.556376,721576800
2006-12-19,2.534243,2.592566,2.501044,2.5815,911405600
2006-12-20,2.586286,2.592268,2.534543,2.535141,567691600
2006-12-21,2.533345,2.556675,2.458571,2.479508,903599200
2006-12-22,2.496258,2.513606,2.440627,2.458572,613303600
2006-12-26,2.457076,2.469639,2.41939,2.437934,490688800
2006-12-27,2.337438,2.45259,2.296163,2.438234,1935754800
2006-12-28,2.399351,2.430158,2.382302,2.418792,1119876800
2006-12-29,2.510913,2.554282,2.493267,2.537533,1076429200
2007-01-03,2.580902,2.589576,2.449599,2.506427,1238319600
2007-01-04,2.513905,2.570733,2.507025,2.562059,847260400
2007-01-05,2.565349,2.57821,2.524373,2.543814,834741600
2007-01-08,2.571032,2.58808,2.550693,2.556376,797106800
2007-01-09,2.585688,2.780997,2.546805,2.768734,3349298400
2007-01-10,2.833938,2.925162,2.795055,2.901235,2952880000
2007-01-11,2.86953,2.894654,2.844406,2.865343,1440252800
2007-01-12,2.829151,2.843209,2.788475,2.830049,1312690400
2007-01-16,2.861753,2.908711,2.854874,2.904225,1244076400
2007-01-17,2.917983,2.919179,2.836031,2.839919,1646260000
2007-01-18,2.754676,2.754975,2.663452,2.66405,2364605600
2007-01-19,2.650891,2.681399,2.635637,2.647003,1364473600
2007-01-22,2.666144,2.666743,2.56176,2.595857,1454026000
2007-01-23,2.564153,2.617392,2.557574,2.563256,1207424400
2007-01-24,2.592568,2.606625,2.574622,2.593166,927813600
2007-01-25,2.605428,2.647003,2.573126,2.579706,905973600
2007-01-26,2.605427,2.613203,2.542018,2.553683,986874000
2007-01-29,2.581201,2.59167,2.558171,2.570434,901664400
2007-01-30,2.58509,2.586884,2.549796,2.558769,577970400
2007-01-31,2.538131,2.572229,2.522878,2.564153,856069200
2007-02-01,2.579107,2.580303,2.534542,2.534542,664342000
2007-02-02,2.515999,2.549797,2.503437,2.534842,621530000
2007-02-05,2.521381,2.549198,2.510614,2.510614,578852400
2007-02-06,2.525868,2.526467,2.478312,2.516896,864393600
2007-02-07,2.526766,2.583594,2.49895,2.576715,1066825200
2007-02-08,2.55518,2.587483,2.554582,2.577612,679030800
2007-02-09,2.568639,2.578209,2.48878,2.490575,860540800
2007-02-12,2.52527,2.547702,2.501342,2.53873,724071600
2007-02-13,2.547104,2.550992,2.521381,2.533345,580986000
2007-02-14,2.531253,2.561461,2.529458,2.551292,507981600
2007-02-15,2.555479,2.560863,2.535738,2.548599,363661200
2007-02-16,2.549795,2.554581,2.532148,2.537233,399868000
2007-02-20,2.53185,2.577013,2.517194,2.569237,617702400
2007-02-21,2.57163,2.676613,2.571032,2.667939,1155313600
2007-02-22,2.715795,2.716094,2.647901,2.677212,838224800
2007-02-23,2.666742,2.702036,2.65747,2.66405,517893600
2007-02-26,2.687082,2.691868,2.620384,2.647302,615848800
2007-02-27,2.581202,2.604531,2.494763,2.510316,1145813200
2007-02-28,2.4825,2.560265,2.4825,2.530655,919475200
2007-03-01,2.513305,2.641319,2.50493,2.603932,1415528800
2007-03-02,2.595259,2.61829,2.5486,2.554582,860000400
2007-03-05,2.568938,2.651488,2.565049,2.581799,838899600
2007-03-06,2.626065,2.641319,2.614102,2.63773,723186800
2007-03-07,2.633544,2.661061,2.615598,2.623673,626284400
2007-03-08,2.649694,2.653582,2.615896,2.632047,511011200
2007-03-09,2.655974,2.657469,2.614101,2.63115,451836000
2007-03-12,2.634141,2.691568,2.631748,2.687978,729408400
2007-03-13,2.67422,2.709813,2.644012,2.644012,867890800
2007-03-14,2.649994,2.691867,2.629655,2.691867,796586000
2007-03-15,2.69067,2.702634,2.671229,2.679006,559498800
2007-03-16,2.678108,2.691568,2.671528,2.679604,571704000
2007-03-19,2.699046,2.738227,2.679604,2.725665,712961200
2007-03-20,2.732245,2.7469,2.723571,2.736133,488916400
2007-03-21,2.751386,2.811505,2.741217,2.807616,686896000
2007-03-22,2.803429,2.822272,2.781596,2.810308,561492400
2007-03-23,2.792064,2.813598,2.790568,2.797148,450884000
2007-03-26,2.811206,2.868333,2.790568,2.866837,864987200
2007-03-27,2.86265,2.896149,2.841415,2.855173,932052800
2007-03-28,2.837825,2.853378,2.786082,2.788773,942337200
2007-03-29,2.817188,2.817188,2.758566,2.804028,725723600
2007-03-30,2.819881,2.831845,2.774119,2.778904,600558000
2007-04-02,2.815693,2.818982,2.782194,2.801037,501992400
2007-04-03,2.815693,2.848294,2.804327,2.826461,583934400
2007-04-04,2.83962,2.845602,2.815394,2.819581,476784000
2007-04-05,2.815094,2.831844,2.797148,2.831844,355516000
2007-04-09,2.847696,2.850387,2.782792,2.801037,413341600
2007-04-10,2.801636,2.819283,2.793859,2.818983,352466800
2007-04-11,2.808514,2.81001,2.761556,2.769333,549018400
2007-04-12,2.752882,2.760957,2.713401,2.757368,656675600
2007-04-13,2.718786,2.733741,2.693662,2.699045,719941600
2007-04-16,2.708915,2.736731,2.699344,2.734637,609033600
2007-04-17,2.751685,2.760659,2.682893,2.702335,751920400
2007-04-18,2.696653,2.717291,2.679903,2.703831,464044000
2007-04-19,2.69755,2.729255,2.686783,2.699944,425913600
2007-04-20,2.718486,2.72716,2.708317,2.720879,522779600
2007-04-23,2.739423,2.805524,2.734339,2.79685,780290000
2007-04-24,2.810308,2.882989,2.730748,2.788773,1055252800
2007-04-25,2.818384,2.853379,2.805523,2.851883,1187144000
2007-04-26,3.03822,3.065737,2.940116,2.956268,1737778000
2007-04-27,2.936528,2.989468,2.921872,2.98857,699403600
2007-04-30,2.993655,3.020873,2.981093,2.984981,616509600
2007-05-01,2.978701,3.001432,2.947595,2.975111,532523600
2007-05-02,2.980495,3.007114,2.975111,3.002628,505145200
2007-05-03,3.012798,3.034333,2.991264,3.002928,576077600
2007-05-04,3.01489,3.038818,3.005918,3.015189,381987200
2007-05-07,3.023265,3.12107,3.021172,3.108209,861557200
2007-05-08,3.09475,3.144999,3.093255,3.142307,783997200
2007-05-09,3.137819,3.199133,3.13722,3.196741,717757600
2007-05-10,3.189263,3.255364,3.168028,3.210499,1197257600
2007-05-11,3.222464,3.264038,3.19375,3.252373,653696400
2007-05-14,3.278694,3.290059,3.237717,3.270917,651946400
2007-05-15,3.277198,3.296041,3.184777,3.215883,954514400
2007-05-16,3.246092,3.255065,3.093253,3.210499,1126767600
2007-05-17,3.204818,3.286172,3.204818,3.27331,735291200
2007-05-18,3.296939,3.309202,3.28318,3.290658,621345200
2007-05-21,3.299331,3.363337,3.291554,3.34928,639892400
2007-05-22,3.364534,3.40222,3.350178,3.395939,572409600
2007-05-23,3.410297,3.439608,3.367525,3.376499,911374800
2007-05-24,3.374106,3.423456,3.301126,3.310697,887362000
2007-05-25,3.34988,3.403118,3.334925,3.398333,632959600
2007-05-29,3.423158,3.435421,3.370517,3.420167,645694000
2007-05-30,3.418671,3.555657,3.395641,3.552367,1478444800
2007-05-31,3.59125,3.65406,3.575398,3.624748,1297066400
2007-06-01,3.622056,3.624748,3.53801,3.541299,885262000
2007-06-04,3.54818,3.640899,3.526345,3.628935,886673200
2007-06-05,3.631328,3.669613,3.60411,3.669014,920785600
2007-06-06,3.657948,3.71029,3.64748,3.698027,1112241200
2007-06-07,3.738404,3.816766,3.684566,3.710886,1915079600
2007-06-08,3.763229,3.763529,3.657648,3.723449,1241682400
2007-06-11,3.768613,3.773099,3.575397,3.594838,1874258400
2007-06-12,3.569714,3.640301,3.538608,3.600521,1426566400
2007-06-13,3.623553,3.624749,3.451573,3.514383,1721353200
2007-06-14,3.505408,3.572705,3.482079,3.551769,973266000
2007-06-15,3.607697,3.609193,3.584966,3.604108,811218800
2007-06-18,3.687258,3.744086,3.665125,3.741395,910604800
2007-06-19,3.729432,3.739004,3.676194,3.698626,943026000
2007-06-20,3.704907,3.728536,3.634021,3.635516,897512000
2007-06-21,3.640003,3.717469,3.610692,3.705804,867045200
2007-06-22,3.704308,3.722254,3.660341,3.678885,631876000
2007-06-25,3.714477,3.741396,3.62086,3.659145,965403600
2007-06-26,3.708196,3.708795,3.550872,3.578687,1345005200
2007-06-27,3.6074,3.650171,3.567023,3.645684,974696800
2007-06-28,3.659742,3.663631,3.589156,3.605905,838143600
2007-06-29,3.648077,3.708793,3.621757,3.65017,1137841600
2007-07-02,3.62056,3.651666,3.568218,3.626841,994862400
2007-07-03,3.648975,3.810487,3.63402,3.803608,1162481600
2007-07-05,3.852362,3.977085,3.849071,3.970505,1453051600
2007-07-06,3.981868,3.988149,3.900215,3.957043,874694800
2007-07-09,3.959437,3.97499,3.863726,3.898122,995820000
2007-07-10,3.854752,4.022844,3.852658,3.958539,1255007600
2007-07-11,3.950166,3.998918,3.927434,3.959736,821772000
2007-07-12,4.003404,4.015069,3.959735,4.009984,704608800
2007-07-13,4.038698,4.123043,4.023444,4.119454,907606000
2007-07-16,4.139194,4.186751,4.112574,4.13052,936112800
2007-07-17,4.136503,4.175385,4.112575,4.154747,709959600
2007-07-18,4.133214,4.140692,4.068908,4.13112,756856800
2007-07-19,4.196322,4.211576,4.176881,4.187349,732891600
2007-07-20,4.236698,4.312369,4.187346,4.299508,1167773600
2007-07-23,4.286349,4.343477,4.215164,4.298014,1036490000
2007-07-24,4.15385,4.217259,4.012377,4.034511,1795292800
2007-07-25,4.108086,4.138295,4.037799,4.105394,1496182800
2007-07-26,4.364114,4.44158,4.096424,4.366807,2186629200
2007-07-27,4.37249,4.454144,4.300409,4.302502,1161098400
2007-07-30,4.316857,4.350356,4.174487,4.230119,1106988400
2007-07-31,4.276178,4.291433,3.933714,3.940892,1762392800
2007-08-01,3.997122,4.049164,3.821552,4.037799,1750156800
2007-08-02,4.087152,4.096424,4.012378,4.082366,852644800
2007-08-03,4.045576,4.066214,3.933116,3.943584,679187600
2007-08-06,3.974991,4.045876,3.837406,4.045278,925170400
2007-08-07,4.036004,4.104796,3.966913,4.038696,949936400
2007-08-08,4.090442,4.093432,3.948072,4.00819,808096800
2007-08-09,3.921451,3.97798,3.741395,3.780278,1125395600
2007-08-10,3.682474,3.820956,3.59813,3.738704,1410749200
2007-08-13,3.838004,3.868812,3.783569,3.822153,752911600
2007-08-14,3.837107,3.837406,3.70012,3.709692,739006800
2007-08-15,3.671108,3.734517,3.578687,3.586165,992852000
2007-08-16,3.499725,3.54429,3.338512,3.500921,1866690000
2007-08-17,3.649274,3.693839,3.583772,3.65077,1195062400
2007-08-20,3.707598,3.723749,3.60411,3.655555,803317200
2007-08-21,3.655255,3.857145,3.619065,3.81557,1303047200
2007-08-22,3.924741,3.970502,3.898121,3.963324,1061765600
2007-08-23,3.980673,3.988151,3.881074,3.920255,866838000
2007-08-24,3.904105,4.048867,3.882569,4.046773,911834000
2007-08-27,3.989647,4.027632,3.951063,3.955549,707439600
2007-08-28,3.917862,3.960334,3.787456,3.793139,1179365600
2007-08-29,3.884662,4.013273,3.874493,4.010282,1166860800
2007-08-30,3.96811,4.135006,3.957044,4.075187,1435582400
2007-08-31,4.172096,4.176881,4.109883,4.141887,876887200
2007-09-04,4.185552,4.358729,4.182562,4.31177,1316842800
2007-09-05,4.336001,4.362022,4.070702,4.090443,2328222400
2007-09-06,4.05455,4.114668,3.969307,4.038099,1901261600
2007-09-07,3.948369,3.957043,3.888251,3.94119,1430576000
2007-09-10,4.097321,4.128726,4.006396,4.088947,1487838800
2007-09-11,4.124538,4.136502,4.000413,4.052456,971885600
2007-09-12,4.06741,4.169402,4.060232,4.093132,1022770000
2007-09-13,4.152354,4.157439,4.087151,4.103601,656163200
2007-09-14,4.084758,4.15684,4.073692,4.151756,607320000
2007-09-17,4.157141,4.204996,4.115567,4.139793,793371600
2007-09-18,4.159233,4.27259,4.122444,4.214864,1064089600
2007-09-19,4.277676,4.281863,4.169403,4.21038,1026880400
2007-09-20,4.191835,4.240887,4.16701,4.19662,691840800
2007-09-21,4.221445,4.326428,4.19662,4.311473,1138880400
2007-09-24,4.38864,4.481958,4.386247,4.434999,1052161600
2007-09-25,4.391932,4.582755,4.391333,4.581558,1192550800
2007-09-26,4.620141,4.635992,4.523831,4.569293,975268000
2007-09-27,4.599205,4.621636,4.555836,4.621038,658198800
2007-09-28,4.589334,4.62403,4.568696,4.590231,615101200
2007-10-01,4.624926,4.708075,4.574079,4.676071,837068400
2007-10-02,4.682353,4.743369,4.662613,4.739182,792069600
2007-10-03,4.719142,4.761015,4.696111,4.723329,692518400
2007-10-04,4.725723,4.728116,4.59113,4.673082,656958400
2007-10-05,4.736788,4.832798,4.716749,4.82891,943471200
2007-10-08,4.889927,5.022128,4.874373,5.022128,835928800
2007-10-09,5.090619,5.117837,4.985338,5.020631,1104286400
2007-10-10,5.011359,5.021228,4.953035,4.988627,667590000
2007-10-11,5.069382,5.140866,4.582454,4.852239,1643992000
2007-10-12,4.875569,5.003283,4.839378,5.002386,988176000
2007-10-15,5.02422,5.071775,4.890224,4.994309,1077930000
2007-10-16,4.951241,5.090022,4.939576,5.072076,1067830400
2007-10-17,5.165095,5.175563,5.060112,5.166889,1127613200
2007-10-18,5.129501,5.209957,5.116042,5.189321,823676000
2007-10-19,5.211454,5.223119,5.084638,5.0972,1291780000
2007-10-22,5.095106,5.231195,5.083441,5.215044,1649499600
2007-10-23,5.639759,5.640955,5.466283,5.567975,1795164000
2007-10-24,5.557508,5.599381,5.361002,5.561097,1288481600
2007-10-25,5.529394,5.560201,5.433384,5.466883,973602000
2007-10-26,5.541956,5.544349,5.469875,5.52431,706876800
2007-10-29,5.54674,5.580838,5.524309,5.535973,540554000
2007-10-30,5.568575,5.663986,5.525206,5.593101,939414000
2007-10-31,5.611943,5.686419,5.531786,5.681334,833310800
2007-11-01,5.640957,5.685822,5.383734,5.606262,805036400
2007-11-02,5.659202,5.666081,5.488119,5.619123,1002114400
2007-11-05,5.541955,5.651723,5.51055,5.568574,804176800
2007-11-06,5.594594,5.742647,5.541355,5.736366,954727200
2007-11-07,5.701074,5.762987,5.567079,5.572163,994327600
2007-11-08,5.583232,5.590111,5.01794,5.248244,1890378000
2007-11-09,5.119033,5.237774,4.941369,4.946155,1526380800
2007-11-12,4.943465,5.015846,4.505289,4.598906,1769065200
2007-11-13,4.810963,5.113948,4.598904,5.08344,1739446800
2007-11-14,5.298789,5.311052,4.897402,4.968287,1449168000
2007-11-15,4.976663,5.072374,4.794513,4.914151,1487410400
2007-11-16,4.944061,4.995506,4.765501,4.976663,1383494000
2007-11-19,4.967991,5.030801,4.848352,4.903685,1154428800
2007-11-20,4.955129,5.138176,4.891122,5.050241,1543642800
2007-11-21,4.960213,5.154925,4.925219,5.038577,1217809600
2007-11-23,5.144458,5.145953,5.077161,5.1307,465757600
2007-11-26,5.19201,5.302077,5.154922,5.160605,1305754800
2007-11-27,5.240766,5.257814,5.084937,5.228503,1317030400
2007-11-28,5.28862,5.401678,5.244652,5.390313,1150912000
2007-11-29,5.366685,5.538367,5.358311,5.512047,1050926800
2007-11-30,5.603269,5.614036,5.374759,5.450131,1187802000
2007-12-03,5.439364,5.507558,5.31494,5.349635,961469600
2007-12-04,5.29849,5.410651,5.293704,5.37805,773799600
2007-12-05,5.470173,5.563192,5.455816,5.548237,892402000
2007-12-06,5.568874,5.685821,5.56678,5.681334,899810800
2007-12-07,5.698982,5.83208,5.624207,5.811442,1066066400
2007-12-10,5.790207,5.852119,5.763288,5.80875,722377600
2007-12-11,5.824901,5.887113,5.604766,5.639162,1110925200
2007-12-12,5.785719,5.816825,5.556013,5.708553,1225660800
2007-12-13,5.688511,5.746237,5.617626,5.737563,864617600
2007-12-14,5.693898,5.778542,5.669073,5.694496,674312800
2007-12-17,5.704366,5.762091,5.472865,5.515337,1024693600
2007-12-18,5.578745,5.602971,5.34186,5.472864,1222603200
2007-12-19,5.472864,5.522515,5.410652,5.477052,827478400
2007-12-20,5.546144,5.617926,5.483334,5.599382,774057200
2007-12-21,5.68642,5.799777,5.679541,5.799777,993960800
2007-12-24,5.833275,5.961887,5.826097,5.946034,480202800
2007-12-26,5.952316,6.01064,5.886814,5.950521,703732400
2007-12-27,5.950523,6.07046,5.916127,5.939157,795527600
2007-12-28,5.999573,6.028585,5.888608,5.976841,699647200
2007-12-31,5.966971,5.996881,5.91463,5.9245,539333200
2008-01-02,5.960091,5.989701,5.759098,5.82759,1079178800
2008-01-03,5.844642,5.903863,5.763288,5.830285,842066400
2008-01-04,5.7262,5.772559,5.350535,5.38523,1455832000
2008-01-07,5.42112,5.491408,5.091516,5.313146,2072193200
2008-01-08,5.387922,5.457313,5.108566,5.122025,1523816000
2008-01-09,5.12352,5.368779,5.033791,5.365788,1813882000
2008-01-10,5.311352,5.413643,5.246448,5.324512,1482975200
2008-01-11,5.264095,5.319428,5.084638,5.165094,1232285600
2008-01-14,5.309558,5.366386,5.23927,5.347244,1100450400
2008-01-15,5.315539,5.360403,4.924919,5.055924,2343278000
2008-01-16,4.941967,5.055026,4.686839,4.774773,2213845200
2008-01-17,4.830705,4.945857,4.738284,4.81216,1757859600
2008-01-18,4.836686,4.957522,4.773876,4.826218,1724343600
2008-01-22,4.42842,4.784942,4.366806,4.655134,2434754000
2008-01-23,4.073393,4.187348,3.772801,4.159533,3372969600
2008-01-24,4.187049,4.208285,3.94837,4.055745,2005866800
2008-01-25,4.157139,4.16013,3.876587,3.88855,1554739200
2008-01-28,3.833218,3.983962,3.782071,3.88855,1474844000
2008-01-29,3.922648,3.971699,3.859838,3.934312,1099982800
2008-01-30,3.929228,4.05126,3.888252,3.953455,1243051600
2008-01-31,3.871801,4.08715,3.870306,4.048567,1345674400
2008-02-01,4.07489,4.085358,3.953456,4.000415,1010744000
2008-02-04,4.014171,4.064718,3.930723,3.937603,899234000
2008-02-05,3.901113,4.007891,3.855351,3.86911,1141042000
2008-02-06,3.913077,3.945679,3.642096,3.648975,1573272400
2008-02-07,3.588258,3.732124,3.507502,3.626243,2083331600
2008-02-08,3.651369,3.759642,3.637012,3.753062,1355972800
2008-02-11,3.828732,3.887654,3.804505,3.871802,1201432400
2008-02-12,3.909189,3.918162,3.697429,3.734517,1225980000
2008-02-13,3.788953,3.881673,3.757548,3.870307,968534000
2008-02-14,3.870307,3.91218,3.798822,3.812282,954097200
2008-02-15,3.77669,3.800916,3.710589,3.727638,901300400
2008-02-19,3.768313,3.791044,3.632224,3.654357,1005046000
2008-02-20,3.654959,3.726741,3.639405,3.703412,967439200
2008-02-21,3.77011,3.782672,3.614879,3.635216,938114800
2008-02-22,3.663333,3.66423,3.465629,3.573005,1529878000
2008-02-25,3.546984,3.594242,3.489259,3.581381,1256774400
2008-02-26,3.518569,3.621758,3.452768,3.563732,1504888000
2008-02-27,3.536215,3.68038,3.532028,3.677688,1475138000
2008-02-28,3.804506,3.954054,3.761735,3.885561,1618254400
2008-02-29,3.867015,3.894532,3.732721,3.739301,1255480800
2008-03-03,3.721955,3.768016,3.529337,3.640899,1593043200
2008-03-04,3.648676,3.735115,3.60112,3.727338,1785383600
2008-03-05,3.696231,3.742891,3.656452,3.723449,1221836000
2008-03-06,3.72704,3.813479,3.613384,3.616973,1473698800
2008-03-07,3.601417,3.678285,3.560741,3.656451,1230462800
2008-03-10,3.648377,3.692643,3.570312,3.579884,999588800
2008-03-11,3.711785,3.81288,3.648975,3.808991,1163943200
2008-03-12,3.799719,3.84877,3.743787,3.76951,1059629200
2008-03-13,3.711785,3.873296,3.678884,3.826638,1262102800
2008-03-14,3.884661,3.897224,3.714775,3.786858,1156640800
2008-03-17,3.665426,3.84608,3.665426,3.790448,1072598800
2008-03-18,3.863726,3.977981,3.848472,3.972597,1205120000
2008-03-19,3.981568,4.016562,3.87838,3.87838,1010536800
2008-03-20,3.921749,3.986653,3.863724,3.986055,908787600
2008-03-24,4.008188,4.212771,3.997122,4.17329,1066920400
2008-03-25,4.18615,4.280067,4.107489,4.216659,1052391200
2008-03-26,4.213368,4.359028,4.206489,4.33869,1182084400
2008-03-27,4.335399,4.346166,4.187047,4.194824,999829600
2008-03-28,4.241184,4.326426,4.235202,4.277375,714610400
2008-03-31,4.285153,4.358133,4.262721,4.292032,768065200
2008-04-01,4.375779,4.476276,4.295323,4.472387,1032567200
2008-04-02,4.449954,4.522336,4.36232,4.411371,1044968400
2008-04-03,4.398511,4.595018,4.396717,4.5346,1051568000
2008-04-04,4.551946,4.627318,4.508876,4.578566,854417200
2008-04-07,4.669791,4.776269,4.639283,4.662613,1158326400
2008-04-08,4.592625,4.679363,4.555836,4.571389,1014294400
2008-04-09,4.585446,4.602793,4.500203,4.529514,873398400
2008-04-10,4.520243,4.648555,4.50439,4.622534,955763200
2008-04-11,4.567799,4.585146,4.378769,4.400903,1210076000
2008-04-14,4.389838,4.464014,4.32314,4.420046,845087600
2008-04-15,4.468498,4.47807,4.358431,4.437991,698037200
2008-04-16,4.53789,4.609075,4.50499,4.597112,795774000
2008-04-17,4.611168,4.665903,4.586642,4.620739,704267200
2008-04-18,4.75922,4.853136,4.737087,4.816647,1026765600
2008-04-21,4.851641,5.039773,4.838182,5.029603,1039152800
2008-04-22,5.006872,5.024818,4.728413,4.791523,1439572400
2008-04-23,4.906674,4.930302,4.817842,4.871978,1504190800
2008-04-24,4.945259,5.08404,4.761315,5.052933,1696066400
2008-04-25,5.105574,5.117537,4.97756,5.076562,992474000
2008-04-28,5.077161,5.1968,5.058617,5.151637,787214400
2008-04-29,5.117835,5.253923,5.092112,5.235679,923476400
2008-04-30,5.269778,5.383733,5.171973,5.20278,1139524400
2008-05-01,5.232989,5.383734,5.229998,5.383734,903576800
2008-05-02,5.389417,5.441161,5.340366,5.411849,1006082000
2008-05-05,5.441161,5.542555,5.415139,5.525207,854557200
2008-05-06,5.523113,5.59669,5.448937,5.582932,918870400
2008-05-07,5.564688,5.628994,5.399886,5.4612,1157133600
2008-05-08,5.496493,5.578146,5.475556,5.535077,899085600
2008-05-09,5.47825,5.510851,5.424711,5.486923,673072400
2008-05-12,5.539563,5.649032,5.468976,5.627796,818563200
2008-05-13,5.641254,5.726198,5.618823,5.681633,823236400
2008-05-14,5.719618,5.749826,5.550329,5.570967,916823600
2008-05-15,5.587417,5.679838,5.509353,5.674753,873208000
2008-05-16,5.686119,5.691802,5.5931,5.611644,765769200
2008-05-19,5.618824,5.643649,5.422617,5.491409,945820400
2008-05-20,5.438169,5.567977,5.387323,5.560201,969850000
2008-05-21,5.553321,5.621515,5.271572,5.329597,1157657200
2008-05-22,5.3616,5.423513,5.144456,5.2955,1206735600
2008-05-23,5.406763,5.443253,5.317932,5.418727,906917200
2008-05-27,5.465986,5.576053,5.438768,5.576053,789905200
2008-05-28,5.605362,5.621513,5.494996,5.593399,743979600
2008-05-29,5.585924,5.628994,5.548237,5.58383,647186400
2008-05-30,5.606562,5.669073,5.604468,5.645444,610184400
2008-06-02,5.640956,5.672361,5.519223,5.566182,679840000
2008-06-03,5.588914,5.628993,5.453723,5.544349,750520400
2008-06-04,5.503972,5.595795,5.480344,5.538966,726983600
2008-06-05,5.57336,5.678043,5.554217,5.66578,755445600
2008-06-06,5.62301,5.681334,5.549731,5.552423,966422800
2008-06-09,5.527,5.531486,5.256617,5.431887,1888392800
2008-06-10,5.398987,5.58652,5.354421,5.552423,1140941200
2008-06-11,5.513541,5.563191,5.371471,5.40796,961550800
2008-06-12,5.4283,5.4615,5.12053,5.182144,1308333600
2008-06-13,5.133688,5.20906,4.944361,5.155522,1345957200
2008-06-16,5.123518,5.320922,5.05682,5.289217,1051730400
2008-06-17,5.326903,5.443252,5.306266,5.426503,899656800
2008-06-18,5.417233,5.449536,5.304475,5.346348,811468000
2008-06-19,5.340365,5.453722,5.288023,5.410652,791949200
2008-06-20,5.364291,5.413643,5.234185,5.24226,888367200
2008-06-23,5.226408,5.260506,5.131296,5.179152,645780800
2008-06-24,5.155522,5.257514,5.133389,5.181843,621947200
2008-06-25,5.222522,5.348741,5.200688,5.305671,644450800
2008-06-26,5.20637,5.229401,5.025118,5.032595,869610000
2008-06-27,4.980253,5.101686,4.909667,5.08733,1042249600
2008-06-30,5.090319,5.144456,4.983542,5.008068,684196800
2008-07-01,4.912059,5.225811,4.90518,5.224615,1111280800
2008-07-02,5.240168,5.307464,5.030202,5.030202,837519200
2008-07-03,5.072376,5.149543,4.957522,5.088227,523362000
2008-07-07,5.179152,5.297892,5.141465,5.23897,820391600
2008-07-08,5.24615,5.374762,5.166591,5.370275,888350400
2008-07-09,5.389716,5.410952,5.208465,5.211754,895776000
2008-07-10,5.231793,5.304174,5.125614,5.282938,840688800
2008-07-11,5.248245,5.297296,5.114548,5.161805,930011600
2008-07-14,5.361003,5.362797,5.176759,5.200687,886054400
2008-07-15,5.158814,5.1965,4.976664,5.07387,1040043200
2008-07-16,5.090618,5.172272,5.042764,5.168683,747790400
2008-07-17,5.207266,5.233587,5.126211,5.138773,757526000
2008-07-18,5.04037,5.074168,4.935088,4.939574,868414400
2008-07-21,4.991918,5.009864,4.819041,4.973674,1360469600
2008-07-22,4.456536,4.868092,4.382658,4.845959,1879592400
2008-07-23,4.93479,5.035884,4.8322,4.972775,1061768400
2008-07-24,4.91475,4.942865,4.739181,4.756528,839619200
2008-07-25,4.797503,4.875269,4.745161,4.848948,633637200
2008-07-28,4.855529,4.859417,4.606681,4.618047,780712800
2008-07-29,4.648255,4.76909,4.595614,4.698204,684070800
2008-07-30,4.719142,4.800197,4.668296,4.781952,725183200
2008-07-31,4.711964,4.851343,4.695215,4.754137,637498400
2008-08-01,4.78255,4.785243,4.658426,4.685643,544639200
2008-08-04,4.683848,4.722731,4.573481,4.583053,592527600
2008-08-05,4.648555,4.809468,4.630609,4.804683,688371600
2008-08-06,4.784642,5.00687,4.72572,4.910861,791408800
2008-08-07,4.866595,4.969485,4.830405,4.892318,672372400
2008-08-08,4.900992,5.074169,4.897702,5.071177,713997200
2008-08-11,5.086731,5.27905,5.074767,5.191115,891304400
2008-08-12,5.18992,5.362498,5.18962,5.28593,836278800
2008-08-13,5.323316,5.383733,5.261104,5.362796,842346400
2008-08-14,5.333787,5.397195,5.319131,5.363397,711300800
2008-08-15,5.35502,5.376256,5.235681,5.256319,708251600
2008-08-18,5.251234,5.318231,5.198892,5.24585,552014400
2008-08-19,5.220426,5.296098,5.138773,5.190218,616204400
2008-08-20,5.227307,5.292211,5.192611,5.25931,506951200
2008-08-21,5.218334,5.247645,5.141168,5.212951,539744800
2008-08-22,5.25871,5.308958,5.251232,5.287723,439611200
2008-08-25,5.268582,5.270976,5.134288,5.160908,484425200
2008-08-26,5.167188,5.230597,5.162702,5.193509,445550000
2008-08-27,5.183638,5.256917,5.150139,5.224315,477780800
2008-08-28,5.24256,5.271572,5.166888,5.196499,431384800
2008-08-29,5.173171,5.189322,5.055925,5.070581,599289600
2008-09-02,5.156421,5.189322,4.93509,4.970682,780763200
2008-09-03,4.990121,5.045155,4.905178,4.993711,734834800
2008-09-04,4.960811,5.022126,4.809767,4.82203,743386000
2008-09-05,4.743368,4.857323,4.715252,4.790924,786884000
2008-09-08,4.922228,4.931799,4.530113,4.723329,1045979200
2008-09-09,4.691624,4.784344,4.480163,4.536692,1245025600
2008-09-10,4.555836,4.635695,4.450555,4.5346,973142800
2008-09-11,4.43201,4.575876,4.366807,4.565706,971135200
2008-09-12,4.513664,4.513664,4.381762,4.454741,793027200
2008-09-15,4.248065,4.417353,4.198115,4.198115,920634400
2008-09-16,4.003704,4.262124,3.952559,4.18376,1199836400
2008-09-17,4.142185,4.142784,3.823349,3.823349,1200455200
2008-09-18,3.9053,4.050661,3.609494,4.010582,1676253600
2008-09-19,4.265113,4.312968,4.076981,4.214565,1430875600
2008-09-22,4.185554,4.194826,3.907993,3.919657,856713200
2008-09-23,3.943586,4.061728,3.788354,3.793738,1280364400
2008-09-24,3.806599,3.916666,3.743191,3.849669,1047015200
2008-09-25,3.88227,4.03152,3.843986,3.945978,1006045600
2008-09-26,3.736012,3.88227,3.678885,3.835612,1126451200
2008-09-29,3.577791,3.579585,3.00861,3.148288,2622057200
2008-09-30,3.237717,3.439607,3.179394,3.399529,1626682400
2008-10-01,3.347487,3.360647,3.211996,3.26374,1296484000
2008-10-02,3.230539,3.253868,2.990963,2.993954,1609364400
2008-10-03,3.110601,3.185375,2.830946,2.903327,2294398400
2008-10-06,2.75049,2.954473,2.61829,2.935331,2107417200
2008-10-07,3.005319,3.035828,2.660462,2.666743,1878772000
2008-10-08,2.569536,2.881195,2.562657,2.685586,2207741200
2008-10-09,2.792065,2.865343,2.590174,2.654181,1617383600
2008-10-10,2.563255,2.990963,2.542318,2.895252,2219299600
2008-10-13,3.127052,3.305911,3.02147,3.297835,1539076000
2008-10-14,3.477293,3.481481,3.084879,3.112994,1980994400
2008-10-15,3.105815,3.20033,2.927853,2.929647,1584175600
2008-10-16,2.984084,3.093553,2.74391,3.047493,1980521200
2008-10-17,2.978999,3.051979,2.568938,2.913197,1762227600
2008-10-20,2.984382,2.99186,2.800738,2.944304,1549170000
2008-10-21,2.899739,2.928153,2.726562,2.736432,2193660000
2008-10-22,2.912301,3.02835,2.779502,2.897346,2248808800
2008-10-23,2.886579,2.968531,2.748696,2.938023,1675430400
2008-10-24,2.701736,2.928153,2.695156,2.88269,1590058400
2008-10-27,2.843508,2.920077,2.747499,2.754378,1208771200
2008-10-28,2.854276,3.005918,2.762753,2.988271,1634133200
2008-10-29,3.016686,3.276301,2.989169,3.127052,1950978400
2008-10-30,3.23712,3.355562,3.218576,3.321166,1638089600
2008-10-31,3.212294,3.313389,3.144699,3.217977,1659756000
2008-11-03,3.168327,3.263141,3.136324,3.199134,1057938000
2008-11-04,3.28976,3.343597,3.19046,3.31967,1398681200
2008-11-05,3.257457,3.281683,3.080392,3.089664,1256455200
2008-11-06,3.022369,3.074112,2.931145,2.964045,1319074400
2008-11-07,2.968232,2.986476,2.862949,2.938321,1095253600
2008-11-10,2.996047,3.002926,2.826459,2.867735,1123822000
2008-11-11,2.835732,2.906319,2.759463,2.834536,1224538000
2008-11-12,2.764546,2.788773,2.692165,2.695455,1178976400
2008-11-13,2.687978,2.884485,2.572826,2.884485,1854087200
2008-11-14,2.804327,2.811206,2.691867,2.699045,1405266800
2008-11-17,2.646404,2.708317,2.609915,2.636235,1162526400
2008-11-18,2.681098,2.721476,2.59795,2.689173,1209695200
2008-11-19,2.675119,2.739125,2.57851,2.580903,1171900800
2008-11-20,2.549498,2.585688,2.392771,2.407427,1716814400
2008-11-21,2.450495,2.515997,2.367048,2.469937,1569271200
2008-11-24,2.548599,2.835134,2.537533,2.7801,1442257600
2008-11-25,2.830348,2.83274,2.636832,2.715794,1235292800
2008-11-26,2.689475,2.848893,2.687381,2.841416,899836000
2008-11-28,2.832442,2.834237,2.747499,2.771726,297774400
2008-12-01,2.73075,2.759762,2.659565,2.659864,923767600
2008-12-02,2.692764,2.771128,2.587184,2.765744,1148722400
2008-12-03,2.673921,2.878204,2.655975,2.868333,1338680000
2008-12-04,2.824367,2.847697,2.663752,2.73404,1091370000
2008-12-05,2.702335,2.826161,2.657769,2.811505,1043795200
2008-12-08,2.909609,3.01489,2.865342,2.982588,1185142000
2008-12-09,2.932341,3.098638,2.907516,2.992758,1203496000
2008-12-10,2.927255,2.975708,2.886279,2.937424,938047600
2008-12-11,2.911704,3.028052,2.836331,2.841416,1040617200
2008-12-12,2.775614,2.961053,2.767538,2.939219,1041174400
2008-12-15,2.871026,2.877606,2.781597,2.833939,891758000
2008-12-16,2.810908,2.885681,2.774118,2.854276,1093506400
2008-12-17,2.722673,2.724767,2.632645,2.666743,1293860400
2008-12-18,2.671228,2.716691,2.645207,2.674818,857416000
2008-12-19,2.690073,2.719982,2.655976,2.691867,801920000
2008-12-22,2.692465,2.692764,2.533047,2.564452,844740400
2008-12-23,2.598249,2.628158,2.569236,2.583593,635031600
2008-12-24,2.576415,2.579705,2.528859,2.543514,271334000
2008-12-26,2.591371,2.614701,2.549498,2.566546,308324800
2008-12-29,2.587781,2.620682,2.544412,2.590473,686000000
2008-12-30,2.614701,2.633544,2.533944,2.580903,967601600
2008-12-31,2.571331,2.62427,2.552488,2.552787,607541200
2009-01-02,2.568639,2.722973,2.547104,2.714298,746015200
2009-01-05,2.78668,2.876707,2.772921,2.828852,1181608400
2009-01-06,2.86983,2.90632,2.763352,2.782195,1289310400
2009-01-07,2.746004,2.766641,2.699643,2.722076,753048800
2009-01-08,2.704729,2.786083,2.693064,2.772624,673500800
2009-01-09,2.787877,2.792962,2.696055,2.709214,546845600
2009-01-12,2.705625,2.721478,2.618589,2.651789,617716400
2009-01-13,2.639226,2.68409,2.582697,2.623373,798397600
2009-01-14,2.579406,2.609614,2.533943,2.552188,1021664000
2009-01-15,2.409819,2.515998,2.394266,2.493865,1831634000
2009-01-16,2.521382,2.523774,2.404735,2.46246,1047625600
2009-01-20,2.450496,2.45259,2.338934,2.338934,919914800
2009-01-21,2.374526,2.478911,2.372133,2.477415,1089270000
2009-01-22,2.633244,2.691867,2.566845,2.642815,1409528400
2009-01-23,2.596754,2.687979,2.587183,2.642815,763770000
2009-01-26,2.65777,2.72088,2.64102,2.6811,692238400
2009-01-27,2.697548,2.738226,2.684089,2.7137,618038400
2009-01-28,2.755275,2.841414,2.736731,2.817487,861406000
2009-01-29,2.784287,2.821675,2.769632,2.781596,592729200
2009-01-30,2.769632,2.800139,2.692166,2.695755,651478800
2009-02-02,2.664948,2.751686,2.658966,2.73703,558247200
2009-02-03,2.749292,2.79296,2.700241,2.780996,599309200
2009-02-04,2.788176,2.878802,2.784587,2.798045,808421600
2009-02-05,2.774716,2.908711,2.77023,2.885083,749246400
2009-02-06,2.901832,2.990963,2.901234,2.982588,687209600
2009-02-09,2.990963,3.080692,2.976008,3.066036,715010800
2009-02-10,3.030743,3.066036,2.903029,2.926059,849060800
2009-02-11,2.882392,2.940416,2.864445,2.89585,674973600
2009-02-12,2.86624,2.983486,2.86624,2.96913,817188400
2009-02-13,2.960755,2.98917,2.934734,2.96584,608977600
2009-02-17,2.897346,2.902431,2.819881,2.827358,678238400
2009-02-18,2.84291,2.866837,2.773221,2.822571,684779200
2009-02-19,2.792661,2.818982,2.695156,2.711008,922804400
2009-02-20,2.673921,2.76365,2.661956,2.727758,750316000
2009-02-23,2.741216,2.751685,2.587481,2.600641,786982000
2009-02-24,2.615597,2.718486,2.602138,2.699343,807105600
2009-02-25,2.68768,2.779203,2.669435,2.726562,833053200
2009-02-26,2.751686,2.779203,2.660761,2.66764,629868400
2009-02-27,2.629954,2.730749,2.622177,2.671229,706658400
2009-03-02,2.635637,2.727759,2.622177,2.630253,770929600
2009-03-03,2.659863,2.714,2.628458,2.643114,724340400
2009-03-04,2.69725,2.774716,2.675416,2.72686,741403600
2009-03-05,2.705625,2.747797,2.645507,2.657171,706899200
2009-03-06,2.642217,2.644012,2.46246,2.551292,1011147200
2009-03-09,2.517793,2.620084,2.469639,2.48579,698297600
2009-03-10,2.538429,2.667041,2.523175,2.65089,844258800
2009-03-11,2.686184,2.813599,2.679305,2.772025,846372800
2009-03-12,2.778605,2.888673,2.751686,2.881793,768457200
2009-03-13,2.880299,2.907218,2.841715,2.869231,601168400
2009-03-16,2.887177,2.912899,2.816889,2.853977,797244000
2009-03-17,2.848594,2.981692,2.843509,2.980795,786646000
2009-03-18,2.988271,3.095048,2.982589,3.036425,796037200
2009-03-19,3.046296,3.086673,2.99844,3.039417,500180800
2009-03-20,3.053474,3.083982,3.008012,3.038519,695587200
2009-03-23,3.072017,3.235025,3.043305,3.22007,666397200
2009-03-24,3.181188,3.27331,3.152177,3.185376,640612000
2009-03-25,3.217678,3.241007,3.106414,3.185076,646618000
2009-03-26,3.225155,3.289461,3.217678,3.286171,616252000
2009-03-27,3.237119,3.246092,3.182385,3.195844,492872800
2009-03-30,3.125856,3.14081,3.069028,3.125258,502796000
2009-03-31,3.153971,3.21379,3.140512,3.144101,570080000
2009-04-01,3.113293,3.260149,3.107311,3.250878,589372000
2009-04-02,3.294247,3.432131,3.28348,3.371115,812366800
2009-04-03,3.41538,3.473405,3.395341,3.469218,636241200
2009-04-06,3.437812,3.551768,3.388162,3.542795,658064400
2009-04-07,3.48537,3.489557,3.415381,3.439608,536580800
2009-04-08,3.452469,3.493146,3.427046,3.479089,455630000
2009-04-09,3.541899,3.589156,3.52814,3.576295,530756800
2009-04-13,3.589454,3.618467,3.559246,3.595735,389236400
2009-04-14,3.576295,3.594242,3.506905,3.538609,454622000
2009-04-15,3.505408,3.536813,3.462339,3.518569,412882400
2009-04-16,3.564929,3.68337,3.552965,3.632524,593446000
2009-04-17,3.62445,3.716272,3.596634,3.691447,497495600
2009-04-20,3.640897,3.678583,3.564029,3.604108,466466000
2009-04-21,3.555956,3.653163,3.547282,3.641796,470685600
2009-04-22,3.667818,3.749172,3.625046,3.634319,938767200
2009-04-23,3.787158,3.804506,3.694139,3.750668,945156800
2009-04-24,3.727938,3.742892,3.677989,3.705804,540764000
2009-04-27,3.675895,3.738705,3.668716,3.730629,480690000
2009-04-28,3.689354,3.774896,3.686662,3.705804,455856800
2009-04-29,3.734218,3.794037,3.70371,3.742892,458110800
2009-04-30,3.775192,3.798521,3.73631,3.763527,498489600
2009-05-01,3.762631,3.826937,3.762631,3.805701,397516000
2009-05-04,3.835611,3.955549,3.818862,3.950166,609358400
2009-05-05,3.940595,3.973795,3.921752,3.969308,398255200
2009-05-06,3.987852,3.992937,3.894833,3.963027,473538800
2009-05-07,3.957942,3.959737,3.825442,3.860138,531776000
2009-05-08,3.859538,3.92504,3.776389,3.864025,467964000
2009-05-11,3.809591,3.916966,3.802113,3.875392,404658800
2009-05-12,3.87509,3.879577,3.686361,3.721355,609481600
2009-05-13,3.685166,3.709393,3.570612,3.573902,595971600
2009-05-14,3.582574,3.694736,3.580182,3.677388,447826400
2009-05-15,3.658547,3.727339,3.637311,3.661538,367567200
2009-05-18,3.700719,3.78955,3.636114,3.788054,458841600
2009-05-19,3.793139,3.867614,3.760836,3.811982,372422400
2009-05-20,3.817365,3.864623,3.747676,3.764724,388584000
2009-05-21,3.74319,3.791942,3.675594,3.714177,407946000
2009-05-22,3.710289,3.714177,3.641497,3.663929,297998400
2009-05-26,3.731524,3.913076,3.725243,3.91158,636927200
2009-05-27,3.941492,4.037202,3.91547,3.979477,646422000
2009-05-28,3.991439,4.049465,3.948968,4.039894,487552800
2009-05-29,4.049464,4.064717,4.003403,4.062026,456534400
2009-06-01,4.081768,4.18705,4.067711,4.167908,452499600
2009-06-02,4.157141,4.227428,4.137998,4.172096,456223600
2009-06-03,4.187348,4.220547,4.159532,4.215762,565199600
2009-06-04,4.191237,4.312371,4.188545,4.29921,550634000
2009-06-05,4.34617,4.378771,4.28336,4.327028,632716000
2009-06-08,4.301605,4.313868,4.170302,4.302502,931652400
2009-06-09,4.301304,4.323736,4.203798,4.268703,676964400
2009-06-10,4.25554,4.257634,4.1365,4.194824,688623600
2009-06-11,4.173889,4.234007,4.143979,4.185852,524823600
2009-06-12,4.151756,4.160429,4.068906,4.096722,563085600
2009-06-15,4.068009,4.095526,4.03451,4.070402,539750400
2009-06-16,4.087449,4.141586,4.0707,4.078178,514805200
2009-06-17,4.087749,4.111079,4.023743,4.055148,571412800
2009-06-18,4.070999,4.127529,4.055447,4.06412,427680400
2009-06-19,4.129623,4.172394,4.094629,4.171796,721856800
2009-06-22,4.207388,4.234007,4.07758,4.108685,634914000
2009-06-23,4.079675,4.096124,3.974392,4.00819,706532400
2009-06-24,4.050362,4.112574,4.033613,4.074289,485525600
2009-06-25,4.060232,4.19333,4.044081,4.18316,589447600
2009-06-26,4.181067,4.293826,4.179571,4.260327,439384400
2009-06-29,4.290834,4.30549,4.233408,4.246269,567616000
2009-06-30,4.264516,4.301005,4.241187,4.260029,434224000
2009-07-01,4.292032,4.326727,4.26272,4.271992,414178800
2009-07-02,4.224737,4.271993,4.181068,4.187947,370479200
2009-07-06,4.148467,4.157142,4.075189,4.145776,498688400
2009-07-07,4.141884,4.177776,4.043182,4.049762,461596800
2009-07-08,4.065318,4.128726,4.020453,4.1042,575929200
2009-07-09,4.120351,4.12723,4.065616,4.078477,343025200
2009-07-10,4.07788,4.156542,4.077281,4.143083,445275600
2009-07-13,4.17359,4.257337,4.113472,4.257337,483501200
2009-07-14,4.248065,4.28246,4.222043,4.255242,347247600
2009-07-15,4.338093,4.396716,4.316558,4.393126,485587200
2009-07-16,4.359627,4.427223,4.353945,4.412268,393570800
2009-07-17,4.458927,4.546862,4.445468,4.538786,602154000
2009-07-20,4.584249,4.637189,4.513064,4.573481,735526400
2009-07-21,4.584846,4.589033,4.478965,4.531606,874781600
2009-07-22,4.719441,4.747556,4.669192,4.688035,874104000
2009-07-23,4.684746,4.738882,4.652743,4.720339,526962800
2009-07-24,4.694317,4.785542,4.680858,4.785243,438362400
2009-07-27,4.790626,4.811862,4.70359,4.788533,433311200
2009-07-28,4.752042,4.788532,4.713757,4.785541,363554800
2009-07-29,4.752641,4.799001,4.7332,4.786438,382158000
2009-07-30,4.836386,4.926713,4.830404,4.868988,469604800
2009-07-31,4.87497,4.935089,4.872577,4.886934,422536800
2009-08-03,4.941373,4.984144,4.931204,4.977863,394240000
2009-08-04,4.932995,4.952137,4.91146,4.951539,395810800
2009-08-05,4.957521,5.006572,4.91146,4.938379,423183600
2009-08-06,4.952436,4.980253,4.877962,4.902488,341616800
2009-08-07,4.949744,4.982944,4.929106,4.950342,387354800
2009-08-10,4.954829,4.982944,4.895009,4.926713,300294400
2009-08-11,4.895905,4.916543,4.841769,4.870183,355342400
2009-08-12,4.861809,4.986234,4.859118,4.944361,445071200
2009-08-13,4.98444,5.044858,4.979954,5.03738,439980800
2009-08-14,5.023021,5.031694,4.950939,4.988326,305816000
2009-08-17,4.89172,4.892917,4.768193,4.773278,524381200
2009-08-18,4.834293,4.912357,4.827713,4.905179,431152400
2009-08-19,4.867792,4.944061,4.858819,4.923124,413271600
2009-08-20,4.934492,4.986535,4.923426,4.97487,342031200
2009-08-21,5.014351,5.065796,4.988927,5.061308,416074400
2009-08-24,5.088227,5.105874,5.032894,5.056523,406929600
2009-08-25,5.068486,5.112752,5.058615,5.066691,324354800
2009-08-26,5.052335,5.071178,4.98773,5.007172,303998800
2009-08-27,5.047249,5.071774,4.930003,5.068186,449181600
2009-08-28,5.152531,5.159111,5.040669,5.086132,453700800
2009-08-31,5.029604,5.050242,4.979954,5.0311,311337600
2009-09-01,5.02452,5.084638,4.933295,4.944063,469028000
2009-09-02,4.923721,5.013151,4.908467,4.940471,364249200
2009-09-03,4.97816,4.9979,4.93509,4.98145,293955200
2009-09-04,5.003284,5.105575,4.997601,5.09391,374628800
2009-09-08,5.173768,5.178553,5.144456,5.172272,315047600
2009-09-09,5.167788,5.218335,5.075666,5.118737,811087200
2009-09-10,5.146251,5.181843,5.108864,5.161206,491134000
2009-09-11,5.171675,5.179751,5.110659,5.149242,348961200
2009-09-14,5.109461,5.201283,5.092114,5.1959,322011200
2009-09-15,5.205472,5.253626,5.192013,5.23897,426470800
2009-09-16,5.323615,5.465985,5.320325,5.439664,754023200
2009-09-17,5.442955,5.58682,5.442656,5.519822,810572000
2009-09-18,5.558107,5.579641,5.526103,5.53388,601582800
2009-09-21,5.512044,5.538065,5.432186,5.503969,437715600
2009-09-22,5.538963,5.544646,5.468974,5.517727,356753600
2009-09-23,5.545246,5.64993,5.534179,5.548237,593563600
2009-09-24,5.599082,5.614037,5.466583,5.497988,550880400
2009-09-25,5.443851,5.548235,5.426802,5.454618,445239200
2009-09-28,5.499484,5.58353,5.483333,5.567677,337444800
2009-09-29,5.585024,5.605063,5.512643,5.544646,345385600
2009-09-30,5.567078,5.576649,5.461797,5.543749,539585200
2009-10-01,5.54375,5.569771,5.404669,5.409456,524711600
2009-10-02,5.425906,5.561396,5.424112,5.53029,553308000
2009-10-05,5.569171,5.588911,5.511445,5.563787,423133200
2009-10-06,5.615233,5.683128,5.602074,5.683128,605085600
2009-10-07,5.675651,5.69928,5.653817,5.690307,465668000
2009-10-08,5.702572,5.7262,5.649631,5.660997,438211200
2009-10-09,5.652024,5.703766,5.641555,5.696887,293272000
2009-10-12,5.713339,5.727995,5.672064,5.707058,288024800
2009-10-13,5.701673,5.717824,5.673857,5.683429,348020400
2009-10-14,5.750128,5.752222,5.689711,5.721416,375510800
2009-10-15,5.671767,5.71035,5.668776,5.699583,373556400
2009-10-16,5.663389,5.693598,5.618225,5.624506,431426800
2009-10-19,5.618526,5.682831,5.549734,5.678644,942230800
2009-10-20,5.999872,6.034267,5.91762,5.944837,1141039200
2009-10-21,5.96757,6.24244,5.958896,6.129082,1193726800
2009-10-22,6.122501,6.216716,6.056999,6.137455,791392000
2009-10-23,6.152413,6.155403,6.078535,6.099771,420786800
2009-10-26,6.091695,6.183816,5.984917,6.056102,484338400
2009-10-27,6.031575,6.06597,5.875745,5.903263,756551600
2009-10-28,5.913431,5.922704,5.715729,5.754612,818386800
2009-10-29,5.832378,5.886515,5.746837,5.872756,570270400
2009-10-30,5.864084,5.886217,5.628097,5.637968,717525200
2009-11-02,5.676846,5.768967,5.550329,5.66219,678983200
2009-11-03,5.618526,5.668474,5.5608,5.645444,522541600
2009-11-04,5.704666,5.797983,5.689711,5.707058,487530400
2009-11-05,5.754615,5.83238,5.737267,5.803368,384801200
2009-11-06,5.757904,5.838062,5.754615,5.812639,295097600
2009-11-09,5.890402,6.038754,5.870065,6.025595,528855600
2009-11-10,6.012435,6.130876,6.012136,6.071058,401195200
2009-11-11,6.118313,6.131474,6.03666,6.079132,443870000
2009-11-12,6.075842,6.127586,6.024697,6.041447,363731200
2009-11-13,6.067767,6.12639,6.04384,6.115025,343240800
2009-11-16,6.145829,6.221202,6.131772,6.180226,485206400
2009-11-17,6.163776,6.204453,6.131474,6.191293,396513600
2009-11-18,6.177536,6.191294,6.101565,6.160188,374320800
2009-11-19,6.11981,6.11981,5.975944,5.99718,542326400
2009-11-20,5.956504,5.993592,5.914929,5.979534,406666400
2009-11-23,6.071655,6.161384,6.070159,6.157794,474896800
2009-11-24,6.141344,6.157795,6.068664,6.114725,318438400
2009-11-25,6.143439,6.150917,6.094387,6.107248,286454000
2009-11-27,5.958596,6.070458,5.933173,5.999573,295257200
2009-11-30,6.015127,6.032175,5.945139,5.979236,424858000
2009-12-01,6.048924,6.064776,5.887113,5.8913,465763200
2009-12-02,5.950821,6.024399,5.854812,5.869168,715260000
2009-12-03,5.904759,5.951418,5.870363,5.876644,448719600
2009-12-04,5.972953,5.978336,5.691204,5.78213,826884800
2009-12-07,5.782132,5.795591,5.643351,5.651426,714758800
2009-12-08,5.663687,5.753117,5.643947,5.678941,690398800
2009-12-09,5.721114,5.926892,5.692101,5.916124,684782000
2009-12-10,5.966971,5.972954,5.865877,5.875149,489669600
2009-12-11,5.915526,5.922106,5.785419,5.822507,429774800
2009-12-14,5.843444,5.905058,5.759398,5.891599,495790400
2009-12-15,5.857204,5.907452,5.780635,5.807553,419459600
2009-12-16,5.835367,5.877241,5.818917,5.833273,352984800
2009-12-17,5.810247,5.83238,5.712741,5.738463,388838800
2009-12-18,5.777644,5.847333,5.760595,5.84524,608770400
2009-12-21,5.863785,5.97445,5.852418,5.928987,611906400
2009-12-22,5.965179,6.007351,5.941849,5.992695,349515600
2009-12-23,6.017817,6.05311,6.006152,6.044735,345525600
2009-12-24,6.088107,6.261583,6.082125,6.252311,500889200
2009-12-28,6.332467,6.399165,6.269357,6.329176,644565600
2009-12-29,6.359685,6.362377,6.243037,6.254104,445205600
2009-12-30,6.246027,6.340841,6.230475,6.330073,412084400
2009-12-31,6.37464,6.38122,6.297772,6.302856,352410800
2010-01-04,6.383612,6.415615,6.352207,6.400959,493729600
2010-01-05,6.418608,6.448219,6.37823,6.412028,601904800
2010-01-06,6.412029,6.437453,6.303457,6.310038,552160000
2010-01-07,6.333363,6.340841,6.252607,6.298368,477131200
2010-01-08,6.289995,6.340842,6.252908,6.340243,447610800
2010-01-11,6.364769,6.370751,6.234662,6.284313,462229600
2010-01-12,6.256796,6.274144,6.173946,6.212829,594459600
2010-01-13,6.217316,6.308839,6.104556,6.300464,605892000
2010-01-14,6.284314,6.294782,6.251712,6.263975,432894000
2010-01-15,6.308839,6.328879,6.157496,6.159291,594067600
2010-01-19,6.231073,6.436253,6.198472,6.431766,730007600
2010-01-20,6.427879,6.447021,6.266068,6.332767,612152800
2010-01-21,6.343235,6.380023,6.197574,6.223296,608154400
2010-01-22,6.184713,6.206247,5.896982,5.914629,881767600
2010-01-25,6.057001,6.122502,5.98761,6.07375,1065699600
2010-01-26,6.159888,6.391987,6.059093,6.159589,1867110000
2010-01-27,6.186806,6.298369,5.967868,6.217614,1722568400
2010-01-28,6.12938,6.146428,5.943043,5.960689,1173502400
2010-01-29,6.014228,6.047727,5.690307,5.744443,1245952400
2010-02-01,5.753716,5.862288,5.721713,5.824303,749876400
2010-02-02,5.859596,5.871859,5.783924,5.8581,698342400
2010-02-03,5.837464,5.987909,5.815031,5.958897,615328000
2010-02-04,5.884122,5.933174,5.729788,5.744145,757652000
2010-02-05,5.761491,5.862287,5.708252,5.846135,850306800
2010-02-08,5.853016,5.918518,5.802469,5.806058,478270800
2010-02-09,5.87485,5.907152,5.824901,5.867971,632886800
2010-02-10,5.858997,5.880234,5.810245,5.835967,370361600
2010-02-11,5.828789,5.974449,5.804263,5.942146,550345600
2010-02-12,5.925398,6.030979,5.847334,5.993293,655468800
2010-02-16,6.03995,6.092292,6.027388,6.083619,543737600
2010-02-17,6.107247,6.110836,6.007648,6.058196,436396800
2010-02-18,6.030678,6.098274,6.009442,6.069561,422825200
2010-02-19,6.037558,6.077637,6.015126,6.031875,415469600
2010-02-22,6.051915,6.0567,5.957699,5.994488,390563600
2010-02-23,5.981924,6.021704,5.853612,5.89399,575094800
2010-02-24,5.928987,6.024997,5.917322,6.001667,460566400
2010-02-25,5.903563,6.067468,5.888908,6.041746,665126000
2010-02-26,6.05311,6.136558,6.041745,6.120108,507460800
2010-03-01,6.153907,6.266068,6.144934,6.250815,550093600
2010-03-02,6.278929,6.305848,6.213427,6.246627,566546400
2010-03-03,6.24932,6.277136,6.21941,6.260984,372052800
2010-03-04,6.259488,6.30854,6.240046,6.302258,366041200
2010-03-05,6.428776,6.571146,6.419503,6.548713,899620400
2010-03-08,6.580417,6.58281,6.527776,6.552601,429889600
2010-03-09,6.52957,6.729665,6.517008,6.670444,920259200
2010-03-10,6.694671,6.744022,6.675828,6.724879,596218000
2010-03-11,6.697066,6.744622,6.679419,6.744622,405700400
2010-03-12,6.800552,6.81132,6.752099,6.777523,416323600
2010-03-15,6.741031,6.744619,6.587594,6.69497,493502800
2010-03-16,6.705143,6.72907,6.655194,6.713218,446908000
2010-03-17,6.726676,6.773036,6.677924,6.703347,450956800
2010-03-18,6.702747,6.729666,6.658182,6.719198,342109600
2010-03-19,6.723386,6.736845,6.616908,6.647416,559445600
2010-03-22,6.594177,6.759578,6.584606,6.72219,456419600
2010-03-23,6.74881,6.842727,6.702749,6.830164,602431200
2010-03-24,6.808627,6.885196,6.804739,6.860371,597780400
2010-03-25,6.906733,6.908229,6.767054,6.779018,542284400
2010-03-26,6.84781,6.937539,6.835846,6.906134,640875200
2010-03-29,6.968946,6.994967,6.927671,6.9507,540744400
2010-03-30,7.076619,7.10294,7.006331,7.054186,527310000
2010-03-31,7.043421,7.076919,7.012613,7.028764,430659600
2010-04-01,7.100847,7.140327,6.961468,7.057777,603145200
2010-04-05,7.028166,7.133746,7.021884,7.133148,684507600
2010-04-06,7.124474,7.185489,7.088582,7.164553,447017200
2010-04-07,7.164852,7.235738,7.138232,7.196258,628502000
2010-04-08,7.191473,7.224373,7.119689,7.176817,572989200
2010-04-09,7.221081,7.23484,7.192068,7.231848,334182800
2010-04-12,7.244112,7.270133,7.232447,7.246804,333026400
2010-04-13,7.23394,7.262055,7.211507,7.250988,306210800
2010-04-14,7.336234,7.352086,7.300043,7.348496,404076400
2010-04-15,7.351188,7.448395,7.343113,7.445105,376784800
2010-04-16,7.434638,7.511506,7.314401,7.399644,750545600
2010-04-19,7.388576,7.414299,7.231251,7.389773,566924400
2010-04-20,7.43374,7.454975,7.266844,7.315597,738326400
2010-04-21,7.740612,7.783982,7.64879,7.753175,982391200
2010-04-22,7.723863,7.978394,7.662847,7.970019,793424800
2010-04-23,8.01548,8.140802,7.98587,8.100424,796955600
2010-04-26,8.131828,8.149175,8.021461,8.060643,479068800
2010-04-27,7.993947,8.010995,7.792058,7.83752,709343600
2010-04-28,7.87371,7.896141,7.669128,7.824359,758402400
2010-04-29,7.866832,8.075601,7.836623,8.034925,558840800
2010-04-30,8.054961,8.092647,7.806413,7.809105,542463600
2010-05-03,7.891358,8.012194,7.862644,7.966431,454342000
2010-05-04,7.862941,7.874905,7.679296,7.737021,723819600
2010-05-05,7.568037,7.720875,7.439425,7.656569,883103200
2010-05-06,7.591961,7.724162,5.959494,7.365247,1285860800
2010-05-07,7.289278,7.37482,6.735949,7.054487,1676018400
2010-05-10,7.484884,7.616486,7.433439,7.596745,984306400
2010-05-11,7.53244,7.773213,7.492362,7.672418,848906800
2010-05-12,7.753772,7.870121,7.737622,7.839015,654379600
2010-05-13,7.872815,7.926055,7.668832,7.727455,599712400
2010-05-14,7.631745,7.671226,7.462456,7.591666,759362800
2010-05-17,7.617981,7.662248,7.408913,7.603624,762834800
2010-05-18,7.686175,7.733133,7.485182,7.547993,782678400
2010-05-19,7.462453,7.564744,7.323374,7.427758,1025726800
2010-05-20,7.234541,7.293464,7.064954,7.111315,1282915200
2010-05-21,6.963561,7.312906,6.919594,7.247703,1223891200
2010-05-24,7.396052,7.504325,7.365544,7.380498,754238800
2010-05-25,7.15887,7.380501,7.093369,7.33444,1048006400
2010-05-26,7.479801,7.541116,7.290473,7.30124,850654000
2010-05-27,7.495353,7.593756,7.450788,7.577605,666282400
2010-05-28,7.75826,7.758558,7.577605,7.683186,815614800
2010-06-01,7.767232,7.954167,7.745398,7.801329,876472800
2010-06-02,7.912296,7.920073,7.786377,7.89465,688548000
2010-06-03,7.931432,7.942499,7.788763,7.869819,650106800
2010-06-04,7.722963,7.83333,7.615888,7.655667,758304400
2010-06-07,7.72536,7.751082,7.493859,7.505524,886942000
2010-06-08,7.574317,7.591067,7.347303,7.45737,1000770400
2010-06-09,7.521376,7.534238,7.252787,7.274023,854630000
2010-06-10,7.323074,7.506719,7.244112,7.492662,776356000
2010-06-11,7.42447,7.592861,7.398748,7.582393,545759200
2010-06-14,7.655669,7.75108,7.597345,7.605421,602960400
2010-06-15,7.646099,7.772019,7.641912,7.767233,585074000
2010-06-16,7.809401,8.0083,7.795344,7.993346,783678000
2010-06-17,8.093546,8.162339,8.060645,8.131532,872855200
2010-06-18,8.142897,8.225149,8.118072,8.197332,784621600
2010-06-21,8.305609,8.345089,8.037618,8.080688,776490400
2010-06-22,8.140206,8.254161,8.120466,8.190753,717262000
2010-06-23,8.212589,8.214982,8.012793,8.104615,768457200
2010-06-24,8.105511,8.171313,8.018773,8.045692,714277200
2010-06-25,8.077399,8.08368,7.950282,7.976902,549942400
2010-06-28,7.983777,8.068123,7.911695,8.024754,584948000
2010-06-29,7.899729,7.907805,7.606017,7.661948,1133344800
2010-06-30,7.678106,7.715793,7.477713,7.523175,739452000
2010-07-01,7.606018,7.620973,7.27462,7.431944,1022896000
2010-07-02,7.492063,7.505225,7.274022,7.385885,693842800
2010-07-06,7.507318,7.561155,7.362556,7.436433,615235600
2010-07-07,7.492064,7.739717,7.469932,7.736725,654556000
2010-07-08,7.85068,7.863242,7.623665,7.719376,738144400
2010-07-09,7.683483,7.773511,7.631739,7.765137,433322400
2010-07-12,7.732539,7.831839,7.622771,7.695451,562878400
2010-07-13,7.666438,7.66883,7.370631,7.531246,1190924000
2010-07-14,7.458862,7.65088,7.447495,7.559058,812047600
2010-07-15,7.424467,7.685877,7.396651,7.520776,824866000
2010-07-16,7.572521,7.626059,7.429852,7.474417,1039858400
2010-07-19,7.47382,7.47382,7.166349,7.345208,1024478000
2010-07-20,7.265048,7.564144,7.178609,7.533935,1074950800
2010-07-21,7.928744,7.930538,7.597047,7.604224,1185671200
2010-07-22,7.707113,7.776504,7.636227,7.747192,645318800
2010-07-23,7.689467,7.78787,7.66524,7.774709,533388800
2010-07-26,7.776505,7.779496,7.708013,7.754971,420551600
2010-07-27,7.802523,7.920067,7.785474,7.898533,584771600
2010-07-28,7.886275,7.955666,7.783985,7.80522,519985200
2010-07-29,7.797739,7.855763,7.659856,7.719974,643806800
2010-07-30,7.653579,7.767534,7.623968,7.694256,448210000
2010-08-02,7.789668,7.853973,7.765142,7.83184,428055600
2010-08-03,7.806713,7.874009,7.759157,7.834229,417653600
2010-08-04,7.861447,7.904517,7.785776,7.865635,420375200
2010-08-05,7.828248,7.871618,7.792955,7.827352,289097200
2010-08-06,7.769924,7.82107,7.705618,7.779196,444897600
2010-08-09,7.82077,7.840811,7.763644,7.828846,303128000
2010-08-10,7.772015,7.789962,7.703222,7.758855,451920000
2010-08-11,7.638923,7.647596,7.471728,7.483093,620054400
2010-08-12,7.378407,7.570128,7.361358,7.530946,534920400
2010-08-13,7.526757,7.533636,7.450188,7.450488,354869200
2010-08-16,7.405029,7.47771,7.376316,7.406824,318430000
2010-08-17,7.4798,7.61589,7.453479,7.53633,422640400
2010-08-18,7.547994,7.617084,7.524663,7.569229,339696000
2010-08-19,7.562353,7.581495,7.437929,7.473821,426706000
2010-08-20,7.459163,7.594653,7.447497,7.46664,384230000
2010-08-23,7.530947,7.537228,7.335338,7.351788,414041600
2010-08-24,7.258171,7.26804,7.137934,7.176218,602565600
2010-08-25,7.11969,7.297653,7.094566,7.264751,596867600
2010-08-26,7.341318,7.350291,7.186685,7.186685,466505200
2010-08-27,7.230654,7.256376,7.045513,7.226765,548391200
2010-08-30,7.201041,7.35029,7.198648,7.253084,383289200
2010-08-31,7.233646,7.314702,7.188782,7.271033,420786800
2010-09-01,7.401736,7.521075,7.366144,7.487278,697037600
2010-09-02,7.515095,7.542313,7.434638,7.542313,415427600
2010-09-03,7.629649,7.740015,7.612002,7.739717,520788800
2010-09-07,7.676007,7.762446,7.664343,7.711002,342557600
2010-09-08,7.769924,7.907808,7.749585,7.863841,526551200
2010-09-09,7.927246,7.971512,7.863838,7.868324,438575200
2010-09-10,7.871914,7.911096,7.818376,7.878494,387542400
2010-09-13,7.950576,8.024154,7.948782,7.987066,388780000
2010-09-14,7.962244,8.050776,7.941607,8.017577,408150400
2010-09-15,8.020866,8.086966,8.010995,8.08218,429368800
2010-09-16,8.082777,8.275095,8.060644,8.272104,652103200
2010-09-17,8.305609,8.313685,8.185672,8.236219,634477200
2010-09-20,8.257451,8.487756,8.250572,8.471306,658677600
2010-09-21,8.490147,8.594531,8.458143,8.487454,668074400
2010-09-22,8.455753,8.613377,8.44678,8.606498,585289600
2010-09-23,8.564025,8.756344,8.554155,8.641491,786116800
2010-09-24,8.736607,8.779377,8.690247,8.743186,649488000
2010-09-27,8.792834,8.815266,8.704002,8.708488,482834800
2010-09-28,8.726733,8.726733,8.225149,8.579877,1035042400
2010-09-29,8.590942,8.668109,8.554153,8.595129,469644000
2010-09-30,8.643883,8.673792,8.412083,8.486857,673391600
2010-10-01,8.558639,8.5715,8.415073,8.450068,448142800
2010-10-04,8.422551,8.461433,8.307996,8.334019,435302000
2010-10-05,8.434519,8.657345,8.429134,8.642092,501967200
2010-10-06,8.661528,8.733311,8.532019,8.649564,670868800
2010-10-07,8.683963,8.68815,8.581373,8.650464,408399600
2010-10-08,8.72494,8.808388,8.673795,8.795527,658403200
2010-10-11,8.815564,8.890337,8.811376,8.834106,427753200
2010-10-12,8.835606,8.957937,8.748269,8.929223,558544000
2010-10-13,8.978872,9.031513,8.966908,8.977077,630092400
2010-10-14,9.023435,9.046765,8.984851,9.04198,435296400
2010-10-15,9.19542,9.421537,9.119748,9.41376,922194000
2010-10-18,9.525318,9.54117,9.400296,9.511261,1093010800
2010-10-19,9.074583,9.384745,8.973488,9.256732,1232784000
2010-10-20,9.242075,9.399101,9.178368,9.287837,721624400
2010-10-21,9.34257,9.413755,9.176273,9.257627,551460000
2010-10-22,9.244174,9.273186,9.161325,9.196319,372778000
2010-10-25,9.244772,9.319844,9.22533,9.237294,392462000
2010-10-26,9.178372,9.264212,9.141881,9.213665,392929600
2010-10-27,9.201695,9.268991,9.14038,9.207079,399002800
2010-10-28,9.210675,9.212171,8.999813,9.129621,551051200
2010-10-29,9.099409,9.148759,8.998911,9.002202,430511200
2010-11-01,9.039287,9.140382,9.038689,9.09791,423889200
2010-11-02,9.182259,9.27767,9.182259,9.252845,433930000
2010-11-03,9.312964,9.358129,9.228021,9.355736,508348400
2010-11-04,9.434994,9.576467,9.422432,9.51934,642488000
2010-11-05,9.510964,9.558221,9.473876,9.485241,361253200
2010-11-08,9.487335,9.564203,9.474175,9.529807,281758400
2010-11-09,9.602485,9.609963,9.406578,9.453835,383544000
2010-11-10,9.470586,9.534294,9.378165,9.512161,384227200
2010-11-11,9.421537,9.52323,9.399104,9.470888,361284000
2010-11-12,9.451443,9.466398,9.081462,9.213063,795846800
2010-11-15,9.225923,9.288134,9.16042,9.183451,403606000
2010-11-16,9.143975,9.200204,8.952552,9.020448,657650000
2010-11-17,9.008781,9.092229,8.905892,8.987844,479449600
2010-11-18,9.128421,9.262117,9.113168,9.225029,494491200
2010-11-19,9.211271,9.224132,9.129618,9.174183,384843200
2010-11-22,9.172684,9.37248,9.148457,9.37248,393075200
2010-11-23,9.285441,9.324325,9.169093,9.233996,519447600
2010-11-24,9.331801,9.433495,9.324325,9.415548,413725200
2010-11-26,9.383848,9.502291,9.359921,9.421535,237585600
2010-11-29,9.436488,9.495709,9.313261,9.477465,445785200
2010-11-30,9.377865,9.402391,9.298006,9.306381,501858000
2010-12-01,9.429608,9.503784,9.421533,9.463407,461750800
2010-12-02,9.497203,9.54117,9.418241,9.515747,462837200
2010-12-03,9.481651,9.530702,9.461611,9.494512,342092800
2010-12-06,9.530407,9.640774,9.523827,9.575571,448481600
2010-12-07,9.684738,9.69042,9.514851,9.517543,391454000
2010-12-08,9.560013,9.601588,9.484642,9.601289,321935600
2010-12-09,9.634791,9.645857,9.541771,9.563905,294151200
2010-12-10,9.560615,9.602489,9.52921,9.587833,262511200
2010-12-13,9.701787,9.722425,9.600991,9.62103,439815600
2010-12-14,9.622825,9.647052,9.541171,9.579755,351008000
2010-12-15,9.57108,9.660809,9.546853,9.581848,417312000
2010-12-16,9.603684,9.649147,9.574074,9.60847,322030800
2010-12-17,9.61983,9.624615,9.577956,9.589322,386929200
2010-12-20,9.618942,9.668294,9.518147,9.637187,385610400
2010-12-21,9.66081,9.702385,9.632397,9.696702,256354000
2010-12-22,9.701488,9.742165,9.677261,9.725415,265921600
2010-12-23,9.72063,9.725117,9.665896,9.678757,223157200
2010-12-27,9.656329,9.733794,9.616548,9.711062,249816000
2010-12-28,9.747848,9.77028,9.722425,9.734688,175924000
2010-12-29,9.757117,9.763997,9.723618,9.729301,163139200
2010-12-30,9.734989,9.735886,9.662309,9.680553,157494400
2010-12-31,9.659317,9.675169,9.610265,9.647653,193508000
2011-01-03,9.739775,9.877958,9.715848,9.85732,445138400
2011-01-04,9.943158,9.944952,9.814845,9.908762,309080800
2011-01-05,9.856724,9.999991,9.855228,9.989821,255519600
2011-01-06,10.011353,10.027205,9.956918,9.981743,300428800
2011-01-07,9.989516,10.060103,9.927004,10.053224,311931200
2011-01-10,10.134281,10.265883,10.084631,10.242554,448560000
2011-01-11,10.315236,10.317628,10.153424,10.218328,444108000
2011-01-12,10.266482,10.301775,10.229095,10.301476,302590400
2011-01-13,10.323609,10.367876,10.284428,10.339162,296780400
2011-01-14,10.345442,10.422908,10.302073,10.422908,308840000
2011-01-18,9.855824,10.311647,9.750543,10.188719,1880998000
2011-01-19,10.41902,10.426498,10.075958,10.134581,1135612800
2011-01-20,10.062498,10.118429,9.873769,9.950337,764789200
2011-01-21,9.982939,10.016139,9.769384,9.772077,754401200
2011-01-24,9.776563,10.093007,9.772076,10.093007,574683200
2011-01-25,10.059506,10.212345,10.006865,10.211147,546868000
2011-01-26,10.257805,10.336767,10.214138,10.284425,506875600
2011-01-27,10.28233,10.309548,10.253917,10.265282,285026000
2011-01-28,10.293999,10.300878,9.975761,10.052628,592057200
2011-01-31,10.043651,10.170468,9.998787,10.148932,377246800
2011-02-01,10.208157,10.338263,10.198585,10.319719,426633200
2011-02-02,10.302374,10.3263,10.275454,10.298485,258955200
2011-02-03,10.282932,10.296093,10.125906,10.272164,393797600
2011-02-04,10.278144,10.369668,10.274256,10.363686,321840400
2011-02-07,10.405257,10.565572,10.39778,10.524597,485021600
2011-02-08,10.578441,10.633475,10.53268,10.623903,381040800
2011-02-09,10.623602,10.737558,10.614032,10.712434,482745200
2011-02-10,10.689405,10.767469,10.408553,10.604162,928550000
2011-02-11,10.610443,10.701667,10.574252,10.673253,367572800
2011-02-14,10.671455,10.751911,10.669063,10.742939,310416400
2011-02-15,10.743241,10.766571,10.69419,10.764477,284174800
2011-02-16,10.791394,10.914024,10.782422,10.861085,481157600
2011-02-17,10.685214,10.775541,10.663379,10.716619,530583200
2011-02-18,10.728884,10.752513,10.454014,10.485121,816057200
2011-02-22,10.233579,10.330786,10.10108,10.127699,872555600
2011-02-23,10.132486,10.308054,10.127699,10.247638,671854400
2011-02-24,10.289512,10.323309,10.120522,10.255414,499900800
2011-02-25,10.326601,10.421415,10.312843,10.41334,380018800
2011-02-28,10.505457,10.619412,10.501867,10.564379,403074000
2011-03-01,10.631975,10.639452,10.398978,10.447731,456136800
2011-03-02,10.467176,10.598479,10.420516,10.53178,602590800
2011-03-03,10.68342,10.761185,10.645435,10.754306,500788400
2011-03-04,10.769562,10.776142,10.700171,10.767468,453266800
2011-03-07,10.80934,10.817417,10.507553,10.628687,546123200
2011-03-08,10.615227,10.689703,10.535668,10.640651,356316800
2011-03-09,10.608649,10.610743,10.486319,10.54225,453306000
2011-03-10,10.442046,10.461488,10.315828,10.368768,507539200
2011-03-11,10.328691,10.53776,10.318822,10.527889,471080400
2011-03-14,10.563484,10.662187,10.507554,10.57485,435957200
2011-03-15,10.232086,10.403767,10.172267,10.331685,721081200
2011-03-16,10.229095,10.259004,9.758317,9.870478,1162011200
2011-03-17,10.074461,10.15761,9.889919,10.00896,659422400
2011-03-18,10.083435,10.115438,9.870179,9.890219,753214000
2011-03-21,10.049341,10.161501,10.027506,10.148341,409402000
2011-03-22,10.245846,10.24764,10.143554,10.205168,325922800
2011-03-23,10.14774,10.175855,10.04814,10.145048,372996400
2011-03-24,10.224609,10.348734,10.135179,10.317926,404712000
2011-03-25,10.410643,10.529983,10.379238,10.51443,448910000
2011-03-28,10.562587,10.597582,10.481531,10.481531,309355200
2011-03-29,10.398381,10.497083,10.350526,10.497083,352900800
2011-03-30,10.487513,10.494693,10.391803,10.427395,329406000
2011-03-31,10.359496,10.462385,10.350524,10.423802,274019200
2011-04-01,10.501569,10.515925,10.267974,10.30566,418661600
2011-04-04,10.298185,10.306859,10.121419,10.204866,460084800
2011-04-05,10.079249,10.236573,10.049638,10.136077,482731200
2011-04-06,10.205763,10.28592,10.083732,10.11065,402539200
2011-04-07,10.112445,10.182134,10.050532,10.111848,373447200
2011-04-08,10.166884,10.173763,9.988324,10.021523,377535200
2011-04-11,9.991611,10.039766,9.870778,9.894107,398946800
2011-04-12,9.88483,9.981738,9.876157,9.941958,425639200
2011-04-13,10.020326,10.053825,9.945552,10.053526,346220000
2011-04-14,10.013747,10.049639,9.931795,9.942562,301800800
2011-04-15,9.968882,9.979051,9.774469,9.794209,453605600
2011-04-18,9.753531,9.936877,9.575868,9.925511,609898800
2011-04-19,9.962898,10.108856,9.921323,10.105268,419378400
2011-04-20,10.274257,10.341255,10.21414,10.241357,700666400
2011-04-21,10.61792,10.621809,10.424106,10.489309,753810400
2011-04-25,10.47854,10.580532,10.477342,10.558398,266546000
2011-04-26,10.576643,10.617619,10.448929,10.480932,338800000
2011-04-27,10.535369,10.538659,10.381634,10.472857,356213200
2011-04-28,10.354414,10.460891,10.334374,10.371163,360959200
2011-04-29,10.372064,10.586516,10.368773,10.472261,1006345200
2011-05-02,10.460593,10.482427,10.333776,10.357105,442713600
2011-05-03,10.408255,10.465083,10.337368,10.414536,313348000
2011-05-04,10.416331,10.523109,10.375055,10.455513,389250400
2011-05-05,10.420513,10.496783,10.350226,10.371163,335969200
2011-05-06,10.459097,10.468369,10.355012,10.368471,280134400
2011-05-09,10.404362,10.444442,10.364583,10.396586,204747200
2011-05-10,10.435172,10.4591,10.368474,10.451921,282091600
2011-05-11,10.439059,10.46837,10.326,10.38552,336000000
2011-05-12,10.35232,10.38223,10.237169,10.365779,322000000
2011-05-13,10.338561,10.356207,10.179741,10.184227,326116000
2011-05-16,10.145346,10.205764,9.947942,9.968879,449775200
2011-05-17,9.93,10.053825,9.892014,10.053825,452334400
2011-05-18,10.063696,10.200682,10.049639,10.165389,334776400
2011-05-19,10.231486,10.241356,10.129494,10.185126,261170000
2011-05-20,10.156115,10.19769,10.020325,10.026307,337968400
2011-05-23,9.869279,10.049035,9.852828,10.001778,383600000
2011-05-24,10.03468,10.046644,9.910255,9.935678,321927200
2011-05-25,9.972767,10.126204,9.95542,10.072965,294224000
2011-05-26,10.048742,10.076259,10.002681,10.01973,222560800
2011-05-27,10.013745,10.09839,9.99909,10.091809,203599200
2011-05-31,10.202172,10.403463,10.19918,10.403463,417754400
2011-06-01,10.434574,10.532078,10.308356,10.334077,554682800
2011-06-02,10.363683,10.407949,10.297882,10.351719,338783200
2011-06-03,10.264388,10.328694,10.229394,10.272164,313250000
2011-06-06,10.339758,10.380136,10.103771,10.11065,461941200
2011-06-07,10.114541,10.116036,9.927007,9.931194,529785200
2011-06-08,9.923419,10.013746,9.889621,9.937177,333723600
2011-06-09,9.967385,9.979947,9.892611,9.914744,275088800
2011-06-10,9.886625,9.919825,9.73588,9.747545,433955200
2011-06-13,9.786429,9.819629,9.722722,9.768483,329473200
2011-06-14,9.87018,9.967386,9.849542,9.943159,334569200
2011-06-15,9.8627,9.87915,9.717039,9.772971,399196000
2011-06-16,9.777458,9.830697,9.521133,9.725415,510591200
2011-06-17,9.83997,9.847747,9.55194,9.578858,615020000
2011-06-20,9.49212,9.50229,9.28694,9.431105,640645600
2011-06-21,9.471784,9.744559,9.427518,9.729605,493382400
2011-06-22,9.725415,9.837278,9.642266,9.649146,390583200
2011-06-23,9.539377,9.920725,9.514852,9.906967,559759200
2011-06-24,9.911153,9.964392,9.72332,9.761006,439807200
2011-06-27,9.798097,9.986827,9.787927,9.931194,339813600
2011-06-28,9.979348,10.070572,9.973067,10.027502,294299600
2011-06-29,10.050834,10.060704,9.92641,9.991015,352545200
2011-06-30,10.010754,10.053525,9.955122,10.039765,322954800
2011-07-01,10.048142,10.273959,9.9958,10.266782,435313200
2011-07-05,10.259005,10.463289,10.244051,10.451324,355054000
2011-07-06,10.436966,10.591002,10.369969,10.521012,444626000
2011-07-07,10.608049,10.707647,10.588008,10.68372,399663600
2011-07-08,10.568271,10.76747,10.534174,10.758796,489633200
2011-07-11,10.658001,10.760592,10.552718,10.588012,442674400
2011-07-12,10.573949,10.698075,10.427093,10.58053,451609200
2011-07-13,10.717518,10.767468,10.659194,10.708247,391638800
2011-07-14,10.797673,10.815619,10.657995,10.700766,430533600
2011-07-15,10.802461,10.917015,10.742642,10.914622,484467200
2011-07-18,10.929877,11.205644,10.925391,11.180222,572653200
2011-07-19,11.305841,11.325282,11.165864,11.271445,819145600
2011-07-20,11.847804,11.85229,11.545118,11.572037,941340400
2011-07-21,11.573533,11.666551,11.482308,11.583702,526534400
2011-07-22,11.614508,11.8158,11.59746,11.763458,516728800
2011-07-25,11.675224,11.963853,11.653391,11.918989,589806000
2011-07-26,11.963851,12.098445,11.954281,12.065844,476582400
2011-07-27,11.981504,12.042819,11.729066,11.742227,659324400
2011-07-28,11.71321,11.873824,11.608825,11.719192,594034000
2011-07-29,11.59417,11.818792,11.485299,11.679113,632584400
2011-08-01,11.897452,11.948896,11.735641,11.866646,612836000
2011-08-02,11.893564,11.901041,11.615405,11.632154,639539600
2011-08-03,11.694068,11.770936,11.432659,11.741625,732508000
2011-08-04,11.647107,11.704234,11.286397,11.286995,871407600
2011-08-05,11.378819,11.470343,10.844334,11.174834,1204590800
2011-08-08,10.818012,10.999862,10.558695,10.564379,1143833600
2011-08-09,10.80635,11.204448,10.617919,11.186502,1082583600
2011-08-10,11.100958,11.205641,10.84224,10.877832,878656800
2011-08-11,11.082117,11.229572,10.908641,11.17723,741969200
2011-08-12,11.307934,11.354892,11.193082,11.275633,528976000
2011-08-15,11.354595,11.514313,11.308534,11.467653,460544000
2011-08-16,11.411118,11.466451,11.247811,11.380012,498750000
2011-08-17,11.43475,11.500849,11.305839,11.378819,442061200
2011-08-18,11.091684,11.145822,10.80844,10.948417,851435200
2011-08-19,10.832373,10.976837,10.647831,10.648727,775888400
2011-08-22,10.902356,10.913423,10.620607,10.660985,535315200
2011-08-23,10.776437,11.175432,10.677735,11.174235,656835200
2011-08-24,11.170352,11.334556,11.084511,11.251408,626267600
2011-08-25,10.919405,11.229569,10.917013,11.177825,871346000
2011-08-26,11.101553,11.479312,11.090487,11.472733,641477200
2011-08-29,11.610321,11.709622,11.604938,11.663859,405269200
2011-08-30,11.612412,11.719788,11.551397,11.664455,417922400
2011-08-31,11.681803,11.726967,11.421291,11.510122,522586400
2011-09-01,11.539737,11.585199,11.387197,11.396469,343725200
2011-09-02,11.208332,11.305838,11.121296,11.187696,438939200
2011-09-06,10.9879,11.375528,10.96128,11.357882,509698000
2011-09-07,11.531956,11.533153,11.425477,11.483204,350576800
2011-09-08,11.437444,11.623184,11.434753,11.489488,416158400
2011-09-09,11.483202,11.545115,11.216707,11.290285,564813200
2011-09-12,11.156291,11.391978,11.12339,11.363864,467832400
2011-09-13,11.429665,11.551397,11.373135,11.503841,440560400
2011-09-14,11.575626,11.730857,11.53794,11.64382,534724400
2011-09-15,11.707526,11.774225,11.661764,11.753287,417818800
2011-09-16,11.830458,11.978809,11.815204,11.978809,698513200
2011-09-19,11.874125,12.359558,11.820289,12.311703,823860800
2011-09-20,12.419977,12.647591,12.298545,12.36614,775754000
2011-09-21,12.551277,12.609601,12.322767,12.326955,605976000
2011-09-22,11.994658,12.257563,11.865149,12.018286,968480800
2011-09-23,11.972225,12.165441,11.959364,12.092462,546277200
2011-09-26,11.959665,12.082893,11.703639,12.058666,812876400
2011-09-27,12.224965,12.240517,11.905829,11.941721,632497600
2011-09-28,11.969534,12.075713,11.859466,11.874422,429637600
2011-09-29,12.021277,12.029951,11.551396,11.681803,651086800
2011-09-30,11.578613,11.631554,11.40095,11.405137,547640800
2011-10-03,11.376726,11.444621,11.161377,11.204146,669099200
2011-10-04,11.203249,11.419495,10.595187,11.141335,1233677200
2011-10-05,11.002556,11.360274,10.776439,11.313317,786469600
2011-10-06,11.16616,11.508625,11.120398,11.286995,812582400
2011-10-07,11.239441,11.298064,11.0214,11.060581,535458000
2011-10-10,11.338444,11.629165,11.312123,11.629165,442514800
2011-10-11,11.741624,12.058965,11.709621,11.972526,605687600
2011-10-12,12.18339,12.240516,11.96804,12.029355,622286000
2011-10-13,12.112802,12.215991,12.049095,12.215991,426185200
2011-10-14,12.467231,12.621863,12.420571,12.621863,573367200
2011-10-17,12.614089,12.762441,12.440613,12.561748,686044800
2011-10-18,12.614685,12.70591,12.442107,12.629042,881602400
2011-10-19,12.004236,12.215697,11.898056,11.922583,1104059600
2011-10-20,11.963853,11.974321,11.790676,11.823576,549270400
2011-10-21,11.907029,11.938135,11.687193,11.750601,621244400
2011-10-24,11.849597,12.158263,11.826267,12.13643,502138000
2011-10-25,12.114299,12.159762,11.885491,11.897155,430427200
2011-10-26,12.016496,12.040126,11.758974,11.981802,456304800
2011-10-27,12.189969,12.23304,12.020382,12.104129,494664800
2011-10-28,12.053581,12.153779,12.038926,12.111905,322842800
2011-10-31,12.036236,12.242912,11.995259,12.106823,385501200
2011-11-01,11.886388,11.948898,11.761066,11.859468,531790000
2011-11-02,11.966543,11.977011,11.817592,11.886385,327350800
2011-11-03,11.936036,12.065545,11.825071,12.055675,441386400
2011-11-04,12.024569,12.066742,11.938729,11.971031,302229200
2011-11-07,11.961159,11.96385,11.8481,11.955774,270275600
2011-11-08,12.029953,12.20313,12.010512,12.150189,400442000
2011-11-09,11.873221,11.990467,11.791269,11.822674,558684000
2011-11-10,11.87502,11.880404,11.429965,11.521788,744752400
2011-11-11,11.563361,11.625872,11.373435,11.503841,653786000
2011-11-14,11.470941,11.522685,11.311822,11.343526,432905200
2011-11-15,11.389584,11.649798,11.349207,11.629759,430810800
2011-11-16,11.642323,11.698853,11.494868,11.508328,349210400
2011-11-17,11.484698,11.502644,11.231065,11.288193,479900400
2011-11-18,11.33336,11.365363,11.212525,11.214319,371938000
2011-11-21,11.078527,11.116812,10.944234,11.036954,447980400
2011-11-22,11.097075,11.303751,11.094682,11.261279,409021200
2011-11-23,11.201458,11.241238,10.973247,10.976538,428271200
2011-11-25,11.019304,11.100957,10.866765,10.874243,254760800
2011-11-28,11.136848,11.267553,11.076431,11.249607,346413200
2011-11-29,11.241237,11.330667,11.072547,11.162275,375855200
2011-11-30,11.404242,11.433852,11.314812,11.431459,405938400
2011-12-01,11.441631,11.634847,11.388093,11.602844,387181200
2011-12-02,11.659672,11.773328,11.622285,11.655784,379055600
2011-12-05,11.769139,11.856475,11.676419,11.754782,357210000
2011-12-06,11.739831,11.80324,11.646214,11.693172,283598000
2011-12-07,11.662664,11.692873,11.56785,11.63754,304746400
2011-12-08,11.708123,11.829257,11.671633,11.684494,376356400
2011-12-09,11.750001,11.785593,11.695565,11.77303,296993200
2011-12-12,11.715004,11.781403,11.648306,11.71979,301067200
2011-12-13,11.754486,11.82627,11.578019,11.629165,338928800
2011-12-14,11.566054,11.586393,11.29627,11.371343,406887600
2011-12-15,11.465261,11.477524,11.315115,11.333958,256200000
2011-12-16,11.376428,11.489785,11.352799,11.396168,421478400
2011-12-19,11.439537,11.510722,11.380016,11.431761,235530400
2011-12-20,11.59776,11.847207,11.582805,11.84272,337215200
2011-12-21,11.864851,11.883097,11.724874,11.857674,262948000
2011-12-22,11.874121,11.93783,11.847203,11.920482,202358800
2011-12-23,11.954581,12.071228,11.948599,12.063452,269399200
2011-12-27,12.056572,12.23573,12.054178,12.159162,265076000
2011-12-28,12.169925,12.210601,12.003926,12.042809,228662000
2011-12-29,12.065545,12.132842,11.979107,12.116989,215978000
2011-12-30,12.068838,12.151689,12.068241,12.113404,179662000
2012-01-03,12.245007,12.337727,12.233043,12.299741,302220800
2012-01-04,12.262946,12.402924,12.241411,12.365835,260022000
2012-01-05,12.411003,12.518677,12.342808,12.503124,271269600
2012-01-06,12.555165,12.644295,12.538715,12.633827,318292800
2012-01-09,12.72655,12.793847,12.602425,12.613791,394024400
2012-01-10,12.738811,12.741504,12.60691,12.658953,258196400
2012-01-11,12.642204,12.647289,12.541409,12.638316,215084800
2012-01-12,12.630238,12.648782,12.524657,12.603619,212587200
2012-01-13,12.553072,12.575504,12.521966,12.556361,226021600
2012-01-17,12.687665,12.741204,12.650577,12.702621,242897200
2012-01-18,12.770218,12.845291,12.750478,12.834524,276791200
2012-01-19,12.865628,12.902117,12.756757,12.793845,261738400
2012-01-20,12.786069,12.786368,12.554568,12.571018,413974400
2012-01-23,12.641901,12.814779,12.630834,12.783672,306062400
2012-01-24,12.714583,12.714583,12.548584,12.574306,547638000
2012-01-25,13.59213,13.592428,13.271798,13.359433,958314000
2012-01-26,13.41028,13.42314,13.254152,13.298717,323985200
2012-01-27,13.290046,13.413872,13.272998,13.37798,299709200
2012-01-30,13.331021,13.575981,13.32145,13.549361,379341200
2012-01-31,13.62653,13.70579,13.551157,13.65315,391683600
2012-02-01,13.710873,13.72822,13.625332,13.644473,270046000
2012-02-02,13.635803,13.673788,13.578377,13.612473,186796400
2012-02-03,13.677676,13.758432,13.625633,13.74886,286599600
2012-02-06,13.709976,13.90738,13.704593,13.877171,249412800
2012-02-07,13.915452,14.050046,13.895412,14.022529,316223600
2012-02-08,14.072482,14.260612,14.048553,14.257323,407890000
2012-02-09,14.379354,14.85761,14.373372,14.750533,884214800
2012-02-10,14.684432,14.883629,14.612349,14.758009,631302000
2012-02-13,14.940756,15.069368,14.867776,15.032579,517216000
2012-02-14,15.094195,15.240752,15.014636,15.237761,460398400
2012-02-15,15.381328,15.74114,14.861797,14.885128,1506120000
2012-02-16,14.70058,15.10107,14.55492,15.020912,944552000
2012-02-17,15.047838,15.187217,14.963792,15.018228,535805200
2012-02-21,15.160599,15.398979,15.078048,15.398979,605595200
2012-02-22,15.34603,15.418112,15.226091,15.344833,483302400
2012-02-23,15.405854,15.488106,15.238958,15.445035,568027600
2012-02-24,15.543138,15.639745,15.512331,15.62509,415072000
2012-02-27,15.592189,15.80724,15.441745,15.725288,547582000
2012-02-28,15.791082,16.013908,15.727972,16.013908,600387200
2012-02-29,16.197866,16.37882,16.022596,16.224186,952011200
2012-03-01,16.395565,16.396763,16.114414,16.284899,683270000
2012-03-02,16.278018,16.354586,16.226573,16.306133,431712400
2012-03-05,16.313312,16.374925,15.732465,15.94662,809124400
2012-03-06,15.662471,15.962463,15.439943,15.859874,810238800
2012-03-07,16.055485,16.084796,15.651704,15.872737,798520800
2012-03-08,15.992377,16.240627,15.915509,16.210718,516457200
2012-03-09,16.27712,16.382701,16.244219,16.305834,418919200
2012-03-12,16.419783,16.510111,16.360561,16.510111,407282400
2012-03-13,16.675814,16.994052,16.622274,16.991659,690855200
2012-03-14,17.289263,17.787856,17.210001,17.634121,1418844000
2012-03-15,17.934114,17.946078,17.304217,17.513884,1159718000
2012-03-16,17.488756,17.622751,17.287763,17.514179,825487600
2012-03-19,17.897021,17.998713,17.618263,17.978674,901236000
2012-03-20,17.93113,18.152162,17.690956,18.124048,816662000
2012-03-21,18.027726,18.234402,17.987948,18.020548,644042000
2012-03-22,17.879375,18.080369,17.812079,17.926035,623870800
2012-03-23,17.960433,17.999615,17.778283,17.827635,430488800
2012-03-26,17.939494,18.159631,17.804006,18.154545,595742000
2012-03-27,18.13062,18.432707,18.127031,18.37887,607129600
2012-03-28,18.495516,18.58734,18.254146,18.472786,655460400
2012-03-29,18.328023,18.441082,18.162025,18.240686,608238400
2012-03-30,18.208082,18.26162,17.884161,17.932316,731038000
2012-04-02,18.000511,18.507179,17.957141,18.502993,598351600
2012-04-03,18.762305,18.909164,18.619039,18.822723,834559600
2012-04-04,18.674075,18.719238,18.454238,18.672878,572980800
2012-04-05,18.752747,18.982453,18.64567,18.953142,641298000
2012-04-09,18.727319,19.13738,18.702494,19.029406,597536800
2012-04-10,19.140073,19.261805,18.723432,18.796412,889725200
2012-04-11,19.028515,19.048553,18.643875,18.729418,696614800
2012-04-12,18.69352,18.882849,18.558926,18.626822,614336800
2012-04-13,18.666895,18.684543,18.050757,18.102201,859644800
2012-04-16,18.246671,18.253251,17.295247,17.351477,1050786800
2012-04-17,17.315878,18.244869,17.105613,18.235897,1025528000
2012-04-18,18.356136,18.551447,18.026831,18.195223,954531200
2012-04-19,17.952353,18.087246,17.482772,17.570108,834719200
2012-04-20,17.68796,17.784868,17.061054,17.137623,1030985200
2012-04-23,17.066733,17.247985,16.648296,17.099333,966529200
2012-04-24,16.82745,16.979391,16.599838,16.757761,1076149200
2012-04-25,18.413562,18.484149,18.125233,18.244871,905777600
2012-04-26,18.37259,18.385153,18.009488,18.176085,536068400
2012-04-27,18.097424,18.130623,17.960736,18.035509,406722400
2012-04-30,17.879973,17.897919,17.43731,17.466621,506144800
2012-05-01,17.49415,17.848878,17.384382,17.411301,610999200
2012-05-02,17.354759,17.568912,17.313483,17.52644,427389200
2012-05-03,17.661638,17.688557,17.356559,17.402021,390549600
2012-05-04,17.260247,17.298531,16.904023,16.906416,529992400
2012-05-07,16.794255,17.131337,16.786179,17.032934,460118400
2012-05-08,17.035928,17.093354,16.711409,16.994055,497252000
2012-05-09,16.860062,17.167534,16.77482,17.023966,480704000
2012-05-10,17.18548,17.224363,17.001837,17.064047,333200000
2012-05-11,16.898941,17.182186,16.8795,16.950087,399546000
2012-05-14,16.826265,16.974018,16.677614,16.696157,352626400
2012-05-15,16.792763,16.845703,16.502639,16.545111,476336000
2012-05-16,16.571434,16.656377,16.182309,16.333054,560896000
2012-05-17,16.310018,16.37552,15.855691,15.855691,717220000
2012-05-18,15.97055,16.253196,15.618216,15.863474,732292400
2012-05-21,15.986696,16.795451,15.973235,16.787674,631106000
2012-05-22,17.035029,17.164539,16.527464,16.658768,694870400
2012-05-23,16.674623,17.132242,16.54691,17.065245,584897600
2012-05-24,17.224062,17.242906,16.786185,16.908516,496230000
2012-05-25,16.886677,16.924364,16.703629,16.817884,328507200
2012-05-29,17.075415,17.168135,16.908221,17.11639,380508800
2012-05-30,17.024564,17.347289,16.945603,17.322763,529429600
2012-05-31,17.36972,17.392452,17.09216,17.279694,491674400
2012-06-01,17.023365,17.12775,16.764946,16.779003,520987600
2012-06-04,16.794261,16.973719,16.405437,16.877708,556995600
2012-06-05,16.787377,16.942908,16.699443,16.834036,388214400
2012-06-06,16.981794,17.163644,16.913899,17.092161,401455600
2012-06-07,17.266529,17.267425,17.063442,17.099932,379766800
2012-06-08,17.096343,17.364932,17.018578,17.357155,347516400
2012-06-11,17.578482,17.601811,17.067327,17.083479,591264800
2012-06-12,17.181884,17.246487,16.949785,17.232729,435380400
2012-06-13,17.183675,17.302117,17.059849,17.113089,293580000
2012-06-14,17.085578,17.153175,16.966539,17.094252,345573200
2012-06-15,17.078399,17.186672,17.035029,17.172016,335255200
2012-06-18,17.077205,17.583574,17.059558,17.520464,440412000
2012-06-19,17.449281,17.646685,17.440309,17.56922,361404400
2012-06-20,17.593146,17.624252,17.371515,17.51927,358943200
2012-06-21,17.510289,17.593437,17.271011,17.277891,326351200
2012-06-22,17.318873,17.413088,17.2106,17.410397,284471600
2012-06-25,17.266829,17.341604,17.059556,17.07152,304382400
2012-06-26,17.088271,17.182786,16.968633,17.109209,276536400
2012-06-27,17.198043,17.250086,17.105922,17.183088,202997200
2012-06-28,17.098441,17.16813,16.917188,17.020077,282836400
2012-06-29,17.287767,17.467226,17.175606,17.467226,421500800
2012-07-02,17.489056,17.750465,17.455258,17.722052,400092000
2012-07-03,17.792639,17.945777,17.76632,17.928129,241712800
2012-07-05,17.962521,18.374677,17.935304,18.243074,484383200
2012-07-06,18.157838,18.198216,17.993037,18.121647,418930400
2012-07-09,18.1043,18.361522,18.068708,18.361223,379405600
2012-07-10,18.48325,18.540079,18.104595,18.191334,511957600
2012-07-11,18.12882,18.174881,17.862626,18.078274,469322000
2012-07-12,17.952957,18.049565,17.72684,17.912878,428041600
2012-07-13,18.034011,18.160826,17.945776,18.094427,311427200
2012-07-16,18.098916,18.293328,18.095924,18.152454,301260400
2012-07-17,18.268504,18.289741,18.039994,18.153353,293624800
2012-07-18,18.142879,18.195221,18.052252,18.133009,252700000
2012-07-19,18.283164,18.404897,18.125241,18.37409,436861600
2012-07-20,18.335503,18.377676,18.056446,18.074392,397471200
2012-07-23,17.778285,18.122246,17.57819,18.060333,487975600
2012-07-24,18.166514,18.235307,17.901216,17.973299,565132400
2012-07-25,17.18189,17.371516,17.048493,17.197144,877312800
2012-07-26,17.340404,17.359547,17.059255,17.194447,406632800
2012-07-27,17.198335,17.521957,17.096044,17.501917,403936400
2012-07-30,17.6742,17.92903,17.581479,17.797129,379142400
2012-07-31,18.042387,18.295723,18.027134,18.267607,462327600
2012-08-01,18.421638,18.436294,18.035504,18.14946,384501600
2012-08-02,18.030722,18.265511,17.953256,18.178774,332158400
2012-08-03,18.353446,18.483553,18.291533,18.415359,344920800
2012-08-06,18.462915,18.689632,18.4022,18.620241,302103200
2012-08-07,18.626817,18.693516,18.485345,18.571186,290446800
2012-08-08,18.525727,18.660022,18.457235,18.539785,244706000
2012-08-09,18.559005,18.675554,18.557504,18.645515,221642400
2012-08-10,18.584841,18.676456,18.584541,18.674654,194938800
2012-08-13,18.725413,18.923964,18.721207,18.923964,278832400
2012-08-14,18.980133,19.18259,18.93027,18.974726,340169200
2012-08-15,18.963019,19.044121,18.856384,18.9489,257342400
2012-08-16,18.960315,19.127026,18.938987,19.11441,254534000
2012-08-17,19.224347,19.470358,19.188602,19.467955,442761200
2012-08-20,19.525023,19.979799,19.521719,19.979799,613384800
2012-08-21,20.150124,20.272079,19.534644,19.706762,812719600
2012-08-22,19.657495,20.09545,19.467956,20.091545,565322800
2012-08-23,20.008643,20.122487,19.859655,19.904112,420128800
2012-08-24,19.810386,20.109866,19.691436,19.921827,437340400
2012-08-27,20.425565,20.451999,20.23182,20.296103,427008400
2012-08-28,20.27508,20.308724,20.145616,20.269674,267416800
2012-08-29,20.283187,20.355879,20.203587,20.229719,202806800
2012-08-30,20.144713,20.172047,19.910716,19.941355,302699600
2012-08-31,20.042885,20.083437,19.742505,19.98251,338321200
2012-09-04,19.998127,20.279883,19.960279,20.274776,367892000
2012-09-05,20.292801,20.316231,20.113474,20.132399,336375200
2012-09-06,20.22071,20.374505,20.14952,20.313828,391196400
2012-09-07,20.367294,20.500364,20.298809,20.439087,329666400
2012-09-10,20.439395,20.524702,19.888196,19.907421,487998000
2012-09-11,19.978604,20.128493,19.719976,19.842833,503983200
2012-09-12,20.030871,20.122487,19.704959,20.119183,712233200
2012-09-13,20.346873,20.591083,20.268774,20.515387,598360000
2012-09-14,20.725052,20.935919,20.662872,20.764702,600474000
2012-09-17,21.007104,21.020621,20.864725,21.020021,398031200
2012-09-18,21.023024,21.096617,20.919093,21.084002,373503200
2012-09-19,21.034442,21.146483,21.013716,21.089712,326874800
2012-09-20,21.001398,21.028434,20.834988,20.987581,336568400
2012-09-21,21.099023,21.178924,21.007407,21.029335,571589200
2012-09-24,20.631938,20.880052,20.515991,20.749987,639766400
2012-09-25,20.673984,20.809757,20.215603,20.231825,518789600
2012-09-26,20.087646,20.206296,19.861159,19.980711,576503200
2012-09-27,19.953972,20.491051,19.835622,20.465519,594090000
2012-09-28,20.388324,20.459214,20.027868,20.038382,535110800
2012-10-01,20.160339,20.328253,19.719981,19.806791,543594800
2012-10-02,19.879482,20.015856,19.544258,19.864464,627992400
2012-10-03,19.971101,20.181367,19.904116,20.16905,424281200
2012-10-04,20.163036,20.253151,19.991821,20.029367,370725600
2012-10-05,19.981317,20.005347,19.563188,19.602537,594006000
2012-10-08,19.431013,19.45144,19.107503,19.169382,637994000
2012-10-09,19.183804,19.239074,18.730229,19.099697,838597200
2012-10-10,19.216547,19.373947,19.134243,19.251692,510356000
2012-10-11,19.419603,19.440629,18.866901,18.866901,546081200
2012-10-12,18.91075,19.085572,18.782789,18.915257,460014800
2012-10-15,18.994557,19.078062,18.739233,19.066948,432502000
2012-10-16,19.085275,19.533743,18.954008,19.518423,549771600
2012-10-17,19.490782,19.608531,19.344496,19.36282,389037600
2012-10-18,19.212024,19.286217,18.923959,19.00326,476624400
2012-10-19,18.95551,18.977136,18.311794,18.318403,744086000
2012-10-22,18.39591,19.085584,18.346046,19.045033,546730800
2012-10-23,18.954013,19.041125,18.374281,18.424143,707145600
2012-10-24,18.666848,18.820342,18.342436,18.528372,558527200
2012-10-25,18.623589,18.683666,18.189539,18.309391,656325600
2012-10-26,18.306086,18.443362,17.752487,18.142981,1018432800
2012-10-31,17.869035,18.081704,17.653362,17.882252,510003200
2012-11-01,17.969357,18.112938,17.847704,17.918894,361298000
2012-11-02,17.899373,17.931213,17.264369,17.325947,599373600
2012-11-05,17.527799,17.65546,17.349973,17.560841,529135600
2012-11-06,17.729357,17.744676,17.424771,17.507675,374917200
2012-11-07,17.315771,17.336893,16.7699,16.837795,793648800
2012-11-08,16.917139,16.965421,16.1525,16.22673,1056146000
2012-11-09,16.307304,16.743638,16.105129,16.507668,929913600
2012-11-12,16.721613,16.732175,16.253897,16.38003,515802000
2012-11-13,16.261738,16.610865,16.184791,16.382137,532949200
2012-11-14,16.460602,16.519444,16.179369,16.200491,477170400
2012-11-15,16.220107,16.279551,15.770194,15.860719,789910800
2012-11-16,15.848041,15.992882,15.261132,15.922875,1266893600
2012-11-19,16.316058,17.124452,16.291013,17.071043,823317600
2012-11-20,17.257523,17.25873,16.734586,16.925594,642754000
2012-11-21,17.026382,17.120527,16.795539,16.949434,373002000
2012-11-23,17.114491,17.260238,16.976591,17.24515,272826400
2012-11-26,17.377924,17.803395,17.31184,17.789213,630579600
2012-11-27,17.789813,17.816067,17.504658,17.645878,533330000
2012-11-28,17.419268,17.676663,17.26809,17.590363,520864400
2012-11-29,17.810036,17.931641,17.660066,17.784084,514698800
2012-11-30,17.706529,17.755112,17.582509,17.660965,391319600
2012-12-03,17.913535,17.9419,17.667606,17.688427,364280000
2012-12-04,17.555956,17.555956,17.264162,17.376413,557068400
2012-12-05,17.167,17.177259,16.257517,16.258121,1044638000
2012-12-06,15.960892,16.696262,15.649784,16.5131,1177212400
2012-12-07,16.698975,16.75329,15.992875,16.090944,787040800
2012-12-10,15.842004,16.249672,15.738805,15.98745,630484400
2012-12-11,16.28769,16.583107,16.21527,16.336575,592345600
2012-12-12,16.529088,16.536029,16.182074,16.264452,487144000
2012-12-13,16.027581,16.22342,15.866143,15.983525,625259600
2012-12-14,15.532711,15.634703,15.256004,15.383041,1009579200
2012-12-17,15.357083,15.691122,15.124734,15.655817,757607200
2012-12-18,15.842003,16.140738,15.69867,16.110563,625685200
2012-12-19,16.037237,16.104528,15.857091,15.881533,449369200
2012-12-20,15.992877,15.998912,15.657329,15.743328,481689600
2012-12-21,15.463905,15.681167,15.396614,15.670908,596268400
2012-12-24,15.701687,15.819369,15.652199,15.696255,175753200
2012-12-26,15.660954,15.674836,15.423174,15.479903,302436400
2012-12-27,15.496187,15.577962,15.228231,15.542054,455120400
2012-12-28,15.398123,15.524557,15.332641,15.376999,354278400
2012-12-31,15.405376,16.155836,15.359208,16.058369,659492400
2013-01-02,16.711652,16.747259,16.343817,16.567112,560518000
2013-01-03,16.532413,16.586426,16.324807,16.358,352965200
2013-01-04,16.203203,16.253295,15.867051,15.902356,594333600
2013-01-07,15.751473,15.971752,15.546281,15.808806,484156400
2013-01-08,15.969042,16.049912,15.728848,15.851358,458707200
2013-01-09,15.766563,15.842303,15.570122,15.603618,407604400
2013-01-10,15.949123,15.954252,15.55594,15.797041,601146000
2013-01-11,15.721308,15.851665,15.661561,15.700186,350506800
2013-01-14,15.168494,15.31394,15.042664,15.140432,734207600
2013-01-15,15.036322,15.057143,14.586107,14.662753,876772400
2013-01-16,14.925886,15.37248,14.861312,15.271392,690804800
2013-01-17,15.398727,15.412005,15.148877,15.168489,453678400
2013-01-18,15.04296,15.154609,14.978989,15.087621,472922800
2013-01-22,15.225219,15.3254,14.98593,15.231556,461546400
2013-01-23,15.353463,15.539947,15.231556,15.510375,861509600
2013-01-24,13.880613,14.053518,13.586404,13.593949,1460852400
2013-01-25,13.629855,13.76685,13.12623,13.273485,1208026400
2013-01-28,13.211629,13.675724,13.152184,13.573731,785517600
2013-01-29,13.83535,13.886648,13.642832,13.828409,571158000
2013-01-30,13.790085,13.959067,13.714648,13.784956,417155200
2013-01-31,13.789485,13.858887,13.729135,13.744523,319334400
2013-02-01,13.853757,13.864922,13.529072,13.688095,539484400
2013-02-04,13.696843,13.758099,13.337456,13.347113,477117200
2013-02-05,13.399314,13.872764,13.344093,13.815431,573347600
2013-02-06,13.774093,14.07675,13.656711,13.800648,593706400
2013-02-07,14.060147,14.265016,13.78304,14.210992,704580800
2013-02-08,14.386427,14.532416,14.211907,14.416171,633158400
2013-02-11,14.462302,14.718467,14.363663,14.566406,517490400
2013-02-12,14.553658,14.640767,14.196426,14.201283,609053200
2013-02-13,14.180336,14.375494,14.059235,14.174266,475207600
2013-02-14,14.098698,14.314798,14.083523,14.161525,355275200
2013-02-15,14.230114,14.269875,13.959079,13.966364,391745200
2013-02-19,13.994893,14.044365,13.774847,13.961202,435783600
2013-02-20,13.891397,13.891397,13.621575,13.623094,476302400
2013-02-21,13.536593,13.632807,13.440077,13.538414,447182400
2013-02-22,13.635239,13.706562,13.554807,13.682586,330654800
2013-02-25,13.774852,13.813398,13.432491,13.439472,372579200
2013-02-26,13.470427,13.704738,13.283465,13.626736,501499600
2013-02-27,13.610345,13.732054,13.374215,13.493191,587350400
2013-02-28,13.477412,13.593353,13.396982,13.396982,322515200
2013-03-01,13.293785,13.299249,13.05037,13.065242,552448400
2013-03-04,12.984201,12.996342,12.717112,12.748981,582755600
2013-03-05,12.792384,13.208497,12.770228,13.085575,638433600
2013-03-06,13.187861,13.210321,12.881921,12.919253,460250000
2013-03-07,12.884044,13.111981,12.779636,13.068579,468473600
2013-03-08,13.044904,13.21578,13.008786,13.103178,391482000
2013-03-11,13.043384,13.324436,12.903465,13.289835,474236000
2013-03-12,13.220941,13.320492,12.977221,13.003323,465911600
2013-03-13,13.003931,13.187554,12.910146,13.000895,405549200
2013-03-14,13.13687,13.191805,13.064634,13.126855,303875600
2013-03-15,13.29166,13.482872,13.271021,13.465572,643960800
2013-03-18,13.398499,13.884419,13.390911,13.83161,606197200
2013-03-19,13.946334,13.990951,13.612472,13.794276,526775200
2013-03-20,13.883204,13.889577,13.645554,13.721128,308660800
2013-03-21,13.664674,13.900198,13.661032,13.740854,383255600
2013-03-22,13.797006,14.025245,13.75239,14.01948,395105200
2013-03-25,14.103855,14.263503,14.015534,14.070166,501135600
2013-03-26,14.12662,14.13876,13.977597,13.996111,294294000
2013-03-27,13.854066,13.864385,13.680154,13.721128,331237200
2013-03-28,13.652534,13.713236,13.403655,13.43522,442839600
2013-04-01,13.412156,13.466789,12.982385,13.017896,389732000
2013-04-02,12.978133,13.298033,12.941711,13.044601,529519200
2013-04-03,13.092556,13.271931,13.060384,13.111374,363216000
2013-04-04,13.165095,13.20273,12.906806,12.981773,358447600
2013-04-05,12.884045,12.897704,12.737753,12.844589,383695200
2013-04-08,12.894668,12.975098,12.82304,12.935946,300829200
2013-04-09,12.940496,13.005447,12.830928,12.959313,306614000
2013-04-10,12.99331,13.265256,12.929876,13.223675,375928000
2013-04-11,13.163881,13.29348,13.087396,13.182396,328364400
2013-04-12,13.176934,13.176934,13.023358,13.044908,238613200
2013-04-15,12.959923,12.986936,12.733808,12.742913,317520000
2013-04-16,12.795114,12.948083,12.764763,12.936854,305771200
2013-04-17,12.755659,12.765675,12.083078,12.225425,945056000
2013-04-18,12.291895,12.316176,11.82904,11.899152,666299200
2013-04-19,11.775315,12.128299,11.688207,11.853014,609274400
2013-04-22,11.917059,12.207216,11.875479,12.100076,429920400
2013-04-23,12.261541,12.394783,12.104322,12.326493,664238400
2013-04-24,11.944375,12.603297,11.91281,12.30616,969651200
2013-04-25,12.481284,12.563535,12.352898,12.394783,384837600
2013-04-26,12.438187,12.710132,12.390839,12.662481,764097600
2013-04-29,12.761121,13.160846,12.747463,13.054617,640326400
2013-04-30,13.205763,13.513827,13.113799,13.438859,691538400
2013-05-01,13.48985,13.504114,13.184215,13.332934,506909200
2013-05-02,13.408515,13.615205,13.373611,13.522029,421828400
2013-05-03,13.697758,13.756034,13.6322,13.657393,361300800
2013-05-06,13.831299,14.028278,13.788808,13.983056,496641600
2013-05-07,14.112352,14.136025,13.770295,13.920836,483753200
2013-05-08,13.932374,14.124497,13.83434,14.078059,472598000
2013-05-09,14.048115,14.145575,13.91888,13.955236,398487600
2013-05-10,13.991901,14.045062,13.763067,13.839141,334852000
2013-05-13,13.794535,13.989762,13.79423,13.893217,316948800
2013-05-14,13.866026,13.90727,13.508566,13.560811,447118000
2013-05-15,13.41722,13.473436,12.903946,13.102228,741613600
2013-05-16,12.93083,13.377195,12.798234,13.277289,603204000
2013-05-17,13.413859,13.445633,13.168221,13.236962,427904400
2013-05-20,13.195716,13.620083,13.140417,13.532399,451578400
2013-05-21,13.386359,13.610305,13.265679,13.432492,456022000
2013-05-22,13.566614,13.697988,13.388495,13.484123,443038400
2013-05-23,13.319146,13.631082,13.314257,13.508263,353021200
2013-05-24,13.468851,13.615806,13.453881,13.600224,276166800
2013-05-28,13.745346,13.782313,13.468851,13.486876,386145200
2013-05-29,13.442883,13.672023,13.424551,13.594115,330576400
2013-05-30,13.615495,13.885881,13.580666,13.796669,353519600
2013-05-31,13.824783,13.965323,13.733128,13.740155,384302800
2013-06-03,13.770706,13.820506,13.518652,13.770401,372352400
2013-06-04,13.846778,13.883746,13.66866,13.72732,292728800
2013-06-05,13.6155,13.7704,13.55623,13.599003,290589600
2013-06-06,13.610002,13.656746,13.261098,13.395832,416934000
2013-06-07,13.335951,13.541871,13.221992,13.498182,404535600
2013-06-10,13.587393,13.720293,13.345116,13.408969,450153200
2013-06-11,13.312731,13.527205,13.238794,13.369556,286112400
2013-06-12,13.427606,13.481072,13.183189,13.20427,265227200
2013-06-13,13.213743,13.355504,13.099173,13.319452,285832400
2013-06-14,13.302341,13.329532,13.091531,13.138887,271866000
2013-06-17,13.181356,13.311507,13.14836,13.198464,259414400
2013-06-18,13.185025,13.287069,13.14378,13.191441,195025600
2013-06-19,13.180135,13.188079,12.923499,12.923499,310940000
2013-06-20,12.810453,13.01454,12.684274,12.735295,357310800
2013-06-21,12.785707,12.831842,12.468273,12.633253,481118400
2013-06-24,12.446887,12.485382,12.161225,12.298404,480746000
2013-06-25,12.394951,12.458804,12.185058,12.301156,314162800
2013-06-26,12.339955,12.367147,12.088207,12.161838,367724000
2013-06-27,12.19789,12.26327,12.023438,12.030769,337246000
2013-06-28,11.95683,12.229048,11.880755,12.114784,578516400
2013-07-01,12.302986,12.595675,12.258074,12.50249,391053600
2013-07-02,12.525101,12.881642,12.51013,12.785708,469865200
2013-07-03,12.858113,12.922883,12.753931,12.856279,240928800
2013-07-05,12.843762,12.932362,12.689779,12.753021,274024800
2013-07-08,12.835201,12.862392,12.546178,12.680607,298138400
2013-07-09,12.636309,12.938773,12.537932,12.903639,352584400
2013-07-10,12.819618,12.978489,12.778373,12.854141,281405600
2013-07-11,12.921971,13.083897,12.867589,13.054566,326292400
2013-07-12,13.065567,13.130948,12.936027,13.030738,279563200
2013-07-15,12.984906,13.181965,12.978489,13.059146,241917200
2013-07-16,13.031044,13.159057,12.959247,13.143476,216538000
2013-07-17,13.128196,13.205187,13.082978,13.146832,198990400
2013-07-18,13.240627,13.28615,13.155999,13.191133,218878800
2013-07-19,13.232073,13.258958,12.964743,12.983074,268721600
2013-07-22,13.120867,13.129727,12.998964,13.024628,207796400
2013-07-23,13.015151,13.04448,12.792427,12.800982,369395600
2013-07-24,13.41019,13.583114,13.298065,13.458463,591936800
2013-07-25,13.464273,13.485659,13.314873,13.397058,229493600
2013-07-26,13.299286,13.474655,13.269956,13.473127,200152400
2013-07-29,13.467322,13.748095,13.448991,13.680881,248057600
2013-07-30,13.747179,13.966848,13.724876,13.849834,309422400
2013-07-31,13.900859,13.972655,13.730989,13.8257,322957600
2013-08-01,13.924078,13.956156,13.848002,13.95249,206250800
2013-08-02,13.993122,14.140994,13.951877,14.131522,274783600
2013-08-05,14.197215,14.379916,14.119614,14.342643,318855600
2013-08-06,14.298955,14.417191,14.120225,14.214326,334857600
2013-08-07,14.170019,14.267786,14.107998,14.20607,298858000
2013-08-08,14.265427,14.272808,14.083671,14.177779,255777200
2013-08-09,14.104893,14.160866,13.951433,13.976035,266865200
2013-08-12,14.050149,14.412734,14.043075,14.373063,364434000
2013-08-13,14.483164,15.212643,14.394284,15.056107,881941200
2013-08-14,15.311668,15.507569,15.173892,15.330735,756372400
2013-08-15,15.266768,15.450675,15.041034,15.31259,490294000
2013-08-16,15.38148,15.467283,15.341808,15.448524,362306000
2013-08-19,15.510332,15.799417,15.499877,15.614896,510518400
2013-08-20,15.67548,15.701928,15.402079,15.409767,358688400
2013-08-21,15.487271,15.596753,15.413769,15.449444,335879600
2013-08-22,15.530015,15.548775,15.321504,15.467892,244207600
2013-08-23,15.477435,15.479895,15.356881,15.408239,222731600
2013-08-26,15.399928,15.690552,15.392239,15.468202,330965600
2013-08-27,15.315355,15.454056,14.955537,15.025963,424188800
2013-08-28,14.94631,15.247697,14.94631,15.097003,307608000
2013-08-29,15.120074,15.26923,15.104082,15.121612,239657600
2013-08-30,15.130833,15.160049,14.961688,14.983831,272297200
2013-09-03,15.164664,15.395317,14.987831,15.025658,331928800
2013-09-04,15.363337,15.445757,15.262464,15.33658,345032800
2013-09-05,15.384556,15.397781,15.181273,15.231401,236367600
2013-09-06,15.328889,15.357796,15.06779,15.322123,359525600
2013-09-09,15.530636,15.620437,15.483891,15.566618,340687200
2013-09-10,15.567534,15.605976,15.053947,15.212021,743195600
2013-09-11,14.362299,14.567734,14.294641,14.383828,898696400
2013-09-12,14.408121,14.620321,14.331543,14.53698,404051200
2013-09-13,14.433955,14.510532,14.29126,14.297409,298835600
2013-09-16,14.17747,14.196229,13.753683,13.842869,543706800
2013-09-17,13.776446,14.137802,13.762299,14.002793,399380800
2013-09-18,14.244514,14.342003,14.167014,14.290645,456862000
2013-09-19,14.475777,14.633544,14.431184,14.524982,404541200
2013-09-20,14.700285,14.717199,14.33124,14.374603,699302800
2013-09-23,15.256923,15.281834,14.841748,15.089008,762106800
2013-09-24,15.219402,15.237545,15.002281,15.041645,364344400
2013-09-25,15.044726,15.058256,14.805769,14.808844,316957200
2013-09-26,14.94631,15.025038,14.881727,14.953075,237221600
2013-09-27,14.87804,14.905411,14.783934,14.846364,228040400
2013-09-30,14.677223,14.812846,14.589882,14.661846,260156400
2013-10-01,14.714115,15.042873,14.711962,15.006583,353883600
2013-10-02,14.934933,15.124682,14.877116,15.055794,289184000
2013-10-03,15.085008,15.141596,14.784546,14.866657,322753200
2013-10-04,14.880502,14.903259,14.718737,14.854977,258868400
2013-10-07,14.96354,15.150829,14.926327,15.000136,312292400
2013-10-08,15.067487,15.089015,14.778403,14.790705,290917200
2013-10-09,14.904487,15.00136,14.708893,14.964457,301725200
2013-10-10,15.109926,15.142524,14.978299,15.058259,278602800
2013-10-11,14.976757,15.187419,14.920478,15.155744,267738800
2013-10-14,15.0641,15.30244,15.049337,15.255079,261898000
2013-10-15,15.300284,15.43837,15.239086,15.336267,320073600
2013-10-16,15.40116,15.454672,15.353185,15.411001,251101200
2013-10-17,15.376256,15.523874,15.36703,15.515263,253593200
2013-10-18,15.561077,15.661641,15.552465,15.650262,290542000
2013-10-21,15.738844,16.124189,15.731156,16.033773,398106800
2013-10-22,16.189076,16.251814,15.623822,15.987947,534063600
2013-10-23,15.961181,16.16631,15.961181,16.144474,313723200
2013-10-24,16.145709,16.37544,16.067288,16.358217,384764800
2013-10-25,16.340071,16.398811,16.149091,16.175232,337792000
2013-10-28,16.269962,16.33024,16.090668,16.295795,550440800
2013-10-29,16.492302,16.583948,15.824023,15.889835,635807200
2013-10-30,15.97995,16.223211,15.900297,16.142637,354163600
2013-10-31,16.14571,16.222287,16.030998,16.074976,275696400
2013-11-01,16.115569,16.139557,15.864004,15.992862,274890000
2013-11-04,16.025765,16.201677,15.95534,16.199524,244627600
2013-11-05,16.132789,16.265338,16.084198,16.159544,265213200
2013-11-06,16.213682,16.235645,16.029629,16.113768,223375600
2013-11-07,16.07232,16.183988,15.8496,15.853002,262620400
2013-11-08,15.917649,16.120263,15.856092,16.102631,279316800
2013-11-11,16.085001,16.136968,15.912393,16.055923,227452400
2013-11-12,16.013238,16.206572,15.992514,16.085623,204276800
2013-11-13,16.023448,16.154915,15.991277,16.104803,197220800
2013-11-14,16.172231,16.372369,16.143154,16.337725,282419200
2013-11-15,16.288856,16.366497,16.224206,16.239672,317920400
2013-11-18,16.239666,16.307719,16.029628,16.042929,244944000
2013-11-19,16.055301,16.189861,16.022511,16.071386,208938800
2013-11-20,16.061488,16.0983,15.909916,15.93064,193916800
2013-11-21,16.011065,16.122735,15.889499,16.120569,262026800
2013-11-22,16.070457,16.152121,16.039834,16.079119,223725600
2013-11-25,16.116863,16.266889,16.116245,16.201002,229311600
2013-11-26,16.212752,16.584571,16.209042,16.499813,401382800
2013-11-27,16.589836,16.889579,16.499819,16.888342,363448400
2013-11-29,16.997228,17.270987,16.945569,17.201078,318127600
2013-12-02,17.260775,17.456582,17.038675,17.051357,472544800
2013-12-03,17.270047,17.519988,17.250868,17.518131,450968000
2013-12-04,17.492774,17.606919,17.348007,17.477308,377809600
2013-12-05,17.713946,17.79097,17.520923,17.567013,447580000
2013-12-06,17.501749,17.531445,17.309345,17.323263,344352400
2013-12-09,17.350482,17.618983,17.350482,17.521544,320493600
2013-12-10,17.43338,17.566394,17.359758,17.494318,278269600
2013-12-11,17.539176,17.661982,17.313055,17.364712,359718800
2013-12-12,17.388838,17.487824,17.323569,17.339344,262290000
2013-12-13,17.410794,17.411722,17.126827,17.150335,332822000
2013-12-16,17.168593,17.404304,17.168284,17.245306,282592800
2013-12-17,17.193036,17.305324,17.117868,17.167671,229902400
2013-12-18,17.004032,17.058165,16.666859,17.03713,565863200
2013-12-19,16.997844,17.01331,16.819359,16.84194,320308800
2013-12-20,16.871946,17.063114,16.853076,16.982996,436413600
2013-12-23,17.570108,17.654247,17.408019,17.63476,501306400
2013-12-24,17.628573,17.690131,17.50917,17.559902,167554800
2013-12-26,17.573201,17.616508,17.427195,17.443281,204008000
2013-12-27,17.44081,17.45906,17.307178,17.325428,225884400
2013-12-30,17.244069,17.325422,17.085071,17.153124,253629600
2013-12-31,17.142298,17.362233,17.137038,17.354191,223084400
2014-01-02,17.189011,17.23077,17.075795,17.11013,234684800
2014-01-03,17.101773,17.127756,16.717271,16.734285,392467600
2014-01-06,16.625091,16.914316,16.505998,16.825539,412610800
2014-01-07,16.83761,16.88834,16.639637,16.705215,317209200
2014-01-08,16.667162,16.875962,16.663451,16.811003,258529600
2014-01-09,16.914322,16.916179,16.560136,16.596329,279148800
2014-01-10,16.698716,16.728722,16.428978,16.485586,304976000
2014-01-13,16.391854,16.781304,16.390926,16.571886,378492800
2014-01-14,16.648922,16.912164,16.631599,16.901648,332561600
2014-01-15,17.122195,17.328829,17.064659,17.240978,391638800
2014-01-16,17.164884,17.225204,17.065277,17.144777,229278000
2014-01-17,17.05909,17.07734,16.700882,16.724701,426739600
2014-01-21,16.734597,17.015471,16.716965,16.984539,328526800
2014-01-22,17.041454,17.238807,16.945561,17.060015,379985200
2014-01-23,17.011456,17.214378,16.852768,17.204479,403239200
2014-01-24,17.137036,17.187149,16.850904,16.891737,429354800
2014-01-27,17.015472,17.161786,16.88184,17.028772,554878800
2014-01-28,15.737622,15.930646,15.530678,15.667714,1065523200
2014-01-29,15.588833,15.694625,15.423959,15.489846,502810000
2014-01-30,15.545215,15.667712,15.364565,15.459839,678501600
2014-01-31,15.317546,15.513972,15.267124,15.485204,464797200
2014-02-03,15.54738,15.705759,15.444991,15.513971,401464000
2014-02-04,15.647598,15.759268,15.552014,15.738542,376681200
2014-02-05,15.669562,15.9393,15.659972,15.85609,328344800
2014-02-06,15.872273,15.979321,15.802255,15.948513,257765200
2014-02-07,16.224536,16.27277,16.100063,16.171635,370280400
2014-02-10,16.139896,16.554705,16.119358,16.461349,345559200
2014-02-11,16.51175,16.733934,16.477207,16.678234,282256800
2014-02-12,16.709053,16.790272,16.593604,16.677,308100800
2014-02-13,16.637795,16.954893,16.623481,16.941824,307398000
2014-02-14,16.880828,16.990055,16.84162,16.928127,272924400
2014-02-18,16.990669,17.152173,16.978532,16.990358,260251600
2014-02-19,16.951778,17.018372,16.628147,16.722124,313768000
2014-02-20,16.585822,16.710608,16.46166,16.528564,305858000
2014-02-21,16.579598,16.634989,16.324738,16.344965,278784800
2014-02-24,16.279615,16.490286,16.256899,16.416534,288909600
2014-02-25,16.473482,16.479394,16.21271,16.245695,231952000
2014-02-26,16.293932,16.337187,16.044673,16.099131,276217200
2014-02-27,16.092593,16.454812,16.058674,16.420271,301882000
2014-02-28,16.464146,16.578352,16.247561,16.375771,371968800
2014-03-03,16.288024,16.513011,16.269042,16.423079,238781200
2014-03-04,16.523894,16.574927,16.42338,16.531361,259140000
2014-03-05,16.521409,16.640591,16.465706,16.566219,200062800
2014-03-06,16.579602,16.630949,16.433657,16.516121,185488800
2014-03-07,16.526702,16.554398,16.369865,16.506475,220729600
2014-03-10,16.441741,16.596399,16.441118,16.521404,178584000
2014-03-11,16.662373,16.764751,16.573373,16.682287,279224400
2014-03-12,16.633125,16.7215,16.555017,16.698473,199326400
2014-03-13,16.724293,16.793375,16.466631,16.512999,257742800
2014-03-14,16.455122,16.520471,16.274947,16.327538,237199200
2014-03-17,16.421205,16.491843,16.363635,16.391331,199544800
2014-03-18,16.365186,16.554074,16.343403,16.536337,209647200
2014-03-19,16.563105,16.686955,16.461658,16.531986,224756000
2014-03-20,16.489362,16.575873,16.410322,16.452332,208398400
2014-03-21,16.552835,16.609471,16.378573,16.582087,374046400
2014-03-24,16.754786,16.819512,16.650228,16.778748,355700800
2014-03-25,16.85064,16.982892,16.791202,16.959242,282293200
2014-03-26,17.00685,17.084024,16.768484,16.797112,299768000
2014-03-27,16.804586,16.850642,16.652106,16.724922,222031600
2014-03-28,16.751677,16.77097,16.625025,16.706244,200564000
2014-03-31,16.780003,16.829171,16.677311,16.702518,168669200
2014-04-01,16.734249,16.862148,16.703443,16.855301,200760000
2014-04-02,16.878022,16.912253,16.812051,16.883312,180420800
2014-04-03,16.847218,16.881759,16.730524,16.76631,162344000
2014-04-04,16.798049,16.803961,16.510826,16.549412,275251200
2014-04-07,16.431167,16.520788,16.240412,16.289577,289850400
2014-04-08,16.343098,16.372039,16.141139,16.288641,243888400
2014-04-09,16.263747,16.508027,16.244454,16.502737,206169600
2014-04-10,16.513936,16.562482,16.280237,16.289885,239652000
2014-04-11,16.150467,16.269652,16.092588,16.169451,271717600
2014-04-14,16.240723,16.248813,16.094777,16.233877,205674000
2014-04-15,16.189993,16.232624,15.911793,16.118109,266490000
2014-04-16,16.120907,16.215508,15.999234,16.150782,214765600
2014-04-17,16.181593,16.423073,16.156698,16.335318,284334400
2014-04-21,16.347764,16.55937,16.304821,16.529186,182548800
2014-04-22,16.440192,16.54973,16.383868,16.545685,202563200
2014-04-23,16.46352,16.527935,16.320063,16.329399,394940000
2014-04-24,17.681818,17.73752,17.449051,17.668125,759911600
2014-04-25,17.567291,17.799434,17.549555,17.79788,390275200
2014-04-28,17.824654,18.538822,17.816873,18.487165,669485600
2014-04-29,18.476266,18.545971,18.344635,18.432388,337377600
2014-04-30,18.442035,18.653329,18.353658,18.362682,456640800
2014-05-01,18.422121,18.509253,18.246614,18.405941,244048000
2014-05-02,18.432701,18.490582,18.350859,18.440168,191514400
2014-05-05,18.364232,18.702178,18.359874,18.700932,287067200
2014-05-06,18.727084,18.808303,18.49712,18.49712,374564400
2014-05-07,18.523255,18.586736,18.289244,18.432388,282864400
2014-05-08,18.407666,18.600427,18.349776,18.39953,230297200
2014-05-09,18.291581,18.345091,18.15984,18.322874,291597600
2014-05-12,18.383889,18.576961,18.381071,18.550989,213208800
2014-05-13,18.525012,18.604493,18.484333,18.580086,159737200
2014-05-14,18.538466,18.693989,18.516875,18.583527,166404000
2014-05-15,18.609504,18.668958,18.401097,18.425505,230846000
2014-05-16,18.419551,18.698053,18.318478,18.697428,276256400
2014-05-19,18.708075,19.004726,18.691803,18.918985,317755200
2014-05-20,18.916484,18.975626,18.798199,18.922743,234836000
2014-05-21,18.895204,18.985012,18.839817,18.972809,196859600
2014-05-22,18.981883,19.083583,18.903653,19.002848,200760000
2014-05-23,19.002223,19.23629,18.977816,19.217514,232209600
2014-05-27,19.272268,19.584564,19.264445,19.577368,348866000
2014-05-28,19.589577,19.708801,19.519482,19.52668,315481600
2014-05-29,19.64684,19.929097,19.644337,19.882471,376474000
2014-05-30,19.963833,20.157532,19.6797,19.807999,564020800
2014-06-02,19.838038,19.865261,19.479428,19.671875,369350800
2014-06-03,19.665932,19.987617,19.659361,19.950066,292709200
2014-06-04,19.946934,20.273938,19.905314,20.17787,335482000
2014-06-05,20.221058,20.320255,20.108719,20.257044,303805600
2014-06-06,20.33683,20.379389,20.166914,20.201334,349938400
2014-06-09,20.305549,20.564024,20.097457,20.524595,301660000
2014-06-10,20.750208,20.820303,20.496114,20.645065,251108000
2014-06-11,20.618779,20.756779,20.474209,20.559637,182724000
2014-06-12,20.599063,20.616587,20.130305,20.215733,218996000
2014-06-13,20.196015,20.248587,19.906875,19.994493,218100000
2014-06-16,20.044883,20.3165,20.03174,20.196024,142244000
2014-06-17,20.220115,20.305542,20.108402,20.169735,118904000
2014-06-18,20.211356,20.215738,20.009834,20.191643,134056000
2014-06-19,20.215732,20.217923,20.007637,20.121542,142112000
2014-06-20,20.119356,20.272689,19.911263,19.913454,403592000
2014-06-23,20.003257,20.068972,19.845544,19.895926,174776000
2014-06-24,19.878402,20.095256,19.755736,19.77545,156144000
2014-06-25,19.760115,19.867447,19.63745,19.792973,147476000
2014-06-26,19.795172,19.944124,19.670316,19.911266,130516000
2014-06-27,19.893739,20.152213,19.882786,20.147833,256116000
2014-06-30,20.174118,20.531164,20.171927,20.355927,197929200
2014-07-01,20.485163,20.605639,20.399735,20.485163,152892000
2014-07-02,20.56183,20.603448,20.390973,20.476402,113860000
2014-07-03,20.518018,20.612207,20.415066,20.596874,91567200
2014-07-07,20.620968,21.026202,20.612206,21.021822,225872000
2014-07-08,21.087541,21.203636,20.572783,20.886019,260888000
2014-07-09,20.905732,21.017444,20.756781,20.894779,145744000
2014-07-10,20.537735,20.929827,20.485163,20.818113,158744000
2014-07-11,20.888201,21.004295,20.778678,20.857534,136072000
2014-07-14,20.997726,21.223343,20.951727,21.126963,171240000
2014-07-15,21.203627,21.214578,20.815915,20.879438,181911600
2014-07-16,21.240871,21.269346,20.752398,20.76116,213585200
2014-07-17,20.815922,20.870683,20.277069,20.390972,229192000
2014-07-18,20.50706,20.75239,20.375631,20.684486,199952000
2014-07-21,20.807163,20.809354,20.528975,20.577166,156316000
2014-07-22,20.739256,20.785256,20.616591,20.748018,220788000
2014-07-23,20.901343,21.440195,20.846582,21.289055,371672000
2014-07-24,21.256198,21.317531,21.120389,21.254007,182916000
2014-07-25,21.214582,21.431437,21.168583,21.394199,173876000
2014-07-28,21.427053,21.738097,21.367911,21.689907,221272000
2014-07-29,21.757819,21.781914,21.521249,21.549725,172572000
2014-07-30,21.562869,21.61982,21.394203,21.499346,132040000
2014-07-31,21.282486,21.346007,20.881631,20.940773,227372000
2014-08-01,20.787444,21.164203,20.767729,21.05687,194044000
2014-08-04,21.109439,21.155438,20.846583,20.938581,159832000
2014-08-05,20.88821,20.958305,20.669165,20.83564,223732000
2014-08-06,20.754595,20.914499,20.745833,20.800594,154232000
2014-08-07,20.897446,21.121983,20.714733,20.798386,186844000
2014-08-08,20.749957,20.873233,20.534224,20.855621,167460000
2014-08-11,20.972295,21.150606,20.877637,21.130793,146340000
2014-08-12,21.141796,21.326709,21.047138,21.126387,135180000
2014-08-13,21.166015,21.405962,21.1418,21.405962,127664000
2014-08-14,21.425783,21.478615,21.309111,21.463205,112464000
2014-08-15,21.551255,21.615095,21.322314,21.568867,195804000
2014-08-18,21.681125,21.874845,21.568857,21.828617,190288000
2014-08-19,21.883655,22.163226,21.863842,22.130205,277596000
2014-08-20,22.110396,22.253483,22.002529,22.139013,210796000
2014-08-21,22.139011,22.220461,22.037749,22.141212,133912000
2014-08-22,22.077378,22.337138,22.055365,22.304117,176736000
2014-08-25,22.407582,22.491233,22.295313,22.352549,161080000
2014-08-26,22.326133,22.343744,22.202857,22.209461,132608000
2014-08-27,22.238072,22.579282,22.167628,22.482422,209476000
2014-08-28,22.363554,22.625516,22.35695,22.508844,273840000
2014-08-29,22.643116,22.651922,22.497826,22.563868,178380000
2014-09-02,22.687143,22.836835,22.612298,22.739977,214256000
2014-09-03,22.695956,22.717969,21.700944,21.780193,501684000
2014-09-04,21.760378,22.033345,21.527035,21.59968,342872000
2014-09-05,21.749374,21.879253,21.641506,21.786797,233828000
2014-09-08,21.859434,21.861634,21.584264,21.652506,185426800
2014-09-09,21.811009,22.69155,21.16381,21.57106,759385200
2014-09-10,21.575463,22.257882,21.520429,22.233667,403478400
2014-09-11,22.10378,22.330519,21.929873,22.328318,249412400
2014-09-12,22.279902,22.495635,22.251285,22.378963,250504400
2014-09-15,22.632112,22.684946,22.330528,22.372353,245266000
2014-09-16,21.969511,22.290909,21.769187,22.202854,267632400
2014-09-17,22.2931,22.409773,22.143408,22.361343,243706000
2014-09-18,22.438396,22.530853,22.356946,22.407578,149197600
2014-09-19,22.517643,22.530851,22.123601,22.224863,283609600
2014-09-22,22.409775,22.48462,22.14121,22.246874,211153600
2014-09-23,22.145618,22.660735,22.13241,22.594694,253608800
2014-09-24,22.489022,22.640914,22.27769,22.398766,240687200
2014-09-25,22.125799,22.169825,21.511621,21.544641,400368000
2014-09-26,21.689936,22.178637,21.661319,22.178637,249482000
2014-09-29,21.716351,22.110393,21.711947,22.037748,199065200
2014-09-30,22.191844,22.352544,22.130207,22.178637,221056400
2014-10-01,22.143413,22.165428,21.727357,21.833023,205965200
2014-10-02,21.852835,22.061965,21.58207,21.991522,191031200
2014-10-03,21.89026,22.059763,21.802205,21.929884,173878400
2014-10-06,22.002527,22.156623,21.885856,21.929884,148204800
2014-10-07,21.888055,22.039949,21.733961,21.738363,168376800
2014-10-08,21.740564,22.257881,21.641502,22.18964,229618800
2014-10-09,22.352539,22.537452,22.147813,22.238068,309506000
2014-10-10,22.165427,22.460407,22.079574,22.174232,265326400
2014-10-13,22.306319,22.405379,21.971712,21.971712,214333600
2014-10-14,22.099385,22.128002,21.698739,21.738363,254754400
2014-10-15,21.56666,21.82642,20.952482,21.472002,403734400
2014-10-16,21.033928,21.511621,21.003109,21.190224,288618000
2014-10-17,21.463193,21.793396,21.3113,21.500616,272718800
2014-10-20,21.643707,22.004729,21.621694,21.960703,310069200
2014-10-21,22.678343,22.678343,22.293107,22.55727,378495600
2014-10-22,22.638719,22.918292,22.585887,22.67174,273052400
2014-10-23,22.911683,23.125214,22.812621,23.076784,284298800
2014-10-24,23.153842,23.222083,23.010753,23.162647,188215600
2014-10-27,23.081188,23.219875,23.048168,23.138424,136750800
2014-10-28,23.202265,23.497246,23.191258,23.497246,192243600
2014-10-29,23.47743,23.635928,23.41359,23.629322,210751600
2014-10-30,23.545672,23.631525,23.312329,23.550076,162619200
2014-10-31,23.77682,23.783424,23.600711,23.774618,178557200
2014-11-03,23.82305,24.280932,23.776821,24.082809,209130400
2014-11-04,24.074005,24.102622,23.712984,23.906702,166297600
2014-11-05,24.016764,24.060792,23.803233,23.963932,149743600
2014-11-06,24.010364,24.052372,23.833493,24.032473,139874000
2014-11-07,24.043531,24.169552,23.999314,24.101015,134766000
2014-11-10,24.103215,24.171754,24.025834,24.061209,108782000
2014-11-11,24.032473,24.264618,23.966147,24.253563,109769200
2014-11-12,24.182812,24.636047,24.180602,24.596251,187769600
2014-11-13,24.717843,25.08264,24.673624,24.943354,238091600
2014-11-14,25.016315,25.246249,24.587401,25.244038,176254400
2014-11-17,25.263935,25.929416,25.049479,25.20203,186986800
2014-11-18,25.190984,25.577891,25.179929,25.529251,176896000
2014-11-19,25.522613,25.588939,25.160026,25.352373,167476800
2014-11-20,25.405434,25.836558,25.392167,25.714958,173582000
2014-11-21,25.980267,25.993532,25.653054,25.750334,228717200
2014-11-24,25.83435,26.258842,25.783501,26.22789,189803200
2014-11-25,26.325176,26.475517,25.96701,26.000174,275361600
2014-11-26,26.075345,26.331809,26.051025,26.3097,163073200
2014-11-28,26.369382,26.398125,26.099654,26.294212,99257600
2014-12-01,26.267691,26.364971,24.600673,25.440815,335256000
2014-12-02,25.0937,25.591152,24.927882,25.343531,237395600
2014-12-03,25.591155,25.723808,25.449657,25.630951,172253600
2014-12-04,25.595579,25.911738,25.489457,25.533674,168178000
2014-12-05,25.644206,25.664105,25.345735,25.425327,153275600
2014-12-08,25.226348,25.347948,24.678047,24.850496,230659600
2014-12-09,24.361896,25.270576,24.17618,25.23078,240832000
2014-12-10,25.294903,25.392182,24.660374,24.75102,178261200
2014-12-11,24.81955,25.160029,24.616146,24.678053,165606800
2014-12-12,24.421584,24.733321,24.227025,24.260189,224112400
2014-12-15,24.474645,24.673626,23.512905,23.928555,268872400
2014-12-16,23.51733,24.35526,23.49301,23.601343,243162800
2014-12-17,23.683146,24.284509,23.616818,24.189442,213647200
2014-12-18,24.733327,24.905777,24.465809,24.905777,236024800
2014-12-19,24.819552,25.03622,24.686899,24.713428,353719200
2014-12-22,24.797441,25.091489,24.755433,24.969891,180670000
2014-12-23,25.034015,25.056123,24.863774,24.881462,104113600
2014-12-24,24.8903,24.919041,24.764278,24.764278,57918400
2014-12-26,24.784171,25.319208,24.764273,25.20203,134884000
2014-12-29,25.15782,25.374487,25.137921,25.184351,110395600
2014-12-30,25.124656,25.186561,24.786389,24.877035,119526000
2014-12-31,24.943358,25.011895,24.366313,24.403898,165613600
2015-01-02,24.627201,24.638257,23.733998,24.171757,212818400
2015-01-05,23.941821,24.021413,23.305082,23.490797,257142000
2015-01-06,23.554916,23.751686,23.132634,23.493011,263188400
2015-01-07,23.700837,23.921927,23.590292,23.822437,160423600
2015-01-08,24.149651,24.795233,24.032472,24.737749,237458000
2015-01-09,24.910197,25.038429,24.366316,24.764278,214798000
2015-01-12,24.894721,24.901353,24.05458,24.15407,198603200
2015-01-13,24.636049,24.938943,24.078903,24.36853,268367600
2015-01-14,24.107644,24.428224,23.988255,24.275673,195826400
2015-01-15,24.319883,24.333148,23.581444,23.616817,240056000
2015-01-16,23.663251,23.784851,23.258656,23.433317,314053200
2015-01-20,23.842336,24.092168,23.546076,24.036896,199599600
2015-01-21,24.087741,24.554241,23.9374,24.220396,194303600
2015-01-22,24.377364,24.865973,24.257976,24.850496,215185600
2015-01-23,24.828394,25.148973,24.658154,24.978735,185859200
2015-01-26,25.146758,25.283834,24.938935,25.00526,222460000
2015-01-27,24.85493,24.868196,24.105435,24.129755,382274800
2015-01-28,26.006804,26.115139,25.493876,25.493876,585908400
2015-01-29,25.717176,26.351704,25.549147,26.287588,337745600
2015-01-30,26.17704,26.530784,25.83435,25.902889,334982000
2015-02-02,26.099659,26.347279,25.664112,26.22789,250956400
2015-02-03,26.199153,26.329595,26.002383,26.232317,207662800
2015-02-04,26.199153,26.643544,26.157146,26.433508,280598800
2015-02-05,26.639931,26.686545,26.469021,26.622175,168984800
2015-02-06,26.639927,26.69098,26.291447,26.397989,174826400
2015-02-09,26.31365,26.59998,26.287013,26.573345,155559200
2015-02-10,26.673228,27.112715,26.67101,27.083858,248034000
2015-02-11,27.250331,27.727551,27.190402,27.718672,294247200
2015-02-12,27.980585,28.295773,27.871824,28.06937,297898000
2015-02-13,28.251381,28.251381,27.889583,28.206989,217088800
2015-02-17,28.297993,28.606522,28.171474,28.373461,252609600
2015-02-18,28.329067,28.584324,28.289114,28.571007,179566800
2015-02-19,28.517731,28.639811,28.484438,28.511072,149449600
2015-02-20,28.548807,28.744135,28.42229,28.744135,195793600
2015-02-23,28.859564,29.521011,28.779657,29.521011,283896400
2015-02-24,29.507687,29.654183,29.114812,29.336775,276912400
2015-02-25,29.201375,29.210256,28.444483,28.586538,298846800
2015-02-26,28.586536,29.048218,28.102659,28.948336,365150000
2015-02-27,28.855113,28.981633,28.46446,28.513292,248059200
2015-03-02,28.688646,28.917267,28.477783,28.653131,192386800
2015-03-03,28.624271,28.748569,28.431161,28.713055,151265200
2015-03-04,28.655357,28.757458,28.482227,28.531055,126665200
2015-03-05,28.539935,28.577669,27.914001,28.058277,226068400
2015-03-06,28.499974,28.715278,28.024976,28.100443,291368400
2015-03-09,28.402312,28.759673,27.75862,28.220303,354114000
2015-03-10,28.058278,28.238067,27.478956,27.636549,275426400
2015-03-11,27.689821,27.694259,27.10384,27.132694,275756000
2015-03-12,27.148223,27.723106,26.997288,27.623222,193450800
2015-03-13,27.612129,27.834092,27.208158,27.432339,207309200
2015-03-16,27.496707,27.734207,27.272527,27.734207,143497200
2015-03-17,27.94507,28.260256,27.889579,28.198107,204092400
2015-03-18,28.189222,28.668661,28.049386,28.515507,261083600
2015-03-19,28.57766,28.688641,28.278011,28.300207,183238000
2015-03-20,28.46668,28.499973,27.780817,27.945068,274780400
2015-03-23,28.21587,28.377901,28.082691,28.235846,150838800
2015-03-24,28.240284,28.420072,28.091568,28.120424,131369200
2015-03-25,28.087129,28.149278,27.385727,27.385727,206620800
2015-03-26,27.248107,27.718666,27.212592,27.576611,190291600
2015-03-27,27.649865,27.678719,27.281408,27.356874,158184800
2015-03-30,27.534438,28.056049,27.523339,28.049391,188398800
2015-03-31,27.987245,28.07603,27.60325,27.618788,168362400
2015-04-01,27.705351,27.771941,27.323575,27.578833,162485600
2015-04-02,27.751961,27.8696,27.565513,27.81633,128880400
2015-04-06,27.627671,28.302437,27.596596,28.266922,148776000
2015-04-07,28.331288,28.437829,27.962831,27.96949,140049200
2015-04-08,27.93397,28.05605,27.738643,27.878479,149316800
2015-04-09,27.933971,28.096004,27.669837,28.091564,129936000
2015-04-10,27.956169,28.235842,27.803016,28.211426,160752000
2015-04-13,28.493316,28.537711,28.102663,28.155933,145460400
2015-04-14,28.18923,28.2536,27.947292,28.033857,102098400
2015-04-15,28.058271,28.218083,27.969486,28.140396,115881600
2015-04-16,28.029425,28.211434,27.991691,28.005009,113476000
2015-04-17,27.86739,27.998347,27.62545,27.689819,207828000
2015-04-20,27.871818,28.437821,27.783032,28.322401,188217200
2015-04-21,28.433392,28.455586,28.115984,28.169256,129740400
2015-04-22,28.187007,28.604296,28.038293,28.548805,150618000
2015-04-23,28.477775,28.948334,28.44226,28.781862,183083600
2015-04-24,28.963877,28.994951,28.684202,28.917263,178103600
2015-04-27,29.367847,29.549858,29.11037,29.443314,387816800
2015-04-28,29.845069,29.862823,28.759673,28.979414,475696000
2015-04-29,28.890635,29.20804,28.477785,28.553251,253544400
2015-04-30,28.553251,28.553251,27.652084,27.778603,332781600
2015-05-01,27.989468,28.883978,27.811899,28.622061,234050400
2015-05-04,28.744137,28.981639,28.468902,28.566566,203953200
2015-05-05,28.444486,28.511075,27.918436,27.922876,197085600
2015-05-06,28.091571,28.133744,27.381292,27.74753,288564000
2015-05-07,27.80993,28.101917,27.642763,27.919147,175763600
2015-05-08,28.235656,28.445173,28.108609,28.445173,222201600
2015-05-11,28.393904,28.431795,28.001618,28.155413,168143200
2015-05-12,27.994934,28.280232,27.82108,28.055115,192640000
2015-05-13,28.117523,28.349329,28.055115,28.086319,138776800
2015-05-14,28.398372,28.741621,28.34265,28.741621,180814000
2015-05-15,28.768366,28.861979,28.57668,28.701498,152832000
2015-05-18,28.614564,29.136125,28.610106,29.017994,203531600
2015-05-19,29.12944,29.171789,28.895405,28.991249,178532800
2015-05-20,28.975648,29.194079,28.828541,28.989021,145819600
2015-05-21,28.991249,29.338956,28.937754,29.285461,158921600
2015-05-22,29.332273,29.63763,29.287692,29.541786,182384000
2015-05-26,29.555167,29.624262,28.779508,28.890953,282790400
2015-05-27,29.051424,29.479372,28.986788,29.430336,183332800
2015-05-28,29.390224,29.410283,29.220829,29.372393,122933200
2015-05-29,29.2498,29.298836,28.953356,29.038055,203538000
2015-06-01,29.038056,29.285464,28.986793,29.096006,128451200
2015-06-02,28.944438,29.12275,28.824079,28.966728,134670400
2015-06-03,29.122766,29.185174,28.953367,29.002403,123934000
2015-06-04,28.882029,29.104918,28.732693,28.832993,153800400
2015-06-05,28.864203,28.906553,28.610109,28.674746,142507200
2015-06-08,28.730471,28.79957,28.269091,28.485294,210699200
2015-06-09,28.240108,28.547697,27.999389,28.400589,224301600
2015-06-10,28.51204,28.828542,28.496437,28.726015,156349200
2015-06-11,28.792883,29.015773,28.636861,28.661379,141563600
2015-06-12,28.57222,28.603424,28.331499,28.344872,147544800
2015-06-15,28.106379,28.360473,28.019452,28.289148,175955600
2015-06-16,28.313665,28.496434,28.166559,28.440712,125976400
2015-06-17,28.467459,28.503121,28.249027,28.373846,131672400
2015-06-18,28.358244,28.598963,28.356014,28.50312,141628800
2015-06-19,28.465231,28.489749,28.173246,28.217823,218867600
2015-06-22,28.416189,28.543236,28.324805,28.442936,136157200
2015-06-23,28.413965,28.44294,28.28023,28.313663,121075600
2015-06-24,28.353789,28.931074,28.33373,28.55439,221123600
2015-06-25,28.721547,28.797329,28.418417,28.418417,127752400
2015-06-26,28.456315,28.52764,28.197764,28.251257,176267200
2015-06-29,27.963729,28.188847,27.745298,27.756441,196645600
2015-06-30,27.988253,28.110843,27.830001,27.957048,177482800
2015-07-01,28.284691,28.293606,28.08186,28.217823,120955200
2015-07-02,28.17993,28.237882,28.032822,28.182159,108844000
2015-07-06,27.847825,28.135353,27.827764,28.084087,112241600
2015-07-07,28.059567,28.117519,27.587041,28.01499,187787200
2015-07-08,27.745296,27.780958,27.31289,27.319576,243046400
2015-07-09,27.60487,27.651677,26.572892,26.762348,314380000
2015-07-10,27.179154,27.604872,27.016444,27.477825,245418000
2015-07-13,27.867889,28.030599,27.709637,28.00831,165762000
2015-07-14,28.093008,28.166562,27.870119,27.997166,127072400
2015-07-15,28.021675,28.340407,27.990471,28.266853,134596800
2015-07-16,28.471911,28.656912,28.384985,28.643536,144889600
2015-07-17,28.770594,28.890953,28.598968,28.890953,184658800
2015-07-20,29.191849,29.637628,29.131668,29.437029,235600800
2015-07-21,29.610884,29.626485,29.046974,29.142815,307025600
2015-07-22,27.190297,27.972639,27.190297,27.910231,461802400
2015-07-23,28.128664,28.327035,27.87457,27.89686,203998000
2015-07-24,27.932518,28.026131,27.616015,27.749748,168649200
2015-07-27,27.435481,27.551385,27.21928,27.364157,177822000
2015-07-28,27.500114,27.618247,27.315117,27.500114,134472400
2015-07-29,27.448848,27.526859,27.252704,27.413185,148046800
2015-07-30,27.26386,27.319583,27.127897,27.275005,134513200
2015-07-31,27.326262,27.335178,26.94958,27.036507,171540000
2015-08-03,27.081078,27.31957,26.193977,26.399036,279904000
2015-08-04,26.17169,26.234099,25.242241,25.552057,496554400
2015-08-05,25.175374,26.17615,24.985918,25.721455,397250400
2015-08-06,25.965505,26.084171,25.551293,25.77743,211612000
2015-08-07,25.65429,26.0282,25.636378,25.864754,154681600
2015-08-10,26.090891,26.86558,26.090891,26.805128,219806400
2015-08-11,26.37748,26.460323,25.374415,25.410238,388331200
2015-08-12,25.195296,25.842363,24.54599,25.802061,404870000
2015-08-13,25.981183,26.061787,25.645336,25.781914,194143200
2015-08-14,25.596081,26.041638,25.526673,25.963274,171718000
2015-08-17,25.981188,26.341664,25.860282,26.231955,163538800
2015-08-18,26.0685,26.294638,25.974463,26.084173,138242800
2015-08-19,25.994615,26.088652,25.67668,25.750566,193146000
2015-08-20,25.542343,25.602795,24.993791,25.222168,274006400
2015-08-21,24.725108,25.054239,23.654874,23.679502,513102000
2015-08-24,21.241252,24.360159,20.598663,23.088415,648825200
2015-08-25,24.877363,24.877363,23.173495,23.22723,414406400
2015-08-26,23.97729,24.604206,23.520538,24.559427,387098400
2015-08-27,25.128119,25.354255,24.633302,25.282608,338464400
2015-08-28,25.114689,25.369933,24.973633,25.365456,212657600
2015-08-31,25.083345,25.643091,25.076629,25.246792,224917200
2015-09-01,24.662421,25.049764,24.037744,24.118347,307383600
2015-09-02,24.680328,25.152752,24.434038,25.152752,247555200
2015-09-03,25.186341,25.251272,24.637791,24.711678,212935600
2015-09-04,24.398219,24.729588,24.295226,24.465387,199985200
2015-09-08,25.020659,25.202016,24.700484,25.146042,219374400
2015-09-09,25.470682,25.528895,24.577326,24.662409,340043200
2015-09-10,24.689283,25.363218,24.606442,25.20425,251571200
2015-09-11,25.02961,25.571444,25.022893,25.571444,199662000
2015-09-14,26.10209,26.171498,25.716984,25.817738,233453600
2015-09-15,25.956556,26.090894,25.618468,26.03492,173364800
2015-09-16,26.028196,26.093126,25.846838,26.06402,148694000
2015-09-17,25.896098,26.081933,25.461735,25.506514,256450400
2015-09-18,25.123648,25.591596,25.047523,25.401281,297141200
2015-09-21,25.450547,25.831176,25.448309,25.795351,200888000
2015-09-22,25.385604,25.564724,25.193052,25.390083,201384800
2015-09-23,25.441586,25.685637,25.367701,25.596077,143026800
2015-09-24,25.356503,25.860275,25.159473,25.748325,200878000
2015-09-25,26.070742,26.126717,25.528907,25.683397,224607600
2015-09-28,25.49084,25.652047,25.175144,25.175144,208436000
2015-09-29,25.26247,25.414721,24.149694,24.418371,293461600
2015-09-30,24.666897,24.973639,24.344484,24.696005,265892000
2015-10-01,24.420603,24.543748,24.026542,24.534792,255716400
2015-10-02,24.183275,24.85497,24.080282,24.713913,232079200
2015-10-05,24.601965,24.935575,24.420608,24.803474,208258800
2015-10-06,24.769883,25.018411,24.577331,24.922134,192787200
2015-10-07,25.018417,25.025133,24.496735,24.803474,187062400
2015-10-08,24.671372,24.671372,24.228053,24.516882,247918400
2015-10-09,24.628837,25.139325,24.514648,25.103502,211064400
2015-10-12,25.240078,25.244556,24.951249,24.987072,121868800
2015-10-13,24.812432,25.177386,24.781086,25.029613,132197200
2015-10-14,24.917663,24.969158,24.530317,24.675852,177849600
2015-10-15,24.837062,25.099023,24.738547,25.045288,150694000
2015-10-16,25.027371,25.076629,24.747498,24.861687,156930400
2015-10-19,24.807952,25.020655,24.653462,25.016178,119036800
2015-10-20,24.928854,25.562487,24.812427,25.472927,195871200
2015-10-21,25.524427,25.878187,25.457257,25.470692,167180800
2015-10-22,25.598313,25.860273,25.546815,25.860273,166616400
2015-10-23,26.128957,26.695422,26.046116,26.661837,237467600
2015-10-26,26.437932,26.449126,25.730412,25.811016,265335200
2015-10-27,25.837889,26.093133,25.522191,25.647575,279537600
2015-10-28,26.180449,26.711089,25.985657,26.70437,342205600
2015-10-29,26.576748,27.022307,26.480472,26.986483,204909200
2015-10-30,27.089483,27.14098,26.744679,26.755875,197461200
2015-11-02,27.046936,27.172319,26.780497,27.132017,128813200
2015-11-03,27.044698,27.649224,27.024547,27.443237,182076000
2015-11-04,27.568623,27.723114,27.230538,27.315619,179544400
2015-11-05,27.398812,27.587693,27.023302,27.189695,158210800
2015-11-06,27.232414,27.389813,27.122235,27.22117,132169200
2015-11-09,27.198688,27.389816,26.99407,27.110994,135485600
2015-11-10,26.285769,26.548851,26.096888,26.256536,236511600
2015-11-11,26.166602,26.402701,25.905767,26.108139,180872000
2015-11-12,26.14186,26.267779,26.004697,26.020437,130102400
2015-11-13,25.903511,25.986708,25.24468,25.26042,183249600
2015-11-16,25.044558,25.687649,24.959113,25.674158,152426800
2015-11-17,25.840553,25.869786,25.480782,25.56398,110467600
2015-11-18,26.029436,26.418437,25.970972,26.373466,186698800
2015-11-19,26.452163,26.926611,26.25429,26.7085,173183200
2015-11-20,26.802941,26.964838,26.724241,26.825428,137148400
2015-11-23,26.818682,26.922118,26.384708,26.4769,129930000
2015-11-24,26.382455,26.836665,26.335235,26.730982,171212800
2015-11-25,26.805189,26.809687,26.515123,26.539858,85553200
2015-11-27,26.598317,26.625301,26.443165,26.490385,52185600
2015-11-30,26.530866,26.850164,26.476901,26.600573,156721200
2015-12-01,26.701756,26.715246,26.276776,26.384706,139409600
2015-12-02,26.38471,26.557851,26.101392,26.146362,133546400
2015-12-03,26.207069,26.261034,25.683152,25.903511,166278000
2015-12-04,25.923756,26.81419,25.883282,26.764721,231108000
2015-12-07,26.753472,26.951346,26.490388,26.596071,128336800
2015-12-08,26.425181,26.668027,26.276777,26.584831,137238000
2015-12-09,26.452167,26.463411,25.876534,25.997957,185445600
2015-12-10,26.092393,26.294765,25.973219,26.121624,116850800
2015-12-11,25.901267,25.946238,25.375101,25.449305,187544800
2015-12-14,25.224445,25.336873,24.687037,25.291903,257274800
2015-12-15,25.170478,25.363855,24.812955,24.844435,213292400
2015-12-16,24.974852,25.18172,24.464428,25.035563,224954000
2015-12-17,25.188469,25.240187,24.504906,24.504906,179091200
2015-12-18,24.489165,24.626326,23.792107,23.841576,385813200
2015-12-21,24.122647,24.142885,23.738142,24.13389,190362400
2015-12-22,24.149635,24.22159,23.93602,24.11141,131157600
2015-12-23,24.120398,24.475672,24.104658,24.421707,130629600
2015-12-24,24.509404,24.509404,24.273303,24.291292,54281600
2015-12-28,24.192346,24.214833,23.875299,24.019207,106816800
2015-12-29,24.050698,24.606095,24.028213,24.450943,123724800
2015-12-30,24.414958,24.441939,24.100158,24.131638,100855200
2015-12-31,24.061939,24.066436,23.569502,23.66844,163649200
2016-01-04,23.072566,23.693171,22.935403,23.688673,270597600
2016-01-05,23.778612,23.801097,23.027591,23.095047,223164000
2016-01-06,22.611608,23.0186,22.456457,22.643087,273829600
2016-01-07,22.18888,22.514922,21.682952,21.687449,324377600
2016-01-08,22.159647,22.285567,21.757153,21.802124,283192000
2016-01-11,22.254087,22.274323,21.887569,22.155149,198957600
2016-01-12,22.609366,22.640846,22.224859,22.4767,196616800
2016-01-13,22.557646,22.753272,21.878579,21.898815,249758400
2016-01-14,22.026978,22.593618,21.527796,22.377754,252680400
2016-01-15,21.631236,21.97077,21.442357,21.840353,319335600
2016-01-19,22.128172,22.182137,21.473838,21.734673,212350800
2016-01-20,21.383886,22.078695,21.006127,21.763895,289337600
2016-01-21,21.824603,22.008986,21.347908,21.653713,208646000
2016-01-22,22.177636,22.813981,22.119174,22.804987,263202000
2016-01-25,22.827473,22.829722,22.308054,22.359772,207178000
2016-01-26,22.469948,22.683561,22.051714,22.483438,300308000
2016-01-27,21.59526,21.727925,20.988145,21.006134,533478800
2016-01-28,21.08933,21.253475,20.77453,21.156786,222715200
2016-01-29,21.314189,21.887573,21.215251,21.887573,257666000
2016-02-01,21.691942,21.745907,21.451345,21.682947,163774000
2016-02-02,21.455839,21.595251,21.199502,21.244474,149428800
2016-02-03,21.361403,21.775138,21.154535,21.664959,183857200
2016-02-04,21.671739,22.004072,21.520267,21.839035,185886800
2016-02-05,21.820947,21.911378,21.18115,21.255754,185672400
2016-02-08,21.054545,21.635562,21.034199,21.47957,216085600
2016-02-09,21.316806,21.689834,21.235418,21.47506,177324800
2016-02-10,21.685308,21.782521,21.273848,21.312281,169374400
2016-02-11,21.203768,21.41402,20.932475,21.18342,200298800
2016-02-12,21.294202,21.364285,21.027431,21.248985,161405600
2016-02-16,21.48184,21.895561,21.389149,21.848085,196231600
2016-02-17,21.854856,22.203015,21.737297,22.182669,179452800
2016-02-18,22.34545,22.356755,21.723738,21.762173,156084000
2016-02-19,21.703397,21.875216,21.658182,21.71244,141496800
2016-02-22,21.773474,21.906861,21.685304,21.902338,137123200
2016-02-23,21.793824,21.816431,21.375582,21.407232,127770400
2016-02-24,21.246718,21.789301,21.097506,21.726,145022800
2016-02-25,21.714699,21.875214,21.533837,21.875214,110330800
2016-02-26,21.974683,22.160066,21.834517,21.909122,115964400
2016-02-29,21.897819,22.207545,21.850343,21.859386,140865200
2016-03-01,22.076423,22.781782,22.024424,22.727524,201628400
2016-03-02,22.722998,22.808907,22.52631,22.777256,132678400
2016-03-03,22.738833,22.994299,22.709442,22.946823,147822800
2016-03-04,23.143507,23.455493,22.91743,23.288197,184220400
2016-03-07,23.148025,23.2475,22.824735,23.030466,143315600
2016-03-08,22.784044,23.0056,22.698135,22.840563,126247600
2016-03-09,22.903856,22.964898,22.668736,22.860903,108806800
2016-03-10,22.926471,23.114114,22.641614,22.872211,134054400
2016-03-11,23.114116,23.12316,22.94682,23.118639,109632800
2016-03-14,23.039507,23.265584,23.010116,23.177412,100304400
2016-03-15,23.502972,23.778787,23.478104,23.643141,160270800
2016-03-16,23.649921,24.034251,23.645399,23.957386,153214000
2016-03-17,23.85565,24.070424,23.729047,23.918953,137682800
2016-03-18,24.041033,24.077206,23.781046,23.946081,176820800
2016-03-21,23.948336,24.337189,23.769735,23.943815,142010800
2016-03-22,23.794604,24.255802,23.785561,24.126938,129777600
2016-03-23,24.072683,24.206068,23.941558,23.993555,102814000
2016-03-24,23.84434,24.02068,23.713215,23.889555,104532000
2016-03-28,23.964168,24.007123,23.751655,23.781046,77645600
2016-03-29,23.713224,24.368847,23.710962,24.343979,124760400
2016-03-30,24.563272,24.963427,24.551967,24.769001,182404400
2016-03-31,24.80517,24.845864,24.615264,24.640133,103553600
2016-04-01,24.59266,24.868474,24.461535,24.866213,103496000
2016-04-04,24.963424,25.363582,24.929512,25.121679,149424800
2016-04-05,24.757697,25.033512,24.73735,24.82552,106314800
2016-04-06,24.920471,25.090029,24.68761,25.085506,105616400
2016-04-07,24.857163,24.963419,24.443443,24.538395,127207600
2016-04-08,24.622044,24.816469,24.454746,24.565525,94326800
2016-04-11,24.635616,25.006383,24.603966,24.646919,117630000
2016-04-12,24.719257,24.981507,24.565526,24.967943,108929200
2016-04-13,25.049333,25.39749,25.049333,25.329668,133029200
2016-04-14,25.234713,25.408792,25.169151,25.343229,101895600
2016-04-15,25.345497,25.388452,24.807434,24.834562,187756000
2016-04-18,24.617523,24.631087,24.176674,24.298756,243286000
2016-04-19,24.389188,24.416318,24.016163,24.169895,129539600
2016-04-20,24.10885,24.436661,23.977725,24.219627,122444000
2016-04-21,24.17442,24.17442,23.85565,23.957386,126210000
2016-04-22,23.740352,24.072685,23.652182,23.891823,134732400
2016-04-25,23.738086,23.885036,23.627308,23.756172,112126400
2016-04-26,23.491668,23.805915,23.491668,23.591141,224064800
2016-04-27,21.703393,22.316061,21.631048,22.114853,458408400
2016-04-28,22.067379,22.128419,21.30776,21.438885,328970800
2016-04-29,21.248976,21.414013,20.914383,21.192457,274126000
2016-05-02,21.244455,21.269324,20.889514,21.169849,192640400
2016-05-03,21.296461,21.644619,21.178901,21.518017,227325200
2016-05-04,21.522539,21.680794,21.210554,21.294203,164102000
2016-05-05,21.380623,21.396545,21.080385,21.207758,143562000
2016-05-06,21.237332,21.255527,20.891602,21.089487,174799600
2016-05-09,21.153173,21.328311,21.059916,21.105408,131745600
2016-05-10,21.228233,21.282821,20.95074,21.248703,134747200
2016-05-11,21.262351,21.282821,21.030348,21.041721,114876400
2016-05-12,21.08949,21.103136,20.350266,20.548149,305258800
2016-05-13,20.470815,20.850662,20.470815,20.58909,177571200
2016-05-16,21.014425,21.469332,20.84611,21.353331,245039200
2016-05-17,21.505724,21.53984,21.155445,21.264622,187667600
2016-05-18,21.417023,21.655848,21.35561,21.508003,168249600
2016-05-19,21.526197,21.526197,21.282822,21.426117,121768400
2016-05-20,21.526196,21.705884,21.498901,21.658119,128104000
2016-05-23,21.805959,22.106198,21.760467,21.933332,152074400
2016-05-24,22.113028,22.310911,22.026595,22.267696,140560800
2016-05-25,22.442827,22.686202,22.315454,22.658909,152675200
2016-05-26,22.672562,22.911389,22.43601,22.838604,225324800
2016-05-27,22.617968,22.852244,22.574751,22.824949,145364800
2016-05-31,22.654364,22.836328,22.476951,22.713503,169228800
2016-06-01,22.522444,22.640721,22.365503,22.395071,116693200
2016-06-02,22.199464,22.254052,21.978834,22.226759,160766400
2016-06-03,22.242677,22.351854,22.165342,22.272245,114019600
2016-06-06,22.288163,23.175232,22.188085,22.433733,93170000
2016-06-07,22.574757,22.715779,22.508796,22.524717,89638000
2016-06-08,22.522445,22.64527,22.445111,22.50425,83392400
2016-06-09,22.404169,22.743074,22.395071,22.665741,106405600
2016-06-10,22.410988,22.5975,22.399617,22.479225,126851600
2016-06-13,22.447385,22.54519,22.085733,22.140322,152082000
2016-06-14,22.135771,22.399617,22.006122,22.167614,127727600
2016-06-15,22.2495,22.383698,22.069811,22.094831,117780800
2016-06-16,21.937895,22.233585,21.851463,22.188095,125307200
2016-06-17,21.976551,21.983374,21.676313,21.683136,244032800
2016-06-20,21.835534,21.965182,21.614903,21.630825,137647600
2016-06-21,21.594437,21.915146,21.535299,21.815067,142185600
2016-06-22,21.892398,22.037968,21.687689,21.733181,116876400
2016-06-23,21.82189,21.901499,21.664947,21.858282,128960800
2016-06-24,21.132704,21.530748,21.073566,21.244156,301245600
2016-06-27,21.153171,21.164545,20.811991,20.934816,181958400
2016-06-28,21.130427,21.303292,20.957562,21.287369,161779600
2016-06-29,21.373806,21.505729,21.296471,21.471611,146124000
2016-06-30,21.480713,21.783225,21.44887,21.744558,143345600
2016-07-01,21.719533,21.942438,21.683141,21.810514,104106000
2016-07-05,21.69679,21.699065,21.485258,21.605808,110820800
2016-07-06,21.5171,21.758202,21.464787,21.728632,123796400
2016-07-07,21.767292,21.949256,21.749097,21.821882,100558400
2016-07-08,21.946985,22.037967,21.846907,21.990202,115648400
2016-07-11,22.006126,22.210835,22.001578,22.058441,95179600
2016-07-12,22.101653,22.222203,22.090281,22.158516,96670000
2016-07-13,22.156242,22.215378,22.026592,22.033417,103568800
2016-07-14,22.151694,22.515619,22.135772,22.470129,155676000
2016-07-15,22.499693,22.586126,22.404163,22.46785,120548000
2016-07-18,22.449661,22.774919,22.426916,22.706684,145975600
2016-07-19,22.645272,22.745352,22.595232,22.715784,95119600
2016-07-20,22.745348,22.849977,22.68621,22.73625,105104000
2016-07-21,22.706674,22.972794,22.547455,22.615692,130808000
2016-07-22,22.577033,22.586131,22.360951,22.440561,113254800
2016-07-25,22.347305,22.481502,22.044792,22.140322,161531600
2016-07-26,22.022043,22.283615,21.931061,21.987925,224959200
2016-07-27,23.716573,23.734769,23.370844,23.416334,369379200
2016-07-28,23.389041,23.757514,23.386766,23.732494,159479200
2016-07-29,23.698376,23.78026,23.582375,23.702925,110934800
2016-08-01,23.748419,24.144188,23.748419,24.121443,152671600
2016-08-02,24.121441,24.12599,23.655161,23.764339,135266400
2016-08-03,23.839396,24.073673,23.830298,24.062302,120810400
2016-08-04,24.14463,24.240677,24.076024,24.210949,109634800
2016-08-05,24.302421,24.618008,24.28184,24.579132,162213600
2016-08-08,24.588275,24.78266,24.50595,24.78266,112148800
2016-08-09,24.750643,24.91301,24.700332,24.88328,105260800
2016-08-10,24.860418,24.903869,24.643167,24.698051,96034000
2016-08-11,24.816967,24.910729,24.663748,24.682043,109938000
2016-08-12,24.647736,24.798669,24.647736,24.73921,74641600
2016-08-15,24.730069,25.050229,24.716348,25.036509,103472800
2016-08-16,25.070803,25.208016,24.974756,25.013632,135177600
2016-08-17,24.949606,25.011352,24.775804,24.977049,101424000
2016-08-18,24.97933,25.063942,24.931304,24.945026,87938800
2016-08-19,24.874134,25.084527,24.780374,25.00906,101472400
2016-08-22,24.89472,24.949604,24.663747,24.81468,103280800
2016-08-23,24.832974,24.999916,24.819254,24.892433,85030800
2016-08-24,24.828399,24.869562,24.624869,24.704908,94700400
2016-08-25,24.558547,24.670602,24.39618,24.59971,100344800
2016-08-26,24.563129,24.686618,24.311573,24.455647,111065200
2016-08-29,24.382463,24.569985,24.306997,24.4282,99881200
2016-08-30,24.194946,24.355025,24.12634,24.240683,99455600
2016-08-31,24.162922,24.371025,24.158347,24.263542,118649600
2016-09-01,24.272692,24.423625,24.153776,24.407618,106806000
2016-09-02,24.629443,24.698049,24.4282,24.636305,107210000
2016-09-06,24.675188,24.766663,24.586001,24.62945,107521600
2016-09-07,24.659177,24.871855,24.485376,24.78038,169457200
2016-09-08,24.526542,24.531115,24.066883,24.130915,212008000
2016-09-09,23.929668,24.176649,23.584352,23.584352,186228000
2016-09-12,23.474584,24.176649,23.447141,24.112617,181171200
2016-09-13,24.586,24.878718,24.524254,24.686621,248704800
2016-09-14,24.864987,25.848335,24.835257,25.56019,443554800
2016-09-15,26.038141,26.465784,25.953527,26.429193,359934400
2016-09-16,26.32629,26.557261,26.079309,26.280552,319547600
2016-09-19,26.342299,26.568698,25.898649,25.974115,188092000
2016-09-20,25.852913,26.097606,25.729422,25.971828,138057200
2016-09-21,26.035857,26.067873,25.713412,25.967253,144012800
2016-09-22,26.150204,26.28513,26.070165,26.21195,124296000
2016-09-23,26.16621,26.250824,25.509883,25.775158,209924800
2016-09-26,25.530462,25.930662,25.509881,25.814032,119477600
2016-09-27,25.841478,25.882641,25.690544,25.862059,98429600
2016-09-28,25.99927,26.216521,25.939812,26.058727,118564400
2016-09-29,25.878068,26.024427,25.567056,25.653955,143548000
2016-09-30,25.717995,25.9261,25.567063,25.852921,145516400
2016-10-03,25.775159,25.852913,25.676824,25.731709,86807200
2016-10-04,25.855199,26.141056,25.756864,25.841478,118947200
2016-10-05,25.93296,25.992419,25.770594,25.852921,85812400
2016-10-06,26.001561,26.147919,25.87121,26.045012,115117200
2016-10-07,26.141059,26.19823,25.958111,26.083887,97433600
2016-10-10,26.303423,26.69905,26.234819,26.538971,144944000
2016-10-11,26.916296,27.142696,26.573268,26.596138,256164000
2016-10-12,26.836264,26.980337,26.699053,26.833977,150347200
2016-10-13,26.708191,26.856837,26.463498,26.751642,140769600
2016-10-14,26.957461,27.02378,26.785947,26.90029,142608800
2016-10-17,26.831689,26.948317,26.705911,26.882,94499600
2016-10-18,27.026069,27.03293,26.859128,26.863703,98214000
2016-10-19,26.813391,26.930021,26.024427,26.783663,80138400
2016-10-20,26.724201,26.843117,26.602998,26.769938,96503200
2016-10-21,26.712769,26.735639,26.591566,26.664745,92770800
2016-10-24,26.779091,26.92545,26.756223,26.904869,94154800
2016-10-25,26.973464,27.067226,26.827105,27.04207,192516000
2016-10-26,26.141056,26.458929,25.91237,26.433773,264536800
2016-10-27,26.388039,26.495521,26.093034,26.179935,138248000
2016-10-28,26.040432,26.346869,25.944382,26.006128,151446800
2016-10-31,25.990121,26.122759,25.887212,25.964966,105677600
2016-11-01,25.94667,26.017562,25.276621,25.496159,175303200
2016-11-02,25.475584,25.692835,25.436708,25.519033,113326800
2016-11-03,25.509842,25.620173,25.181142,25.245502,107730400
2016-11-04,24.946681,25.34204,24.85014,25.017937,123348000
2016-11-07,25.302964,25.401804,25.160451,25.378819,130240000
2016-11-08,25.35583,25.679933,25.215616,25.528225,97016800
2016-11-09,25.256989,25.587988,24.836347,25.486849,236705600
2016-11-10,25.535121,25.535121,24.32606,24.776585,228538000
2016-11-11,24.622579,25.024833,24.491559,24.923695,136575600
2016-11-14,24.758193,24.781178,23.923803,24.298473,204702000
2016-11-15,24.496159,24.751303,24.401917,24.620283,129058000
2016-11-16,24.526037,25.337444,24.503052,25.282276,235362000
2016-11-17,25.240903,25.365027,25.015641,25.273083,110528000
2016-11-18,25.220213,25.408698,25.206422,25.298365,113715600
2016-11-21,25.312159,25.741996,25.286875,25.682234,117058400
2016-11-22,25.732798,25.840832,25.606376,25.69832,103862000
2016-11-23,25.597174,25.631654,25.360419,25.567293,109705600
2016-11-25,25.544321,25.714419,25.502947,25.69603,45903600
2016-11-28,25.61327,25.852325,25.604076,25.645451,108776000
2016-11-29,25.463858,25.751183,25.300658,25.620163,114115200
2016-11-30,25.652353,25.790269,25.346639,25.404104,144649200
2016-12-01,25.369623,25.500643,25.06161,25.167345,148347600
2016-12-02,25.093794,25.305265,25.020239,25.261593,106112000
2016-12-05,25.284569,25.291465,24.882315,25.079994,137298000
2016-12-06,25.169647,25.367326,25.098391,25.273083,104782000
2016-12-07,25.114477,25.558106,25.091491,25.521328,119994800
2016-12-08,25.482257,25.843137,25.422493,25.771881,108273200
2016-12-09,25.815546,26.364911,25.815546,26.192516,137610400
2016-12-12,26.040813,26.433873,25.856924,26.043112,105497600
2016-12-13,26.167233,26.645341,26.146546,26.477545,174935200
2016-12-14,26.443065,26.709702,26.429274,26.477545,136127200
2016-12-15,26.521218,26.83153,26.48674,26.622356,186098000
2016-12-16,26.771769,26.778665,26.583284,26.656839,177404400
2016-12-19,26.617761,26.980938,26.606267,26.810843,111117600
2016-12-20,26.833827,27.008521,26.820036,26.882097,85700000
2016-12-21,26.847623,26.985538,26.843024,26.907385,95132800
2016-12-22,26.74418,26.780958,26.580979,26.730389,104343600
2016-12-23,26.569489,26.783258,26.569489,26.783258,56998000
2016-12-27,26.783256,27.077478,26.776361,26.953354,73187600
2016-12-28,27.013123,27.128052,26.709708,26.83843,83623600
2016-12-29,26.767167,26.918876,26.755675,26.83153,60158000
2016-12-30,26.81314,26.939562,26.532711,26.622356,122345200
2017-01-03,26.617761,26.739586,26.378707,26.698212,115127600
2017-01-04,26.629255,26.780964,26.60627,26.668331,84472400
2017-01-05,26.645346,26.861414,26.620061,26.803949,88774400
2017-01-06,26.843025,27.160233,26.771769,27.102768,127007600
2017-01-09,27.111959,27.452152,27.109661,27.351013,134247600
2017-01-10,27.300446,27.440661,27.192413,27.378599,97848400
2017-01-11,27.29355,27.567084,27.26137,27.525709,110354400
2017-01-12,27.330331,27.422276,27.171727,27.410782,108344800
2017-01-13,27.378593,27.495822,27.309635,27.362503,104447600
2017-01-17,27.201604,27.638338,27.174022,27.583172,137759200
2017-01-18,27.583171,27.698101,27.516511,27.580872,94852000
2017-01-19,27.445258,27.60386,27.438363,27.532604,102389200
2017-01-20,27.686608,27.686608,27.52111,27.583172,130391600
2017-01-23,27.583171,27.769357,27.530303,27.601561,88200800
2017-01-24,27.479736,27.606158,27.468242,27.576277,92844000
2017-01-25,27.679713,28.065878,27.647533,28.015308,129510400
2017-01-26,27.967039,28.144032,27.950949,28.029102,105350400
2017-01-27,28.075075,28.123345,27.95095,28.031401,82251600
2017-01-30,27.796943,27.957844,27.734881,27.957844,121510000
2017-01-31,27.847513,27.902679,27.725687,27.893484,196804000
2017-02-01,29.199089,29.994405,29.194493,29.594448,447940000
2017-02-02,29.417451,29.741552,29.371478,29.543873,134841600
2017-02-03,29.493305,29.695582,29.458827,29.670298,98029200
2017-02-06,29.681787,29.996694,29.628917,29.948421,107383600
2017-02-07,30.005893,30.362177,29.985207,30.233456,152735200
2017-02-08,30.192081,30.392058,30.162198,30.350681,92016400
2017-02-09,30.392236,30.576921,30.269882,30.569996,113399600
2017-02-10,30.57923,30.69004,30.484578,30.500736,80262000
2017-02-13,30.722356,30.893191,30.646173,30.770834,92141600
2017-02-14,30.812384,31.18637,30.761595,31.170212,132904800
2017-02-15,31.285659,31.458801,31.077886,31.283348,142492400
2017-02-16,31.320286,31.373382,31.128675,31.246414,90338400
2017-02-17,31.188695,31.35722,31.188695,31.331825,88792800
2017-02-21,31.44957,31.569617,31.391856,31.558073,98028800
2017-02-22,31.495726,31.655017,31.421854,31.65271,83347600
2017-02-23,31.715049,31.738133,31.465724,31.51882,83152800
2017-02-24,31.375697,31.54884,31.230257,31.54884,87106400
2017-02-27,31.659634,31.728892,31.461097,31.611153,81029600
2017-02-28,31.645786,31.728894,31.558059,31.62501,93931600
2017-03-01,31.83279,32.354524,31.765843,32.271416,145658400
2017-03-02,32.319881,32.38452,32.033618,32.079792,104844000
2017-03-03,32.038248,32.280648,31.994384,32.269104,84432400
2017-03-06,32.174444,32.266789,31.996687,32.167519,87000000
2017-03-07,32.102877,32.315264,32.040544,32.209072,69785200
2017-03-08,32.07748,32.273709,32.047471,32.089024,74828800
2017-03-09,32.029014,32.040554,31.638866,32.01516,88623600
2017-03-10,32.146751,32.172146,32.005929,32.121357,78451200
2017-03-13,32.054407,32.1883,32.047481,32.135204,69686800
2017-03-14,32.158281,32.239078,32.052085,32.086716,61236400
2017-03-15,32.183687,32.493033,32.09596,32.426086,102767200
2017-03-16,32.486105,32.555362,32.379909,32.479179,76928000
2017-03-17,32.550749,32.550749,32.294498,32.317585,175540000
2017-03-20,32.41223,32.666173,32.372985,32.65694,86168000
2017-03-21,32.806996,32.966288,32.257557,32.282951,158119600
2017-03-22,32.285255,32.689253,32.264475,32.647697,103440800
2017-03-23,32.61077,32.684646,32.460715,32.53228,81385200
2017-03-24,32.666165,32.721572,32.400682,32.467628,89582400
2017-03-27,32.179071,32.601539,32.001311,32.523048,94300400
2017-03-28,32.529965,33.252543,32.463015,33.19714,133499200
2017-03-29,33.169438,33.356434,33.05632,33.271015,116760000
2017-03-30,33.287175,33.35874,33.127883,33.22715,84829200
2017-03-31,33.17868,33.305652,33.01477,33.164829,78646800
2017-04-03,33.176368,33.271016,33.024002,33.174057,79942800
2017-04-04,33.070171,33.448776,33.051702,33.421074,79565600
2017-04-05,33.294107,33.58037,33.199455,33.247936,110871600
2017-04-06,33.310266,33.363366,33.116348,33.164829,84596000
2017-04-07,33.180984,33.284869,33.074792,33.09095,66688800
2017-04-10,33.150974,33.215614,32.989372,33.051704,75733600
2017-04-11,32.998607,33.093259,32.33374,32.696186,121517600
2017-04-12,32.689257,32.816225,32.553049,32.735428,81400000
2017-04-13,32.760815,32.869318,32.562279,32.562279,71291600
2017-04-17,32.661554,32.753899,32.520732,32.742355,66328400
2017-04-18,32.645401,32.790839,32.576144,32.59692,58790000
2017-04-19,32.753906,32.781607,32.423779,32.476875,69313600
2017-04-20,32.601534,32.993989,32.587683,32.883179,93278400
2017-04-21,32.883186,32.938589,32.746981,32.843941,69283600
2017-04-24,33.12789,33.231775,33.054014,33.16021,68537200
2017-04-25,33.222532,33.451077,33.213296,33.365662,75486000
2017-04-26,33.351816,33.381828,33.100183,33.169437,80164800
2017-04-27,33.22484,33.280247,33.084018,33.194828,56985200
2017-04-28,33.264095,33.312576,33.074795,33.162518,83441600
2017-05-01,33.497254,33.98205,33.464934,33.838921,134411600
2017-05-02,34.060549,34.18752,33.89895,34.053623,181408800
2017-05-03,33.610375,34.049004,33.305646,33.949734,182788000
2017-05-04,33.825066,33.968196,33.661157,33.827374,93487600
2017-05-05,33.88048,34.392981,33.88048,34.388367,109310800
2017-05-08,34.404519,35.482618,34.404519,35.323326,195009600
2017-05-09,35.521859,35.755026,35.4249,35.549564,156521600
2017-05-10,35.466458,35.538023,35.115555,35.381039,103222800
2017-05-11,35.339321,35.714854,35.306868,35.687035,109020400
2017-05-12,35.860875,36.259587,35.853921,36.18541,130108000
2017-05-15,36.16455,36.312908,35.942015,36.09269,104038800
2017-05-16,36.148341,36.176157,35.865534,36.039391,80194000
2017-05-17,35.6059,35.830756,34.704163,34.829338,203070800
2017-05-18,35.065785,35.545628,35.033332,35.36018,134272800
2017-05-19,35.554894,35.693977,35.381037,35.480713,107843200
2017-05-22,35.698621,35.833071,35.44595,35.696304,91865600
2017-05-23,35.907256,35.907256,35.53868,35.652267,79675600
2017-05-24,35.661532,35.73803,35.390316,35.545628,76712000
2017-05-25,35.636031,35.779755,35.473765,35.668484,76942400
2017-05-26,35.698617,35.754252,35.538668,35.608212,87710400
2017-05-30,35.564164,35.79829,35.543302,35.622116,80507600
2017-05-31,35.691658,35.738019,35.323082,35.411167,97804800
2017-06-01,35.50622,35.543311,35.286002,35.508537,65616400
2017-06-02,35.601266,36.034748,35.441317,36.034748,111082800
2017-06-05,35.777439,35.802938,35.573449,35.682396,101326800
2017-06-06,35.675433,36.11819,35.647617,35.802929,106499600
2017-06-07,35.935062,36.157597,35.809883,36.016193,84278400
2017-06-08,35.988374,36.055597,35.791334,35.928104,85003200
2017-06-09,35.974468,35.974468,33.848778,34.534931,259530800
2017-06-12,33.783871,33.865002,33.035125,33.70969,289229200
2017-06-13,34.113056,34.180279,33.647117,33.980923,136661600
2017-06-14,34.191854,34.191854,33.343432,33.649422,126124800
2017-06-15,33.222902,33.491798,32.965594,33.447754,128661600
2017-06-16,33.329538,33.496441,32.963279,32.979507,201444400
2017-06-19,33.301715,34.015688,33.301715,33.922962,130165600
2017-06-20,34.045824,34.045824,33.598434,33.614658,99600400
2017-06-21,33.732887,33.860383,33.52194,33.814018,85063200
2017-06-22,33.790838,34.006419,33.64016,33.758385,76425200
2017-06-23,33.642471,34.113043,33.637834,33.90905,141757600
2017-06-26,34.115366,34.372674,33.700429,33.802425,102769600
2017-06-27,33.61464,33.881223,33.292425,33.317924,99047600
2017-06-28,33.494121,33.869651,33.185814,33.804745,88329600
2017-06-29,33.545114,33.642473,32.981815,33.306347,125997600
2017-06-30,33.484846,33.603071,33.329534,33.38517,92096400
2017-07-03,33.584535,33.681894,33.171915,33.264637,57111200
2017-07-05,33.308653,33.56364,33.083797,33.401375,86278400
2017-07-06,33.153343,33.264611,33.01194,33.086117,96515200
2017-07-07,33.125545,33.554393,33.125545,33.42226,76806800
2017-07-10,33.406026,33.832554,33.234485,33.626244,84362400
2017-07-11,33.549747,33.809376,33.468616,33.735195,79127200
2017-07-12,33.814003,33.885864,33.570607,33.783871,99538000
2017-07-13,33.728244,34.421355,33.714336,34.254452,100797600
2017-07-14,34.300813,34.616074,34.152455,34.548847,80528400
2017-07-17,34.497851,34.980011,34.439899,34.669388,95174000
2017-07-18,34.585939,34.801523,34.46308,34.789932,71475200
2017-07-19,34.882645,35.100546,34.759786,35.007824,83692000
2017-07-20,35.119096,35.174732,34.815427,34.850197,68974800
2017-07-21,34.769067,34.87338,34.511758,34.833973,105010400
2017-07-24,34.905825,35.33699,34.748193,35.255856,85972800
2017-07-25,35.188639,35.661528,35.188639,35.40654,75415600
2017-07-26,35.547953,35.682399,35.480726,35.573452,63124000
2017-07-27,35.640656,35.696291,34.145488,34.901184,129905200
2017-07-28,34.745881,34.824695,34.583615,34.655476,68854800
2017-07-31,34.748198,34.847878,34.337899,34.476982,79383600
2017-08-01,34.562756,34.822381,34.402807,34.782974,141474400
2017-08-02,36.922555,37.031505,36.199311,36.426483,279747200
2017-08-03,36.405638,36.442728,35.935065,36.062561,108389200
2017-08-04,36.178474,36.486777,36.090385,36.252651,82239600
2017-08-07,36.407963,36.839128,36.317557,36.813629,87481200
2017-08-08,36.764937,37.513679,36.688439,37.108013,144823600
2017-08-09,36.917933,37.383871,36.883163,37.33519,104526000
2017-08-10,37.211852,37.235126,35.985423,36.146,163217200
2017-08-11,36.443872,36.902329,36.320531,36.648663,105028400
2017-08-14,37.07687,37.28399,36.944218,37.200211,88490800
2017-08-15,37.388726,37.747113,37.267711,37.607483,117862000
2017-08-16,37.686597,37.819245,37.270027,37.456203,110686400
2017-08-17,37.356133,37.400351,36.732443,36.737099,111762400
2017-08-18,36.737107,37.118767,36.471807,36.653328,109712400
2017-08-21,36.653333,36.744094,36.097133,36.585846,105474000
2017-08-22,36.82321,37.235124,36.774341,37.183926,86418400
2017-08-23,37.018704,37.34451,36.974487,37.230476,77596400
2017-08-24,37.335206,37.407352,36.897696,37.065254,79275600
2017-08-25,37.153673,37.365448,37.065241,37.202545,101920400
2017-08-28,37.267696,37.700554,37.218823,37.577213,103864000
2017-08-29,37.258386,37.961196,37.235112,37.912327,118067600
2017-08-30,38.119455,38.140399,37.842519,38.014732,109078400
2017-08-31,38.082225,38.287019,38.044989,38.166004,107140400
2017-09-01,38.35219,38.384771,38.079909,38.17765,66364400
2017-09-05,38.107838,38.224197,37.365462,37.719196,117874000
2017-09-06,37.865803,37.930964,37.356146,37.679626,86606800
2017-09-07,37.721497,37.756407,37.318893,37.528339,87714000
2017-09-08,37.435261,37.502749,36.893025,36.916298,114446000
2017-09-11,37.351479,37.712194,37.209519,37.584198,126323200
2017-09-12,37.842512,38.156685,36.94887,37.435253,286856000
2017-09-13,37.204881,37.225829,36.748753,37.153683,179629600
2017-09-14,37.000071,37.095484,36.790622,36.834839,95042800
2017-09-15,36.879067,37.460866,36.769689,37.207203,196458400
2017-09-18,37.260726,37.351487,36.769688,36.92561,113077600
2017-09-19,37.121085,37.181594,36.872077,36.939564,83242400
2017-09-20,36.746415,36.830194,35.799248,36.320541,211805600
2017-09-21,36.257713,36.257713,35.547917,35.696857,150046800
2017-09-22,35.266314,35.436201,35.038249,35.347767,186581600
2017-09-25,34.905612,35.333815,34.712454,35.035934,177549200
2017-09-26,35.322162,35.820181,35.301218,35.63866,146640000
2017-09-27,35.792262,36.006364,35.731753,35.89233,102016800
2017-09-28,35.813205,35.903965,35.536268,35.671246,88022000
2017-09-29,35.654958,35.869059,35.373366,35.86673,105199200
2017-10-02,35.899313,35.94353,35.540927,35.79459,74795200
2017-10-03,35.841126,36.092463,35.817856,35.950504,64921200
2017-10-04,35.752699,35.806223,35.480417,35.717789,80655200
2017-10-05,35.880696,36.173925,35.850445,36.162289,85135200
2017-10-06,36.06456,36.185575,35.969144,36.141357,69630400
2017-10-09,36.260025,36.474126,36.185556,36.267006,65051600
2017-10-10,36.318204,36.76968,36.094795,36.280968,62468000
2017-10-11,36.297266,36.532311,36.246067,36.432243,67622400
2017-10-12,36.385694,36.623066,36.241406,36.304241,64500400
2017-10-13,36.474136,36.602132,36.399667,36.534645,65576800
2017-10-16,36.746416,37.235128,36.688236,37.207203,96486000
2017-10-17,37.18394,37.437603,37.055943,37.344517,75989200
2017-10-18,37.332864,37.400354,37.142035,37.179268,65496800
2017-10-19,36.478794,36.555592,36.07619,36.299599,170336800
2017-10-20,36.446194,36.711495,36.294928,36.362415,95896400
2017-10-23,36.511373,36.69755,36.187893,36.343815,87937200
2017-10-24,36.371728,36.634702,36.350784,36.560234,71028800
2017-10-25,36.516022,36.664962,36.134362,36.399662,84828400
2017-10-26,36.59049,36.730123,36.485767,36.632381,68002000
2017-10-27,37.069888,38.072912,36.932585,37.944916,177816800
2017-10-30,38.140399,39.113169,38.100837,38.798996,178803200
2017-10-31,39.073613,39.480872,38.850204,39.338913,144187200
2017-11-01,39.532061,39.548353,38.540678,38.838558,134551200
2017-11-02,38.771081,39.213247,38.463889,39.122486,165573600
2017-11-03,40.493202,40.553708,39.822969,40.144123,237594400
2017-11-06,40.113851,40.723579,39.962585,40.551365,140105200
2017-11-07,40.472244,40.784087,40.400102,40.68169,97446000
2017-11-08,40.646791,41.014488,40.569993,41.014488,97638000
2017-11-09,40.751519,40.981912,40.293061,40.930714,117930400
2017-11-10,40.898011,40.961073,40.701825,40.795246,100582000
2017-11-13,40.521965,40.755521,40.498608,40.631737,67928400
2017-11-14,40.414546,40.517312,39.980132,40.017502,99130000
2017-11-15,39.697538,39.779285,39.326185,39.489674,116632400
2017-11-16,39.980141,40.141296,39.774614,39.96146,94550000
2017-11-17,39.947439,40.029185,39.620462,39.739574,87598000
2017-11-20,39.772277,39.835338,39.601782,39.699875,65049600
2017-11-21,39.886712,40.568695,39.886712,40.437904,100525200
2017-11-22,40.489285,40.872317,40.416883,40.862976,102355600
2017-11-24,40.895674,40.989095,40.790571,40.865311,56106800
2017-11-27,40.884009,40.891016,40.484627,40.659794,82867200
2017-11-28,40.708831,40.841957,40.138954,40.421558,105715200
2017-11-29,40.3188,40.386529,39.041247,39.583096,166665600
2017-11-30,39.804971,40.204353,39.340196,40.136623,166108800
2017-12-01,39.692863,40.094579,39.354207,39.949776,159037200
2017-12-04,40.283773,40.316471,39.61814,39.657845,130169600
2017-12-05,39.484998,40.059547,39.33085,39.620461,109400800
2017-12-06,39.120652,39.751252,38.877755,39.47332,114240000
2017-12-07,39.478001,39.807316,39.449976,39.545734,102693200
2017-12-08,39.818977,39.93809,39.428939,39.557392,93420800
2017-12-11,39.517685,40.379508,39.421926,40.328125,141095200
2017-12-12,40.206685,40.26274,40.045534,40.101585,77636800
2017-12-13,40.288439,40.531336,40.171661,40.234722,95273600
2017-12-14,40.26508,40.435578,40.089913,40.223042,81906000
2017-12-15,40.552329,40.678447,40.279068,40.631737,160677200
2017-12-18,40.844293,41.386142,40.839621,41.203968,117684400
2017-12-19,40.879317,40.963398,40.659774,40.764874,109745600
2017-12-20,40.841955,40.970412,40.463595,40.720509,93902400
2017-12-21,40.678474,41.110554,40.662127,40.87466,83799600
2017-12-22,40.797587,40.970419,40.755548,40.87466,65397600
2017-12-26,39.891379,40.047861,39.629793,39.837662,132742000
2017-12-27,39.727899,39.886715,39.636812,39.844677,85992800
2017-12-28,39.938102,40.136626,39.816652,39.956787,65920800
2017-12-29,39.825997,39.842344,39.522374,39.524708,103999600
2018-01-02,39.741903,40.241713,39.5317,40.232368,102223600
2018-01-03,40.295432,40.767217,40.162307,40.225365,118071600
2018-01-04,40.297776,40.514985,40.190342,40.41222,89738400
2018-01-05,40.507975,40.958737,40.416888,40.872322,94640000
2018-01-08,40.720509,41.014788,40.622412,40.720509,82271200
2018-01-09,40.767222,40.886334,40.500968,40.715839,86336000
2018-01-10,40.442589,40.708843,40.405219,40.706505,95839600
2018-01-11,40.776563,40.986766,40.75321,40.937717,74670800
2018-01-12,41.14791,41.423508,41.024126,41.360447,101672400
2018-01-16,41.549628,41.897628,41.138571,41.150249,118263600
2018-01-17,41.140913,41.864938,40.888675,41.829906,137547200
2018-01-18,41.892963,42.063461,41.631381,41.867271,124773600
2018-01-19,41.715456,41.942005,41.435189,41.680424,129700400
2018-01-22,41.409495,41.521601,41.246007,41.339428,108434400
2018-01-23,41.409508,41.909319,41.297403,41.348782,130756400
2018-01-24,41.397818,41.409497,40.451915,40.690144,204420400
2018-01-25,40.75788,40.860646,39.828328,39.963791,166116000
2018-01-26,40.171657,40.171657,39.718557,40.057213,156572000
2018-01-29,39.741907,39.741907,39.02022,39.228085,202561600
2018-01-30,38.660535,39.090278,38.466683,38.996857,184192800
2018-01-31,38.973507,39.340192,38.887092,39.104298,129915600
2018-02-01,39.043581,39.382237,38.947822,39.18605,188923200
2018-02-02,38.770322,38.957168,37.392343,37.485764,346375200
2018-02-05,37.15878,38.275178,36.434754,36.549198,290954000
2018-02-06,36.161504,38.237818,35.967652,38.076664,272975200
2018-02-07,38.090672,38.163074,37.151779,37.261547,206434400
2018-02-08,37.436711,37.602538,36.208207,36.236233,217562000
2018-02-09,36.834231,37.026526,35.232539,36.679455,282690400
2018-02-12,37.169571,38.433571,36.937407,38.156853,243278000
2018-02-13,37.978622,38.635246,37.908269,38.539097,130196800
2018-02-14,38.23425,39.289538,38.196731,39.249672,162579600
2018-02-15,39.817167,40.591045,39.631907,40.567596,204588800
2018-02-16,40.419866,40.996758,40.281506,40.436279,160704400
2018-02-20,40.347167,40.865429,40.199426,40.300266,135722000
2018-02-21,40.530085,40.832599,40.103278,40.117352,149886400
2018-02-22,40.288531,40.792723,40.267426,40.452686,123967600
2018-02-23,40.727065,41.19139,40.696578,41.156216,135249600
2018-02-26,41.35556,42.068464,41.322729,41.969971,152648800
2018-02-27,42.000441,42.32406,41.780003,41.833939,155712400
2018-02-28,42.037969,42.356901,41.754216,41.77063,151128400
2018-03-01,41.869121,42.159913,40.490215,41.038963,195208000
2018-03-02,40.523049,41.343828,40.44097,41.322723,153816000
2018-03-05,41.08822,41.681526,40.926408,41.465778,113605600
2018-03-06,41.721379,41.801111,41.303955,41.430588,95154000
2018-03-07,41.024897,41.2383,40.867776,41.046001,126814000
2018-03-08,41.151509,41.536102,41.055363,41.493893,95096400
2018-03-09,41.733106,42.211501,41.599434,42.20681,128740800
2018-03-12,42.279508,42.771977,42.26075,42.614857,128828400
2018-03-13,42.818879,43.032282,42.033278,42.204468,126774000
2018-03-14,42.286549,42.33345,41.697931,41.845673,117473600
2018-03-15,41.859746,42.267791,41.758909,41.89492,90975200
2018-03-16,41.894919,42.005138,41.653375,41.747181,157618800
2018-03-19,41.583022,41.618197,40.72472,41.109314,133787200
2018-03-20,41.095238,41.46107,41.024885,41.095238,78597600
2018-03-21,41.048343,41.06007,40.161902,40.164249,148219600
2018-03-22,39.866412,40.494893,39.538102,39.596729,165963200
2018-03-23,39.488867,39.847664,38.679813,38.679813,164115200
2018-03-26,39.413811,40.593387,39.031561,40.515999,150164800
2018-03-27,40.72942,41.074148,39.144145,39.477146,163690400
2018-03-28,39.221527,39.871116,38.73844,39.040955,166674000
2018-03-29,39.352849,40.276812,39.139445,39.345814,153594000
2018-04-02,39.078481,39.617851,38.569599,39.08786,150347200
2018-04-03,39.31298,39.573284,38.665738,39.488861,121112000
2018-04-04,38.665755,40.337798,38.639959,40.243996,138422000
2018-04-05,40.471464,40.858401,40.35421,40.523056,107732800
2018-04-06,40.093887,40.447993,39.444298,39.486511,140021200
2018-04-09,39.838274,40.591043,39.831239,39.878139,116070800
2018-04-10,40.569955,40.804463,40.225227,40.628582,113634400
2018-04-11,40.389373,40.785693,40.265084,40.438622,89726400
2018-04-12,40.666102,41.038969,40.579331,40.837292,91557200
2018-04-13,40.987362,41.23594,40.769271,40.975636,100497200
2018-04-16,41.046002,41.318033,40.999101,41.231266,86313600
2018-04-17,41.388374,41.962918,41.369613,41.798763,106421600
2018-04-18,41.69794,41.934796,41.479849,41.704975,83018000
2018-04-19,40.748182,41.130432,40.490225,40.523056,139235200
2018-04-20,40.00713,40.152524,38.794719,38.862728,261964400
2018-04-23,39.123031,39.144136,38.480477,38.750164,146062000
2018-04-24,38.851007,39.005784,37.807445,38.2108,134768000
2018-04-25,38.135749,38.792373,38.086505,38.377293,113528400
2018-04-26,38.487511,38.86507,38.31163,38.510963,111852000
2018-04-27,38.459383,38.536771,37.669091,38.065411,142623200
2018-04-30,38.020855,39.223881,37.952845,38.754864,169709600
2018-05-01,39.024537,39.678814,38.757198,39.655365,214277600
2018-05-02,41.092895,41.683857,40.75755,41.407139,266157600
2018-05-03,41.245329,41.625232,40.907637,41.482182,136272800
2018-05-04,41.801112,43.208162,41.782351,43.109669,224805200
2018-05-07,43.426273,44.0102,43.325436,43.421585,169805600
2018-05-08,43.381705,43.670149,43.072152,43.630283,113611200
2018-05-09,43.747541,43.946871,43.435645,43.937492,92844800
2018-05-10,44.026609,44.643363,44.0055,44.565975,111957200
2018-05-11,44.608346,44.74253,44.128103,44.396473,104848800
2018-05-14,44.495344,44.617759,44.224621,44.292889,83115200
2018-05-15,43.970375,44.038646,43.574883,43.890335,94780800
2018-05-16,43.80324,44.365876,43.786759,44.299957,76732400
2018-05-17,44.257571,44.471798,43.871495,44.019806,69176000
2018-05-18,44.066906,44.21286,43.817369,43.859741,73190800
2018-05-21,44.25758,44.556555,44.000981,44.170479,73603200
2018-05-22,44.347033,44.46474,43.970372,44.05983,60962800
2018-05-23,43.869134,44.375269,43.730238,44.342312,80233600
2018-05-24,44.438847,44.455324,43.836191,44.292889,92936000
2018-05-25,44.31172,44.646005,44.17518,44.394115,69844000
2018-05-29,44.163411,44.434134,43.991557,44.234032,90056400
2018-05-30,44.191661,44.257576,43.970372,44.13987,74762000
2018-05-31,44.073958,44.311723,43.819712,43.991562,109931200
2018-06-01,44.25523,44.789614,44.198729,44.784908,93770000
2018-06-04,45.114474,45.533508,45.046206,45.159203,105064800
2018-06-05,45.451121,45.655929,45.283977,45.507618,86264000
2018-06-06,45.582963,45.688898,45.180406,45.665356,83734400
2018-06-07,45.703009,45.717134,45.279266,45.542931,85388800
2018-06-08,45.003844,45.199237,44.674268,45.128613,106627200
2018-06-11,45.046212,45.192166,44.777841,45.01796,73234000
2018-06-12,45.055631,45.342835,44.999131,45.265148,67644400
2018-06-13,45.298114,45.406405,44.831998,44.893204,86553600
2018-06-14,45.0933,45.098009,44.780201,44.91674,86440400
2018-06-15,44.735472,44.766076,44.31879,44.45533,246876800
2018-06-18,44.229327,44.544779,44.069244,44.431782,73939600
2018-06-19,43.58429,43.864432,43.186442,43.713768,134314000
2018-06-20,43.869147,44.069245,43.723188,43.904457,82514800
2018-06-21,44.081017,44.339972,43.537214,43.65963,102847600
2018-06-22,43.815003,43.822065,43.480718,43.532509,108801600
2018-06-25,43.174685,43.532513,42.546133,42.885128,126652400
2018-06-26,43.078157,43.911517,42.972219,43.417149,98276800
2018-06-27,43.605478,44.088074,43.322983,43.353588,101141200
2018-06-28,43.33948,43.836201,43.268855,43.669056,69460800
2018-06-29,43.855014,44.066887,43.059322,43.577229,90950800
2018-07-02,43.273562,44.092797,43.179394,44.064545,70925200
2018-07-03,44.208142,44.245809,43.207638,43.297096,55819200
2018-07-05,43.612554,43.883281,43.381851,43.645512,66416800
2018-07-06,43.65022,44.35881,43.598428,44.250523,69940800
2018-07-09,44.610695,44.88848,44.563613,44.864941,79026400
2018-07-10,44.895551,45.029735,44.770779,44.810802,63756400
2018-07-11,44.375275,44.676603,44.165758,44.229321,75326000
2018-07-12,44.617767,45.060344,44.565976,44.970886,72164400
2018-07-13,44.982647,45.161559,44.940271,45.0415,50055600
2018-07-16,45.08624,45.352254,44.827285,44.942638,60172400
2018-07-17,44.669547,45.168621,44.540069,45.069748,62138000
2018-07-18,45.147438,45.152147,44.711923,44.822567,65573600
2018-07-19,44.655421,45.328701,44.655421,45.170975,81147200
2018-07-20,45.147434,45.30045,44.768419,45.067394,82704800
2018-07-23,44.888486,45.189818,44.624825,45.107422,63957600
2018-07-24,45.305161,45.590012,45.210998,45.434639,74791600
2018-07-25,45.448762,45.870153,45.300451,45.863091,66839600
2018-07-26,45.813654,46.131462,45.578241,45.71949,76304000
2018-07-27,45.903121,45.950203,44.751953,44.959114,96096000
2018-07-30,45.175683,45.246308,44.509469,44.707214,84118000
2018-07-31,44.799018,45.232176,44.57302,44.796661,157492000
2018-08-01,46.877734,47.496867,46.449281,47.435661,271742800
2018-08-02,47.219068,49.055287,47.164924,48.822227,249616000
2018-08-03,48.737496,49.140053,48.372605,48.963493,133789600
2018-08-06,48.965831,49.260096,48.746899,49.217724,101701600
2018-08-07,49.276565,49.318938,48.673906,48.756302,102349600
2018-08-08,48.50677,48.921095,48.146589,48.789265,90102000
2018-08-09,49.326021,49.384874,48.777509,49.173004,93970400
2018-08-10,48.986371,49.397427,48.823366,49.026531,98444800
2018-08-13,49.447035,49.834466,49.066692,49.34309,103563600
2018-08-14,49.647846,49.74234,49.198991,49.550987,82992000
2018-08-15,49.425773,49.784856,49.215521,49.666737,115230400
2018-08-16,50.023452,50.510103,49.957306,50.394348,114001600
2018-08-17,50.422692,51.488126,50.356546,51.400719,141708000
2018-08-20,51.523564,51.778698,50.81721,50.899895,121150800
2018-08-21,51.21646,51.308593,50.562079,50.800678,104639200
2018-08-22,50.578622,51.112519,50.517197,50.803047,76072400
2018-08-23,50.708532,51.275506,50.696723,50.906975,75532800
2018-08-24,51.169207,51.240076,50.817211,51.065262,73905600
2018-08-27,51.299133,51.674755,51.10542,51.485764,82100400
2018-08-28,51.738549,52.099993,51.717289,51.901554,91107200
2018-08-29,52.007852,52.796891,51.833038,52.676407,109019200
2018-08-30,52.740205,53.923758,52.539401,53.160709,195175200
2018-08-31,53.510328,54.067851,53.389848,53.774918,173360400
2018-09-04,53.959185,54.141086,53.538681,53.947372,109560400
2018-09-05,54.09621,54.256851,53.177243,53.595383,133332000
2018-09-06,53.444185,53.708774,52.279532,52.704762,137160000
2018-09-07,52.409469,53.241025,52.140157,52.279537,150479200
2018-09-10,52.196847,52.409463,51.1385,51.577904,158066000
2018-09-11,51.502305,52.988245,51.15976,52.881939,142996000
2018-09-12,53.139442,53.153615,51.934625,52.225201,197114800
2018-09-13,52.803977,53.945009,52.579552,53.486706,166825600
2018-09-14,53.33079,53.588289,52.567741,52.879574,127997200
2018-09-17,52.480327,52.669318,51.327486,51.471592,148780400
2018-09-18,51.450331,52.409461,51.292051,51.556641,126286800
2018-09-19,51.618061,51.882647,50.862099,51.587349,108495200
2018-09-20,52.029115,52.51104,51.771613,51.979504,106435200
2018-09-21,52.156675,52.293694,51.332202,51.419613,384986800
2018-09-24,51.22118,52.270075,51.176294,52.159042,110773600
2018-09-25,51.913366,52.638619,51.901553,52.489788,98217600
2018-09-26,52.208666,52.858322,51.915729,52.071648,95938800
2018-09-27,52.874865,53.493808,52.808714,53.141811,120724800
2018-09-28,53.104001,53.352052,52.9221,53.32843,91717600
2018-10-01,53.850516,54.197787,53.472537,53.687511,94403200
2018-10-02,53.685148,54.334803,53.538681,54.164711,99152800
2018-10-03,54.346612,55.154547,54.282827,54.823814,114619200
2018-10-04,54.519066,54.889961,53.5623,53.859962,128168000
2018-10-05,53.852887,53.959194,52.109447,52.985889,134322000
2018-10-08,52.49451,53.106366,52.019669,52.863041,118655600
2018-10-09,52.832334,53.68988,52.503963,53.595383,107564000
2018-10-10,53.262272,53.472524,51.03927,51.112503,167962400
2018-10-11,50.677831,51.854297,50.158108,50.661293,212497600
2018-10-12,52.071635,52.652783,51.225902,52.470879,161351600
2018-10-15,52.246461,52.40474,51.327494,51.348755,123164000
2018-10-16,51.719636,52.678767,51.207,52.480324,116736000
2018-10-17,52.515757,52.596077,51.81649,52.253532,91541600
2018-10-18,51.466866,51.910995,50.318748,51.032188,130325200
2018-10-19,51.51412,52.270082,51.365289,51.809418,132314800
2018-10-22,51.9228,52.766172,51.722,52.125965,115168400
2018-10-23,50.98729,52.740177,50.72034,52.617332,155071200
2018-10-24,52.58664,52.971706,50.682557,50.812489,163702000
2018-10-25,51.43143,52.298424,51.20464,51.925167,119423200
2018-10-26,51.003845,52.01731,50.240797,51.098343,189033600
2018-10-29,51.781065,51.899184,48.686342,50.13921,183742000
2018-10-30,49.881715,50.833755,49.437589,50.389629,146640000
2018-10-31,51.235351,52.07872,51.173927,51.703102,153435600
2018-11-01,51.747993,52.529941,51.218818,52.496868,233292800
2018-11-02,49.503724,50.472299,48.53042,49.014709,365314800
2018-11-05,48.263483,48.284744,46.815341,47.623276,264654800
2018-11-06,47.701225,48.362693,47.646892,48.138268,127531600
2018-11-07,48.658009,49.624222,48.223331,49.598236,133697600
2018-11-08,49.778399,49.811588,49.012688,49.425179,101450400
2018-11-09,48.7282,48.837246,47.945893,48.472172,137463200
2018-11-12,47.175454,47.376959,45.940356,46.030441,204542000
2018-11-13,45.428287,46.743981,45.385614,45.570522,187531600
2018-11-14,45.966429,46.103926,44.07704,44.283287,243204000
2018-11-15,44.660211,45.508895,44.306986,45.376141,185915200
2018-11-16,45.160416,46.220086,44.913873,45.878716,147713200
2018-11-19,45.041887,45.20783,43.854204,44.060448,167701200
2018-11-20,42.284847,43.019742,41.606848,41.95533,271300800
2018-11-21,42.607243,42.735259,41.853386,41.907909,124496800
2018-11-23,41.471724,41.865249,40.798467,40.843506,94496000
2018-11-26,41.305785,41.474097,40.362273,41.395866,179994000
2018-11-27,40.658591,41.431418,40.509244,41.305775,165549600
2018-11-28,41.896076,42.977081,41.469363,42.894112,184250000
2018-11-29,43.30184,43.335028,42.126008,42.564575,167080000
2018-11-30,42.740004,42.749489,41.967181,42.334629,158126000
2018-12-03,43.728569,43.842358,42.958115,43.813911,163210000
2018-12-04,42.896474,43.237845,41.787023,41.886589,165377200
2018-12-06,40.717853,41.433783,40.40019,41.419559,172393600
2018-12-07,41.127989,41.365052,39.897634,39.942677,169126400
2018-12-10,39.115321,40.321969,38.719427,40.205811,248104000
2018-12-11,40.694152,40.724968,39.58944,39.975853,189126800
2018-12-12,40.395466,40.755803,40.068322,40.087288,142510800
2018-12-13,40.416794,40.909885,40.193955,40.525841,127594400
2018-12-14,40.06358,40.082545,39.181707,39.229118,162814800
2018-12-17,39.222,39.909483,38.577189,38.864037,177151600
2018-12-18,39.205403,39.715086,38.97071,39.368977,135366000
2018-12-19,39.352385,39.696125,37.714282,38.140995,196189200
2018-12-20,38.024836,38.430214,36.815819,37.178524,259092000
2018-12-21,37.185628,37.49381,35.471667,35.732433,382978400
2018-12-24,35.120816,35.926831,34.750999,34.807896,148676800
2018-12-26,35.156377,37.273344,34.781818,37.259121,234330000
2018-12-27,36.943838,37.164308,35.575989,37.017326,212468400
2018-12-28,37.337348,37.579153,36.638014,37.036278,169165600
2018-12-31,37.581531,37.778293,37.095552,37.394253,140014000
2019-01-02,36.718621,37.65739,36.562159,37.43692,148158800
2019-01-03,34.132257,34.544747,33.662874,33.707916,365248800
2019-01-04,34.262654,35.215647,34.089599,35.146896,234428400
2019-01-07,35.251204,35.282023,34.587428,35.068665,219111200
2019-01-08,35.455074,35.990837,35.20853,35.737179,164101200
2019-01-09,35.865195,36.633279,35.471674,36.344063,180396400
2019-01-10,36.152035,36.500517,35.763252,36.460217,143122800
2019-01-11,36.242119,36.436508,35.917341,36.102249,108092800
2019-01-14,35.760896,35.860462,35.374482,35.559391,129756800
2019-01-15,35.623379,36.363013,35.571225,36.287155,114843600
2019-01-16,36.28954,36.953316,36.270574,36.730476,122278800
2019-01-17,36.555049,37.375287,36.33221,36.948574,119284800
2019-01-18,37.337337,37.427422,36.977001,37.176136,135004000
2019-01-22,37.078966,37.154825,36.180497,36.341702,121576000
2019-01-23,36.543186,36.777879,35.962384,36.488663,92522400
2019-01-24,36.533718,36.62143,35.971881,36.199459,101766000
2019-01-25,36.858481,37.486699,36.583491,37.398983,134142000
2019-01-28,36.931975,37.059991,36.427034,37.052879,104768400
2019-01-29,37.041021,37.4867,36.533707,36.668831,166348800
2019-01-30,38.700458,39.387938,37.984529,39.174583,244439200
2019-01-31,39.378464,40.063575,39.011017,39.456696,162958400
2019-02-01,39.57997,40.058834,39.335793,39.475662,130672400
2019-02-04,39.68665,40.694166,39.655831,40.59697,125982000
2019-02-05,40.978637,41.504916,40.857736,41.291557,144406400
2019-02-06,41.402968,41.621068,40.976258,41.305775,112958400
2019-02-07,40.869573,41.234652,40.381225,40.523464,126966800
2019-02-08,40.233022,40.630614,40.097315,40.571095,95280000
2019-02-11,40.723459,40.761553,40.294916,40.337769,83973600
2019-02-12,40.497279,40.711549,40.402045,40.68536,89134000
2019-02-13,40.804404,41.06391,40.454428,40.516327,89960800
2019-02-14,40.404424,40.773443,40.325857,40.663929,87342800
2019-02-15,40.771077,40.878212,40.413958,40.573471,98507200
2019-02-19,40.404432,40.816308,40.352054,40.694885,75891200
2019-02-20,40.75679,41.2639,40.709175,40.956776,104457600
2019-02-21,40.90201,41.037713,40.544891,40.72583,68998800
2019-02-22,40.849642,41.187715,40.802027,41.180573,75652800
2019-02-25,41.463889,41.871003,41.413891,41.480553,87493600
2019-02-26,41.356752,41.735297,41.228187,41.50436,68280800
2019-02-27,41.23771,41.663871,41.12343,41.632919,111341600
2019-02-28,41.50199,41.642456,41.168677,41.223434,112861600
2019-03-01,41.492455,41.699583,41.161525,41.656731,103544800
2019-03-04,41.828156,42.318598,41.418659,41.866249,109744800
2019-03-05,41.887664,41.901948,41.554351,41.790051,78949600
2019-03-06,41.585309,41.780536,41.411512,41.549599,83241600
2019-03-07,41.39484,41.530547,40.954395,41.068672,99185600
2019-03-08,40.549658,41.204376,40.354432,41.166283,95997600
2019-03-11,41.780529,42.644754,41.747198,42.592377,128044000
2019-03-12,42.854277,43.489949,42.704286,43.07093,129870400
2019-03-13,43.38994,43.639924,43.073295,43.261379,124130000
2019-03-14,43.782779,43.830398,43.463753,43.742306,94318000
2019-03-15,44.008956,44.599391,43.744687,44.311314,156171600
2019-03-18,44.235128,44.851752,44.232745,44.763664,104879200
2019-03-19,44.842234,44.994605,44.263699,44.408928,126585600
2019-03-20,44.337491,45.113631,43.980372,44.796986,124140800
2019-03-21,45.239824,46.742104,45.189826,46.446884,204136800
2019-03-22,46.506397,47.065885,45.420756,45.485039,169630800
2019-03-25,45.594551,45.706448,44.425584,44.935074,175381200
2019-03-26,45.630266,45.920723,43.944665,44.470818,199202000
2019-03-27,44.937466,45.177925,44.413692,44.870804,119393600
2019-03-28,44.985078,45.130306,44.647006,44.930321,83121600
2019-03-29,45.194584,45.254104,44.88746,45.223152,94256000
2019-04-01,45.625504,45.635025,44.849367,45.530273,111448000
2019-04-02,45.494572,46.296902,45.48505,46.192146,91062800
2019-04-03,46.008825,46.782583,45.985016,46.508793,93087200
2019-04-04,46.375463,46.751629,45.982634,46.589737,76457200
2019-04-05,46.770671,46.925425,46.646869,46.901615,74106400
2019-04-08,46.763534,47.670615,46.744487,47.639668,103526800
2019-04-09,47.692038,48.294378,47.432528,47.496811,143072800
2019-04-10,47.301584,47.79203,47.182544,47.763458,86781200
2019-04-11,47.818224,47.853935,47.244452,47.365871,83603200
2019-04-12,47.425391,47.649186,46.713537,47.346825,111042800
2019-04-15,47.277776,47.580137,47.142069,47.432526,70146400
2019-04-16,47.487296,47.942025,47.273023,47.437298,102785600
2019-04-17,47.506335,48.420562,47.284923,48.361042,115627200
2019-04-18,48.358648,48.60387,48.215803,48.534828,96783200
2019-04-22,48.289617,48.791965,48.172957,48.694351,77758000
2019-04-23,48.67054,49.460965,48.544359,49.396683,93292000
2019-04-24,49.368107,49.634754,49.294303,49.320492,70162400
2019-04-25,49.241941,49.463353,48.834824,48.872917,74172800
2019-04-26,48.78244,48.80625,48.12058,48.639595,74596400
2019-04-29,48.663396,49.037182,48.534835,48.713394,88818800
2019-04-30,48.344389,48.425335,47.403976,47.775379,186139600
2019-05-01,49.968075,51.260843,49.813321,50.120445,259309200
2019-05-02,49.958549,50.627551,49.551435,49.794273,127985200
2019-05-03,50.208536,50.434711,50.051403,50.413284,83569600
2019-05-06,48.637202,49.720463,48.449121,49.634754,129772400
2019-05-07,49.015749,49.38239,47.813449,48.296749,155054800
2019-05-08,48.068203,48.887196,48.032492,48.306282,105358000
2019-05-09,47.711082,48.015824,46.820668,47.78727,139634400
2019-05-10,47.182608,47.524375,46.071278,47.125248,164834800
2019-05-13,44.86196,45.28498,43.700439,44.386356,229722400
2019-05-14,44.551263,45.337559,44.312267,45.089005,146118800
2019-05-15,44.517801,45.827499,44.458052,45.629131,106178800
2019-05-16,45.38775,45.99958,45.132023,45.428379,132125600
2019-05-17,44.675538,45.624352,44.634909,45.170261,131516400
2019-05-20,43.86056,44.058927,43.086211,43.75779,154449200
2019-05-21,44.26686,44.931269,44.142581,44.596676,113459200
2019-05-22,44.133018,44.383965,43.628736,43.683704,118994400
2019-05-23,42.971493,43.148348,42.49589,42.938034,146118800
2019-05-24,43.067097,43.53075,42.689482,42.773132,94858800
2019-05-28,42.761179,43.160302,42.519795,42.596272,111792800
2019-05-29,42.16369,42.86395,42.063312,42.393127,113924800
2019-05-30,42.529353,42.835267,42.223438,42.613003,84873600
2019-05-31,42.11829,42.538925,41.821937,41.841057,108174400
2019-06-03,41.967714,42.522183,40.693864,41.418022,161584400
2019-06-04,41.929471,42.978664,41.709596,42.933254,123872000
2019-06-05,44.042209,44.211898,43.291761,43.626354,119093600
2019-06-06,43.755409,44.32661,43.533141,44.266861,90105200
2019-06-07,44.575165,45.868134,44.39831,45.44511,122737600
2019-06-10,45.841836,46.692661,45.796426,46.025864,104883600
2019-06-11,46.570781,46.843236,46.269647,46.55883,107731600
2019-06-12,46.353292,46.836065,46.219455,46.410652,73012800
2019-06-13,46.532541,47.032042,46.269648,46.401093,86698400
2019-06-14,45.779704,46.267254,45.480959,46.06411,75046000
2019-06-17,46.102344,46.594679,45.927878,46.338951,58676400
2019-06-18,46.855183,47.868524,46.654427,47.428772,106204000
2019-06-19,47.722744,47.770546,47.156324,47.290161,84496800
2019-06-20,47.88765,47.94501,47.3284,47.670166,86056000
2019-06-21,47.512418,48.002361,47.357068,47.507637,191202400
2019-06-24,47.450273,47.837449,47.361846,47.459835,72881600
2019-06-25,47.423996,47.622363,46.673549,46.740471,84281200
2019-06-26,47.266257,48.035825,47.165879,47.751419,104270000
2019-06-27,47.868532,48.174451,47.696458,47.737087,83598800
2019-06-28,47.483741,47.679719,47.09418,47.302105,124442400
2019-07-01,48.556831,48.872308,47.95456,48.169659,109012000
2019-07-02,48.136206,48.54728,48.124256,48.451679,67740800
2019-07-03,48.583125,48.860361,48.442118,48.853191,45448000
2019-07-05,48.599863,49.013325,48.492312,48.810177,69062000
2019-07-08,47.992795,48.133801,47.419206,47.803989,101354400
2019-07-09,47.608027,48.160107,47.514819,48.095581,82312000
2019-07-10,48.24137,48.69068,48.172059,48.571182,71588400
2019-07-11,48.590282,48.848399,48.207891,48.217449,80767200
2019-07-12,48.384765,48.75521,48.325016,48.587914,70380800
2019-07-15,48.776729,49.202142,48.75522,49.044407,67789600
2019-07-16,48.896211,49.259486,48.635706,48.874702,67467200
2019-07-17,48.767162,49.015716,48.580745,48.599865,56430000
2019-07-18,48.755205,49.204519,48.683505,49.151939,74162400
2019-07-19,49.183007,49.352696,48.363252,48.418221,83717200
2019-07-22,48.671559,49.527165,48.662,49.524776,89111600
2019-07-23,49.821125,49.928673,49.541497,49.911942,73420800
2019-07-24,49.632323,49.986036,49.512825,49.871319,59966400
2019-07-25,49.923888,50.007538,49.407656,49.476967,55638400
2019-07-26,49.586907,50.124648,49.505649,49.649048,70475600
2019-07-29,49.821126,50.342135,49.816345,50.112698,86693600
2019-07-30,49.892825,50.227422,49.546281,49.897606,135742800
2019-07-31,51.723541,52.906572,50.499882,50.915733,277125600
2019-08-01,51.121262,52.108317,49.410053,49.813953,216071600
2019-08-02,49.120874,49.335969,48.18879,48.759991,163448400
2019-08-05,47.318838,47.476573,46.025869,46.207504,209572000
2019-08-06,46.917326,47.337961,46.374803,47.082233,143299200
2019-08-07,46.702221,47.694054,46.322219,47.569775,133457600
2019-08-08,47.847028,48.642885,47.653441,48.618984,108038000
2019-08-09,48.292712,48.64297,47.810502,48.218342,98478800
2019-08-12,47.889671,48.472641,47.776916,48.095989,89927600
2019-08-13,48.225544,50.893278,48.095994,50.132782,188874000
2019-08-14,48.738929,49.525815,48.602182,48.640568,146189600
2019-08-15,48.810897,49.213935,47.901659,48.398262,108909600
2019-08-16,49.007619,49.698545,48.902061,49.540207,110481600
2019-08-19,50.52862,51.034818,50.387077,50.463848,97654400
2019-08-20,50.590995,51.183559,50.456649,50.466244,107537200
2019-08-21,51.097186,51.25552,50.763719,51.013218,86141600
2019-08-22,51.145168,51.445049,50.559802,50.970039,89014800
2019-08-23,50.243129,50.871681,48.220739,48.614182,187272000
2019-08-26,49.386663,49.705736,49.194739,49.537804,104174400
2019-08-27,49.866481,50.032015,48.827695,48.978836,103493200
2019-08-28,48.964438,49.353081,48.777313,49.307499,63755200
2019-08-29,50.020015,50.216738,49.578592,50.142365,83962000
2019-08-30,50.418254,50.487825,49.708137,50.077591,84573600
2019-09-03,49.523407,49.655355,48.993221,49.348278,80092000
2019-09-04,49.993634,50.255129,49.736939,50.185558,76752400
2019-09-05,50.859682,51.332294,50.742128,51.166759,95654800
2019-09-06,51.351475,51.440239,50.982021,51.161949,77449200
2019-09-09,51.541011,51.924859,50.636575,51.380276,109237600
2019-09-10,51.305909,52.006429,50.790116,51.987236,127111600
2019-09-11,52.315899,53.668958,52.234329,53.640167,177158400
2019-09-12,53.930452,54.319095,53.465037,53.520214,128906800
2019-09-13,52.778922,52.968445,52.064009,52.479042,159053200
2019-09-16,52.234333,52.810105,52.19355,52.754925,84632400
2019-09-17,52.769319,52.975637,52.567797,52.946846,73274800
2019-09-18,53.033213,53.462644,52.64457,53.443451,101360000
2019-09-19,53.261117,53.680949,52.867674,53.00922,88242400
2019-09-20,53.109985,53.393071,52.171959,52.234333,221652400
2019-09-23,52.527021,52.740535,52.215144,52.471844,76662000
2019-09-24,53.026016,53.376278,52.104785,52.222336,124763200
2019-09-25,52.431059,53.138775,52.092793,53.02602,87613600
2019-09-26,52.778919,53.004429,52.498231,52.752529,75334000
2019-09-27,52.908462,53.009225,52.126376,52.495831,101408000
2019-09-30,52.994827,53.877676,52.968438,53.731335,103909600
2019-10-01,53.995238,54.750935,53.786519,53.880081,139223200
2019-10-02,53.51302,53.637771,52.28231,52.529415,138449200
2019-10-03,52.402261,53.009222,51.61058,52.975636,114426000
2019-10-04,54.131976,54.5758,53.712144,54.460644,138478800
2019-10-07,54.283115,55.161161,54.179954,54.472637,122306000
2019-10-08,54.175159,54.712542,53.8177,53.834492,111820000
2019-10-09,54.465443,54.647769,54.131976,54.465443,74770400
2019-10-10,54.681353,55.283515,54.530216,55.199547,113013600
2019-10-11,55.885673,57.010824,55.732134,56.667763,166795600
2019-10-14,56.353486,57.128379,56.298309,56.586193,96427600
2019-10-15,56.710954,57.013232,56.3487,56.454258,87360000
2019-10-16,55.986433,56.435057,55.94565,56.226337,73903200
2019-10-17,56.399066,56.653364,56.022419,56.444649,67585200
2019-10-18,56.279117,56.996431,56.207145,56.715744,97433600
2019-10-21,56.982041,57.814509,56.934061,57.699352,87247200
2019-10-22,57.855286,58.104785,57.485832,57.567402,82293600
2019-10-23,58.080796,58.354287,57.869679,58.33989,75828800
2019-10-24,58.658965,58.728539,58.011224,58.435856,69275200
2019-10-25,58.335095,59.191551,58.267923,59.155567,73477200
2019-10-28,59.357082,59.796107,59.18915,59.748127,96572800
2019-10-29,59.728941,59.916066,58.193556,58.366283,142839600
2019-10-30,58.718941,58.848492,57.867284,58.359085,124522000
2019-10-31,59.313895,59.776908,56.91965,59.678547,139162000
2019-11-01,59.865679,61.398666,59.774518,61.37228,151125200
2019-11-04,61.734539,61.859294,61.26673,61.775326,103272000
2019-11-05,61.667369,61.940863,61.492244,61.686565,79897600
2019-11-06,61.600177,61.772909,61.264313,61.712933,75864400
2019-11-07,62.259166,62.646575,62.107572,62.425198,94940400
2019-11-08,62.247127,62.668219,61.804379,62.596035,69986400
2019-11-11,62.153276,63.156683,62.148466,63.091717,81821200
2019-11-12,62.935324,63.233704,62.783737,63.033981,87388800
2019-11-13,62.834251,63.712529,62.819814,63.637936,102734400
2019-11-14,63.464691,63.736598,63.067662,63.197601,89182800
2019-11-15,63.447846,63.953159,63.286632,63.948349,100206400
2019-11-18,63.957982,64.350201,63.580207,64.270798,86703200
2019-11-19,64.463276,64.48734,63.859314,64.075874,76167200
2019-11-20,63.895398,64.02533,62.658585,63.329929,106234400
2019-11-21,63.45026,63.527262,62.84629,63.046013,121395200
2019-11-22,63.185567,63.327534,62.764474,62.990662,65325200
2019-11-25,63.21443,64.111961,63.16871,64.095116,84020400
2019-11-26,64.232296,64.285234,63.163923,63.594643,105207600
2019-11-27,63.905016,64.482521,63.84005,64.44883,65235600
2019-11-29,64.150458,64.48733,63.982018,64.306862,46617600
2019-12-02,64.311681,64.547496,63.392502,63.563343,94487200
2019-12-03,62.155696,62.449258,61.669638,62.430012,114430400
2019-12-04,62.819823,63.358819,62.725976,62.981037,67181600
2019-12-05,63.474336,63.979649,63.219274,63.905048,74424400
2019-12-06,64.36223,65.209226,64.318912,65.139442,106075600
2019-12-09,64.968606,65.161102,63.743828,64.227486,128042400
2019-12-10,64.631749,64.985467,63.972432,64.602875,90420400
2019-12-11,64.682233,65.233265,64.60764,65.153854,78756800
2019-12-12,64.434427,65.584612,64.323742,65.319923,137310400
2019-12-13,65.31989,66.243886,65.192359,66.207794,133587600
2019-12-16,66.652951,67.564919,66.648141,67.341133,128186000
2019-12-17,67.271387,67.800757,67.086102,67.473511,114158400
2019-12-18,67.326716,67.832028,67.163093,67.312279,116028400
2019-12-19,67.254509,67.658756,67.122169,67.379631,98369200
2019-12-20,67.911434,68.012492,67.028339,67.240089,275978000
2019-12-23,67.502352,68.397475,67.463851,68.337318,98572000
2019-12-24,68.503341,68.551468,68.077438,68.402275,48478800
2019-12-26,68.534645,69.776268,68.505771,69.759422,93121200
2019-12-27,70.050582,70.736363,69.328709,69.732956,146266000
2019-12-30,69.651134,70.428354,68.630889,70.14682,144114400
2019-12-31,69.764232,70.666574,69.665575,70.659355,100805600
2020-01-02,71.282583,72.331709,71.02993,72.271553,135480400
2020-01-03,71.501534,72.326874,71.34513,71.568909,146322800
2020-01-06,70.693058,72.177707,70.442807,72.139206,118387200
2020-01-07,72.148835,72.403897,71.580965,71.799934,108872000
2020-01-08,71.503938,73.255683,71.503938,72.954903,132079200
2020-01-09,73.929444,74.697036,73.6792,74.504539,170108400
2020-01-10,74.737939,75.236034,74.17247,74.672966,140644800
2020-01-13,74.988217,76.294806,74.870306,76.268333,121532000
2020-01-14,76.205764,76.415106,75.115736,75.238449,161954400
2020-01-15,75.038729,75.917006,74.485288,74.916008,121923600
2020-01-16,75.457425,75.965147,75.096488,75.854454,108829200
2020-01-17,76.10228,76.696623,75.79669,76.694221,137816400
2020-01-21,76.323663,76.764002,76.037319,76.174477,110843200
2020-01-22,76.658116,76.997398,76.352526,76.446373,101832400
2020-01-23,76.499327,76.893948,75.953105,76.814545,104472000
2020-01-24,77.059959,77.801079,76.403052,76.593147,146537600
2020-01-27,74.608001,75.019467,73.361569,74.340912,161940000
2020-01-28,75.219192,76.614811,75.120535,76.44397,162234000
2020-01-29,78.070601,78.888723,77.331882,78.044128,216229200
2020-01-30,77.129762,77.983976,76.699042,77.931038,126743200
2020-01-31,77.223589,77.644682,74.1821,74.475662,199588400
2020-02-03,73.222022,75.433362,72.721527,74.271149,173788400
2020-02-04,75.871279,76.913186,75.467031,76.723091,136616400
2020-02-05,77.846819,78.145198,76.747171,77.348732,118826800
2020-02-06,77.618212,78.255865,77.06237,78.253456,105425600
2020-02-07,77.754185,78.002616,76.700162,77.189789,117684000
2020-02-10,75.778795,77.556404,75.699203,77.556404,109348800
2020-02-11,78.050868,78.123224,76.871419,77.088493,94323200
2020-02-12,77.537106,78.92398,77.537106,78.919159,113730400
2020-02-13,78.193151,78.682778,77.990548,78.357162,94747600
2020-02-14,78.325808,78.624896,77.869953,78.376465,80113600
2020-02-18,76.063398,77.122249,75.882501,76.941353,152531200
2020-02-19,77.182538,78.284803,77.182538,78.055664,93984000
2020-02-20,77.816911,78.304123,76.750823,77.254921,100566000
2020-02-21,76.849701,77.291093,74.891195,75.506241,129554000
2020-02-24,71.697774,73.366843,69.760975,71.91967,222195200
2020-02-25,72.587765,72.968851,69.013247,69.483574,230673600
2020-02-26,69.109753,71.847324,69.102518,70.585869,198054800
2020-02-27,67.800052,68.981909,65.836718,65.971786,320605600
2020-02-28,62.049955,67.151239,61.835288,65.933197,426510000
2020-03-02,68.084656,72.705962,66.984806,72.071617,341397200
2020-03-03,73.243817,73.323408,68.933649,69.782661,319475600
2020-03-04,71.499995,73.178714,70.701638,73.019524,219178400
2020-03-05,71.278088,72.250106,70.286778,70.650986,187572800
2020-03-06,68.017134,70.14448,67.831416,69.712738,226176800
2020-03-09,63.615324,67.074067,63.434427,64.19902,286744800
2020-03-10,66.844902,69.088017,64.970809,68.822701,285290000
2020-03-11,66.905205,67.828981,65.571387,66.432457,255598800
2020-03-12,61.731583,65.122791,59.81649,59.871964,418474000
2020-03-13,63.890264,67.515431,61.010386,67.045097,370732000
2020-03-16,58.357251,62.488927,57.88692,58.419964,322423600
2020-03-17,59.698296,62.134368,57.501005,60.988693,324056000
2020-03-18,57.831438,60.298867,57.192268,59.495686,300233600
2020-03-19,59.669361,60.983876,58.516447,59.039841,271857200
2020-03-20,59.618696,60.740258,54.992569,55.291653,401693200
2020-03-23,55.011868,55.11317,51.280573,54.117031,336752800
2020-03-24,57.00896,59.741705,56.512098,59.546337,287531200
2020-03-25,60.47977,62.288737,58.92406,59.218319,303602000
2020-03-26,59.459507,62.392441,59.420915,62.334557,252087200
2020-03-27,60.962153,61.714682,59.58734,59.753765,204216800
2020-03-30,60.477351,61.630265,60.154147,61.459015,167976400
2020-03-31,61.649568,63.311401,60.781263,61.333599,197002000
2020-04-01,59.454685,59.990139,57.677076,58.106403,176218400
2020-04-02,57.968925,59.129075,57.139212,59.076012,165934000
2020-04-03,58.562263,59.261728,57.638484,58.227001,129880000
2020-04-06,60.515957,63.460952,60.149342,63.306591,201820400
2020-04-07,65.315733,65.532815,62.469629,62.573341,202887200
2020-04-08,63.371719,64.488455,63.007518,64.174904,168895200
2020-04-09,64.809232,65.139668,63.84445,64.637978,161834800
2020-04-13,64.715163,66.015211,64.116996,65.90667,131022800
2020-04-14,67.534736,69.524598,67.064401,69.235161,194994800
2020-04-15,68.113584,69.06148,67.686671,68.60321,131154400
2020-04-16,69.314771,69.512554,68.101558,69.148346,157125200
2020-04-17,68.665923,69.211027,66.777359,68.21006,215250000
2020-04-20,67.040267,67.939921,66.77495,66.794243,130015200
2020-04-21,66.637494,66.871454,64.020522,64.729637,180991600
2020-04-22,65.993474,67.028204,65.653395,66.594055,116862400
2020-04-23,66.53861,67.95684,66.297414,66.336006,124814400
2020-04-24,66.859381,68.260726,66.811139,68.251076,126161200
2020-04-27,67.968895,68.629776,67.522689,68.299339,117087600
2020-04-28,68.760016,68.940913,67.100597,67.192245,112004800
2020-04-29,68.675576,69.867082,68.472973,69.399162,137280800
2020-04-30,69.937053,71.039318,69.548732,70.863243,183064000
2020-05-01,69.042216,72.117459,68.945739,69.722389,240616800
2020-05-04,69.746495,70.836696,69.059086,70.708862,133568000
2020-05-05,71.167107,72.599809,71.022389,71.770096,147751200
2020-05-06,72.469576,73.140098,72.086076,72.510582,142333600
2020-05-07,73.135293,73.605627,72.833798,73.260712,115215200
2020-05-08,73.918551,75.057655,73.592054,75.004448,133838400
2020-05-11,74.513496,76.678035,74.305503,76.184669,145946400
2020-05-12,76.866658,77.316499,75.193071,75.313995,162301200
2020-05-13,75.492973,76.412002,73.330848,74.404655,200622400
2020-05-14,73.645273,74.922233,72.924562,74.861771,158929200
2020-05-15,72.639166,74.465118,72.605304,74.419167,166348400
2020-05-18,75.739666,76.545018,75.050397,76.172569,135178400
2020-05-19,76.189504,77.033552,75.700973,75.732414,101729600
2020-05-20,76.588551,77.2754,76.549854,77.205269,111504800
2020-05-21,77.067414,77.606739,76.392655,76.629669,102688800
2020-05-22,76.368451,77.205252,76.266879,77.123024,81803200
2020-05-26,78.237966,78.416931,76.545027,76.600655,125522000
2020-05-27,76.457945,77.07949,75.720303,76.93438,112945200
2020-05-28,76.610316,78.223448,76.334612,76.968254,133560800
2020-05-29,77.210093,77.669604,76.537755,76.893272,153532400
2020-06-01,76.847333,77.959837,76.716733,77.838913,80791200
2020-06-02,77.57287,78.223443,77.132705,78.199257,87642800
2020-06-03,78.518497,78.890946,77.947731,78.629745,104491200
2020-06-04,78.453204,78.750672,77.580127,77.952576,87560400
2020-06-05,78.201697,80.233222,78.172676,80.17276,137250400
2020-06-08,79.870435,80.680629,79.161821,80.646767,95654400
2020-06-09,80.32753,83.585221,80.296089,83.193428,147712400
2020-06-10,84.139047,85.800544,83.701302,85.333778,166651600
2020-06-11,84.480057,84.903292,81.135298,81.23687,201662400
2020-06-12,83.369986,84.114876,80.830578,81.93824,200146000
2020-06-15,80.595998,83.602172,80.433956,82.951599,138808800
2020-06-16,85.000034,85.420855,83.369978,85.149979,165428800
2020-06-17,85.892443,85.952905,84.910539,85.031464,114406400
2020-06-18,84.98796,85.481333,84.458311,85.065353,96820400
2020-06-19,85.769106,86.23345,83.47396,84.579208,264476000
2020-06-22,84.971011,86.934819,84.92506,86.79213,135445200
2020-06-23,88.032815,90.059506,87.614415,88.644691,212155600
2020-06-24,88.274657,89.191265,86.707477,87.079926,192623200
2020-06-25,87.234736,88.274681,86.477749,88.235985,137522400
2020-06-26,88.131974,88.352057,85.377318,85.524849,205256800
2020-06-29,85.432937,87.590227,84.956495,87.495903,130646000
2020-06-30,87.084763,88.511675,87.065419,88.226288,140223200
2020-07-01,88.303695,88.845433,88.01106,88.059425,110737200
2020-07-02,88.963943,89.597585,87.945764,88.059425,114041600
2020-07-06,89.483914,90.881797,89.452472,90.415031,118655600
2020-07-07,90.792327,91.568658,90.02325,90.134499,112424400
2020-07-08,91.109133,92.265168,91.022064,92.233727,117092000
2020-07-09,93.123721,93.176928,91.585569,92.630356,125642800
2020-07-10,92.226457,92.85043,91.617002,92.792381,90257200
2020-07-13,94.093541,96.695832,92.151499,92.364326,191649200
2020-07-14,91.747591,94.083847,90.81648,93.892792,170989200
2020-07-15,95.762288,96.011392,93.343804,94.538536,153198000
2020-07-16,93.413941,94.228969,92.777878,93.375244,110577600
2020-07-17,93.825091,93.97987,92.715,93.186607,92186800
2020-07-20,93.273682,95.288277,92.930254,95.150421,90318000
2020-07-21,95.938837,96.013809,93.58807,93.837173,103433200
2020-07-22,93.539694,94.780378,93.452632,94.100784,89001600
2020-07-23,93.834764,93.912157,89.009892,89.817665,197004400
2020-07-24,88.020718,89.938574,86.23829,89.595146,185438800
2020-07-27,90.654451,91.810486,90.431954,91.718582,121214000
2020-07-28,91.290518,91.46707,90.207034,90.211876,103625600
2020-07-29,90.69314,92.124885,90.656864,91.941078,90329200
2020-07-30,91.116373,93.157574,90.71007,93.053581,158130000
2020-07-31,99.530282,102.945179,97.537446,102.795235,374336800
2020-08-03,104.671981,107.997397,104.374513,105.385437,308151200
2020-08-04,105.574087,107.177544,104.853377,106.089226,173071600
2020-08-05,105.811085,106.792989,105.346733,106.473747,121776800
2020-08-06,106.805096,110.681926,106.217406,110.188553,202428800
2020-08-07,109.711246,110.166742,106.888634,107.683327,198045600
2020-08-10,109.124922,110.263662,106.605165,109.248489,212403600
2020-08-11,108.514372,109.011053,105.740212,105.999458,187902400
2020-08-12,107.087292,109.779076,106.893467,109.522255,165598000
2020-08-13,110.898439,112.461177,110.411445,111.460541,210082000
2020-08-14,111.286114,111.450865,109.556199,111.361221,165565200
2020-08-17,112.480555,112.504785,110.445367,111.070457,119561600
2020-08-18,110.823339,112.419992,110.488985,111.995995,105633600
2020-08-19,112.403019,113.546602,112.042018,112.136505,145538000
2020-08-20,112.177697,114.738645,112.160735,114.624771,126907200
2020-08-21,115.581807,121.013829,115.569696,120.531685,338054800
2020-08-24,124.725607,124.810415,120.112516,121.973259,345937600
2020-08-25,120.849058,121.316665,119.254822,120.972618,211495600
2020-08-26,122.285816,123.07324,121.222184,122.617744,163022400
2020-08-27,123.218618,123.550547,120.010767,121.151932,155552400
2020-08-28,122.123463,122.540193,120.732753,120.955658,187630000
2020-08-31,123.642615,126.957065,122.111376,125.057549,225702700
2020-09-01,128.662721,130.63977,126.501548,130.038895,151948100
2020-09-02,133.343685,133.721648,123.080518,127.344719,200119000
2020-09-03,122.993291,124.86372,116.781114,117.149384,257599600
2020-09-04,116.364374,119.882341,107.467689,117.226906,332607200
2020-09-08,110.43325,115.317706,109.202448,109.338127,231366600
2020-09-09,113.641134,115.463111,111.702858,113.69928,176940500
2020-09-10,116.645421,116.7811,109.027998,109.987442,182274400
2020-09-11,111.03411,111.673745,106.605151,108.543427,180860300
2020-09-14,111.179496,112.352152,109.318753,111.799744,140150100
2020-09-15,114.678062,115.162631,110.103731,111.974167,184642000
2020-09-16,111.673767,112.42,108.582215,108.669434,154679000
2020-09-17,106.333816,108.737274,105.354985,106.934677,178011000
2020-09-18,106.992814,107.457996,102.815825,103.542679,287104900
2020-09-21,101.313669,106.789299,99.918108,106.682693,195713800
2020-09-22,109.202444,109.376889,105.791082,108.359291,183055400
2020-09-23,108.175177,108.650053,103.474852,103.814056,150718700
2020-09-24,101.924216,106.847437,101.759464,104.880089,167743300
2020-09-25,105.083602,108.969847,104.347056,108.814781,149981400
2020-09-28,111.460546,111.760977,109.299366,111.412086,137672400
2020-09-29,111.014741,111.751281,110.064983,110.568932,99382200
2020-09-30,110.278192,113.641102,110.113441,112.235847,142675200
2020-10-01,114.009366,114.086899,112.255229,113.1856,116120400
2020-10-02,109.405959,111.809424,108.756639,109.531944,144712000
2020-10-05,110.39447,113.049906,110.04558,112.904533,106243800
2020-10-06,112.129244,112.536288,108.785722,109.667641,161498200
2020-10-07,111.082586,111.983885,110.607704,111.528389,96849000
2020-10-08,112.662279,112.807651,111.053506,111.421783,83477200
2020-10-09,111.722209,113.389127,111.373318,113.360054,100506900
2020-10-12,116.354669,121.316656,115.598742,120.56073,240226800
2020-10-13,121.403882,121.520181,115.957333,117.362579,262330500
2020-10-14,117.265691,119.233039,115.928283,117.449829,150712000
2020-10-15,115.05606,117.459518,114.503651,116.984642,112559200
2020-10-16,117.53704,117.798712,115.143268,115.346786,115393800
2020-10-19,116.257784,116.703587,112.090496,112.40062,120639300
2020-10-20,112.613809,115.308018,112.061401,113.883385,124423700
2020-10-21,113.069291,115.046332,112.856079,113.263123,89946000
2020-10-22,113.825227,114.397023,111.053493,112.177696,101988000
2020-10-23,112.797951,112.953017,110.75307,111.489616,82572600
2020-10-26,110.491424,112.953036,109.396294,111.499329,111850700
2020-10-27,111.925721,113.660479,111.005043,113.001465,92276800
2020-10-28,111.499314,111.867584,107.671215,107.768127,143937800
2020-10-29,108.902003,113.321268,108.737244,111.760956,146129200
2020-10-30,107.632428,108.533726,104.395512,105.500328,190272600
2020-11-02,105.742635,107.264181,104.007877,105.413124,122866900
2020-11-03,106.275659,108.049176,105.374361,107.031586,107624400
2020-11-04,110.61739,112.022637,108.882633,111.40239,138235500
2020-11-05,114.309798,115.928263,113.263134,115.356468,126387100
2020-11-06,114.866231,115.720541,112.740155,115.225433,114457900
2020-11-09,116.982584,118.429089,112.662483,112.924599,154515300
2020-11-10,112.17707,114.157515,110.798515,112.584808,138023400
2020-11-11,113.769209,116.13798,113.041102,116.002068,112295000
2020-11-12,116.128283,117.011716,115.10893,115.730247,103162300
2020-11-13,115.953532,116.176814,114.429361,115.778786,81581900
2020-11-16,115.448707,117.458283,114.701187,116.788429,91183000
2020-11-17,116.060324,117.147627,115.487543,115.904991,74271000
2020-11-18,115.147758,116.322437,114.555563,114.584686,76322100
2020-11-19,114.157527,115.584618,113.400296,115.17688,74113000
2020-11-20,115.176874,115.303076,113.866282,113.914818,73604300
2020-11-23,113.759502,114.18666,110.429623,110.526703,127959300
2020-11-24,110.584959,112.468325,109.303483,111.808174,113874200
2020-11-25,112.177074,113.342043,111.808162,112.643059,76499200
2020-11-27,113.167301,114.060444,112.827519,113.186714,46691300
2020-11-30,113.555634,117.438874,113.400301,115.574921,169410200
2020-12-01,117.477703,119.865894,116.506893,119.137787,127728200
2020-12-02,118.458203,119.768802,117.361191,119.487267,89004200
2020-12-03,119.914421,120.166833,118.642662,119.351357,78967600
2020-12-04,119.021285,119.273698,117.972809,118.681503,78260400
2020-12-07,118.739735,120.933767,118.681488,120.137703,86712000
2020-12-08,120.739603,121.331797,119.49696,120.749306,82225500
2020-12-09,120.894955,122.273503,117.467997,118.225227,115089200
2020-12-10,116.982562,120.254193,116.64278,119.642578,81312200
2020-12-11,118.856258,119.176627,117.031138,118.836845,86939800
2020-12-14,119.021291,119.749399,117.992235,118.225227,79184500
2020-12-15,120.710496,124.166584,120.506626,124.147163,157243700
2020-12-16,123.69089,124.62286,122.865696,124.079208,98208600
2020-12-17,125.137373,125.797532,124.302476,124.943214,94359800
2020-12-18,125.19565,125.331562,122.438546,122.962784,192541500
2020-12-21,121.370647,124.564613,119.846476,124.486946,121251600
2020-12-22,127.768318,130.48659,125.865524,128.030441,168904800
2020-12-23,128.302245,128.564353,126.962522,127.137276,88223700
2020-12-24,127.486747,129.564279,127.273168,128.117767,54930100
2020-12-28,130.078783,133.330987,129.612784,132.699966,124486200
2020-12-29,134.020288,134.738678,130.418577,130.933105,121047300
2020-12-30,131.622372,132.020408,129.505999,129.816666,96452100
2020-12-31,130.166182,130.80692,127.87507,128.816757,99116600
2021-01-04,129.622529,129.709898,123.059852,125.6325,143301900
2021-01-05,125.127694,127.894508,124.681115,127.185806,97664900
2021-01-06,123.991835,127.224634,122.690946,122.904526,155088000
2021-01-07,124.613126,127.787678,124.127721,127.098396,109578200
2021-01-08,128.564302,128.758475,126.428524,128.195404,105158200
2021-01-11,125.418903,126.370293,124.749042,125.215027,100384500
2021-01-12,124.749068,125.904334,123.15694,125.040314,91951100
2021-01-13,125.001468,127.612949,124.73936,127.069298,88636800
2021-01-14,126.981932,127.176091,125.001472,125.147102,90221800
2021-01-15,125.020892,126.41886,123.292852,123.428764,111598500
2021-01-19,124.050066,124.952927,123.23459,124.09861,90757300
2021-01-20,124.904356,128.622559,124.797567,128.17598,104319500
2021-01-21,129.894332,135.59298,129.690456,132.87471,120150900
2021-01-22,132.301931,135.767728,131.078716,135.010498,114459400
2021-01-25,138.893799,140.854825,132.554396,138.748169,157611700
2021-01-26,139.408284,140.087847,137.243367,138.981125,98390600
2021-01-27,139.243243,140.087858,136.311408,137.913239,140843800
2021-01-28,135.447393,137.845295,132.709703,133.088318,142621100
2021-01-29,131.865139,132.74858,126.409191,128.108109,177523800
2021-02-01,129.845841,131.428267,127.10815,130.224457,106239800
2021-02-02,131.767996,132.331067,130.680694,131.049606,83305400
2021-02-03,131.797109,131.806826,129.709874,130.030243,89880900
2021-02-04,132.321368,133.38925,130.661277,133.379547,84183100
2021-02-05,133.540015,133.608065,132.091341,132.96637,75693800
2021-02-08,132.256604,133.160814,131.177394,133.112198,71297200
2021-02-09,132.830232,134.055289,132.081602,132.237152,76774200
2021-02-10,132.694099,133.189961,130.671795,131.634338,73046600
2021-02-11,132.130191,132.606604,130.059286,131.381561,64280000
2021-02-12,130.623173,131.770433,129.981478,131.614868,60145100
2021-02-16,131.731563,132.237128,129.106448,129.495361,80576300
2021-02-17,127.609209,128.552303,125.878587,127.210579,97918500
2021-02-18,125.616061,126.393872,123.875721,126.111923,96856700
2021-02-19,126.627202,127.084166,125.227145,126.267456,87668800
2021-02-22,124.45906,126.121632,122.115916,122.504822,103916400
2021-02-23,120.32696,123.195126,115.105919,122.368706,158273000
2021-02-24,121.474241,122.077038,118.839415,121.872864,111039900
2021-02-25,121.221448,122.952071,117.19629,117.633804,148199500
2021-02-26,119.189417,121.386728,117.837976,117.896317,164560400
2021-03-01,120.317245,124.381294,119.383875,124.245178,116307900
2021-03-02,124.847984,125.149383,121.542297,121.649246,102260900
2021-03-03,121.347842,122.222878,118.460227,118.674126,112966300
2021-03-04,118.372718,120.171398,115.329545,116.797653,178155000
2021-03-05,117.624083,118.557452,114.308671,118.051872,153766600
2021-03-08,117.575455,117.643513,112.986384,113.132225,154376600
2021-03-09,115.728164,118.674112,115.494823,117.731018,129525800
2021-03-10,118.31439,118.781071,116.136521,116.651825,111943300
2021-03-11,119.140802,119.792215,117.89631,118.576889,103026500
2021-03-12,117.060155,117.808792,115.854554,117.672676,88105100
2021-03-15,118.042164,120.560315,117.07962,120.550591,92403800
2021-03-16,122.213137,123.690977,121.260326,122.086746,115227900
2021-03-17,120.608921,122.36871,118.946349,121.299225,111932600
2021-03-18,119.471372,119.763053,116.982388,117.186562,121229700
2021-03-19,116.574037,118.061595,116.360139,116.661537,185549500
2021-03-22,116.992124,120.433928,116.924066,119.967239,111912300
2021-03-23,119.908887,120.79364,118.751895,119.1408,95467100
2021-03-24,119.413041,119.490823,116.739324,116.758766,88530500
2021-03-25,116.224012,118.285206,115.69899,117.244881,98844700
2021-03-26,117.01155,118.110209,115.621217,117.847694,94071200
2021-03-29,118.27548,119.179682,117.381002,118.02269,80819200
2021-03-30,116.778194,117.060151,115.562869,116.57402,85671900
2021-03-31,118.275505,120.093627,117.789374,118.761635,118323800
2021-04-01,120.229723,120.735296,119.092173,119.588028,75089100
2021-04-05,120.433928,122.660406,119.656116,122.407616,88651200
2021-04-06,122.990948,123.60347,122.164529,122.708992,80171300
2021-04-07,122.339541,124.371561,121.668678,124.352119,83466700
2021-04-08,125.372983,126.77304,124.954918,126.743874,88844600
2021-04-09,126.199408,129.349522,125.87856,129.310638,106686700
2021-04-12,128.843933,129.164781,127.006362,127.599442,91420000
2021-04-13,128.76617,130.924589,128.270307,130.700958,91266500
2021-04-14,131.196851,131.255184,128.007837,128.367569,87222800
2021-04-15,130.107898,131.255158,129.932883,130.769028,89347100
2021-04-16,130.574592,130.934324,129.582883,130.438477,84922400
2021-04-19,129.806486,131.712123,129.641203,131.099594,94264200
2021-04-20,131.274624,131.770471,128.153661,129.417603,94812300
2021-04-21,128.688392,130.039833,127.657798,129.796768,68847100
2021-04-22,129.349553,130.428763,127.764778,128.280075,84566500
2021-04-23,128.493939,131.371821,128.493939,130.594025,78657500
2021-04-26,131.089875,131.31349,129.8551,130.982925,66905100
2021-04-27,131.264906,131.653819,130.389878,130.662109,66015800
2021-04-28,130.584319,131.27463,129.388442,129.874573,107760100
2021-04-29,132.684377,133.267739,128.775886,129.777313,151101000
2021-04-30,128.124493,129.855116,127.434196,127.813377,109839500
2021-05-03,128.377288,130.350991,128.173122,128.863419,75135100
2021-05-04,127.550859,127.84254,123.185404,124.303505,137564700
2021-05-05,125.61604,126.831365,124.420164,124.546562,84000900
2021-05-06,124.342395,126.1508,123.603475,126.141083,78128300
2021-05-07,127.436375,127.835668,126.102106,126.813072,78973300
2021-05-10,126.033953,126.160552,123.501776,123.540733,88071200
2021-05-11,120.27815,122.975884,119.567191,122.625282,126142800
2021-05-12,120.180731,121.38838,119.060731,119.567162,112172300
2021-05-13,121.329938,122.858979,121.018286,121.709763,105861300
2021-05-14,122.956385,124.5536,122.566819,124.125076,81918000
2021-05-17,123.5115,123.618631,121.904544,122.975845,74244600
2021-05-18,123.258299,123.677082,121.524737,121.592911,63342900
2021-05-19,119.946996,121.661076,119.65482,121.43708,92612000
2021-05-20,121.962993,124.388031,121.836379,123.988724,76857100
2021-05-21,124.485425,124.660729,121.943514,122.157776,79295400
2021-05-24,122.722642,124.602292,122.654469,123.784203,63092900
2021-05-25,124.485452,124.972416,123.024584,123.589455,72009500
2021-05-26,123.647864,124.066647,123.121951,123.540733,56575900
2021-05-27,123.14143,124.310121,121.816909,122.011688,94625600
2021-05-28,122.294108,122.518111,121.300721,121.359154,71311100
2021-06-01,121.816929,122.079882,120.706669,121.037796,67637100
2021-06-02,121.037774,121.972729,120.813779,121.797424,59278900
2021-06-03,121.427352,121.592915,119.917785,120.317093,76229200
2021-06-04,120.833254,122.868734,120.618993,122.605774,75169300
2021-06-07,122.878462,123.02455,121.573424,122.615509,71057600
2021-06-08,123.297262,125.108746,122.917437,123.433609,74403800
2021-06-09,123.891353,124.417267,123.219351,123.813438,56877900
2021-06-10,123.706278,124.845761,122.654459,122.820023,71186400
2021-06-11,123.229072,124.115335,122.81029,124.027679,53522400
2021-06-14,124.485418,127.134452,123.754984,127.076019,96906500
2021-06-15,126.550126,127.192912,126.014472,126.25795,62746300
2021-06-16,126.968885,127.475324,125.108725,126.754623,91815000
2021-06-17,126.413762,129.09202,126.267666,128.351837,96721700
2021-06-18,127.300019,128.079137,126.84228,127.056541,108953300
2021-06-21,126.900718,128.955672,125.839157,128.848541,79663300
2021-06-22,128.683013,130.582138,128.186308,130.484741,74783600
2021-06-23,130.280217,130.815872,129.754296,130.212036,60214200
2021-06-24,130.942473,131.127519,129.462123,129.929611,68711000
2021-06-25,129.97828,130.397055,129.345229,129.637405,70783700
2021-06-28,129.929615,131.72161,129.871183,131.26387,62111300
2021-06-29,131.283323,132.929236,130.845066,132.773407,64556100
2021-06-30,132.617595,133.825251,132.325418,133.386993,63261400
2021-07-01,133.036369,133.747321,132.218272,133.688889,52485800
2021-07-02,134.30243,136.34765,134.156349,136.308701,78852600
2021-07-06,136.415862,139.415498,136.415862,138.314987,108181800
2021-07-07,139.795304,141.110091,138.938271,140.798447,104911600
2021-07-08,137.886461,140.301759,137.000198,139.503159,105575500
2021-07-09,139.025968,141.850308,138.928571,141.324402,99890800
2021-07-12,142.395666,142.502797,140.243314,140.73027,76299700
2021-07-13,140.272517,143.613042,139.882958,141.840515,100827100
2021-07-14,144.236346,145.667998,143.82729,145.258942,127050800
2021-07-15,145.346628,146.086796,143.252708,144.606445,106820300
2021-07-16,144.586973,145.853047,142.074279,142.570969,93251400
2021-07-19,139.999853,140.311512,137.974114,138.733765,121434600
2021-07-20,139.717409,143.262447,139.230453,142.337219,96350000
2021-07-21,141.73341,142.317763,140.856895,141.606796,74993500
2021-07-22,142.132741,144.333777,142.006128,142.970306,77338200
2021-07-23,143.700681,144.840156,143.087112,144.684326,71447400
2021-07-26,144.401916,145.921217,143.84678,145.103134,72434100
2021-07-27,145.229755,145.317418,141.752897,142.941071,104818600
2021-07-28,141.032191,143.135844,138.821406,141.197754,118931200
2021-07-29,140.915302,142.726778,140.808171,141.840515,56699500
2021-07-30,140.613394,142.512519,140.350433,142.054779,70440600
2021-08-02,142.541746,143.11635,141.460703,141.723663,62880000
2021-08-03,142.006074,144.177893,141.392505,143.51564,64786600
2021-08-04,143.428022,143.934446,142.463844,143.116364,56368300
2021-08-05,143.145565,143.98313,142.356699,143.22348,46397700
2021-08-06,142.745575,143.486852,142.043307,142.540741,54126800
2021-08-09,142.599265,143.086951,141.93602,142.491974,48908700
2021-08-10,142.833346,144.072072,141.721424,142.014038,69023100
2021-08-11,142.452932,143.106428,141.945734,142.267609,48493500
2021-08-12,142.589493,145.379055,142.248107,145.222992,72282600
2021-08-13,145.301038,145.759464,144.618281,145.427841,59375000
2021-08-16,144.881627,147.46637,142.862617,147.398087,103296000
2021-08-17,146.530051,147.944337,145.418129,146.491043,92229700
2021-08-18,146.110589,147.007929,142.550476,142.75531,86326000
2021-08-19,141.458061,144.354915,140.941116,143.086929,86960300
2021-08-20,143.80877,144.842661,143.165021,144.540298,60549600
2021-08-23,144.657253,146.490955,144.247599,146.022781,60131800
2021-08-24,145.769232,147.144509,145.476618,145.935043,48606400
2021-08-25,146.120324,146.617773,144.159834,144.706039,58991300
2021-08-26,144.696298,145.447323,143.876975,143.906235,48597200
2021-08-27,143.847729,145.086455,143.213744,144.940155,55802400
2021-08-30,145.330292,149.709713,144.949898,149.348816,90956700
2021-08-31,148.900151,149.036703,147.563883,148.090591,86453100
2021-09-01,149.066002,151.163044,148.588064,148.753876,80313700
2021-09-02,150.080382,150.909453,148.646585,149.865799,71115500
2021-09-03,149.973078,150.821661,149.319581,150.499786,57808700
2021-09-07,151.153278,153.386871,150.587561,152.830917,82278300
2021-09-08,153.11378,153.1723,150.187666,151.289841,74420200
2021-09-09,151.660477,152.265202,150.158397,150.275452,57305700
2021-09-10,151.182496,151.65067,145.037656,145.30101,140893200
2021-09-13,146.920194,147.69073,145.086491,145.866791,102404300
2021-09-14,146.647073,147.349342,143.291794,144.471985,109296300
2021-09-15,144.901163,145.759494,142.765097,145.359589,83281300
2021-09-16,144.784041,145.300986,143.594088,145.125412,68034100
2021-09-17,145.154741,145.154741,142.170093,142.462708,129868800
2021-09-20,140.258375,141.272755,137.790688,139.419556,123478900
2021-09-21,140.385162,141.038674,139.263491,139.897476,75834000
2021-09-22,140.892345,142.823576,140.160817,142.257874,76404300
2021-09-23,143.038155,143.457573,142.053036,143.21373,64838200
2021-09-24,142.072582,143.838001,141.975039,143.301544,53477900
2021-09-27,141.887246,142.365184,140.27789,141.789703,74150700
2021-09-28,139.721926,141.184983,138.200349,138.414932,108972300
2021-09-29,138.961167,140.892399,138.532002,139.312302,74602000
2021-09-30,140.121835,140.824104,137.800447,138.01503,89056700
2021-10-01,138.405145,139.400027,135.683866,139.136673,94639600
2021-10-04,138.268618,138.707547,134.864582,135.71315,98322000
2021-10-05,136.054486,138.736756,135.927684,137.634583,80861100
2021-10-06,136.034998,138.648985,134.962084,138.502686,83221100
2021-10-07,139.536579,140.668013,139.204956,139.76091,61732700
2021-10-08,140.482713,140.629013,139.048916,139.380539,58773200
2021-10-11,138.766107,141.243544,138.317429,139.292801,64452200
2021-10-12,139.702405,139.721916,137.566339,138.024765,73035900
2021-10-13,137.761419,137.917467,135.771654,137.439545,78762700
2021-10-14,138.610004,140.336415,138.024775,140.21936,69907100
2021-10-15,140.229111,141.331271,139.975505,141.272751,67940300
2021-10-18,139.916987,143.223494,139.634136,142.940643,85589200
2021-10-19,143.389292,145.496097,142.94063,145.096191,76378900
2021-10-20,145.037657,146.061799,144.47194,145.583862,58418800
2021-10-21,145.14498,145.95454,144.228129,145.798477,61421000
2021-10-22,146.003325,146.481248,144.979183,145.027954,58883400
2021-10-25,145.01818,145.691189,143.984289,144.979172,50720600
2021-10-26,145.652143,147.124948,145.340018,145.642395,60893400
2021-10-27,145.68144,146.042322,144.832872,145.184006,56094900
2021-10-28,146.130107,149.397592,146.032564,148.812378,100077900
2021-10-29,143.594136,146.247147,142.804088,146.110596,124953200
2021-11-01,145.32055,146.013055,144.159856,145.29129,74588300
2021-11-02,144.99869,147.837024,144.988927,146.325195,69122000
2021-11-03,146.686043,148.227131,146.130089,147.758957,54511500
2021-11-04,147.846776,148.675832,146.929924,147.24205,60394600
2021-11-05,148.365346,148.66815,146.57781,147.769501,65463900
2021-11-08,147.896467,148.052757,146.675473,146.948975,55020900
2021-11-09,146.714564,147.916018,146.577814,147.31041,56787900
2021-11-10,146.538747,146.646195,144.419105,144.487473,65187100
2021-11-11,145.503331,145.962411,144.253021,144.438614,41000000
2021-11-12,144.985603,146.909889,144.057651,146.509415,63804000
2021-11-15,146.88059,148.355559,145.9624,146.51918,59222800
2021-11-16,146.460572,147.974606,145.874489,147.495972,59256200
2021-11-17,147.495999,151.403177,147.486236,149.928223,88807000
2021-11-18,150.143119,154.988012,149.498431,154.206573,137827700
2021-11-19,153.991673,157.283481,152.897668,156.824387,117305600
2021-11-22,157.928151,161.85487,157.263938,157.283478,117467900
2021-11-23,157.38118,158.045409,155.368985,157.664459,96041900
2021-11-24,157.019741,158.377485,155.935498,158.182129,69463600
2021-11-26,155.86712,156.72669,152.731603,153.171158,76959800
2021-11-29,155.67177,157.449543,155.105227,156.521591,88748200
2021-11-30,156.277395,161.679068,156.209012,161.464172,174048100
2021-12-01,163.593562,166.34813,160.712021,160.946457,152052500
2021-12-02,155.056401,160.389692,154.138212,159.9599,136739200
2021-12-03,160.213862,161.132052,156.013642,158.084442,118023100
2021-12-06,160.477576,163.98428,160.467814,161.483688,107497000
2021-12-07,165.156458,167.598445,164.433624,167.207718,120405400
2021-12-08,168.135686,171.876811,166.738861,171.017227,116998900
2021-12-09,170.851161,172.64846,169.884129,170.509277,108923700
2021-12-10,171.144168,175.461597,170.63623,175.285767,115402700
2021-12-13,176.917025,177.903597,171.456747,171.66188,153237000
2021-12-14,171.183256,173.61548,168.213807,170.284607,139380400
2021-12-15,171.046495,175.334623,168.311468,175.139267,131063300
2021-12-16,175.119768,176.936607,166.78771,168.262665,150185800
2021-12-17,165.986712,169.444574,165.752291,167.16864,195432700
2021-12-20,164.375024,166.621655,163.57406,165.810913,107499100
2021-12-21,167.578869,169.180811,165.195488,168.975693,91185900
2021-12-22,169.024552,171.77912,168.155205,171.564224,92135300
2021-12-23,171.769332,172.746126,171.202789,172.189346,68356600
2021-12-27,172.980536,176.233263,172.96101,176.145355,74919600
2021-12-28,175.979323,177.122171,174.387143,175.129501,79144300
2021-12-29,175.168565,176.4384,174.006177,175.217407,62348900
2021-12-30,175.305307,176.379787,173.957326,174.064774,59773000
2021-12-31,173.957324,175.070869,173.146583,173.449402,64062300
2022-01-03,173.703398,178.636214,173.586187,177.786392,104487900
2022-01-04,178.391968,178.694772,174.96341,175.529953,99310400
2022-01-05,175.442101,175.989104,170.58743,170.860931,94537600
2022-01-06,168.692436,171.232108,167.657036,168.008682,96904000
2022-01-07,168.878006,170.099,167.061168,168.174713,86709100
2022-01-10,165.156473,168.497109,164.267586,168.194305,106765600
2022-01-11,168.321279,171.114898,166.856087,171.017227,76138300
2022-01-12,172.033108,173.068508,170.763286,171.456802,74805200
2022-01-13,171.700995,172.521499,167.803579,168.194305,84505800
2022-01-14,167.363998,169.747379,167.119799,169.053864,80440800
2022-01-18,167.530052,168.536149,165.478792,165.859741,90956700
2022-01-19,166.055094,167.110034,162.08931,162.372574,94815000
2022-01-20,163.105189,165.742532,160.370161,160.692505,91420500
2022-01-21,160.604572,162.470253,158.533772,158.64122,122848900
2022-01-24,156.30669,158.533781,151.110135,157.869553,162294600
2022-01-25,155.290812,158.983094,153.376302,156.07225,115798400
2022-01-26,159.705914,160.575261,154.157728,155.984329,108275300
2022-01-27,158.680296,160.03804,154.607064,155.525253,121954600
2022-01-28,161.86464,166.396966,159.022164,166.377426,179935700
2022-01-31,166.211395,170.939078,165.57647,170.724182,115541600
2022-02-01,169.972038,170.782779,168.31149,170.558121,86213900
2022-02-02,170.69485,171.798632,169.307803,171.759552,84914300
2022-02-03,170.431155,172.150323,168.125919,168.887817,89418100
2022-02-04,167.909742,170.27661,166.931703,168.604156,82465400
2022-02-07,169.063872,170.129932,167.195814,167.890228,77251200
2022-02-08,167.958643,171.499155,167.665228,170.99057,74829200
2022-02-09,172.183792,172.770607,171.059038,172.408737,71285000
2022-02-10,170.315716,171.626284,167.782598,168.340073,90865900
2022-02-11,168.545459,169.278988,164.349664,164.936493,98670700
2022-02-14,163.694401,165.855874,162.902191,165.171249,86185500
2022-02-15,167.215353,169.151866,166.511164,168.995377,62527400
2022-02-16,168.076026,169.533295,166.315553,168.760651,61177400
2022-02-17,167.274028,168.134707,164.77025,165.171249,69589300
2022-02-18,166.090624,166.794799,162.540337,163.625961,82772700
2022-02-22,161.356905,163.029359,158.589052,160.711411,91162800
2022-02-23,161.904562,162.501166,156.241723,156.554703,90009200
2022-02-24,149.229225,159.273692,148.661961,159.166107,141147500
2022-02-25,160.241938,161.493827,157.33716,161.229767,91974200
2022-02-28,159.479047,161.78722,158.862877,161.493805,95056600
2022-03-01,161.083087,162.941371,158.413044,159.616028,83474400
2022-03-02,160.779863,163.684641,159.371484,162.902206,79724800
2022-03-03,164.770266,165.200605,161.914393,162.579453,76678400
2022-03-04,160.877627,161.914346,158.540115,159.586609,83737200
2022-03-07,159.772472,161.396021,155.547336,155.801636,96418800
2022-03-08,155.332182,159.303018,152.378499,153.982483,131148300
2022-03-09,157.933772,159.821395,155.909238,159.37149,91454900
2022-03-10,156.681825,156.867655,152.5545,155.038727,105342000
2022-03-11,155.439778,155.782098,151.107071,151.332016,96970100
2022-03-14,148.124015,150.735377,146.803671,147.312241,108732100
2022-03-15,147.586096,152.153552,147.077526,151.684082,92964300
2022-03-16,153.601068,156.486281,151.06795,156.085281,102300200
2022-03-17,155.126813,157.464326,154.168339,157.092667,75615400
2022-03-18,156.985048,160.867865,156.251519,160.378845,123511700
2022-03-21,159.91918,162.696822,159.43016,161.748123,95811400
2022-03-22,161.875257,165.699394,161.288443,165.112579,81532000
2022-03-23,164.300813,168.848689,163.968268,166.472061,98062700
2022-03-24,167.303406,170.315769,166.472082,170.247314,90131400
2022-03-25,170.061401,171.430649,168.956212,170.88295,80546200
2022-03-28,168.389001,171.870818,168.222736,171.743683,90371900
2022-03-29,172.809769,175.078813,172.467449,175.029922,100589400
2022-03-30,174.628913,175.665632,172.819534,173.866043,92633200
2022-03-31,173.934437,174.120267,170.569981,170.775375,103049300
2022-04-01,170.20816,171.039499,168.164062,170.48201,78751300
2022-04-04,170.736325,174.570237,170.609175,174.521332,76468400
2022-04-05,173.601933,174.384367,170.589571,171.215515,73401800
2022-04-06,168.574832,169.816946,166.393809,168.056473,89058800
2022-04-07,167.401145,169.552828,166.119917,168.359619,77594700
2022-04-08,168.007548,168.007548,165.484206,166.35466,76575500
2022-04-11,165.005003,165.317968,161.865491,162.110001,72246700
2022-04-12,164.330137,166.139501,162.980439,163.978043,79265200
2022-04-13,163.71396,167.283797,163.10758,166.657852,70618900
2022-04-14,166.873046,167.50878,161.415585,161.660095,75329400
2022-04-18,160.320162,162.941314,159.977857,161.444916,69023900
2022-04-19,161.396002,164.134514,160.310378,163.723724,67723800
2022-04-20,165.053863,165.171238,162.452291,163.557465,67929800
2022-04-21,165.200597,167.763055,162.266479,162.765274,87227800
2022-04-22,162.804378,164.183402,157.953298,158.236923,84882400
2022-04-25,157.581681,159.586664,154.980108,159.30304,96046400
2022-04-26,158.686847,158.774867,153.278292,153.356537,95623200
2022-04-27,152.486098,156.28088,151.967738,153.131607,88063200
2022-04-28,155.75272,160.90699,155.43974,160.04631,130216800
2022-04-29,158.285837,162.550088,153.796641,154.187851,131747600
2022-05-02,153.26854,154.755149,149.904082,154.491089,123055300
2022-05-03,154.676898,157.180691,152.887099,155.977692,88966500
2022-05-04,156.1635,162.823944,155.7625,162.374054,108256500
2022-05-05,160.251729,160.476674,151.547171,153.327209,130525300
2022-05-06,152.808093,156.167705,151.01565,154.052032,116124600
2022-05-09,151.750224,152.631762,148.380839,148.939133,131577900
2022-05-10,152.328117,153.523079,149.791263,151.338837,115366700
2022-05-11,150.349573,152.259548,142.817399,143.49324,142689800
2022-05-12,139.839806,143.199402,135.951285,139.634109,182602000
2022-05-13,141.62246,145.060431,140.172839,144.090744,113990900
2022-05-16,142.562752,144.492321,141.22086,142.552948,86643800
2022-05-17,145.804796,146.696123,143.669531,146.177002,78336300
2022-05-18,143.836064,144.335592,137.028694,137.929825,109742900
2022-05-19,137.009141,138.752607,133.79646,134.531067,136095600
2022-05-20,136.235358,137.812316,129.888356,134.766144,137426100
2022-05-23,134.962031,140.319767,134.824904,140.172852,117726300
2022-05-24,137.920025,139.05622,134.511452,137.479263,104132700
2022-05-25,135.58887,138.87991,135.500721,137.635986,92482700
2022-05-26,134.570263,141.377621,134.325394,140.829117,90601500
2022-05-27,142.406043,146.60799,142.278707,146.568817,90978500
2022-05-31,146.010523,147.567886,143.82628,145.785233,103718400
2022-06-01,146.823477,148.625725,144.649039,145.657913,74286600
2022-06-02,144.795934,148.165334,143.845841,148.106567,72348100
2022-06-03,143.884987,144.933033,141.495079,142.396194,88570300
2022-06-06,144.012373,145.520775,141.926084,143.14064,71598400
2022-06-07,141.387396,145.941955,141.142527,145.657913,67808200
2022-06-08,145.53058,146.794098,144.433571,144.923309,53950200
2022-06-09,144.061324,144.913463,139.604705,139.712448,69473000
2022-06-10,137.400911,137.871055,134.246997,134.315567,91437900
2022-06-13,130.143012,132.425193,128.742368,129.17334,122207100
2022-06-14,130.397664,131.142061,128.78152,130.035248,84784300
2022-06-15,131.533849,134.521255,129.447575,132.650452,91533000
2022-06-16,129.369217,129.672852,126.391601,127.390671,108123900
2022-06-17,127.400438,130.348656,127.145765,128.859848,134520300
2022-06-21,130.681677,134.246969,130.583739,133.08139,81000500
2022-06-22,132.023579,134.932624,131.16165,132.572098,73409200
2022-06-23,134.011937,135.745599,132.846358,135.432175,72433800
2022-06-24,137.028706,138.997463,136.901385,138.752594,89116800
2022-06-27,139.771243,140.545037,138.076753,138.752594,70207900
2022-06-28,139.212931,140.476449,134.501654,134.619186,67083400
2022-06-29,134.638775,137.782884,133.86498,136.372437,66242400
2022-06-30,134.433107,135.530116,131.024534,133.913986,98964500
2022-07-01,133.247943,136.186372,132.875752,136.078629,71051600
2022-07-05,134.942395,138.703579,134.119624,138.654602,73353800
2022-07-06,138.44897,141.162109,138.184507,139.98674,74064300
2022-07-07,140.349119,143.542221,140.33933,143.346329,66253700
2022-07-08,142.278705,144.521713,142.024046,144.022171,64547800
2022-07-11,142.680267,143.630359,140.829057,141.896683,63141600
2022-07-12,142.768456,145.403249,142.073036,142.866409,77588800
2022-07-13,140.055292,143.444271,139.203138,142.503983,71185600
2022-07-14,141.122936,145.892981,140.309969,145.422836,78140700
2022-07-15,146.705941,147.763777,145.158367,147.087936,76259900
2022-07-18,147.646219,148.459186,143.689128,144.051544,81420900
2022-07-19,144.884106,148.126169,143.89484,147.900894,82982400
2022-07-20,148.01844,150.565084,147.283833,149.899033,64823400
2022-07-21,151.329076,152.377122,148.821619,152.161636,65086600
2022-07-22,152.200828,153.072561,150.261469,150.927505,66675400
2022-07-25,150.849094,151.857953,149.154605,149.810852,53623900
2022-07-26,149.135029,149.947996,147.705003,148.488586,55138700
2022-07-27,149.448466,154.100977,149.037088,153.572052,78620700
2022-07-28,153.758143,154.404601,151.240898,154.12056,81378700
2022-07-29,157.930759,160.271706,156.226464,159.174683,101786900
2022-08-01,157.705452,160.232503,157.58792,158.19519,67829400
2022-08-02,156.814132,159.076719,156.353777,156.725967,59907000
2022-08-03,157.538945,163.170933,157.450796,162.720383,82507500
2022-08-04,162.602814,163.758603,161.05524,162.406921,55474100
2022-08-05,160.082346,162.671754,159.876363,162.181335,56697000
2022-08-08,163.181796,164.594203,161.053382,161.710541,60276900
2022-08-09,160.87682,162.642329,160.121572,161.759567,63135500
2022-08-10,164.466693,166.094886,163.701642,165.996811,70170500
2022-08-11,166.801091,167.713276,164.966931,165.261185,57149200
2022-08-12,166.565695,168.870653,166.153731,168.802002,68039400
2022-08-15,168.233114,170.067273,168.066373,169.871109,54091700
2022-08-16,169.468963,170.381149,168.370431,169.714172,56377100
2022-08-17,169.459159,172.774377,169.262995,171.205048,79542000
2022-08-18,170.42037,171.548326,169.802438,170.812698,62290100
2022-08-19,169.714151,170.410552,168.027111,168.233093,70346300
2022-08-22,166.438164,166.604904,163.937028,164.358795,69026800
2022-08-23,163.87818,165.476948,163.456412,164.025299,54147100
2022-08-24,164.113598,164.888452,163.064095,164.319565,53841500
2022-08-25,165.545622,166.87956,165.123869,166.771667,51218200
2022-08-26,167.301308,167.772106,160.425634,160.484482,78961000
2022-08-29,158.061827,159.778291,156.757327,158.28743,73314000
2022-08-30,159.023041,159.444794,154.697548,155.864746,77906200
2022-08-31,157.237935,157.502765,154.128685,154.207153,87991100
2022-09-01,153.638257,155.384145,151.706007,154.932968,74229900
2022-09-02,156.688688,157.286999,152.000289,152.824188,76957800
2022-09-06,153.471521,154.079635,150.744796,151.568695,73714800
2022-09-07,151.853115,153.667653,150.666296,152.971268,87449600
2022-09-08,151.676574,153.363614,149.754128,151.500031,84923800
2022-09-09,152.490665,154.795636,151.784461,154.354248,68028800
2022-09-12,156.531732,161.112238,156.247296,160.298141,104956000
2022-09-13,156.835806,157.463541,150.430943,150.891937,122656600
2022-09-14,151.823701,154.089446,150.666321,152.33374,87965400
2022-09-15,151.686411,152.265116,148.479085,149.450104,90481100
2022-09-16,148.312278,148.449595,145.526692,147.812042,162278800
2022-09-19,146.448714,151.598107,146.242747,151.519638,81474200
2022-09-20,150.460336,155.05066,150.146477,153.893265,107689800
2022-09-21,154.324793,155.697973,150.656474,150.77417,101696800
2022-09-22,149.459902,151.509847,148.018071,149.813004,86652500
2022-09-23,148.292687,148.56732,145.713082,147.547241,96029900
2022-09-26,146.791993,150.823232,146.772372,147.880722,93339400
2022-09-27,149.812992,151.755044,147.076449,148.851761,84442700
2022-09-28,144.810714,147.753224,142.064369,146.968552,146691400
2022-09-29,143.300258,143.908372,137.984109,139.749619,128138200
2022-09-30,138.572599,140.357729,135.355456,135.55162,124925300
2022-10-03,135.561446,140.328313,135.051407,139.720184,114311700
2022-10-04,142.25073,143.417928,141.495481,143.300232,87830100
2022-10-05,141.309116,144.555682,140.269417,143.594452,79471000
2022-10-06,143.015759,144.712601,142.437069,142.643036,68402200
2022-10-07,139.808458,140.357739,136.777676,137.405411,85925600
2022-10-10,137.729095,139.170927,135.914556,137.729095,74899000
2022-10-11,137.219003,138.641228,135.571205,136.316635,77033700
2022-10-12,136.463834,137.670259,135.512421,135.688965,70433700
2022-10-13,132.403139,140.838325,131.79501,140.249832,113224000
2022-10-14,141.544518,141.7505,135.541803,135.728165,88598000
2022-10-17,138.366636,140.161554,137.581964,139.680954,85250900
2022-10-18,142.701931,143.888735,137.915443,140.99527,99136600
2022-10-19,138.974766,142.172288,138.788405,141.10318,61758300
2022-10-20,140.279246,143.094242,139.916326,140.642151,64522000
2022-10-21,140.132169,145.016748,139.916384,144.447861,86548600
2022-10-24,144.369344,147.35108,143.202146,146.586029,75981900
2022-10-25,147.213742,149.567758,146.497735,149.420624,74732300
2022-10-26,148.067108,149.077369,145.203052,146.487961,88194300
2022-10-27,145.232502,146.193718,141.368003,142.025162,109180200
2022-10-28,145.359992,154.481776,144.987284,152.755508,164762400
2022-10-31,150.224946,151.284251,149.008703,150.401489,97943200
2022-11-01,152.108145,152.47105,146.27217,147.763031,80379300
2022-11-02,146.095594,149.253889,142.221293,142.250717,93604600
2022-11-03,139.337651,140.063475,136.091084,136.218597,97918500
2022-11-04,139.598302,140.168133,132.023513,135.953369,140814800
2022-11-07,134.705599,136.709819,133.290849,136.483856,83374600
2022-11-08,137.947726,138.949828,135.078934,137.05368,89908500
2022-11-09,136.071215,136.120342,132.229779,132.504868,74917800
2022-11-10,138.763203,144.294464,137.05371,144.294464,118854000
2022-11-11,143.26288,147.37939,141.838295,147.074829,93979700
2022-11-14,146.357636,147.644661,144.844633,145.679733,73374100
2022-11-15,149.550638,150.896609,145.954817,147.408859,89868300
2022-11-16,146.51482,147.241833,144.707075,146.180771,64218300
2022-11-17,143.862157,148.823602,143.587068,148.076935,80389400
2022-11-18,149.639065,150.022225,147.340103,148.636948,74829600
2022-11-21,147.526765,147.733074,145.129551,145.414459,58724100
2022-11-22,145.532348,147.782183,144.35338,147.546387,51804100
2022-11-23,146.829236,149.167505,146.721164,148.420837,58301400
2022-11-25,145.7092,146.269212,144.540066,145.512711,35195900
2022-11-28,142.594798,144.068494,140.865667,141.690933,69246000
2022-11-29,141.75971,142.270596,137.888815,138.694427,83763800
2022-11-30,138.920358,146.112,138.085273,145.434097,111380900
2022-12-01,145.61093,146.514795,144.038982,145.709167,71250400
2022-12-02,143.400423,145.404642,143.095846,145.217972,65447400
2022-12-05,145.178694,148.273449,143.213766,144.058685,68826400
2022-12-06,144.490969,144.716931,139.431271,140.403915,64727200
2022-12-07,139.696525,140.855825,137.544926,138.468445,69721100
2022-12-08,139.863545,141.003206,138.625646,140.148453,62128300
2022-12-09,139.84389,143.017258,138.429139,139.667053,76097000
2022-12-12,140.197589,141.966027,138.586348,141.956207,70462700
2022-12-13,146.87835,147.340109,141.710595,142.919022,93886200
2022-12-14,142.801111,144.088136,138.684585,140.698639,82291200
2022-12-15,138.635467,139.313369,133.644549,134.106308,98931900
2022-12-16,134.292994,135.236151,131.384894,132.151215,160156900
2022-12-19,132.740709,132.829127,129.017177,130.048752,79592600
2022-12-20,129.08592,130.913303,127.612224,129.979965,77432800
2022-12-21,130.64802,134.410858,130.422058,133.074707,85928000
2022-12-22,131.994012,132.200321,128.015031,129.911179,77852100
2022-12-23,128.624135,130.09783,127.366583,129.547653,63814900
2022-12-27,129.076088,129.105561,126.462731,127.749756,69007800
2022-12-28,127.39606,128.732211,123.662703,123.82972,85438400
2022-12-29,125.745511,128.191843,125.490076,127.337105,75703700
2022-12-30,126.158186,127.671173,125.195368,127.65152,77034200
2023-01-03,127.995375,128.604497,121.992521,122.87674,112117500
2023-01-04,124.664816,126.403781,122.886559,124.144112,89113600
2023-01-05,124.900628,125.529405,122.572194,122.827629,80962700
2023-01-06,123.800245,128.00518,122.699883,127.346931,87754700
2023-01-09,128.182033,131.070479,127.612202,127.867638,70790800
2023-01-10,127.975726,128.958189,125.873254,128.437485,63896200
2023-01-11,128.948369,131.168732,128.17223,131.149094,69458900
2023-01-12,131.532224,131.90555,129.135011,131.070465,71379600
2023-01-13,129.714698,132.554018,129.351191,132.39682,57809700
2023-01-17,132.465602,134.882454,131.77788,133.556137,63646600
2023-01-18,134.420711,136.179315,132.662092,132.838943,69672800
2023-01-19,131.728739,133.860683,131.424177,132.897873,58280400
2023-01-20,132.907678,135.599634,131.866269,135.452255,80223600
2023-01-23,135.697895,140.806719,135.481752,138.635468,81760300
2023-01-24,137.849493,140.64952,137.839673,140.030563,66435100
2023-01-25,138.419339,139.932326,136.375812,139.37233,65799300
2023-01-26,140.659316,141.720378,139.411583,141.435471,54105100
2023-01-27,140.649527,144.648147,140.570928,143.370941,70555800
2023-01-30,142.417945,142.997595,140.344946,140.49231,64015300
2023-01-31,140.197591,141.808831,139.784958,141.759705,65874500
2023-02-01,141.445296,144.038999,138.841773,142.879684,77663600
2023-02-02,146.288858,148.528874,145.571663,148.175201,118339000
2023-02-03,145.434093,154.620134,145.237603,151.790634,154357300
2023-02-06,149.894495,150.415199,148.135876,149.069214,69858300
2023-02-07,147.998315,152.507819,147.998315,151.937988,83322600
2023-02-08,151.18151,151.869232,148.519027,149.255875,64120100
2023-02-09,151.083293,151.623651,147.782214,148.224319,56007100
2023-02-10,147.063232,148.913073,146.827075,148.588364,57450700
2023-02-13,148.529354,151.786272,148.499836,151.382858,62199000
2023-02-14,149.680558,151.304107,148.440769,150.74324,61707600
2023-02-15,150.654695,153.006368,150.428388,152.839096,65573800
2023-02-16,151.048282,153.823067,150.890859,151.245087,68167900
2023-02-17,149.906894,150.546464,148.430948,150.103683,59144100
2023-02-21,147.791357,148.873723,146.030068,146.098938,58867200
2023-02-22,146.482667,147.545349,144.800097,146.522034,51011300
2023-02-23,147.683134,147.929125,144.878846,147.004196,48394200
2023-02-24,144.750895,144.829613,143.383186,144.357315,55469600
2023-02-27,145.341304,146.777883,145.085464,145.547928,44998500
2023-02-28,144.6919,146.689345,144.475426,145.046127,50547000
2023-03-01,144.475427,144.869006,142.684605,142.979797,55479000
2023-03-02,142.064697,144.357334,141.592383,143.57016,52238100
2023-03-03,145.66599,148.686766,144.967385,148.608047,70732300
2023-03-06,151.323807,153.793567,150.999113,151.363174,87558000
2023-03-07,151.235199,151.559909,148.70642,149.168884,56182000
2023-03-08,150.359528,151.008948,149.395248,150.418564,47204800
2023-03-09,151.097515,152.061795,147.820913,148.17514,53833600
2023-03-10,147.801237,148.519527,145.242925,146.118652,68572400
2023-03-13,145.439675,150.684203,145.331438,148.057022,84457100
2023-03-14,148.854061,150.94006,147.692991,150.143051,73695900
2023-03-15,148.765483,150.792446,147.515845,150.536621,77167900
2023-03-16,149.719925,153.950972,149.20826,153.350754,76161100
2023-03-17,153.577056,154.226476,151.805919,152.514374,98944600
2023-03-20,152.583278,155.289178,151.678018,154.8759,73641400
2023-03-21,154.797193,156.843825,154.029688,156.725754,73938300
2023-03-22,156.745424,159.539877,155.279312,155.298996,75701800
2023-03-23,156.282976,158.959358,155.151408,156.381363,67622100
2023-03-24,156.312497,157.768759,155.318699,157.680206,59196500
2023-03-27,157.375159,158.191851,155.338347,155.741776,52390300
2023-03-28,155.436778,155.948444,153.478685,155.121902,45992200
2023-03-29,156.814321,158.467388,156.794652,158.191879,51305700
2023-03-30,158.939656,159.864584,158.683831,159.756348,49501700
2023-03-31,159.835088,162.354033,159.313588,162.25563,68749800
2023-04-03,161.635769,163.623366,161.586568,163.505295,56976200
2023-04-04,163.928384,164.164526,162.462273,162.973938,46278300
2023-04-05,162.098222,162.403248,159.205366,161.133926,51511700
2023-04-06,159.825235,162.314678,159.402138,162.019485,45390100
2023-04-10,158.831437,159.431656,157.512929,159.431656,47716900
2023-04-11,159.746537,159.756371,157.936032,158.22139,47644200
2023-04-12,158.634658,159.461184,157.217748,157.532623,50133100
2023-04-13,159.038074,163.141201,158.831435,162.905045,68445600
2023-04-14,161.950601,163.652869,161.19296,162.560669,49386500
2023-04-17,162.442598,162.737791,161.399599,162.580353,41516200
2023-04-18,163.436414,164.725405,162.993618,163.800476,49923000
2023-04-19,163.141193,165.463348,162.885353,164.941849,47720200
2023-04-20,163.426537,165.177991,162.905037,163.977554,52456400
2023-04-21,162.403221,163.780764,161.852203,162.373703,58337300
2023-04-24,162.354062,162.944446,161.261861,162.678772,41949600
2023-04-25,162.540964,163.642999,161.104371,161.143738,48714100
2023-04-26,160.445155,162.629556,160.189329,161.133926,45498800
2023-04-27,162.540971,165.856924,162.540971,165.709335,64902300
2023-04-28,165.78805,167.126241,165.187831,166.958954,55275900
2023-05-01,166.565411,167.716647,165.935675,166.870438,52472900
2023-05-02,167.362427,167.618268,164.853316,165.83728,48425700
2023-05-03,166.781853,168.17908,164.479382,164.764725,65136000
2023-05-04,162.245786,164.361302,161.675085,163.131348,81235400
2023-05-05,168.238113,171.50488,168.02164,170.786591,113453200
2023-05-08,169.71408,171.062121,169.350019,170.717728,55962800
2023-05-09,170.274945,170.757078,168.8482,169.015472,45326900
2023-05-10,170.245415,171.239213,169.143365,170.776749,53724500
2023-05-11,171.062117,171.790241,169.40905,170.963715,49514700
2023-05-12,171.07207,171.505615,168.490524,170.037491,45533100
2023-05-15,170.618861,170.668131,168.95366,169.544861,37266700
2023-05-16,169.466033,170.599151,169.278819,169.544861,42110300
2023-05-17,169.190117,170.3922,167.91904,170.155731,57951600
2023-05-18,170.461191,172.668324,170.047356,172.48111,65496700
2023-05-19,173.801453,173.801453,172.372735,172.589508,55809500
2023-05-22,171.426828,172.146126,170.904607,171.6436,43570900
2023-05-23,170.589311,170.835642,168.766453,169.042343,50747300
2023-05-24,168.579228,169.889712,168.017601,169.318222,45143500
2023-05-25,169.87985,171.347974,169.170414,170.45134,56058300
2023-05-26,170.776524,173.190567,170.569599,172.855545,54835000
2023-05-30,174.363083,176.363291,173.978807,174.69809,55964400
2023-05-31,174.727662,176.718022,174.16602,174.648834,99625300
2023-06-01,175.092218,177.476702,174.333514,177.447144,68901800
2023-06-02,178.373368,179.112362,176.629339,178.29454,61996900
2023-06-05,179.949885,182.235831,175.427232,176.944641,121946500
2023-06-06,177.328889,177.476682,174.826156,176.580048,64848400
2023-06-07,175.821361,178.550715,174.717802,175.210464,61944600
2023-06-08,175.28926,178.186117,174.855729,177.92009,50214900
2023-06-09,178.836451,179.555734,177.979223,178.304382,48900000
2023-06-12,178.609872,181.191419,178.314271,181.09288,54274900
2023-06-13,180.117393,181.447573,179.762676,180.619904,54929100
2023-06-14,180.679013,181.684049,179.348834,181.250504,57462900
2023-06-15,181.260354,183.782783,181.082988,183.280258,65433200
2023-06-16,183.989704,184.245898,181.565813,182.206268,101256200
2023-06-20,181.703736,183.368937,181.703736,182.294922,49799100
2023-06-21,182.186538,182.689063,179.91044,181.260345,49515700
2023-06-22,181.043599,184.305022,180.974619,184.255753,51245300
2023-06-23,182.827038,184.807536,182.294954,183.940445,53117000
2023-06-26,184.088252,185.290349,182.511726,182.551147,48088700
2023-06-27,183.162048,185.62536,182.945275,185.300201,50730800
2023-06-28,185.172096,187.113188,184.846953,186.472733,51216800
2023-06-29,186.305199,187.280675,186.167254,186.807709,46347300
2023-06-30,188.817817,191.625984,188.453237,191.123474,85213200
2023-07-03,190.936272,191.03481,188.945911,189.635651,31458200
2023-07-05,188.7587,190.147997,187.822629,188.522217,46920300
2023-07-06,187.054072,189.202088,186.423464,188.995163,45094300
2023-07-07,188.601012,189.842516,187.448184,187.881714,46815000
2023-07-10,186.482572,187.20187,184.29515,185.842117,59922200
2023-07-11,186.384053,186.521998,183.861624,185.319901,46638100
2023-07-12,186.896417,188.886777,185.704182,186.985107,60750200
2023-07-13,187.704353,188.384229,186.994918,187.743759,41342300
2023-07-14,187.438346,188.374401,186.84716,187.891602,41616200
2023-07-17,189.083803,191.468302,188.995127,191.143143,50520200
2023-07-18,190.51258,191.478194,189.59622,190.886993,48288200
2023-07-19,190.266198,195.320903,189.822789,192.236847,80507300
2023-07-20,192.227035,193.586789,189.675047,190.295807,59581200
2023-07-21,191.251566,192.108794,188.423673,189.12326,71951700
2023-07-24,190.571674,192.049661,189.428694,189.921356,45377800
2023-07-25,190.492857,191.586569,190.088871,190.778595,37283200
2023-07-26,190.827839,192.76893,190.482984,191.64566,47471900
2023-07-27,193.143373,194.306049,189.724295,190.38446,47460200
2023-07-28,191.813196,193.74444,191.290975,192.956177,48291400
2023-07-31,193.182756,193.606453,192.394493,193.567032,38824100
2023-08-01,193.360139,193.842939,192.414221,192.73938,35175100
2023-08-02,192.177751,192.315696,189.034578,189.75386,50389300
2023-08-03,188.758671,189.546919,187.891581,188.364532,61235200
2023-08-04,182.797455,184.63016,179.25028,179.31926,115956800
2023-08-07,179.457221,180.442546,174.74737,176.225357,97576100
2023-08-08,177.052991,177.624481,174.973955,177.161377,67823000
2023-08-09,178.215691,178.274808,174.412336,175.575027,60378500
2023-08-10,176.846096,178.097463,174.993696,175.358261,54686900
2023-08-11,174.953736,176.236376,174.194007,175.41745,52036700
2023-08-14,175.595018,177.292066,174.943822,177.06514,43675600
2023-08-15,176.49291,177.084895,174.687329,175.081985,43622600
2023-08-16,174.76627,176.157442,174.144672,174.213745,46964900
2023-08-17,174.776152,175.14121,171.16499,171.678055,66062900
2023-08-18,170.000721,172.763359,169.665262,172.161499,61172200
2023-08-21,172.733771,173.779623,171.421517,173.493484,46311900
2023-08-22,174.69723,175.308952,173.898041,174.86496,42038900
2023-08-23,176.137738,179.127303,175.950271,178.703033,52722800
2023-08-24,178.259005,178.683274,173.661188,174.02626,54945800
2023-08-25,175.012935,176.759304,173.473755,176.226517,51449600
2023-08-28,177.686775,178.180102,176.167332,177.785446,43820700
2023-08-29,177.301964,182.432569,177.104636,181.662979,53003900
2023-08-30,182.472061,185.343232,182.274733,185.145889,60813900
2023-08-31,185.333362,186.59628,184.978166,185.362961,60794500
2023-09-01,186.9613,187.385555,185.767441,186.931702,45766500
2023-09-05,185.767454,187.444765,185.106397,187.168503,45280000
2023-09-06,185.88586,186.329867,179.048345,180.469131,81755800
2023-09-07,172.842322,175.831902,171.224207,175.190567,112488800
2023-09-08,175.970006,177.834784,175.417466,175.802261,65551300
2023-09-11,177.667024,177.89395,174.973444,176.966492,58953100
2023-09-12,177.094775,177.726234,172.487096,173.947342,90370200
2023-09-13,174.154549,174.934016,171.658312,171.885254,84267900
2023-09-14,171.678035,173.750018,171.263642,173.394821,60895800
2023-09-15,174.12493,174.144667,171.500438,172.674545,109259500
2023-09-18,174.124955,176.986265,173.819095,175.595078,67257600
2023-09-19,175.151071,177.232914,174.766276,176.680389,51826900
2023-09-20,176.867812,177.301942,173.059322,173.148132,58436200
2023-09-21,172.220715,173.947362,171.53992,171.608978,63149100
2023-09-22,172.339095,174.716938,171.727374,172.457489,56725400
2023-09-25,171.875354,174.608393,171.826018,173.73027,46172700
2023-09-26,172.487103,172.862022,169.369268,169.665268,64588900
2023-09-27,170.316479,170.730872,166.794126,168.155701,66921800
2023-09-28,167.080195,169.7343,165.383147,168.412186,56294400
2023-09-29,169.724466,170.760457,168.066877,168.925278,51861100
2023-10-02,168.935144,171.974045,168.649006,171.431381,52164500
2023-10-03,169.961249,171.312977,168.540478,170.09938,49594600
2023-10-04,168.806879,171.885254,168.688485,171.34259,53020300
2023-10-05,171.470833,173.108685,170.375645,172.575897,48527900
2023-10-06,171.480729,175.614818,170.868993,175.12149,57266700
2023-10-09,174.450554,176.660668,173.454038,176.601471,42390800
2023-10-10,175.723337,177.321714,175.57533,176.00946,43698000
2023-10-11,175.821995,177.449986,175.230011,177.40065,47551100
2023-10-12,177.667049,179.906746,176.65078,178.298508,56743100
2023-10-13,178.999014,179.502203,175.762786,176.463318,51427100
2023-10-16,174.391355,176.690264,174.154553,176.335068,52517000
2023-10-17,174.292683,176.039067,172.467379,174.786011,57549400
2023-10-18,173.23696,175.21027,172.77323,173.493484,54764400
2023-10-19,173.690808,175.46679,172.85216,173.118561,59302900
2023-10-20,172.970548,173.079081,170.33618,170.572983,64244000
2023-10-23,168.62927,171.687892,167.662337,170.691376,55980100
2023-10-24,170.740724,171.352445,169.162069,171.125519,43816600
2023-10-25,169.586317,170.750563,168.37272,168.816727,57157000
2023-10-26,168.096459,169.092991,163.459182,164.662903,70625300
2023-10-27,164.682643,166.705289,164.603708,165.975159,58499100
2023-10-30,166.764521,168.885825,166.616514,168.017563,51131000
2023-10-31,167.090101,168.619405,165.659439,168.49115,44846000
2023-11-01,168.71804,171.904932,167.849778,171.648407,56934900
2023-11-02,173.177762,175.407598,173.118565,175.200409,77334800
2023-11-03,171.914836,174.460408,171.036713,174.292664,79829200
2023-11-06,174.026298,177.035585,173.858568,176.838257,63841300
2023-11-07,176.788907,180.005414,176.581718,179.393692,70530000
2023-11-08,179.916615,181.001926,179.166747,180.449402,49340300
2023-11-09,180.518463,181.662972,179.3838,179.9758,53763500
2023-11-10,181.754122,184.322812,181.31942,184.154846,66133400
2023-11-13,183.58183,183.789293,181.991222,182.574112,43627500
2023-11-14,185.439221,185.844286,184.056089,185.182358,60108400
2023-11-15,185.587407,187.217527,185.518243,185.745468,53790500
2023-11-16,187.286675,188.659932,186.377743,187.424988,54412900
2023-11-17,187.95848,188.086919,186.298723,187.405228,50922700
2023-11-20,187.60282,189.598494,187.592946,189.144028,46505100
2023-11-21,189.104526,189.213201,187.454642,188.343796,38134500
2023-11-22,189.183577,190.60622,188.531523,189.005737,39617700
2023-11-24,188.571008,188.600645,186.970525,187.681854,24048300
2023-11-27,187.632467,188.373434,186.624749,187.504028,40552600
2023-11-28,187.494132,188.778476,187.118704,188.106659,38415400
2023-11-29,188.600636,189.776305,186.69389,187.089066,43014200
2023-11-30,187.553418,188.027648,185.923298,187.662094,48794400
2023-12-01,188.037526,189.252707,186.950769,188.936569,45704800
2023-12-04,187.691724,187.760888,185.192199,187.148346,43389500
2023-12-05,187.918974,192.058493,187.889321,191.090302,66628400
2023-12-06,192.10789,192.414153,189.796078,190.003555,41089700
2023-12-07,191.297763,192.651257,191.258236,191.930054,47477700
2023-12-08,191.8609,193.629348,191.337285,193.352722,53406400
2023-12-11,190.784031,191.159459,189.114384,190.85318,60943700
2023-12-12,190.75439,192.374635,189.41077,192.364761,52696900
2023-12-13,192.740196,195.615149,192.503096,195.575638,70404200
2023-12-14,195.634919,197.215638,193.797321,195.723831,66831600
2023-12-15,195.150796,196.010312,194.627181,195.190323,128538400
2023-12-18,193.728151,194.261656,192.04863,193.530563,55751900
2023-12-19,193.797298,194.577776,193.530546,194.567902,40714100
2023-12-20,194.528397,195.299001,192.483337,192.483337,52242800
2023-12-21,193.738008,194.7062,191.169318,192.335098,46482500
2023-12-22,192.829083,193.056324,190.645711,191.268127,37149600
2023-12-26,191.27803,191.554656,190.507426,190.724777,28919300
2023-12-27,190.171524,191.169353,188.788377,190.823563,48087700
2023-12-28,191.801635,192.315376,190.843317,191.248383,34049900
2023-12-29,191.564523,192.058501,189.420662,190.211029,42672100
2024-01-02,184.895783,186.170254,181.675055,183.403976,82488700
2024-01-03,182.001124,183.641134,181.220631,182.030762,58414500
2024-01-04,179.956033,180.884713,178.70134,179.718933,71983600
2024-01-05,179.797968,180.558682,177.999882,178.997711,62379700
2024-01-08,179.896761,183.364493,179.313871,183.324966,59144500
2024-01-09,181.704743,182.919924,180.529073,182.910049,42841800
2024-01-10,182.129554,184.15485,181.704725,183.947388,46792900
2024-01-11,184.293169,184.797036,181.408341,183.354614,49128400
2024-01-12,183.818962,184.490779,182.959446,183.680649,40477800
2024-01-16,179.965918,182.040614,178.750722,181.418213,65603000
2024-01-17,179.086639,180.726634,178.128322,180.479645,47317400
2024-01-18,183.848587,186.861853,183.591724,186.358002,78005800
2024-01-19,187.049565,189.638003,186.545713,189.252701,68903000
2024-01-22,189.983797,192.9773,189.94427,191.554642,60133900
2024-01-23,192.67104,193.392243,191.495371,192.829102,42355600
2024-01-24,193.06622,194.014664,191.999226,192.157303,53631300
2024-01-25,192.868624,193.90598,190.784038,191.831268,54822100
2024-01-26,191.930064,192.414152,189.628126,190.102341,44594000
2024-01-29,189.697281,189.884994,187.296557,189.420654,47145600
2024-01-30,188.640196,189.489838,185.211989,185.775116,55859400
2024-01-31,184.787126,184.846416,182.129539,182.178925,55467800
2024-02-01,181.773857,184.698196,181.605907,184.609283,64885400
2024-02-02,177.693638,185.073666,177.090985,183.611496,102551700
2024-02-05,185.883758,186.970515,183.601584,185.419418,69668800
2024-02-06,184.609345,187.029833,184.520433,187.019958,43490800
2024-02-07,188.343782,188.748847,186.338234,187.128601,53439000
2024-02-08,187.108847,187.257034,185.093425,186.051743,40962000
2024-02-09,186.615591,187.941152,185.972606,186.813446,45155200
2024-02-12,186.388053,186.635357,184.775626,185.131744,41781900
2024-02-13,183.766648,184.201906,181.531011,183.04451,56529500
2024-02-14,183.321504,183.529231,180.472557,182.164108,54630500
2024-02-15,181.570589,182.500454,179.394316,181.877243,65434500
2024-02-16,181.441979,182.856565,179.710851,180.343948,49752500
2024-02-20,179.829566,180.462664,178.058876,179.602051,53665600
2024-02-21,179.977944,180.917697,178.711749,180.353851,41371400
2024-02-22,181.501328,182.965378,180.492338,182.381729,52292200
2024-02-23,183.014835,183.04451,180.264816,180.551697,45119700
2024-02-26,180.2747,180.789081,178.701835,179.206345,40867400
2024-02-27,179.147023,181.936604,177.623622,180.660522,54318900
2024-02-28,180.541788,181.145211,178.187465,179.463547,48953900
2024-02-29,179.315132,180.601115,177.593891,178.800735,136682600
2024-03-01,177.61372,178.583147,175.467123,177.722534,73563100
2024-03-04,174.250365,174.992277,171.915815,173.2117,81510100
2024-03-05,168.918483,170.184678,167.790777,168.285385,95132400
2024-03-06,169.21527,169.393336,166.860931,167.296188,68587700
2024-03-07,167.325867,168.88883,166.672996,167.17749,71765100
2024-03-08,167.1775,171.826812,167.11815,168.88884,76267000
2024-03-11,171.074977,172.49945,170.194576,170.887024,60139500
2024-03-12,171.282738,172.153253,169.165817,171.361877,59825400
2024-03-13,170.906844,171.322313,168.91851,169.284531,52488700
2024-03-14,171.045328,172.430224,170.194602,171.134354,72913500
2024-03-15,169.324093,170.758453,168.453578,170.758453,121752700
2024-03-18,173.676628,175.793549,171.648733,171.846573,75604200
2024-03-19,172.459896,174.70542,171.164026,174.181137,55215200
2024-03-20,173.825026,176.74321,173.201815,176.74321,53423100
2024-03-21,175.140665,175.575923,168.997628,169.521912,106181300
2024-03-22,169.907723,171.18382,168.226059,170.422119,71160100
2024-03-25,168.730574,170.085795,167.622642,169.007553,54288300
2024-03-26,168.166703,169.571388,167.751234,167.879837,57388400
2024-03-27,168.572289,171.727891,168.275522,171.44101,60273300
2024-03-28,169.897845,170.372665,168.671212,169.630753,65672700
2024-04-01,169.343875,169.403225,167.652309,168.196381,46240500
2024-04-02,167.256613,167.513803,166.415773,167.019196,49329500
2024-04-03,166.969769,168.839387,166.762042,167.820496,47691700
2024-04-04,168.453538,170.065965,166.999405,166.999405,53704400
2024-04-05,167.761123,168.552498,167.128025,167.751236,42104800
2024-04-08,167.20717,167.375335,166.425696,166.633423,37425500
2024-04-09,166.88073,168.245853,166.534514,167.840271,42373800
2024-04-10,166.979647,167.266513,165.307869,165.970642,49709300
2024-04-11,166.52463,173.567858,166.346578,173.152374,91070300
2024-04-12,172.380759,176.436551,172.331311,174.646072,101670900
2024-04-15,173.468902,174.725211,170.639744,170.827698,73531800
2024-04-16,169.897827,171.886146,166.45536,167.553391,73711200
2024-04-17,167.780901,168.809679,166.188263,166.188263,50901200
2024-04-18,166.217946,166.821368,164.753911,165.238617,43122900
2024-04-19,164.417585,164.605523,162.31055,163.220627,68149400
2024-04-22,163.735049,165.456275,162.993137,164.05159,48116400
2024-04-23,163.566856,165.24852,163.141485,165.100128,49537800
2024-04-24,164.743999,167.474245,164.417572,167.197266,48251800
2024-04-25,167.701774,168.770129,166.336651,168.057892,50558300
2024-04-26,168.04799,169.492237,167.355527,167.474243,44838400
2024-04-29,171.500349,174.131667,171.233272,171.628952,68169400
2024-04-30,171.460797,173.102899,168.166706,168.493149,65934800
2024-05-01,167.751222,170.847473,167.28629,167.474243,50383100
2024-05-02,170.649651,171.549841,169.047126,171.164047,94214900
2024-05-03,184.637114,184.983346,180.690153,181.40239,163224100
2024-05-06,180.383525,182.213565,178.47433,179.750427,78569700
2024-05-07,181.471663,182.906023,179.364643,180.432983,77305800
2024-05-08,180.878147,181.095776,179.493236,180.769333,45057100
2024-05-09,180.591271,182.668631,180.146127,182.579605,48983000
2024-05-10,183.154086,183.342294,180.410253,181.321564,50759500
2024-05-13,183.689023,185.333352,182.876758,184.521088,72044800
2024-05-14,185.739448,186.521997,184.530967,185.660202,52393600
2024-05-15,186.135697,188.849816,185.600788,187.928604,70400000
2024-05-16,188.671496,189.295552,187.869146,188.04744,52845200
2024-05-17,187.720562,189.00829,187.393677,188.077164,41282900
2024-05-20,187.542269,190.10781,187.225284,189.236115,44361300
2024-05-21,189.285655,190.910169,189.117262,190.533768,42309400
2024-05-22,190.454517,190.999327,188.473402,189.097443,34648500
2024-05-23,189.176726,189.196541,184.867809,185.115448,51005900
2024-05-24,187.037091,188.780467,186.264443,188.186127,36327000
2024-05-28,189.701712,191.177649,187.31448,188.196075,52280100
2024-05-29,187.819638,190.434709,187.720576,188.49321,53068000
2024-05-30,188.958755,190.365345,188.829993,189.483749,49889100
2024-05-31,189.632374,190.751709,188.116821,190.434723,75158300
2024-06-03,191.078556,193.148833,190.702155,192.197891,50080500
2024-06-04,192.802132,193.475719,191.207334,192.514877,47471400
2024-06-05,193.554945,195.040781,193.02995,194.020508,54156800
2024-06-06,193.842243,194.644592,192.336591,192.643661,41181800
2024-06-07,192.812044,195.08043,192.306865,195.030899,53103900
2024-06-10,195.0408,195.437032,190.335651,191.296494,97010200
2024-06-11,191.821515,205.203961,191.801715,205.194046,172373300
2024-06-12,205.41193,218.120786,204.946367,211.058121,198134300
2024-06-13,212.71235,214.703366,209.602,212.217072,97862700
2024-06-14,211.830771,213.138299,209.304846,210.483612,70122700
2024-06-17,211.355287,216.882601,210.71143,214.62413,93728300
2024-06-18,215.535429,216.565618,210.988774,212.266586,79943300
2024-06-20,211.909989,212.217075,206.877969,207.700119,86172500
2024-06-21,208.403403,209.889239,205.154376,205.530792,241805100
2024-06-24,205.758635,210.691608,204.6393,206.174667,80727000
2024-06-25,207.175118,209.384072,206.640223,207.095886,55549700
2024-06-26,209.502929,212.831203,208.651049,211.236404,66213200
2024-06-27,212.66281,213.702898,210.344909,212.078384,49772700
2024-06-28,213.732622,214.029792,208.31427,208.631241,82542700
2024-07-01,210.087367,215.456188,209.918974,214.703369,60402900
2024-07-02,214.109017,218.299086,213.068944,218.190125,58046200
2024-07-03,217.922671,219.458038,216.961829,219.458038,37369800
2024-07-05,219.557102,224.311782,219.557102,224.20282,60412400
2024-07-08,224.945721,225.698554,221.141983,225.668839,59085900
2024-07-09,225.777788,227.233909,224.232521,226.520706,48076100
2024-07-10,227.134876,230.879183,227.085345,230.780121,62627700
2024-07-11,229.205126,230.195683,223.638197,225.421204,64710600
2024-07-12,226.758461,230.443336,226.520721,228.363159,53046500
2024-07-15,234.247084,234.990002,230.889094,232.186722,62631300
2024-07-16,232.781046,234.039058,230.136259,232.602753,43234300
2024-07-17,227.283467,229.274498,224.500002,226.718857,57345900
2024-07-18,228.105625,228.264118,220.171263,222.063217,66034600
2024-07-19,222.697195,224.658496,221.171728,222.192001,49151500
2024-07-22,224.866495,225.629229,220.983511,221.845306,48201800
2024-07-23,222.251404,224.797145,220.57736,222.885361,39960300
2024-07-24,221.884891,222.67734,215.079766,216.47644,61777600
2024-07-25,216.862792,218.764676,212.59349,215.436401,51391200
2024-07-26,216.634965,217.417514,213.970363,215.901962,41601300
2024-07-29,214.911393,217.229295,213.712812,216.179306,36311800
2024-07-30,217.120326,218.249561,214.079307,216.734009,41643800
2024-07-31,219.349106,221.706639,218.546757,219.983063,50036300
2024-08-01,222.251418,222.36038,214.970828,216.298172,62501000
2024-08-02,217.08074,223.46985,215.654349,217.784042,105568600
2024-08-05,197.210107,211.484045,194.149288,207.293991,119548600
2024-08-06,203.361501,208.007219,199.171446,205.27327,69660500
2024-08-07,204.94638,211.622744,204.441201,207.838821,63516400
2024-08-08,211.097729,212.177433,206.858144,211.295837,47161100
2024-08-09,210.097273,214.733076,209.968496,214.198181,42201600
2024-08-12,214.277538,217.688988,213.811436,215.725418,38028100
2024-08-13,217.193126,220.049239,217.193126,219.434387,44155300
2024-08-14,218.740192,221.179776,217.877399,219.880646,41960600
2024-08-15,222.736774,223.480552,220.912027,222.855774,46414000
2024-08-16,222.062424,224.948287,221.79466,224.174759,44340200
2024-08-19,223.847449,224.115213,221.189674,224.016037,40687800
2024-08-20,223.897054,225.285434,223.579701,224.630905,30299000
2024-08-21,224.640835,226.088714,223.183029,224.52182,34765500
2024-08-22,225.900309,226.445749,222.04258,222.667358,43695300
2024-08-23,223.787972,226.326732,222.469004,224.958176,38677300
2024-08-26,224.878835,225.394526,222.032649,225.295349,30602200
2024-08-27,224.125147,226.95151,223.024355,226.138306,35934600
2024-08-28,226.029214,227.953122,223.807791,224.611084,38052200
2024-08-29,228.191139,230.987736,226.981258,227.883698,51906300
2024-08-30,228.280396,228.488645,225.592871,227.100266,52990800
2024-09-03,226.654016,227.10028,219.335234,220.921967,50190600
2024-09-04,219.821146,219.940146,215.675815,219.017868,43840200
2024-09-05,219.791424,223.609476,219.682336,220.535202,36615400
2024-09-06,222.092168,223.371475,217.946851,218.988144,48423000
2024-09-09,218.988112,219.434376,214.912208,219.077362,67180000
2024-09-10,217.103881,219.642642,214.932047,218.284012,51591000
2024-09-11,219.622809,221.239276,216.082418,220.812851,44587100
2024-09-12,220.654202,221.695495,217.996442,220.921967,37455600
2024-09-13,221.725232,222.181408,220.069088,220.65419,36766600
2024-09-16,214.743628,215.417995,212.145368,214.525467,59357400
2024-09-17,213.960166,215.100619,212.720536,214.991531,45519300
2024-09-18,215.745257,220.862454,215.73533,218.859207,59894900
2024-09-19,223.123527,227.91346,222.766513,226.971329,66781300
2024-09-20,228.062221,231.156333,225.73171,226.3069,318679900
2024-09-23,225.454025,227.546522,223.936719,224.591248,54146000
2024-09-24,226.75316,227.447365,223.857386,225.48378,43556100
2024-09-25,223.064009,225.404431,222.16157,224.492065,42308700
2024-09-26,225.414362,226.604404,223.540041,225.632538,36636700
2024-09-27,226.564754,227.615958,225.414374,225.900299,34026000
2024-09-30,228.131627,231.067078,227.744863,231.067078,54541900
2024-10-01,227.615943,227.744854,221.883894,224.333405,63285000
2024-10-02,224.016065,225.483783,221.169879,224.898682,32880600
2024-10-03,223.272295,224.92844,221.467401,223.797897,34044200
2024-10-04,226.009368,226.108545,222.270655,224.918503,37245100
2024-10-07,222.637608,223.817739,219.493907,219.850922,39505400
2024-10-08,222.439258,224.105314,221.397965,223.897064,31855700
2024-10-09,223.361545,227.844053,222.964869,227.635788,33591100
2024-10-10,225.890396,227.596129,225.285456,227.139938,28183500
2024-10-11,227.397775,227.506863,225.454028,225.662292,31759200
2024-10-14,226.802758,229.807621,226.703597,229.381195,39882100
2024-10-15,231.672004,235.519821,230.442286,231.910019,64751400
2024-10-16,229.678678,230.194354,227.933269,229.857178,34082200
2024-10-17,231.493517,231.910046,228.607669,230.224136,32993800
2024-10-18,234.220695,234.220695,232.068699,233.050491,46431500
2024-10-21,232.505045,234.885145,232.505045,234.518204,36254500
2024-10-22,231.949692,234.260365,230.670401,233.903351,38846600
2024-10-23,232.138123,233.189327,225.870545,228.845657,52287000
2024-10-24,228.07214,228.905183,226.515172,228.657257,31109500
2024-10-25,227.834136,231.285262,227.665548,229.49028,38802300
2024-10-28,231.384437,232.782729,230.620821,231.46376,36087100
2024-10-29,231.166258,232.38605,230.39273,231.731522,35417200
2024-10-30,230.680319,231.533185,227.645707,228.191147,47070900
2024-10-31,227.437427,227.923367,223.50036,224.035889,64370100
2024-11-01,219.136882,223.480552,218.442692,221.060791,65276700
2024-11-04,219.156716,220.941771,217.887336,220.168243,44944500
2024-11-05,219.960008,222.092166,219.305479,221.596313,28111300
2024-11-06,220.763287,224.194591,219.355069,220.872375,54561100
2024-11-07,222.766502,225.98954,222.707002,225.59285,42137700
2024-11-08,225.533292,227.012563,224.778773,225.324814,38328800
2024-11-11,223.378959,224.073912,219.904175,222.614502,42005600
2024-11-12,222.932204,223.964704,221.750775,222.614502,40398300
2024-11-13,222.396059,225.017038,221.155065,223.498062,48566200
2024-11-14,223.398803,227.221056,223.378943,226.575745,44923900
2024-11-15,224.768844,225.285102,222.6542,223.378937,47923700
2024-11-18,223.627135,228.084791,223.547709,226.377182,44633700
2024-11-19,225.344663,228.50176,225.026976,226.6353,36211800
2024-11-20,226.416883,228.273405,224.262519,227.350113,35169600
2024-11-21,227.230973,228.501749,224.083814,226.873566,42108300
2024-11-22,226.41688,229.057719,226.41688,228.213837,38168300
2024-11-25,229.792385,231.569482,228.084776,231.192215,90152800
2024-11-26,231.648923,233.87279,231.648923,233.366455,45986200
2024-11-27,232.780704,233.991915,232.125455,233.237381,33498400
2024-11-29,233.118239,236.096624,232.284294,235.620087,28481400
2024-12-02,235.560538,239.055167,235.45133,237.863815,48137100
2024-12-03,238.082229,241.010972,237.178782,240.901764,38861000
2024-12-04,241.12018,242.351251,239.511856,241.259171,44383900
2024-12-05,242.232108,242.778133,240.385508,241.28894,40033900
2024-12-06,241.159927,242.867536,240.335905,241.090424,36870600
2024-12-09,240.087693,245.458719,240.008268,244.972244,44649200
2024-12-10,245.111199,246.421696,243.572363,245.984863,36914800
2024-12-11,246.173522,248.993057,244.485758,244.714111,45205800
2024-12-12,245.111225,246.947902,243.909936,246.173523,32777500
2024-12-13,246.034536,247.493931,244.465918,246.3423,33155300
2024-12-16,246.203325,249.5689,245.865763,249.231339,51694800
2024-12-17,248.27825,252.001232,247.980408,251.653748,51356400
2024-12-18,250.343268,252.447989,245.955114,246.262878,56774100
2024-12-19,245.716847,250.184426,245.309797,247.990341,60882300
2024-12-20,246.252937,253.162799,243.919877,252.656479,147495300
2024-12-23,252.934465,253.808114,251.623968,253.430862,40858800
2024-12-24,253.64927,256.34966,253.450699,256.339752,23234700
2024-12-26,256.329802,258.226044,255.773839,257.153809,27237100
2024-12-27,255.972418,256.836175,251.236795,253.748566,42355300
2024-12-30,250.412748,251.673602,248.943415,250.382965,35557500
2024-12-31,250.62125,251.455194,247.632926,248.615799,39480700
2025-01-02,247.136511,247.305299,240.077751,242.093124,55740700
2025-01-03,241.606628,242.420713,240.147218,241.606628,40244100
2025-01-06,242.549802,245.548047,241.447798,243.234833,45045600
2025-01-07,241.229392,243.780883,239.611146,240.464951,40856000
2025-01-08,240.177037,241.954149,238.320515,240.951416,37628900
2025-01-10,238.280807,238.429735,231.321317,235.143585,61710900
2025-01-13,231.8475,232.979286,228.064952,232.711227,49630700
2025-01-14,233.058684,234.418809,230.795112,231.599274,39435300
2025-01-15,232.94948,237.238363,232.740986,236.156204,39832000
2025-01-16,235.639969,236.295202,226.387109,226.615448,71759100
2025-01-17,230.447656,230.616429,226.833881,228.323074,68488300
2025-01-21,222.386121,222.803093,217.799412,221.035919,98070400
2025-01-22,218.20646,222.505265,218.20646,222.217361,64126500
2025-01-23,223.120835,225.39433,220.698412,222.048615,60234800
2025-01-24,223.160517,224.004399,219.814802,221.174927,54697900
2025-01-27,222.405998,230.477413,222.366277,228.203918,94863400
2025-01-28,229.186795,238.459499,229.147074,236.543396,75707600
2025-01-29,232.43323,238.13188,232.324022,237.635483,45486100
2025-01-30,236.95044,239.055161,235.500968,235.87822,55658300
2025-01-31,245.409064,245.409064,231.758129,234.299683,100959800
2025-02-03,228.332994,230.159734,224.073894,226.367249,73063300
2025-02-04,225.612725,231.450366,225.017042,231.122742,45067300
2025-02-05,226.883519,230.993692,226.625398,230.795135,39620300
2025-02-06,229.623601,232.115526,228.769796,231.539703,29925300
2025-02-07,230.924168,232.314076,225.62263,225.989975,39707200
2025-02-10,228.166607,229.180361,225.811085,226.258331,33115600
2025-02-11,226.804989,233.792013,226.735425,231.197968,53718400
2025-02-12,229.78663,235.511428,229.269805,235.421967,45243300
2025-02-13,235.46173,240.858528,234.129925,240.053482,53614100
2025-02-14,239.775194,244.048911,239.516789,243.104721,40896200
2025-02-18,242.657474,243.681176,240.361598,242.975525,48822500
2025-02-19,243.164354,244.506093,241.673524,243.373062,32204200
2025-02-20,243.442636,245.271384,242.7966,244.327194,32316900
2025-02-21,244.446468,247.169724,243.720935,244.04892,53197400
2025-02-24,243.432684,247.338667,242.925807,245.589432,51326400
2025-02-25,246.483938,248.471712,243.412832,245.5298,48013300
2025-02-26,242.836372,243.482393,237.668164,238.89064,44433600
2025-02-27,237.946452,240.97781,235.610812,235.84935,41153600
2025-02-28,235.501467,240.610044,228.792731,240.361572,56833400
2025-03-03,240.311899,242.538211,234.666629,236.57489,47184000
2025-03-04,236.256849,238.602423,233.245358,234.487717,53798100
2025-03-05,233.980838,235.103935,227.828676,234.298889,47227600
2025-03-06,233.006829,236.40592,231.734655,233.891388,45170400
2025-03-07,233.672737,239.894463,233.324871,237.608536,46273600
2025-03-10,234.10008,234.7163,222.84929,226.089355,72071200
2025-03-11,222.441836,224.459425,216.120714,219.48999,76137400
2025-03-12,218.794251,220.394409,213.596227,215.653564,62547500
2025-03-13,214.629868,215.514427,207.145901,208.398193,61368300
2025-03-14,209.958594,212.642085,208.298805,212.184906,60107600
2025-03-17,212.006003,213.904331,208.686425,212.691788,48073400
2025-03-18,212.850801,213.834739,210.197125,211.389786,42432400
2025-03-19,212.910426,217.422665,212.443298,213.924194,54385400
2025-03-20,212.681855,216.160459,210.922671,212.791183,48862900
2025-03-21,210.266697,217.502192,209.98841,216.935684,94127800
2025-03-24,219.648999,220.126061,217.243795,219.380646,44299500
2025-03-25,219.420378,222.730023,218.734594,222.382156,34493600
2025-03-26,222.143627,223.644406,219.122218,220.175735,34466100
2025-03-27,220.036599,223.614598,219.211671,222.481567,37094800
2025-03-28,220.31489,222.441807,216.349276,216.567932,39818600
2025-03-31,215.683384,224.24075,214.908153,220.772095,65299300
2025-04-01,218.466265,222.312602,217.561824,221.825607,36412700
2025-04-02,219.96705,223.813388,219.668881,222.521332,35905900
2025-04-03,204.283501,206.221593,200.019733,201.947876,103419000
2025-04-04,192.704688,198.658075,186.194728,187.228378,125910900
2025-04-07,176.11674,192.963119,173.552511,180.350708,160466300
2025-04-08,185.55867,189.176417,168.175599,171.365967,120859500
2025-04-09,170.898835,199.383635,170.839204,197.634399,184395900
2025-04-10,187.914182,193.589267,181.881282,189.25592,121880000
2025-04-11,184.96235,198.320177,184.922586,196.938675,87435900
2025-04-14,210.147436,211.638266,199.93028,201.281967,101352900
2025-04-15,200.625995,202.265902,198.57859,200.904282,51343900
2025-04-16,197.147375,199.473067,191.193988,193.082382,59732400
2025-04-17,195.994489,197.61453,193.231485,195.775833,52164700
2025-04-21,192.088515,192.615274,188.64966,191.979187,46742500
2025-04-22,194.921071,200.357633,194.771994,198.518951,52976400
2025-04-23,204.740709,206.728483,201.560274,203.349274,52929200
2025-04-24,203.637485,207.553401,201.699408,207.096207,47311000
2025-04-25,205.108396,208.467738,204.939437,208.00061,38222300
2025-04-28,208.716234,210.207064,206.191768,208.855377,38743100
2025-04-29,207.41424,210.942541,207.096188,209.918839,36827600
2025-04-30,208.020523,212.274358,205.406596,211.200958,52286500
2025-05-01,207.801875,213.248371,207.622967,212.015961,57365700
2025-05-02,204.830132,205.724639,200.924164,204.094666,101010600
2025-05-05,201.858419,202.852306,196.998313,197.674149,69018500
2025-05-06,196.998294,199.423365,195.815566,197.296448,51216500
2025-05-07,197.952441,198.220794,192.068632,195.050293,68536700
2025-05-08,196.51132,198.827078,193.489895,196.28273,50478900
2025-05-09,197.783473,199.314052,196.332392,197.316345,36453900
2025-05-12,209.955265,210.253825,205.755562,209.776123,63775800
2025-05-13,209.417863,212.373579,207.994748,211.905838,51909300
2025-05-14,211.40821,212.910957,209.567118,211.308701,49325800
2025-05-15,209.935358,211.9357,208.532136,210.432953,45029500
2025-05-16,211.338597,211.547593,208.761058,210.243881,54737900
2025-05-19,206.910007,208.472448,203.277554,207.775818,46140500
2025-05-20,206.671122,207.467277,204.043821,205.865021,42496600
2025-05-21,204.183153,206.044154,199.744614,201.117966,59211800
2025-05-22,199.744627,201.774808,198.739475,200.391495,46742400
2025-05-23,192.73847,196.749085,192.529488,194.33078,78432900
2025-05-27,197.346208,199.774474,196.480382,199.247025,56288500
2025-05-28,199.625189,201.754896,198.938506,199.456009,45339700
2025-05-29,202.600811,202.829701,197.55519,198.988266,51396800
2025-05-30,198.411064,200.988619,195.833526,199.883957,70819900
2025-06-02,199.31669,201.157798,199.157456,200.729858,35423300
2025-06-03,200.381549,202.789908,199.993426,202.292313,46381600
2025-06-04,201.934031,205.248016,201.127929,201.844467,43604000
2025-06-05,202.521199,203.765187,199.187306,199.665009,55126100
2025-06-06,202.023605,204.710616,201.078178,202.939178,46607700
2025-06-09,203.406925,205.009182,199.057949,200.481064,72862600
2025-06-10,199.635155,203.367118,199.6053,201.69519,54672600
2025-06-11,202.521197,203.516387,197.455683,197.823898,60989900
2025-06-12,198.122449,198.719554,196.410721,198.241867,43904600
2025-06-13,198.769319,199.40624,194.758704,195.505096,51447300
2025-06-16,196.351014,197.734328,195.614568,197.465622,43020700
2025-06-17,196.251499,197.435778,194.271081,194.699005,38856200
2025-06-18,194.997539,196.619704,194.131729,195.63446,45394700
2025-06-20,197.286499,200.729848,195.913132,200.033218,96813500
2025-06-23,200.660202,201.326978,198.003046,200.530823,55814300
2025-06-24,201.615588,202.461506,199.237084,199.336609,54064000
2025-06-25,200.481059,202.690382,199.655049,200.59053,39525700
2025-06-26,200.461143,201.66533,198.500632,200.033218,50799100
2025-06-27,200.91894,202.242545,199.038032,200.112839,73188600
2025-06-30,201.038347,206.392474,198.301574,204.183151,91912800
2025-07-01,205.675942,209.179015,205.148492,206.820419,78788900
2025-07-02,207.905178,212.313863,207.138877,211.418198,67941800
2025-07-03,211.129598,213.617573,210.791236,212.522873,34955800
2025-07-07,211.657051,215.189979,207.795723,208.940186,50229000
2025-07-08,209.089441,210.413031,207.447369,208.999863,42848900
2025-07-09,208.522194,210.313539,206.223307,210.124451,48749400
2025-07-10,209.497496,212.453212,209.019809,211.388367,44443600
2025-07-11,209.55719,211.109684,208.850598,210.144348,39765800
2025-07-14,208.920274,209.895571,206.54177,207.616577,38840100
2025-07-15,208.213704,210.87086,207.915144,208.104233,42296300
2025-07-16,209.288496,211.378386,207.636477,209.14917,47490500
2025-07-17,209.5572,210.781279,208.581902,209.009842,48068100
2025-07-18,209.855754,210.771327,208.691384,210.164261,48974600
2025-07-21,211.079831,214.742123,210.61209,211.457993,51377400
2025-07-22,212.114825,213.916117,211.209198,213.368759,46404100
2025-07-23,213.965898,214.11517,211.388359,213.11998,46989300
2025-07-24,212.871183,214.652582,212.502968,212.731857,46022600
2025-07-25,213.667336,214.204747,212.373586,212.851288,40268800
2025-07-28,213.000539,213.816602,212.035203,213.020447,37858000
2025-07-29,213.149806,213.776781,209.805982,210.253815,51411700
2025-07-30,210.880777,211.368426,206.72089,208.044495,45512500
2025-07-31,207.487229,208.830726,206.163624,206.571655,80698400
2025-08-01,209.85574,212.552712,200.530814,201.406586,104434500
2025-08-04,203.526342,206.880143,200.709952,202.371933,75109300
2025-08-05,202.421672,204.352343,201.187646,201.943985,44155100
2025-08-06,204.64096,214.344064,204.601144,212.224304,108483100
2025-08-07,217.827217,219.787743,215.538277,218.97168,90224800
2025-08-08,219.767862,229.888945,218.19546,228.246887,113854000
2025-08-11,227.081154,228.715118,223.932781,226.343872,61806100
2025-08-12,227.170831,229.950571,226.234303,228.804794,55626200
2025-08-13,230.219591,234.13512,229.581932,232.471268,69878500
2025-08-14,233.198582,234.254678,230.000404,231.923294,51916300
2025-08-15,233.138805,233.417773,228.495952,230.737671,56038700
2025-08-18,230.847239,232.262011,229.263094,230.040222,37476200
2025-08-19,230.428808,232.012952,228.505918,229.711456,39402600
2025-08-20,229.133567,229.621769,224.93907,225.178177,42263900
2025-08-21,225.437249,225.686329,222.956408,224.072281,30621200
2025-08-22,225.337624,228.246875,224.580426,226.921768,42477800
2025-08-25,225.646469,228.456098,225.397389,226.323975,30983100
2025-08-26,226.035012,228.645379,223.863042,228.466034,54575100
2025-08-27,227.768638,230.050203,227.41992,229.641724,31259500
2025-08-28,229.9705,232.550964,228.495936,231.704086,38074700
2025-08-29,231.654263,232.521071,230.518459,231.285629,39418400
2025-09-02,228.406271,230.000388,226.134663,228.874542,44075600
2025-09-03,236.336974,237.970937,233.497457,237.592331,66427800
2025-09-04,237.5724,239.01706,235.868702,238.897507,47549400
2025-09-05,239.116703,240.431852,237.612266,238.807846,54870400
2025-09-08,238.419289,239.266151,235.470176,237.004517,48999500
2025-09-09,236.127744,237.901192,232.501141,233.487503,66313900
2025-09-10,231.335442,231.564591,225.118402,225.955307,83440800
2025-09-11,226.04501,229.601863,225.815845,229.183411,50208600
2025-09-12,228.376386,233.64691,228.177125,233.208542,55824200
2025-09-15,236.127756,237.313379,234.165005,235.828857,42699500
2025-09-16,236.307083,240.332222,235.450262,237.273514,63421100
2025-09-17,238.090512,239.216359,236.855071,238.110443,46508000
2025-09-18,239.086821,240.31229,235.779033,237.004517,44249600
2025-09-19,240.342177,245.393525,239.325942,244.596466,163741300
2025-09-22,247.386162,255.695479,247.206817,255.137512,105517400
2025-09-23,254.938267,256.392885,252.646729,253.493591,60275200
2025-09-24,254.280703,254.798793,250.116078,251.381409,42303700
2025-09-25,252.278088,256.22352,250.783609,255.924606,55202100
2025-09-26,253.164811,256.651929,252.845981,254.519806,46076300
2025-09-29,253.623118,254.061501,252.078819,253.493591,40127700
2025-09-30,253.92202,254.978117,252.178461,253.692871,37704300
2025-10-01,254.101347,257.837561,253.991751,254.509842,48713900
2025-10-02,255.635661,257.229778,253.214612,256.183655,42630200
2025-10-03,253.732712,258.285885,253.015361,257.070374,49155600
2025-10-06,257.040488,258.116531,254.111321,255.745285,44664100
2025-10-07,255.864859,256.452684,254.489933,255.536087,31955800
2025-10-08,255.575889,257.568528,255.167394,257.110229,36496900
2025-10-09,256.86114,257.050443,252.208329,253.105011,38322000
2025-10-10,254.001718,255.436421,243.101979,244.36731,61999100
2025-10-13,248.462191,248.771048,244.656243,246.74852,38142900
2025-10-14,245.692416,247.934135,243.7994,246.858109,35478000
2025-10-15,248.57179,250.893216,246.55922,248.422333,33893600
2025-10-16,247.33635,248.123436,244.227838,246.539291,39777000
2025-10-17,247.107207,252.447481,246.359967,251.361481,49147000
2025-10-20,254.948221,263.40698,254.689183,261.274841,90483000
2025-10-21,260.916178,264.313632,260.866344,261.802887,46695900
2025-10-22,261.683365,261.882641,254.489935,257.49884,45015300
2025-10-23,258.983355,259.660845,257.060465,258.624664,32754900
2025-10-24,260.228716,263.157898,258.226104,261.852722,38253700
2025-10-27,263.90515,268.129535,263.675985,267.820679,44888200
2025-10-28,268.000006,268.896718,267.163101,268.009979,41534800
2025-10-29,268.28893,270.411095,266.126903,268.707397,51086700
2025-10-30,270.988979,273.13109,267.491917,270.401154,69886500
2025-10-31,275.970539,276.299341,268.16937,269.374908,86167100
2025-11-03,269.424767,269.853178,265.270101,268.059784,50194600
2025-11-04,267.342445,270.490818,266.635066,269.046173,49274800
2025-11-05,267.621384,270.700039,265.947575,269.145782,43683100
2025-11-06,266.904075,272.393775,266.904075,268.77713,51204000
2025-11-07,268.806995,271.287851,265.788148,267.481903,48227400
2025-11-10,268.229853,272.986923,266.733925,268.698578,41312400
2025-11-11,269.077573,275.16102,269.06759,274.502808,46208300
2025-11-12,274.253537,274.981567,270.962507,272.727692,48398000
2025-11-13,273.36587,275.948865,271.351364,272.209045,49602800
2025-11-14,270.314208,275.210883,268.868163,271.670532,47431300
2025-11-17,268.090272,269.755721,265.008663,266.733948,45018300
2025-11-18,269.257055,269.975101,264.599749,266.713989,45677300
2025-11-19,264.80922,271.47108,264.779302,267.830994,40424500
2025-11-20,270.094806,274.682325,265.198161,265.527252,45823600
2025-11-21,265.228052,272.587992,264.948813,270.752991,59030800
2025-11-24,270.164628,276.248075,270.164628,275.171021,65585800
2025-11-25,274.522742,279.618887,274.502808,276.21814,46914200
2025-11-26,276.208206,278.771237,275.879115,276.7966,33431400
2025-11-28,276.507368,278.242635,275.240796,278.093048,20135600
2025-12-01,277.255333,282.650651,275.390414,282.331512,46587700
2025-12-02,282.231774,286.619823,281.862783,285.413116,53669500
2025-12-03,285.423116,287.836529,282.530963,283.378662,43538700
2025-12-04,283.328783,283.957078,277.833731,279.938019,43989100
2025-12-05,279.778456,280.376833,277.295195,278.023224,47265800
2025-12-08,277.374989,278.910817,275.400353,277.135651,38211800
2025-12-09,277.404933,279.269851,276.168308,276.427582,32193300
2025-12-10,276.996021,278.990592,275.68958,278.023224,33038300
2025-12-11,278.342371,278.831031,273.066723,277.275269,33248000
2025-12-12,277.145593,278.462017,276.068539,277.524567,39532900
2025-12-15,279.389487,279.389487,272.099334,273.365875,50409100
2025-12-16,272.079413,274.752131,271.052211,273.864532,37648600
2025-12-17,274.263459,275.410331,270.902612,271.102051,50138700
2025-12-18,272.86727,272.887235,266.225375,271.451141,51630700
2025-12-19,271.411231,273.854592,269.167338,272.927124,144632000
2025-12-22,272.11929,273.13654,269.775693,270.234436,36571800
2025-12-23,270.104803,271.760301,268.828279,271.620667,29642000
2025-12-24,271.600701,274.682309,271.461097,273.066711,17910600
2025-12-26,273.415814,274.622521,272.119325,272.657867,21521800
2025-12-29,271.949773,273.615223,271.6107,273.016876,23715200
2025-12-30,272.069428,273.335969,271.540868,272.338684,22139600
2025-12-31,272.318764,272.937076,271.012322,271.122009,27293600
2026-01-02,271.52096,277.0858,268.269799,270.274353,37838100
2026-01-05,269.905376,270.773009,265.417591,266.534546,45647200
2026-01-06,266.275247,266.823742,261.408488,261.647827,52352100
2026-01-07,262.485556,262.964234,259.104744,259.623322,48309800
2026-01-08,256.322286,258.586144,255.005878,258.336823,50419300
2026-01-09,258.376703,259.50364,255.524481,258.665924,39997000
2026-01-12,258.456481,260.590656,256.102871,259.543518,45263800
2026-01-13,258.017708,261.099316,257.688617,260.34137,45730800
2026-01-14,258.785578,261.10927,256.013125,259.254303,40019400
2026-01-15,259.942473,260.331429,256.352239,257.509094,39388600
2026-01-16,257.199896,258.197181,254.237957,254.836334,72142800
2026-01-20,252.043949,254.098355,242.759224,246.030319,80267500
2026-01-21,248.02489,250.877127,244.514441,246.977737,54641700
2026-01-22,248.523526,250.318643,247.476373,247.675842,39708300
2026-01-23,246.648637,248.73296,244.015789,247.366669,41689000
2026-01-26,250.79735,255.863562,249.121918,254.71669,55969200
2026-01-27,258.46649,261.238942,257.509074,257.568909,49648300
2026-01-28,256.950588,258.157295,253.819112,255.743881,41288000
2026-01-29,257.299649,258.945164,253.719398,257.578888,67253000
2026-01-30,254.477352,261.189079,251.495463,258.775665,92443400
2026-02-02,259.324119,269.755716,258.506338,269.277039,73913400
2026-02-03,268.469266,271.141984,266.883555,268.748505,64394700
2026-02-04,271.55083,278.192754,271.55083,275.73941,90545700
2026-02-05,277.375016,278.741292,272.488323,275.161041,52977400
2026-02-06,276.367705,280.147425,276.178218,277.36499,50453400
2026-02-09,277.414946,277.704438,271.216017,274.130798,44623400
2026-02-10,274.40031,274.879436,272.453772,273.192444,34376900
2026-02-11,274.210654,279.680872,273.961099,275.009216,51931300
2026-02-12,275.099091,275.228864,259.716537,261.263794,81077200
2026-02-13,261.543269,261.762878,254.994942,255.324356,56290700
2026-02-17,257.590311,265.815653,255.084787,263.409943,58469100
2026-02-18,263.130456,266.344721,261.98251,263.87912,34203300
2026-02-19,262.132205,264.008861,259.586729,260.115784,30845300
2026-02-20,258.508681,264.278384,257.700127,264.108673,42070500
2026-02-23,263.0206,268.950021,262.910811,265.705811,37308200
2026-02-24,267.382838,274.400344,267.233111,271.655243,47014600
2026-02-25,271.295868,274.450243,270.567158,273.741516,33714300
2026-02-26,274.460213,275.61812,270.317581,272.463776,32345100
2026-02-27,272.324012,272.324012,262.421701,263.709381,72366500
2026-03-02,261.942531,266.055186,259.736476,264.248413,41827900
2026-03-03,263.010674,265.086955,259.666635,263.280182,38568900
2026-03-04,264.178548,265.675876,260.954322,262.052338,39803100
2026-03-05,260.325434,261.094051,256.791731,259.826324,49658600
2026-03-06,258.169272,258.309007,253.916851,257.001343,41120000
2026-03-09,255.234515,260.68478,253.228086,259.417053,38218500
2026-03-10,257.191028,262.012442,256.492294,260.365356,30590800
2026-03-11,260.624867,261.663023,259.087602,260.345367,26218900
2026-03-12,258.199225,258.488717,253.727195,255.304382,40794000
2026-03-13,255.024891,255.873368,249.075516,249.674438,36930000
2026-03-16,251.660902,253.43773,249.434879,252.369644,32074200
2026-03-17,252.509388,254.675521,251.730764,253.777115,32361600
2026-03-18,252.179977,254.485859,248.556438,249.494766,35757900
2026-03-19,248.955729,251.381408,246.859479,248.516525,34864100
2026-03-20,247.538241,248.756069,245.561773,247.548233,88331100
2026-03-23,253.517585,254.146468,249.834156,251.042007,40546100
2026-03-24,249.904031,254.376046,249.105453,251.191727,45152300
2026-03-25,253.647357,254.545748,251.151811,252.169983,28476700
2026-03-26,251.670882,256.542193,250.323295,252.439514,41796700
2026-03-27,253.447702,255.034881,247.628101,248.356796,47900000
2026-03-30,249.624533,250.423096,245.072643,246.190659,39446200
2026-03-31,247.468376,255.024882,246.659821,253.337891,49598100
2026-04-01,253.62738,255.72363,252.878716,255.174622,40059400
2026-04-02,253.747174,255.673744,250.203495,255.464111,31289400
2026-04-06,256.053045,261.692974,256.003116,258.398834,29329900
2026-04-07,255.703681,255.743619,245.262308,253.048416,62148000
2026-04-08,257.989602,259.287274,256.073009,258.438782,41032800
2026-04-09,258.538604,260.654823,255.613831,260.02594,28121600
2026-04-10,259.516882,261.722936,258.55857,260.015991,31291500
2026-04-13,259.267336,259.716516,256.202797,258.738281,36234700
2026-04-14,258.788162,261.46338,256.731834,258.368896,48370700
2026-04-15,257.700126,266.085157,257.350744,265.955383,49913500
2026-04-16,266.324693,266.684067,260.804545,262.930756,43323100
2026-04-17,266.484432,271.814916,266.24487,269.748627,61436200
2026-04-20,269.848412,273.791388,269.808506,272.563568,36590200
2026-04-21,271.016354,272.314026,264.927214,265.695862,50209800
2026-04-22,267.342935,273.252372,266.394615,272.683411,43249200
2026-04-23,274.560011,275.278729,271.166074,272.942902,33399600
2026-04-24,272.274102,272.573555,269.169626,270.577118,38157100
2026-04-27,265.615989,267.881934,264.597817,267.13327,41466800
2026-04-28,271.854854,272.743283,268.181417,270.227753,40018900
2026-04-29,267.073362,270.557166,266.564292,269.688721,30047900
2026-04-30,270.018146,275.508349,267.662365,270.866638,91848200
2026-05-01,278.363212,286.708335,277.874094,279.640961,79915400
2026-05-04,279.161829,280.130102,274.370361,276.336853,46668400
2026-05-05,276.436682,284.063087,276.007455,283.673767,49311700
2026-05-06,281.417795,287.516896,280.569303,286.997833,58336100
2026-05-07,288.754675,291.609596,285.270902,286.927948,45224300
2026-05-08,289.493384,294.234923,289.483392,292.797485,52692800
2026-05-11,291.728417,293.626774,289.979925,292.427795,42247300
2026-05-12,292.307899,295.015556,292.307899,294.545959,45748100
2026-05-13,293.24709,300.660709,293.24709,298.612457,52684300
2026-05-14,299.561662,300.191124,295.125485,297.953033,35324900
2026-05-15,297.643304,302.938756,296.264488,299.971313,54862800
2026-05-18,299.981269,300.400921,294.655876,297.583344,34483000
2026-05-19,296.714095,300.251053,296.094634,298.712372,42243600
2026-05-20,297.923063,302.539077,297.823143,301.989563,38229800
2026-05-21,300.800567,305.276717,300.141132,304.727173,42965100
2026-05-22,305.856208,311.131657,305.576451,308.553894,43670200
2026-05-26,309.293252,311.551314,307.404896,308.064301,48000500
2026-05-27,308.064305,312.99008,308.034332,310.582153,50430900
2026-05-28,310.412282,312.530451,309.303254,312.240723,48220400
2026-05-29,311.51135,314.728576,309.263288,311.791107,70026800
2026-06-01,309.363198,310.672066,304.757154,306.046051,48849900
2026-06-02,307.195055,315.17819,306.425729,314.928406,44534700
2026-06-03,313.90925,316.666882,308.583857,309.992645,50836700
2026-06-04,312.960099,313.26983,309.383167,310.961823,44869100
2026-06-05,312.590397,314.898435,306.885326,307.075165,65310500
2026-06-08,308.47396,317.126501,300.910506,301.280182,77949100
2026-06-09,300.021248,300.490844,287.532019,290.299622,70108800
2026-06-10,290.489463,294.496017,287.132373,291.328735,52793300
2026-06-11,293.466886,296.744059,289.340441,295.375244,42572500
2026-06-12,295.774922,296.883982,289.370442,290.87915,38742100
2026-06-15,293.866545,297.523395,291.448647,296.164581,45732600
2026-06-16,294.995595,300.221099,293.716699,298.982147,39874400
2026-06-17,300.590748,301.809698,294.10632,295.694977,42745100
2026-06-18,297.853094,300.310996,295.365249,297.753204,85962200
2026-06-22,297.053819,302.159431,296.504305,296.754089,44879900
2026-06-23,297.283616,301.380089,293.926495,294.046387,52010900
2026-06-24,295.105457,299.441744,292.68756,292.827423,53081900
2026-06-25,287.152347,288.551135,273.514115,274.912903,107013700
2026-06-26,274.763028,285.703605,273.973701,283.535461,261775500
2026-06-29,286.482944,288.121515,279.608867,281.497223,66427000
2026-06-30,280.927742,289.690174,280.458146,289.110657,65100200
2026-07-01,293.18715,296.33443,288.950814,294.126343,50164200
2026-07-02,293.866538,309.153372,293.426915,308.364044,75352800
2026-07-06,307.095143,313.929276,306.735468,312.390594,53590000
2026-07-07,315.018319,315.208157,309.882733,310.392303,42490000
2026-07-08,311.641229,314.548725,306.785401,313.119965,41323500
2026-07-09,310.242439,316.25724,307.894458,315.94751,48124500
2026-07-10,314.44882,316.636936,311.90103,315.048309,34132300
2026-07-13,316.746801,323.171284,315.50788,317.03656,43257800
2026-07-14,313.489656,315.917555,311.641244,314.588684,36336800
2026-07-15,317.346312,328.446755,317.046583,327.217804,60957600
2026-07-16,327.727363,334.391599,326.508413,332.972839,62970600
2026-07-17,331.69393,334.701315,328.716487,333.452393,63407100
2026-07-20,333.222613,333.422423,323.401067,326.308563,53468000
2026-07-21,322.851568,329.315994,321.942348,327.457581,41338900
2026-07-22,327.587466,328.716497,323.061371,325.609192,38755900
2026-07-23,321.45279,323.021414,319.074836,321.382843,40840800
2026-07-24,321.512728,334.081875,321.342861,332.733032,47489400
2026-07-27,334.251737,339.277401,333.732166,336.61969,49604300
2026-07-28,339.736982,342.594533,335.310806,339.786926,51859000
2026-07-29,339.437272,344.273097,337.059318,337.89859,56090800
2026-07-30,332.812967,334.46154,329.305982,333.14267,74817800
2026-07-31,304.547356,310.422294,299.741503,308.643829,132489100
2026-08-03,309.313235,311.531323,302.299295,303.158569,75052000
2026-08-04,302.46914,310.152516,301.060351,309.113403,68001000
2026-08-05,309.093424,311.441405,305.406631,310.732025,49438800
2026-08-06,314.069138,316.01747,308.963556,312.140808,46139900
2026-08-07,311.181643,314.538733,310.472233,313.059998,34437200
2026-08-10,306.829987,308.26001,304.609985,308.26001,44812500
2026-08-11,307.75,309.970001,302.790009,304.910004,37476700
2026-08-12,305.100006,305.660004,300.570007,302.25,41657800
2026-08-13,304.209991,306.0,302.049988,305.26001,40349300
2026-08-14,306.0,307.48999,304.299988,305.929993,28229400
2026-08-17,306.209991,307.660004,302.940002,305.589996,38169300
2026-08-18,307.579987,311.48999,305.73999,310.029999,53424500
2026-08-19,310.140015,319.279999,309.600006,316.829987,50505600
2026-08-20,317.459991,320.279999,310.649994,311.299988,40959200
2026-08-21,312.049988,312.380005,307.01001,309.350006,46876800
2026-08-24,311.470001,313.359985,309.970001,310.339996,34673600
2026-08-25,310.790009,313.589996,308.209991,309.899994,25869800
2026-08-26,310.299988,315.429993,308.799988,313.450012,34024500
2026-08-27,310.549988,315.399994,309.399994,314.579987,32419200
2026-08-28,316.850006,322.369995,315.450012,319.700012,38649400
2026-08-31,319.600006,321.23999,312.799988,316.850006,41242700
2026-09-01,316.980011,327.299988,314.730011,325.130005,53167400
2026-09-02,326.869995,328.399994,323.529999,324.959991,33776400
2026-09-03,324.869995,330.809998,324.109985,328.209991,37225800
2026-09-04,328.309998,328.929993,317.859985,319.970001,39606900
2026-09-08,317.100006,320.700012,314.899994,316.220001,35477100
2026-09-09,315.48999,319.149994,309.899994,315.339996,65640000
2026-09-10,316.670013,326.73999,316.51001,326.570007,70011900
2026-09-11,327.450012,336.220001,326.299988,332.269989,50716900
2026-09-14,334.790009,335.5,331.339996,333.079987,39269100
2026-09-15,330.140015,331.779999,328.350006,331.339996,31748200
2026-09-16,332.529999,335.480011,330.700012,332.410004,35981000
2026-09-17,334.769989,338.339996,330.179993,337.0,36700200
2026-09-18,337.910004,338.48999,332.529999,336.130005,86588200
2026-09-21,335.279999,339.640015,333.049988,338.980011,34999200
2026-09-22,340.140015,345.339996,338.75,339.75,40711800
2026-09-23,341.079987,341.799988,335.5,337.019989,31658800
2026-09-24,336.720001,338.910004,334.299988,335.920013,24733100
2026-09-25,336.040009,341.670013,334.529999,341.070007,30002500
2026-09-28,340.369995,342.98999,338.040009,338.399994,32820800
2026-09-29,336.970001,337.089996,328.700012,329.399994,38478000
2026-09-30,330.799988,339.5,330.140015,333.019989,49988600
2026-10-01,330.0,332.480011,325.809998,330.320007,36306300
2026-10-02,333.26001,334.540009,330.609985,333.690002,33278600
2026-10-05,332.820007,336.209991,331.649994,332.890015,34400900
2026-10-06,332.279999,334.380005,330.619995,333.630005,30449000
2026-10-07,336.959991,338.670013,332.779999,336.670013,34147900
2026-10-08,336.820007,341.570007,335.899994,340.420013,35279900
