Date,Open,High,Low,Close,Volume
2000-08-23,31.950001,32.799999,31.950001,32.049999,79385
2000-08-24,31.9,32.240002,31.4,31.629999,72978
2000-08-25,31.700001,32.099998,31.32,32.049999,44601
2000-08-28,32.040001,32.919998,31.860001,32.869999,46770
2000-08-29,32.82,33.029999,32.560001,32.720001,49131
2000-08-30,32.75,33.400002,32.099998,33.400002,79214
2000-08-31,33.25,33.700001,32.970001,33.099998,56895
2000-09-01,33.049999,33.450001,32.75,33.380001,45869
2000-09-05,33.950001,33.990002,33.419998,33.799999,55722
2000-09-06,33.990002,34.950001,33.830002,34.950001,74692
2000-09-07,34.5,35.5,34.450001,35.330002,74105
2000-09-08,34.549999,34.779999,33.400002,33.700001,88415
2000-09-11,33.799999,35.849998,33.75,35.099998,101518
2000-09-12,35.450001,35.5,34.099998,34.200001,91911
2000-09-13,34.0,34.740002,33.5,33.799999,94630
2000-09-14,33.779999,34.5,33.119999,34.099998,98068
2000-09-15,34.5,36.099998,34.450001,35.849998,85839
2000-09-18,36.200001,37.150002,36.150002,36.880001,59663
2000-09-19,36.549999,37.0,36.150002,36.5,62731
2000-09-20,37.5,37.799999,36.5,37.5,119080
2000-09-21,34.650002,35.5,33.349998,33.950001,110851
2000-09-22,34.0,34.400002,32.5,32.650002,85083
2000-09-25,31.4,32.099998,31.049999,31.57,104683
2000-09-26,32.0,32.049999,31.4,31.5,67727
2000-09-27,31.950001,32.25,31.4,31.5,86160
2000-09-28,31.1,32.419998,30.25,30.299999,77513
2000-09-29,30.700001,30.950001,30.15,30.860001,57628
2000-10-02,31.450001,32.349998,31.35,32.150002,59618
2000-10-03,32.0,32.32,31.690001,32.07,48238
2000-10-04,31.6,31.9,31.299999,31.5,58088
2000-10-05,30.85,30.950001,30.17,30.65,97911
2000-10-06,30.75,30.959999,30.549999,30.85,46276
2000-10-09,31.549999,31.92,31.23,31.879999,51647
2000-10-10,32.25,33.25,32.23,33.150002,78801
2000-10-11,33.599998,33.700001,32.959999,33.150002,78565
2000-10-12,35.0,37.0,34.799999,36.099998,116368
2000-10-13,35.93,35.959999,34.900002,35.049999,0
2000-10-16,34.400002,34.799999,32.700001,33.099998,60396
2000-10-17,32.700001,33.5,32.400002,32.950001,77365
2000-10-18,33.549999,33.849998,33.099998,33.549999,53355
2000-10-19,33.849998,34.299999,32.700001,32.950001,55415
2000-10-20,33.299999,34.349998,32.849998,34.299999,75683
2000-10-23,33.0,33.799999,32.599998,33.73,47952
2000-10-24,33.75,34.099998,33.299999,33.369999,69791
2000-10-25,33.5,33.52,32.849998,32.959999,60419
2000-10-26,33.650002,33.82,32.950001,33.75,68127
2000-10-27,33.68,33.689999,32.650002,32.700001,68531
2000-10-30,32.75,33.43,32.650002,32.810001,54388
2000-10-31,32.73,32.880001,32.099998,32.689999,63007
2000-11-01,33.150002,33.75,32.82,33.200001,71542
2000-11-02,32.75,33.599998,32.200001,32.540001,66821
2000-11-03,32.599998,32.900002,32.32,32.599998,54514
2000-11-06,32.400002,32.98,32.099998,32.860001,63791
2000-11-07,33.049999,33.549999,32.98,33.400002,58379
2000-11-08,33.200001,33.5,32.799999,33.290001,62043
2000-11-09,33.5,34.0,33.299999,33.950001,64155
2000-11-10,33.700001,34.150002,33.599998,34.09,63519
2000-11-13,34.150002,34.549999,34.099998,34.43,66342
2000-11-14,34.369999,34.98,33.919998,34.849998,78811
2000-11-15,35.400002,35.650002,34.630001,35.599998,80892
2000-11-16,35.25,35.549999,34.950001,35.049999,51772
2000-11-17,34.700001,35.849998,34.599998,35.599998,79730
2000-11-20,35.5,35.849998,35.0,35.220001,68250
2000-11-21,35.400002,35.700001,35.0,35.150002,0
2000-11-22,34.900002,35.639999,34.669998,35.400002,45768
2000-11-27,35.25,35.759998,35.060001,35.380001,50390
2000-11-28,34.98,35.099998,34.150002,34.25,70027
2000-11-29,34.25,34.900002,33.830002,34.630001,82486
2000-11-30,34.950001,35.099998,33.700001,33.799999,79900
2000-12-01,33.900002,34.049999,31.799999,32.049999,96057
2000-12-04,32.380001,33.110001,30.9,31.299999,92267
2000-12-05,31.25,31.42,29.450001,29.549999,103335
2000-12-06,30.0,30.1,28.200001,29.85,96057
2000-12-07,30.049999,30.200001,29.0,29.360001,39650
2000-12-08,28.799999,29.25,27.85,28.5,80715
2000-12-11,29.0,29.549999,28.75,29.450001,77299
2000-12-12,29.6,29.799999,28.9,29.690001,60269
2000-12-13,29.75,30.0,28.5,28.5,71405
2000-12-14,28.85,29.129999,27.51,27.9,70754
2000-12-15,28.35,28.950001,28.0,28.85,53224
2000-12-18,29.549999,29.9,29.129999,29.65,50760
2000-12-19,29.4,29.75,28.5,28.799999,66348
2000-12-20,27.16,27.450001,25.5,25.67,64487
2000-12-21,26.4,26.4,25.65,26.049999,52292
2000-12-22,26.15,27.25,26.049999,26.18,41154
2000-12-26,26.200001,26.9,26.200001,26.65,24449
2000-12-27,26.9,27.02,26.4,26.450001,34003
2000-12-28,26.35,26.48,25.75,25.85,34439
2000-12-29,25.9,26.950001,25.9,26.799999,35529
2001-01-02,27.25,27.4,26.6,27.200001,52321
2001-01-03,27.23,28.139999,27.049999,27.950001,66628
2001-01-04,28.200001,28.780001,27.85,28.200001,74383
2001-01-05,28.15,28.799999,27.799999,28.0,63852
2001-01-08,28.200001,28.4,27.15,27.35,76058
2001-01-09,27.25,27.75,26.9,27.719999,69916
2001-01-10,27.75,29.6,27.700001,29.5,93000
2001-01-11,29.35,29.9,28.98,29.5,67374
2001-01-12,29.5,30.200001,29.370001,30.049999,47023
2001-01-16,30.1,30.450001,29.85,30.35,66392
2001-01-17,29.799999,30.200001,29.0,29.65,75568
2001-01-18,29.85,30.51,29.299999,30.450001,44842
2001-01-19,30.25,32.400002,30.200001,32.099998,42815
2001-01-22,31.950001,32.700001,31.75,32.0,92401
2001-01-23,29.6,29.68,29.0,29.57,73113
2001-01-24,28.9,29.82,28.639999,29.049999,91773
2001-01-25,29.0,29.530001,28.799999,29.360001,61551
2001-01-26,29.42,29.99,29.32,29.780001,53751
2001-01-29,30.15,30.15,28.860001,29.059999,64714
2001-01-30,29.08,29.34,28.68,29.059999,55220
2001-01-31,29.0,29.15,28.25,28.700001,85659
2001-02-01,28.950001,29.870001,28.530001,29.799999,77052
2001-02-02,29.73,31.299999,29.65,31.25,79001
2001-02-05,31.049999,31.049999,30.200001,30.5,67618
2001-02-06,30.65,30.9,30.16,30.35,57981
2001-02-07,30.5,31.35,30.0,31.200001,85694
2001-02-08,31.200001,31.879999,31.120001,31.559999,68125
2001-02-09,31.299999,31.4,30.85,31.049999,55244
2001-02-12,30.700001,31.049999,30.4,30.549999,69227
2001-02-13,30.299999,30.4,29.719999,30.34,85072
2001-02-14,30.33,30.879999,29.65,29.75,89483
2001-02-15,29.299999,29.4,28.549999,28.799999,73627
2001-02-16,29.200001,29.25,29.1,29.16,0
2001-02-20,29.5,29.530001,28.4,28.58,72068
2001-02-21,28.9,29.0,28.299999,28.549999,55059
2001-02-22,28.85,29.200001,28.35,28.82,86691
2001-02-23,29.0,29.02,29.0,29.0,61454
2001-02-26,28.76,28.940001,28.4,28.440001,62142
2001-02-27,28.0,28.35,27.709999,28.120001,95832
2001-02-28,28.15,28.200001,27.34,27.42,82364
2001-03-01,27.450001,27.889999,27.15,27.65,62801
2001-03-02,27.690001,28.200001,27.6,27.84,61545
2001-03-05,28.25,28.83,28.209999,28.6,49216
2001-03-06,28.35,28.700001,28.200001,28.299999,50980
2001-03-07,28.5,29.15,28.15,28.950001,86394
2001-03-08,28.950001,29.15,28.299999,28.49,80771
2001-03-09,28.25,28.48,27.799999,27.799999,57964
2001-03-12,27.799999,28.24,27.65,28.0,54249
2001-03-13,27.799999,27.9,27.450001,27.450001,0
2001-03-14,27.65,27.75,26.200001,26.450001,84086
2001-03-15,26.6,26.66,26.1,26.65,69457
2001-03-16,26.950001,27.75,26.6,26.700001,54833
2001-03-19,26.5,26.940001,26.049999,26.18,39585
2001-03-20,26.25,26.49,25.700001,25.9,100723
2001-03-21,26.18,26.85,25.92,26.799999,80284
2001-03-22,26.790001,27.190001,26.42,26.52,74305
2001-03-23,26.700001,27.450001,26.48,27.299999,69876
2001-03-26,27.4,27.66,27.110001,27.459999,52637
2001-03-27,27.58,28.040001,27.379999,27.75,75766
2001-03-28,27.450001,27.780001,26.25,26.25,105169
2001-03-29,26.35,26.780001,25.75,26.35,86983
2001-03-30,26.450001,26.639999,25.959999,26.4,63947
2001-04-02,26.35,26.469999,25.549999,25.59,55182
2001-04-03,25.700001,26.280001,25.49,26.190001,74089
2001-04-04,26.65,27.24,26.129999,27.120001,77935
2001-04-05,27.1,27.780001,26.65,27.26,80086
2001-04-06,26.9,27.280001,26.809999,27.059999,46546
2001-04-09,27.129999,27.67,27.01,27.34,59981
2001-04-10,27.0,28.629999,27.309999,28.48,87333
2001-04-11,28.25,28.450001,27.940001,28.18,60599
2001-04-12,28.549999,28.84,28.190001,28.25,61083
2001-04-16,28.299999,29.040001,28.049999,28.790001,54348
2001-04-17,28.6,29.0,28.15,28.24,58990
2001-04-18,27.75,28.290001,27.040001,27.950001,73590
2001-04-19,27.85,27.959999,27.450001,27.83,49915
2001-04-20,27.780001,28.0,26.799999,27.280001,74418
2001-04-23,27.85,27.93,27.4,27.610001,59963
2001-04-24,27.950001,27.98,26.799999,26.860001,76352
2001-04-25,26.870001,27.379999,26.75,27.290001,65944
2001-04-26,27.75,28.65,27.290001,28.440001,77569
2001-04-27,28.440001,28.639999,28.15,28.27,57334
2001-04-30,28.6,28.99,28.129999,28.459999,40223
2001-05-01,28.5,28.98,28.360001,28.940001,57564
2001-05-02,28.25,28.33,27.76,27.799999,69856
2001-05-03,27.450001,28.549999,27.370001,28.450001,68101
2001-05-04,28.450001,28.73,28.15,28.360001,49654
2001-05-07,28.450001,28.58,27.719999,27.77,56162
2001-05-08,27.799999,28.0,27.35,27.389999,57551
2001-05-09,27.25,28.25,27.049999,28.23,81008
2001-05-10,28.15,28.85,28.15,28.52,66192
2001-05-11,28.360001,28.75,28.280001,28.549999,51638
2001-05-14,28.700001,28.809999,28.08,28.709999,55538
2001-05-15,28.700001,29.07,28.610001,28.98,50905
2001-05-16,29.18,29.25,28.450001,28.860001,62822
2001-05-17,28.75,29.02,28.620001,28.91,45148
2001-05-18,29.15,29.99,28.92,29.91,44887
2001-05-21,30.15,30.200001,29.610001,29.98,41589
2001-05-22,30.049999,30.049999,29.58,29.74,65740
2001-05-23,29.700001,30.049999,29.549999,29.58,4175
2001-05-24,29.6,29.67,28.200001,28.41,4380
2001-05-25,28.41,28.58,28.1,28.379999,50983
2001-05-29,28.700001,29.049999,28.35,28.66,58861
2001-05-30,28.75,28.950001,28.43,28.549999,65023
2001-05-31,28.049999,28.719999,27.549999,28.370001,101694
2001-06-01,28.25,28.6,27.58,27.93,75150
2001-06-04,28.549999,28.74,28.040001,28.129999,74230
2001-06-05,28.200001,28.33,27.799999,28.24,60554
2001-06-06,27.6,28.370001,27.25,27.719999,100545
2001-06-07,27.52,28.1,27.41,27.75,59703
2001-06-08,28.030001,28.389999,27.799999,28.4,47763
2001-06-11,28.75,29.34,28.4,29.040001,85621
2001-06-12,28.879999,29.379999,28.75,29.18,62998
2001-06-13,29.5,29.629999,28.809999,28.84,78197
2001-06-14,28.84,29.280001,28.6,29.040001,62964
2001-06-15,29.049999,29.110001,28.440001,28.51,58361
2001-06-18,28.299999,28.540001,27.42,27.549999,50059
2001-06-19,27.6,27.82,27.299999,27.48,57940
2001-06-20,27.450001,27.6,26.0,26.5,123727
2001-06-21,26.549999,26.77,25.85,26.559999,102254
2001-06-22,26.9,27.1,26.42,26.83,73342
2001-06-25,26.950001,27.32,26.780001,27.25,57677
2001-06-26,27.15,27.49,26.82,26.98,63048
2001-06-27,26.35,26.969999,25.200001,25.610001,109855
2001-06-28,25.35,25.75,25.1,25.559999,89642
2001-06-29,25.67,26.4,25.639999,26.25,86303
2001-07-02,26.450001,26.700001,25.379999,25.950001,8479
2001-07-03,25.799999,26.299999,25.65,26.24,53665
2001-07-05,26.549999,27.049999,26.34,27.02,70236
2001-07-06,27.370001,28.290001,27.0,28.209999,97108
2001-07-09,27.85,28.26,27.5,27.59,91890
2001-07-10,27.549999,27.690001,27.200001,27.49,67953
2001-07-11,27.200001,27.59,26.92,27.110001,78818
2001-07-12,26.5,27.1,25.940001,26.799999,80397
2001-07-13,26.700001,26.98,26.219999,26.59,70344
2001-07-16,26.299999,26.58,25.719999,26.059999,73134
2001-07-17,26.209999,26.32,25.530001,25.57,78904
2001-07-18,25.0,25.6,24.700001,24.889999,57541
2001-07-19,25.4,25.799999,24.540001,24.700001,58286
2001-07-20,25.200001,25.950001,24.700001,25.59,95323
2001-07-23,26.299999,26.6,25.870001,26.120001,53982
2001-07-24,26.18,26.440001,26.01,26.309999,55610
2001-07-25,26.530001,26.969999,26.190001,26.84,77274
2001-07-26,26.700001,27.040001,26.65,26.73,59381
2001-07-27,26.450001,27.15,26.25,27.02,78320
2001-07-30,26.950001,26.98,26.549999,26.629999,41537
2001-07-31,26.5,26.85,26.309999,26.35,52462
2001-08-01,26.65,26.85,26.33,26.77,72772
2001-08-02,27.5,27.9,27.35,27.709999,82555
2001-08-03,27.549999,27.799999,27.4,27.620001,53006
2001-08-06,27.6,27.790001,27.379999,27.74,37371
2001-08-07,28.4,28.4,27.9,27.940001,68661
2001-08-08,28.15,28.24,27.5,27.540001,65167
2001-08-09,27.450001,27.719999,27.379999,27.639999,50368
2001-08-10,27.780001,28.42,27.719999,28.049999,70358
2001-08-13,28.17,28.25,27.700001,27.82,52473
2001-08-14,27.82,28.049999,27.700001,28.01,48980
2001-08-15,28.200001,28.25,27.42,27.559999,79697
2001-08-16,27.57,27.6,27.15,27.450001,70918
2001-08-17,27.33,27.4,26.549999,26.629999,61936
2001-08-20,26.65,27.25,26.35,27.18,53562
2001-08-21,27.1,28.1,27.1,27.85,99270
2001-08-22,27.120001,27.25,26.35,26.370001,93777
2001-08-23,26.549999,26.719999,26.280001,26.629999,59594
2001-08-24,26.700001,27.15,26.629999,26.9,79958
2001-08-27,27.049999,27.07,26.440001,26.67,58962
2001-08-28,26.65,27.379999,26.51,27.17,71885
2001-08-29,27.35,27.6,26.77,27.049999,81961
2001-08-30,26.85,27.02,26.52,26.549999,3185
2001-08-31,26.700001,27.25,26.620001,27.200001,47548
2001-09-04,27.049999,27.139999,26.76,26.93,55640
2001-09-05,26.83,27.23,26.76,26.950001,60595
2001-09-06,27.15,27.65,27.049999,27.58,87936
2001-09-07,27.6,28.15,27.43,28.030001,98291
2001-09-10,27.75,28.0,27.57,27.629999,0
2001-09-14,29.98,29.98,29.450001,29.530001,0
2001-09-17,27.0,29.25,28.299999,28.809999,101804
2001-09-18,28.0,28.799999,27.6,27.700001,69950
2001-09-19,27.32,27.5,25.799999,26.719999,6135
2001-09-20,26.700001,27.0,25.9,26.59,27931
2001-09-21,26.450001,26.799999,25.9,25.969999,97581
2001-09-24,23.9,24.0,21.799999,22.01,108959
2001-09-25,22.950001,23.15,21.25,21.809999,90612
2001-09-26,21.4,22.5,20.299999,22.379999,3731
2001-09-27,22.299999,22.940001,21.950001,22.74,56833
2001-09-28,23.15,23.49,23.0,23.43,60080
2001-10-01,22.799999,23.4,22.4,23.280001,50970
2001-10-02,23.0,23.34,22.75,22.790001,42332
2001-10-03,22.1,22.4,21.719999,22.08,60413
2001-10-04,22.65,22.9,22.08,22.629999,56132
2001-10-05,23.049999,23.1,22.299999,22.389999,57970
2001-10-08,22.299999,22.700001,21.950001,22.450001,51267
2001-10-09,22.5,22.620001,22.26,22.48,46246
2001-10-10,22.75,22.92,22.43,22.530001,49156
2001-10-11,22.75,23.4,22.25,23.34,63486
2001-10-12,23.65,23.98,22.059999,22.5,93048
2001-10-15,22.6,22.690001,22.120001,22.290001,51155
2001-10-16,22.15,22.6,21.950001,22.0,46494
2001-10-17,22.18,22.299999,21.549999,21.809999,56738
2001-10-18,21.4,21.870001,21.049999,21.309999,51313
2001-10-19,21.549999,22.25,21.18,21.83,64820
2001-10-22,21.799999,22.1,21.52,21.76,64751
2001-10-23,22.4,22.549999,21.82,21.85,64155
2001-10-24,21.700001,22.450001,21.41,22.33,83793
2001-10-25,22.290001,22.6,21.99,22.01,59013
2001-10-26,22.0,22.25,21.85,22.049999,53171
2001-10-29,22.5,22.549999,21.93,22.15,60312
2001-10-30,22.18,22.200001,21.85,21.870001,56500
2001-10-31,21.6,21.870001,20.799999,21.18,96594
2001-11-01,21.18,21.450001,20.35,20.389999,82000
2001-11-02,20.200001,20.25,19.690001,20.18,11566
2001-11-05,20.34,20.450001,19.76,20.02,54896
2001-11-06,19.809999,20.07,19.559999,19.92,63123
2001-11-07,20.1,20.35,19.9,20.09,61742
2001-11-08,20.68,21.290001,20.549999,21.17,88967
2001-11-09,22.049999,22.4,21.1,22.219999,92707
2001-11-12,21.450001,21.780001,20.700001,21.23,86546
2001-11-13,21.450001,21.969999,21.4,21.67,89422
2001-11-14,20.0,21.6,19.549999,19.74,126797
2001-11-15,19.1,19.15,17.15,17.450001,86459
2001-11-16,17.549999,18.200001,17.299999,18.030001,66721
2001-11-19,17.15,18.299999,16.700001,17.719999,87935
2001-11-20,19.299999,19.43,18.75,19.15,77042
2001-11-21,19.4,19.450001,18.799999,18.959999,68382
2001-11-26,18.799999,18.950001,17.67,18.690001,53657
2001-11-27,18.68,19.799999,18.549999,19.48,88162
2001-11-28,19.15,19.65,18.959999,19.219999,91757
2001-11-29,19.200001,19.27,18.51,18.620001,61745
2001-11-30,18.65,19.549999,18.4,19.440001,71678
2001-12-03,19.4,20.5,19.379999,20.09,80890
2001-12-04,20.200001,20.4,19.620001,19.65,76991
2001-12-05,20.23,20.299999,19.299999,19.49,72548
2001-12-06,19.5,19.549999,18.200001,18.540001,80176
2001-12-07,18.549999,19.09,17.92,19.040001,73257
2001-12-10,18.68,18.799999,18.15,18.370001,61037
2001-12-11,18.049999,18.4,17.92,18.08,66894
2001-12-12,18.450001,18.85,18.299999,18.360001,80615
2001-12-13,18.0,18.549999,17.799999,18.120001,80705
2001-12-14,18.700001,19.25,18.290001,19.290001,69865
2001-12-17,19.200001,19.58,19.1,19.219999,62709
2001-12-18,19.25,19.5,19.07,19.360001,71584
2001-12-19,19.85,20.18,19.75,19.799999,70955
2001-12-20,19.9,20.15,19.17,19.280001,67602
2001-12-21,19.43,19.75,19.25,19.620001,46791
2001-12-26,19.799999,21.43,19.700001,21.27,61256
2001-12-27,20.65,21.0,20.33,20.9,49650
2001-12-28,21.219999,21.379999,20.379999,20.41,58326
2001-12-31,20.299999,20.43,19.66,19.84,36403
2002-01-02,20.0,21.049999,19.85,21.01,69560
2002-01-03,20.780001,21.1,20.15,20.370001,64010
2002-01-04,20.85,21.700001,20.4,21.620001,84832
2002-01-07,21.5,22.0,21.200001,21.48,64080
2002-01-08,21.200001,21.5,21.0,21.25,59541
2002-01-09,20.700001,21.35,20.110001,20.18,98408
2002-01-10,20.200001,20.450001,19.85,20.379999,69788
2002-01-11,20.35,20.58,19.370001,19.68,65806
2002-01-14,19.35,19.48,18.65,18.889999,89429
2002-01-15,18.85,19.43,18.76,18.9,72231
2002-01-16,18.860001,18.99,18.280001,18.860001,84392
2002-01-17,18.9,19.15,17.799999,18.040001,67448
2002-01-18,18.030001,18.5,17.9,18.0,45383
2002-01-22,18.049999,18.76,18.0,18.6,96896
2002-01-23,18.98,19.700001,18.98,19.48,77790
2002-01-24,19.48,19.879999,19.17,19.719999,83907
2002-01-25,19.73,20.17,19.280001,20.0,77987
2002-01-28,20.059999,20.370001,19.809999,20.049999,75269
2002-01-29,19.950001,20.120001,19.48,19.57,67139
2002-01-30,19.58,19.610001,18.559999,19.15,93923
2002-01-31,19.15,19.52,18.950001,19.48,73520
2002-02-01,19.469999,20.549999,19.09,20.4,122999
2002-02-04,20.34,20.360001,19.93,20.059999,59644
2002-02-05,20.0,20.1,19.73,20.049999,60424
2002-02-06,20.01,20.35,19.75,19.75,79320
2002-02-07,19.700001,19.790001,19.27,19.68,68275
2002-02-08,19.709999,20.280001,19.65,20.25,74748
2002-02-11,20.27,21.6,19.959999,21.32,89214
2002-02-12,21.290001,21.5,20.67,20.75,83735
2002-02-13,20.73,21.75,20.309999,21.15,99165
2002-02-14,21.18,21.6,21.049999,21.219999,69434
2002-02-15,21.25,21.549999,21.0,21.5,57209
2002-02-19,21.219999,21.219999,20.85,20.870001,53799
2002-02-20,20.9,20.9,20.15,20.23,96162
2002-02-21,20.440001,21.299999,20.299999,21.049999,83271
2002-02-22,21.0,21.25,20.75,21.08,54622
2002-02-25,21.0,21.17,20.450001,20.42,67270
2002-02-26,20.469999,21.549999,20.370001,21.360001,88209
2002-02-27,21.450001,21.790001,21.15,21.290001,99210
2002-02-28,21.280001,21.85,21.08,21.85,92963
2002-03-01,21.780001,22.799999,21.620001,22.360001,122518
2002-03-04,22.43,22.6,22.129999,22.5,63683
2002-03-05,22.51,23.35,22.450001,23.17,93354
2002-03-06,23.17,23.450001,22.700001,23.219999,81722
2002-03-07,23.200001,24.75,23.200001,23.780001,139178
2002-03-08,23.700001,23.950001,23.15,23.85,83043
2002-03-11,23.870001,24.549999,23.83,24.299999,72020
2002-03-12,24.35,24.389999,23.65,24.15,79368
2002-03-13,24.200001,24.65,23.9,24.15,92386
2002-03-14,24.1,24.65,23.73,24.549999,77016
2002-03-15,24.549999,24.75,24.17,24.48,70845
2002-03-18,24.4,25.200001,24.110001,25.049999,53764
2002-03-19,25.049999,25.25,24.700001,25.049999,45524
2002-03-20,25.049999,25.620001,24.65,24.700001,113700
2002-03-21,24.690001,25.700001,24.6,25.6,84385
2002-03-22,25.629999,25.85,25.200001,25.26,72805
2002-03-25,25.35,25.35,24.700001,25.02,62975
2002-03-26,24.98,25.4,24.73,25.43,68558
2002-03-27,25.440001,25.98,24.809999,25.870001,70567
2002-03-28,25.83,26.379999,25.58,26.23,94042
2002-04-01,26.459999,27.4,26.459999,26.860001,75570
2002-04-02,26.790001,28.1,26.790001,27.700001,96819
2002-04-03,27.709999,27.76,27.15,27.559999,67829
2002-04-04,27.540001,28.35,26.450001,26.68,124694
2002-04-05,26.65,27.18,25.049999,26.219999,128123
2002-04-08,26.4,27.23,26.27,26.549999,89698
2002-04-09,26.57,26.66,25.620001,25.799999,85388
2002-04-10,25.809999,26.299999,25.299999,26.120001,78861
2002-04-11,26.1,26.17,24.92,25.02,91627
2002-04-12,25.0,25.120001,23.309999,23.450001,107582
2002-04-15,24.25,24.6,23.6,24.549999,91996
2002-04-16,24.549999,25.15,24.4,24.85,63752
2002-04-17,24.83,26.1,24.799999,25.92,77858
2002-04-18,25.92,26.65,25.85,26.09,53055
2002-04-19,26.15,26.5,25.549999,26.4,43787
2002-04-22,26.4,26.799999,25.780001,26.299999,91838
2002-04-23,26.43,26.879999,26.280001,26.59,84735
2002-04-24,26.6,26.68,25.9,26.43,71283
2002-04-25,26.459999,27.200001,26.0,26.67,91408
2002-04-26,26.68,27.15,26.01,27.15,66177
2002-04-29,26.92,27.639999,26.65,27.52,74728
2002-04-30,27.5,27.6,27.07,27.290001,91603
2002-05-01,27.25,27.389999,26.6,26.74,82535
2002-05-02,26.75,26.75,25.549999,26.35,115257
2002-05-03,26.299999,26.75,25.93,26.719999,77340
2002-05-06,26.309999,26.32,25.620001,26.08,66351
2002-05-07,26.15,26.73,25.9,26.620001,102456
2002-05-08,26.66,28.049999,26.6,27.73,131472
2002-05-09,27.73,28.200001,27.27,27.700001,99314
2002-05-10,27.719999,28.27,27.68,27.879999,81056
2002-05-13,27.75,28.48,27.35,28.450001,79146
2002-05-14,28.459999,29.5,28.4,29.299999,92828
2002-05-15,29.17,29.540001,27.9,28.200001,94526
2002-05-16,28.219999,28.549999,27.200001,27.969999,93916
2002-05-17,27.98,28.25,27.1,28.200001,51136
2002-05-20,28.200001,28.540001,27.780001,28.200001,59717
2002-05-21,28.23,28.25,27.200001,27.0,125531
2002-05-22,26.280001,26.719999,26.15,26.450001,94506
2002-05-23,26.5,26.799999,26.030001,26.15,90710
2002-05-24,25.75,26.280001,25.450001,25.879999,75877
2002-05-28,25.6,25.83,25.17,25.18,75323
2002-05-29,24.9,25.799999,24.77,25.719999,81993
2002-05-30,25.1,25.700001,24.4,24.700001,93622
2002-05-31,24.9,25.48,24.68,25.35,91770
2002-06-03,25.26,25.440001,24.85,25.110001,46563
2002-06-04,25.049999,25.469999,25.0,25.299999,59607
2002-06-05,24.799999,25.35,24.65,24.889999,71889
2002-06-06,24.92,25.4,24.200001,24.93,225
2002-06-07,24.799999,24.99,24.450001,24.73,62466
2002-06-10,24.6,24.700001,24.200001,24.32,64609
2002-06-11,24.0,24.370001,23.799999,24.18,78478
2002-06-12,24.35,24.82,24.110001,24.68,80443
2002-06-13,24.85,25.75,24.639999,25.639999,96298
2002-06-14,25.35,26.030001,25.200001,25.870001,77902
2002-06-17,26.120001,26.5,26.030001,26.09,62018
2002-06-18,25.9,26.15,25.35,25.35,54329
2002-06-19,25.35,25.969999,25.200001,25.299999,58779
2002-06-20,25.52,25.700001,25.1,25.6,100391
2002-06-21,25.959999,26.4,25.209999,25.75,117304
2002-06-24,25.700001,26.6,25.700001,26.469999,84379
2002-06-25,26.75,27.049999,26.299999,26.32,92024
2002-06-26,25.9,26.85,25.85,26.76,113254
2002-06-27,26.82,26.99,26.530001,26.860001,83716
2002-06-28,26.57,26.99,26.33,26.860001,76097
2002-07-01,26.799999,27.15,26.610001,26.809999,43853
2002-07-02,27.0,27.15,26.629999,26.77,64641
2002-07-03,26.68,26.950001,26.379999,26.799999,62869
2002-07-08,26.25,26.860001,25.9,26.07,75606
2002-07-09,25.870001,26.200001,25.73,26.09,84852
2002-07-10,26.450001,27.08,26.08,26.77,97914
2002-07-11,26.620001,27.0,26.08,26.83,68630
2002-07-12,27.200001,27.5,26.83,27.469999,79858
2002-07-15,27.4,27.98,27.02,27.07,82132
2002-07-16,27.030001,27.83,26.9,27.75,91317
2002-07-17,27.700001,28.1,27.4,27.879999,95724
2002-07-18,27.719999,28.08,27.4,27.57,47748
2002-07-19,27.25,27.9,27.15,27.83,52888
2002-07-22,27.219999,27.75,26.27,26.6,139591
2002-07-23,26.77,26.9,26.25,26.309999,95985
2002-07-24,26.049999,26.940001,25.950001,26.870001,119298
2002-07-25,26.76,27.01,26.5,26.77,77084
2002-07-26,26.6,26.709999,26.17,26.540001,77208
2002-07-29,26.42,26.66,26.32,26.549999,40501
2002-07-30,26.870001,27.540001,26.459999,27.360001,99519
2002-07-31,27.4,27.67,26.950001,27.02,80323
2002-08-01,27.059999,27.200001,26.4,26.469999,90196
2002-08-02,26.200001,26.889999,26.0,26.84,86753
2002-08-05,26.48,27.02,26.32,26.58,57855
2002-08-06,26.74,27.190001,26.450001,27.17,69997
2002-08-07,26.92,27.379999,26.25,26.5,98451
2002-08-08,26.5,26.83,26.280001,26.67,67364
2002-08-09,26.530001,26.950001,26.450001,26.860001,63831
2002-08-12,26.58,27.959999,26.48,27.860001,115665
2002-08-13,27.860001,28.1,27.65,27.9,84880
2002-08-14,28.23,28.49,27.82,28.15,86360
2002-08-15,28.18,29.1,28.02,29.059999,88688
2002-08-16,28.9,29.450001,28.75,29.33,71324
2002-08-19,29.42,29.950001,29.07,29.84,71751
2002-08-20,29.66,30.32,29.6,30.110001,107005
2002-08-21,28.6,29.620001,28.34,29.24,112193
2002-08-22,29.1,29.389999,28.799999,28.84,65778
2002-08-23,28.6,28.85,28.450001,28.73,68064
2002-08-26,28.65,29.49,28.610001,29.280001,77471
2002-08-27,29.299999,29.65,28.68,28.83,107534
2002-08-28,28.67,29.0,28.17,28.34,96651
2002-08-29,28.25,28.98,28.15,28.92,74524
2002-08-30,28.870001,29.08,28.67,28.98,54317
2002-09-03,28.690001,28.690001,27.700001,27.790001,108086
2002-09-04,27.940001,28.549999,27.620001,28.27,6763
2002-09-05,28.549999,29.0,28.26,28.98,75147
2002-09-06,29.75,30.190001,28.940001,29.610001,97863
2002-09-09,29.450001,30.200001,29.309999,29.73,71398
2002-09-10,30.049999,30.200001,29.65,29.73,88228
2002-09-11,29.73,29.969999,29.540001,29.77,52310
2002-09-12,29.780001,29.92,28.639999,28.85,114011
2002-09-13,29.25,29.9,28.83,29.809999,93353
2002-09-16,29.6,29.93,29.32,29.67,64197
2002-09-17,28.799999,29.6,28.24,29.08,85894
2002-09-18,29.4,29.75,29.059999,29.48,45421
2002-09-19,29.549999,29.75,29.16,29.5,80570
2002-09-20,29.9,30.15,29.66,29.84,92765
2002-09-23,30.200001,30.93,30.0,30.709999,88670
2002-09-24,30.73,31.389999,30.639999,30.77,94152
2002-09-25,30.549999,30.9,30.299999,30.639999,80282
2002-09-26,30.75,30.950001,30.059999,30.41,76279
2002-09-27,30.459999,30.75,30.15,30.540001,76301
2002-09-30,30.5,30.940001,30.4,30.469999,68291
2002-10-01,30.6,31.18,30.450001,30.83,97932
2002-10-02,30.700001,31.049999,30.200001,30.49,100866
2002-10-03,30.110001,30.66,29.6,29.76,103426
2002-10-04,29.77,29.950001,29.35,29.620001,87634
2002-10-07,29.83,30.1,29.4,29.639999,69618
2002-10-08,29.030001,29.790001,29.030001,29.48,87763
2002-10-09,29.5,29.780001,29.26,29.35,74571
2002-10-10,28.9,29.5,28.52,28.969999,91013
2002-10-11,29.280001,29.4,28.799999,29.370001,68090
2002-10-14,29.200001,30.17,29.200001,30.030001,83156
2002-10-15,29.950001,30.200001,29.58,29.719999,71539
2002-10-16,29.799999,29.870001,29.18,29.469999,60915
2002-10-17,29.18,29.77,29.049999,29.620001,61627
2002-10-18,29.41,29.709999,28.559999,29.6,45144
2002-10-21,29.049999,29.5,28.219999,28.379999,61967
2002-10-22,28.02,28.41,27.75,27.92,124794
2002-10-23,28.1,28.389999,27.85,28.18,91970
2002-10-24,28.25,28.450001,28.049999,28.200001,71182
2002-10-25,28.25,28.299999,26.9,27.049999,140626
2002-10-28,27.08,27.43,26.620001,27.290001,103266
2002-10-29,27.219999,27.35,26.82,26.860001,70205
2002-10-30,27.1,27.290001,26.530001,26.809999,107849
2002-10-31,27.15,27.35,26.77,27.219999,73556
2002-11-01,27.219999,27.559999,26.950001,27.129999,87317
2002-11-04,26.799999,27.4,26.66,26.950001,101816
2002-11-05,26.719999,27.0,26.08,26.139999,99398
2002-11-06,26.219999,26.34,25.549999,25.77,109427
2002-11-07,26.299999,26.450001,25.25,25.379999,102204
2002-11-08,25.4,25.950001,25.16,25.780001,102515
2002-11-11,25.950001,26.5,25.68,25.940001,91117
2002-11-12,25.9,26.200001,25.76,25.9,77589
2002-11-13,25.709999,26.0,24.82,25.190001,116923
2002-11-14,25.43,25.5,24.85,25.290001,97828
2002-11-15,25.25,25.58,25.1,25.51,67561
2002-11-18,25.75,26.75,25.52,26.709999,83906
2002-11-19,26.700001,27.08,26.35,26.42,3536
2002-11-20,26.549999,27.25,26.299999,26.98,107495
2002-11-21,26.389999,26.549999,26.120001,26.35,83335
2002-11-22,26.379999,26.84,26.309999,26.76,74617
2002-11-25,26.68,26.75,26.08,26.110001,81342
2002-11-26,26.299999,26.5,26.1,26.4,58893
2002-11-27,26.700001,26.959999,26.32,26.889999,74072
2002-12-02,26.82,27.450001,26.700001,27.24,92475
2002-12-03,27.5,27.65,27.1,27.299999,90640
2002-12-04,27.15,27.59,26.57,26.73,113979
2002-12-05,27.0,27.450001,26.83,27.290001,68103
2002-12-06,27.15,27.5,26.82,26.93,78572
2002-12-09,27.299999,27.43,27.0,27.26,66646
2002-12-10,27.08,27.9,26.75,27.75,128672
2002-12-11,27.629999,27.969999,27.299999,27.4,84577
2002-12-12,27.52,28.219999,27.389999,27.92,103960
2002-12-13,28.25,28.65,28.15,28.440001,96771
2002-12-16,29.0,30.17,28.9,30.1,98129
2002-12-17,29.9,30.25,29.75,30.1,79689
2002-12-18,29.75,31.25,29.709999,30.440001,64164
2002-12-19,30.6,31.1,30.15,30.559999,115159
2002-12-20,30.049999,30.379999,29.860001,30.299999,83445
2002-12-23,30.799999,31.950001,30.76,31.75,68872
2002-12-24,31.700001,32.029999,31.620001,31.969999,34812
2002-12-26,31.700001,32.549999,31.42,32.490002,41147
2002-12-27,32.330002,32.799999,32.049999,32.720001,61580
2002-12-30,32.75,33.650002,31.139999,31.370001,82023
2002-12-31,30.6,31.4,30.049999,31.200001,58723
2003-01-02,31.549999,32.09,31.4,31.85,62480
2003-01-03,32.080002,33.200001,31.9,33.080002,68416
2003-01-06,32.650002,32.849998,31.91,32.099998,98247
2003-01-07,31.549999,31.700001,30.51,31.08,124279
2003-01-08,30.25,30.700001,29.75,30.559999,108037
2003-01-09,30.950001,32.049999,30.700001,31.99,111722
2003-01-10,31.85,32.169998,31.35,31.68,98555
2003-01-13,31.379999,32.380001,31.129999,32.259998,90730
2003-01-14,32.75,32.900002,31.9,32.369999,113996
2003-01-15,32.650002,33.299999,32.279999,33.200001,111645
2003-01-16,33.5,33.98,33.0,33.66,71774
2003-01-17,33.25,34.0,32.900002,33.91,73642
2003-01-21,33.549999,35.200001,33.5,34.610001,122456
2003-01-22,33.049999,33.450001,32.650002,32.849998,84590
2003-01-23,32.849998,33.0,31.9,32.25,109024
2003-01-24,32.259998,33.400002,32.110001,33.279999,95524
2003-01-27,32.950001,33.349998,32.200001,32.290001,88859
2003-01-28,32.389999,32.84,32.16,32.669998,56606
2003-01-29,32.73,33.880001,32.299999,33.630001,98104
2003-01-30,33.630001,34.0,33.34,33.849998,61889
2003-01-31,33.299999,33.900002,33.240002,33.509998,92521
2003-02-03,33.330002,33.470001,32.650002,32.759998,74746
2003-02-04,32.900002,33.779999,32.900002,33.580002,81566
2003-02-05,33.700001,34.279999,33.099998,33.93,88323
2003-02-06,34.25,34.450001,33.779999,34.16,85546
2003-02-07,34.5,35.25,34.349998,35.119999,99482
2003-02-10,35.009998,35.380001,34.299999,34.48,90532
2003-02-11,34.52,35.650002,34.34,35.439999,95200
2003-02-12,35.5,35.950001,35.049999,35.77,113197
2003-02-13,36.110001,36.48,35.849998,36.360001,95544
2003-02-14,36.349998,36.900002,35.849998,36.799999,86112
2003-02-18,36.279999,37.049999,36.0,36.959999,47153
2003-02-19,36.549999,37.450001,36.360001,37.16,61384
2003-02-20,36.900002,37.549999,36.099998,36.790001,111329
2003-02-21,35.150002,36.0,34.5,35.580002,76700
2003-02-24,35.799999,36.52,35.470001,36.48,71129
2003-02-25,36.52,37.200001,35.900002,36.060001,111118
2003-02-26,36.25,38.0,35.040001,37.700001,122297
2003-02-27,38.299999,39.990002,37.049999,37.200001,158955
2003-02-28,37.349998,37.549999,36.299999,36.599998,95700
2003-03-03,35.849998,36.200001,35.349998,35.880001,68657
2003-03-04,35.950001,37.200001,35.919998,36.889999,81812
2003-03-05,37.130001,37.5,35.700001,36.689999,87728
2003-03-06,36.900002,37.200001,36.599998,37.0,61131
2003-03-07,36.799999,37.84,36.799999,37.779999,76890
2003-03-10,37.630001,37.77,37.049999,37.27,77499
2003-03-11,37.27,37.380001,35.43,36.720001,86103
2003-03-12,36.48,37.950001,36.400002,37.830002,90439
2003-03-13,37.66,37.799999,35.75,36.009998,97043
2003-03-14,34.700001,35.799999,33.849998,35.380001,97936
2003-03-17,35.900002,36.400002,34.0,34.93,90016
2003-03-18,32.5,33.400002,31.4,31.67,63350
2003-03-19,31.4,31.5,29.5,29.879999,55436
2003-03-20,29.0,30.6,28.0,28.610001,137950
2003-03-21,27.35,27.700001,26.299999,26.91,99957
2003-03-24,27.9,28.9,27.6,28.66,71666
2003-03-25,29.0,29.700001,27.700001,27.969999,91288
2003-03-26,28.4,28.950001,28.059999,28.629999,73970
2003-03-27,29.6,30.5,29.35,30.370001,76329
2003-03-28,30.25,30.85,29.799999,30.16,62050
2003-03-31,30.24,31.200001,30.07,31.040001,46661
2003-04-01,30.4,31.5,29.549999,29.780001,61232
2003-04-02,28.799999,29.0,28.18,28.559999,66964
2003-04-03,28.299999,29.299999,28.299999,28.969999,63351
2003-04-04,28.0,29.09,27.92,28.620001,56568
2003-04-07,27.799999,28.700001,27.700001,27.959999,64667
2003-04-08,27.959999,28.4,27.700001,28.0,59963
2003-04-09,27.950001,28.950001,27.52,28.85,69047
2003-04-10,28.299999,28.799999,27.299999,27.459999,87443
2003-04-11,27.200001,28.25,27.02,28.139999,67666
2003-04-14,27.75,28.68,27.370001,28.629999,62486
2003-04-15,28.5,29.5,28.5,29.290001,67844
2003-04-16,29.32,29.65,28.5,29.18,75181
2003-04-17,29.52,30.700001,29.299999,30.549999,52777
2003-04-21,30.35,31.25,30.35,30.870001,44295
2003-04-22,30.6,30.85,29.700001,29.91,87106
2003-04-23,27.700001,27.9,26.200001,26.65,103204
2003-04-24,26.709999,26.85,25.5,26.639999,101497
2003-04-25,26.440001,27.049999,26.0,26.26,78214
2003-04-28,26.200001,26.200001,25.42,25.49,72986
2003-04-29,25.35,25.549999,25.040001,25.24,67745
2003-04-30,25.27,26.5,25.25,25.799999,106185
2003-05-01,26.0,26.4,25.9,26.030001,63783
2003-05-02,26.4,26.68,25.42,25.67,76386
2003-05-05,25.700001,26.549999,25.23,26.49,64682
2003-05-06,26.1,26.5,25.450001,25.719999,82880
2003-05-07,25.629999,26.35,25.5,26.23,80449
2003-05-08,26.110001,27.35,26.1,26.98,114422
2003-05-09,27.35,27.950001,27.299999,27.719999,92479
2003-05-12,27.59,28.450001,27.219999,27.35,91932
2003-05-13,27.6,28.549999,27.549999,28.5,82522
2003-05-14,28.549999,29.35,27.950001,29.17,97028
2003-05-15,29.209999,29.48,28.5,28.74,84178
2003-05-16,28.620001,29.200001,28.620001,29.139999,57534
2003-05-19,29.16,29.48,28.52,28.83,73843
2003-05-20,28.85,29.450001,28.450001,29.280001,95459
2003-05-21,28.620001,29.6,28.450001,29.030001,101803
2003-05-22,29.040001,29.040001,28.379999,28.85,69157
2003-05-23,28.860001,29.450001,28.75,29.16,43787
2003-05-27,29.16,29.629999,28.549999,29.35,82032
2003-05-28,29.26,29.32,28.5,28.58,60401
2003-05-29,28.559999,29.379999,28.27,29.1,90655
2003-05-30,29.02,29.65,29.02,29.559999,64261
2003-06-02,29.49,30.84,29.49,30.709999,90954
2003-06-03,30.450001,30.799999,30.33,30.67,58998
2003-06-04,30.67,31.0,29.9,30.049999,96894
2003-06-05,30.049999,30.799999,29.65,30.74,81561
2003-06-06,30.799999,31.33,30.65,31.280001,71448
2003-06-09,31.280001,31.85,30.790001,31.450001,70201
2003-06-10,31.4,31.76,30.9,31.73,72429
2003-06-11,31.620001,32.5,31.459999,32.360001,89788
2003-06-12,32.02,32.27,31.360001,31.51,80837
2003-06-13,30.9,31.0,29.85,30.65,93747
2003-06-16,30.5,31.25,30.43,31.18,73456
2003-06-17,31.129999,31.35,30.799999,31.07,52175
2003-06-18,30.700001,30.85,29.799999,30.360001,61959
2003-06-19,30.32,30.33,29.700001,29.959999,54083
2003-06-20,30.15,30.950001,30.1,30.82,97071
2003-06-23,29.530001,29.76,28.860001,29.17,57350
2003-06-24,29.0,29.1,28.530001,28.780001,61196
2003-06-25,28.780001,30.049999,28.610001,29.950001,97941
2003-06-26,29.85,29.93,28.860001,29.01,84874
2003-06-27,29.01,29.49,28.83,29.27,62785
2003-06-30,29.299999,30.209999,29.1,30.190001,74539
2003-07-01,30.120001,30.5,29.700001,30.4,66776
2003-07-02,30.32,30.700001,29.9,30.15,63596
2003-07-03,30.65,30.98,30.07,30.42,67503
2003-07-07,30.0,30.25,29.82,30.129999,50769
2003-07-08,30.129999,30.309999,29.52,30.219999,78101
2003-07-09,30.25,30.92,30.0,30.879999,92227
2003-07-10,30.879999,31.6,30.82,31.059999,93475
2003-07-11,31.15,31.75,31.059999,31.280001,77341
2003-07-14,31.280001,31.35,30.65,31.27,72329
2003-07-15,31.34,31.73,30.950001,31.620001,89782
2003-07-16,31.799999,32.049999,30.92,31.049999,96852
2003-07-17,31.299999,31.6,31.0,31.41,66721
2003-07-18,31.219999,32.049999,31.16,31.959999,43674
2003-07-21,31.6,31.83,31.25,31.780001,52738
2003-07-22,31.719999,31.73,29.700001,30.190001,127033
2003-07-23,29.6,29.83,29.17,29.67,82772
2003-07-24,29.83,30.25,29.4,30.219999,74874
2003-07-25,30.0,30.450001,30.0,30.17,59914
2003-07-28,29.969999,30.35,29.6,30.110001,46995
2003-07-29,30.1,30.4,29.76,30.24,53712
2003-07-30,30.200001,30.799999,30.0,30.68,79811
2003-07-31,30.700001,30.98,30.4,30.540001,69186
2003-08-01,30.799999,32.400002,30.719999,32.310001,124906
2003-08-04,32.150002,32.400002,31.799999,31.84,81255
2003-08-05,32.150002,32.490002,32.099998,32.220001,70116
2003-08-06,32.27,32.799999,31.450001,31.700001,104572
2003-08-07,31.67,32.439999,31.67,32.389999,90528
2003-08-08,32.200001,32.849998,31.700001,32.18,103578
2003-08-11,32.139999,32.150002,31.83,32.009998,64463
2003-08-12,31.68,32.349998,31.299999,31.92,118300
2003-08-13,31.879999,32.16,30.700001,30.780001,128093
2003-08-14,30.809999,31.15,30.1,31.09,95120
2003-08-15,31.200001,31.4,30.629999,31.049999,60479
2003-08-18,31.309999,31.6,30.799999,30.889999,54155
2003-08-19,31.0,31.08,30.360001,30.700001,67645
2003-08-20,30.6,31.200001,30.5,30.950001,94684
2003-08-21,31.200001,32.400002,31.200001,31.879999,109829
2003-08-22,31.75,32.099998,31.700001,31.84,56114
2003-08-25,32.049999,32.299999,31.35,31.559999,61371
2003-08-26,31.5,32.049999,31.35,31.950001,73736
2003-08-27,31.950001,32.07,31.1,31.209999,84059
2003-08-28,31.23,31.65,31.120001,31.5,70881
2003-08-29,31.450001,32.049999,31.4,31.57,70881
2003-09-02,31.280001,31.4,29.25,29.41,162822
2003-09-03,29.5,29.870001,29.15,29.49,93340
2003-09-04,29.450001,29.6,28.51,28.98,111967
2003-09-05,28.799999,29.1,28.65,28.879999,61634
2003-09-08,28.93,29.389999,28.549999,28.85,89494
2003-09-09,29.0,29.25,28.85,29.18,64555
2003-09-10,29.200001,29.42,28.6,29.35,86413
2003-09-11,29.4,29.52,28.700001,28.82,66852
2003-09-12,28.75,28.860001,27.85,28.27,97626
2003-09-15,28.299999,28.450001,27.85,28.139999,62902
2003-09-16,28.139999,28.25,27.370001,27.559999,67041
2003-09-17,27.549999,27.65,26.799999,27.030001,74604
2003-09-18,27.02,27.299999,26.66,27.17,59316
2003-09-19,27.15,27.280001,26.65,27.030001,58548
2003-09-22,27.1,27.280001,26.75,26.959999,75060
2003-09-23,27.15,27.690001,27.1,27.129999,72918
2003-09-24,27.85,28.59,27.700001,28.24,108963
2003-09-25,28.450001,28.65,28.18,28.290001,66072
2003-09-26,28.1,28.370001,27.870001,28.16,53658
2003-09-29,28.24,28.620001,28.24,28.4,48533
2003-09-30,28.379999,29.379999,28.309999,29.200001,101282
2003-10-01,29.049999,29.43,28.85,29.389999,87292
2003-10-02,29.5,29.98,29.309999,29.84,69885
2003-10-03,29.6,30.440001,29.469999,30.4,82090
2003-10-06,30.559999,30.76,30.32,30.469999,63038
2003-10-07,30.469999,30.58,30.08,30.41,74837
2003-10-08,30.440001,30.5,29.450001,29.809999,90271
2003-10-09,29.799999,31.200001,29.48,31.01,92470
2003-10-10,31.040001,32.599998,31.040001,31.969999,105368
2003-10-13,31.969999,32.049999,31.6,31.950001,54867
2003-10-14,31.700001,32.490002,31.5,31.82,79140
2003-10-15,31.719999,32.049999,31.58,31.77,47666
2003-10-16,31.77,32.0,31.299999,31.540001,54043
2003-10-17,31.5,31.540001,29.9,30.68,55591
2003-10-20,30.67,30.67,29.719999,30.35,38278
2003-10-21,30.33,30.65,30.049999,30.18,79295
2003-10-22,30.58,30.65,29.870001,29.92,93903
2003-10-23,29.6,30.35,29.4,30.299999,99011
2003-10-24,30.6,30.780001,29.879999,30.16,82752
2003-10-27,29.9,30.32,29.700001,29.92,66221
2003-10-28,29.879999,29.99,29.52,29.559999,77442
2003-10-29,29.549999,29.99,28.799999,28.91,120117
2003-10-30,28.950001,28.98,28.26,28.469999,94680
2003-10-31,28.5,29.15,28.469999,29.110001,70843
2003-11-03,29.23,29.35,28.799999,28.9,62830
2003-11-04,28.85,28.9,28.469999,28.75,53557
2003-11-05,28.77,30.4,28.700001,30.299999,126757
2003-11-06,30.25,30.700001,29.959999,30.26,101788
2003-11-07,30.27,31.139999,30.219999,30.85,96469
2003-11-10,31.139999,31.290001,30.629999,30.879999,63431
2003-11-11,30.92,31.23,30.68,31.15,68441
2003-11-12,31.15,31.35,30.75,31.33,92218
2003-11-13,31.309999,31.950001,30.950001,31.9,104199
2003-11-14,31.9,32.5,31.809999,32.369999,89471
2003-11-17,32.369999,32.369999,31.530001,31.73,78253
2003-11-18,31.67,33.349998,31.379999,33.279999,74238
2003-11-19,33.150002,33.5,32.700001,32.919998,92327
2003-11-20,32.900002,33.549999,32.540001,32.860001,118553
2003-11-21,31.75,32.27,31.42,31.610001,81958
2003-11-24,31.469999,31.469999,29.65,29.74,124076
2003-11-25,29.9,30.139999,29.299999,29.77,123182
2003-11-26,29.75,30.450001,29.75,30.41,81120
2003-12-01,30.26,30.35,29.66,29.950001,67095
2003-12-02,29.940001,30.969999,29.799999,30.780001,95511
2003-12-03,30.799999,31.18,30.35,31.1,80917
2003-12-04,31.1,31.65,30.43,31.26,100175
2003-12-05,31.23,31.280001,30.68,30.73,74633
2003-12-08,30.66,32.43,30.629999,32.099998,101286
2003-12-09,32.09,32.299999,31.6,31.76,88906
2003-12-10,31.709999,32.630001,31.5,31.879999,102941
2003-12-11,31.91,32.099998,31.35,31.85,75903
2003-12-12,31.969999,33.200001,31.870001,33.040001,98948
2003-12-15,32.040001,33.32,31.74,33.18,97766
2003-12-16,33.169998,33.349998,32.700001,32.889999,64234
2003-12-17,32.849998,33.77,32.799999,33.349998,45391
2003-12-18,33.369999,33.900002,32.900002,33.709999,54039
2003-12-19,33.650002,33.93,32.799999,33.02,82647
2003-12-22,32.900002,32.990002,31.75,31.870001,82031
2003-12-23,31.85,32.0,31.25,31.950001,59363
2003-12-24,32.060001,33.0,31.879999,32.860001,60080
2003-12-29,32.75,32.75,32.099998,32.400002,46731
2003-12-30,32.400002,33.029999,32.380001,32.790001,53717
2003-12-31,32.880001,33.200001,32.299999,32.52,66694
2004-01-05,32.400002,33.950001,32.27,33.779999,105704
2004-01-06,33.759998,34.349998,33.299999,33.700001,103405
2004-01-07,33.68,33.889999,33.049999,33.619999,81675
2004-01-08,33.650002,34.0,33.400002,33.98,92709
2004-01-09,34.130001,34.700001,34.049999,34.310001,104687
2004-01-12,34.349998,34.82,33.75,34.720001,99677
2004-01-13,34.799999,35.200001,34.34,34.43,120128
2004-01-14,34.299999,34.740002,34.119999,34.5,126272
2004-01-15,34.57,35.41,33.27,33.439999,102443
2004-01-16,33.5,35.299999,33.400002,35.07,60351
2004-01-20,34.919998,36.369999,34.919998,36.200001,127162
2004-01-21,34.790001,34.98,34.279999,34.580002,88518
2004-01-22,34.59,34.950001,33.75,34.93,117574
2004-01-23,34.970001,35.25,34.650002,34.939999,100558
2004-01-26,34.790001,34.790001,34.169998,34.470001,75617
2004-01-27,34.450001,34.98,33.900002,34.119999,85977
2004-01-28,34.139999,34.630001,33.349998,33.619999,102307
2004-01-29,33.619999,33.799999,32.41,32.810001,112227
2004-01-30,32.869999,33.349998,32.709999,33.049999,96096
2004-02-02,33.200001,35.099998,32.560001,34.98,114741
2004-02-03,34.849998,35.189999,34.07,34.099998,96805
2004-02-04,34.09,34.450001,32.950001,33.099998,103750
2004-02-05,33.189999,33.299999,32.200001,33.080002,114237
2004-02-06,33.110001,33.439999,32.32,32.48,85112
2004-02-09,32.349998,33.0,32.25,32.830002,73771
2004-02-10,32.900002,34.279999,32.82,33.869999,99999
2004-02-11,34.0,34.400002,33.299999,34.0,100720
2004-02-12,34.0,34.25,33.650002,33.98,86634
2004-02-13,33.959999,34.650002,33.950001,34.560001,86634
2004-02-17,34.48,35.25,34.25,35.16,97170
2004-02-18,35.099998,35.880001,35.0,35.450001,69710
2004-02-19,35.400002,36.099998,35.200001,36.0,50134
2004-02-20,35.799999,36.099998,35.049999,35.599998,114200
2004-02-23,34.27,34.700001,34.029999,34.349998,60426
2004-02-24,34.360001,35.07,34.299999,34.580002,85169
2004-02-25,34.580002,35.900002,34.48,35.68,106147
2004-02-26,35.700001,35.950001,35.150002,35.509998,78746
2004-02-27,35.490002,36.25,35.299999,36.16,72948
2004-03-01,36.16,36.98,35.799999,36.860001,84599
2004-03-02,36.799999,36.98,36.400002,36.66,56553
2004-03-03,36.650002,36.799999,35.41,35.799999,99745
2004-03-04,35.810001,36.849998,35.68,36.639999,91985
2004-03-05,36.700001,37.450001,36.700001,37.259998,78190
2004-03-08,37.259998,37.509998,36.349998,36.57,74933
2004-03-09,36.5,36.93,36.060001,36.279999,88589
2004-03-10,36.299999,36.549999,35.630001,36.099998,94277
2004-03-11,36.290001,36.860001,36.049999,36.779999,95428
2004-03-12,36.959999,37.200001,35.150002,36.189999,124247
2004-03-15,36.150002,37.5,35.849998,37.439999,92394
2004-03-16,37.419998,37.799999,37.02,37.48,85244
2004-03-17,37.439999,38.349998,37.330002,38.18,101251
2004-03-18,38.200001,38.25,37.400002,37.93,59792
2004-03-19,37.880001,38.5,37.630001,38.080002,52591
2004-03-22,38.09,38.09,36.849998,37.110001,94259
2004-03-23,37.049999,37.599998,36.599998,37.450001,74192
2004-03-24,37.41,37.779999,36.650002,37.009998,82227
2004-03-25,37.0,37.049999,35.400002,35.509998,122171
2004-03-26,35.580002,35.93,34.75,35.73,105337
2004-03-29,35.68,35.68,35.02,35.450001,58473
2004-03-30,35.400002,36.450001,35.25,36.25,86099
2004-03-31,36.240002,36.77,34.849998,35.759998,139023
2004-04-01,35.82,35.869999,33.900002,34.27,120025
2004-04-02,34.330002,34.650002,33.299999,34.389999,111674
2004-04-05,34.200001,34.639999,33.93,34.380001,53690
2004-04-06,34.400002,35.0,34.169998,34.970001,64434
2004-04-07,34.990002,36.599998,34.689999,36.150002,137272
2004-04-08,36.169998,37.299999,36.130001,37.139999,99137
2004-04-12,37.240002,37.950001,37.110001,37.84,91677
2004-04-13,37.82,37.849998,37.0,37.209999,104636
2004-04-14,37.150002,37.27,36.25,36.720001,117596
2004-04-15,36.700001,37.650002,36.439999,37.57,121768
2004-04-16,37.560001,37.950001,37.169998,37.740002,69263
2004-04-19,37.650002,38.299999,37.299999,37.419998,79571
2004-04-20,37.450001,37.75,37.049999,37.599998,120127
2004-04-21,36.419998,36.490002,35.349998,35.73,118358
2004-04-22,35.740002,37.150002,35.700001,36.709999,110465
2004-04-23,36.790001,36.900002,36.099998,36.459999,70289
2004-04-26,36.75,37.150002,36.549999,36.970001,72079
2004-04-27,36.93,37.700001,36.869999,37.529999,93210
2004-04-28,37.540001,38.18,36.810001,37.459999,107962
2004-04-29,37.330002,37.439999,36.630001,37.310001,86615
2004-04-30,37.419998,38.029999,37.25,37.380001,69879
2004-05-03,37.389999,38.299999,37.25,38.209999,67882
2004-05-04,38.18,39.150002,37.93,38.98,96799
2004-05-05,38.950001,39.740002,38.490002,39.57,105651
2004-05-06,39.619999,39.970001,39.150002,39.369999,81128
2004-05-07,39.43,40.0,39.369999,39.93,84270
2004-05-10,39.84,39.950001,38.279999,38.93,106499
2004-05-11,38.880001,40.099998,38.470001,40.060001,104486
2004-05-12,40.209999,40.919998,39.82,40.77,107913
2004-05-13,40.73,41.099998,40.299999,41.080002,91882
2004-05-14,41.080002,41.560001,40.75,41.380001,94622
2004-05-17,41.279999,41.849998,40.799999,41.549999,91397
2004-05-18,41.549999,41.580002,40.349998,40.540001,64124
2004-05-19,40.450001,41.549999,39.900002,41.5,81705
2004-05-20,41.57,41.700001,40.75,40.919998,111250
2004-05-21,40.5,40.959999,39.650002,39.93,118040
2004-05-24,40.0,41.82,39.450001,41.720001,121471
2004-05-25,41.700001,41.830002,40.75,41.139999,100013
2004-05-26,41.130001,41.650002,40.52,40.700001,109886
2004-05-27,40.650002,40.689999,39.0,39.439999,135396
2004-05-28,39.439999,39.950001,39.060001,39.880001,75153
2004-06-01,40.400002,42.380001,40.27,42.330002,131220
2004-06-02,42.310001,42.450001,39.900002,39.959999,123542
2004-06-03,39.880001,40.849998,38.150002,39.279999,177597
2004-06-04,39.25,39.459999,38.310001,38.490002,115921
2004-06-07,38.439999,38.900002,37.75,38.66,101247
2004-06-08,38.700001,39.139999,37.200001,37.279999,110335
2004-06-09,37.220001,37.599998,36.450001,37.540001,124258
2004-06-10,37.540001,38.599998,37.380001,38.450001,109717
2004-06-14,38.27,38.400002,37.450001,37.59,71784
2004-06-15,37.59,38.400002,36.900002,37.189999,87403
2004-06-16,37.16,37.669998,37.0,37.32,67703
2004-06-17,37.34,38.599998,37.290001,38.459999,77070
2004-06-18,38.48,38.830002,38.150002,38.75,44603
2004-06-21,38.650002,39.049999,37.5,37.630001,43702
2004-06-22,37.630001,38.200001,37.400002,38.110001,89671
2004-06-23,38.18,38.52,37.32,37.57,97291
2004-06-24,37.650002,38.099998,37.450001,37.93,69806
2004-06-25,37.950001,38.02,37.099998,37.549999,73627
2004-06-28,37.290001,37.419998,35.900002,36.240002,103488
2004-06-29,36.0,36.380001,35.619999,35.66,75606
2004-06-30,35.630001,37.099998,35.52,37.049999,108614
2004-07-01,37.049999,39.099998,36.689999,38.740002,143286
2004-07-02,38.700001,39.049999,38.259998,38.389999,71639
2004-07-06,38.790001,39.700001,38.75,39.650002,80281
2004-07-07,39.150002,39.84,38.75,39.080002,85517
2004-07-08,39.189999,40.400002,38.849998,40.330002,114496
2004-07-09,40.18,40.450001,39.91,39.959999,72661
2004-07-12,39.759998,40.75,39.419998,39.5,97975
2004-07-13,39.400002,39.77,38.98,39.439999,87631
2004-07-14,39.5,41.049999,39.200001,40.970001,115282
2004-07-15,40.970001,41.119999,40.5,40.77,75873
2004-07-16,40.700001,41.799999,40.400002,41.25,65130
2004-07-19,41.189999,41.900002,40.720001,41.639999,82225
2004-07-20,41.630001,42.299999,40.509998,40.860001,107783
2004-07-21,40.380001,41.150002,40.25,40.580002,82120
2004-07-22,40.57,41.650002,40.419998,41.360001,84354
2004-07-23,41.400002,41.830002,41.200001,41.709999,64917
2004-07-26,41.75,41.950001,41.049999,41.439999,59193
2004-07-27,41.43,42.220001,41.310001,41.84,70722
2004-07-28,41.849998,43.049999,41.66,42.900002,107257
2004-07-29,42.900002,42.98,42.099998,42.75,74547
2004-07-30,42.720001,43.849998,42.650002,43.799999,77427
2004-08-02,43.689999,43.939999,43.27,43.82,71103
2004-08-03,43.84,44.240002,43.5,44.150002,88814
2004-08-04,44.150002,44.34,42.799999,42.830002,110781
2004-08-05,42.810001,44.5,42.619999,44.41,118579
2004-08-06,44.349998,44.77,43.75,43.950001,109419
2004-08-09,43.810001,44.98,43.549999,44.84,100845
2004-08-10,44.82,45.040001,44.200001,44.52,95869
2004-08-11,44.52,44.959999,43.299999,44.799999,130503
2004-08-12,44.77,45.75,44.549999,45.5,101452
2004-08-13,45.470001,46.650002,45.299999,46.580002,124031
2004-08-16,46.599998,46.91,45.900002,46.049999,108909
2004-08-17,46.049999,46.950001,45.630001,46.75,112110
2004-08-18,46.75,47.389999,46.5,47.27,86308
2004-08-19,47.349998,48.75,47.200001,48.700001,97467
2004-08-20,48.82,49.400002,47.599998,47.860001,120522
2004-08-23,46.810001,47.220001,46.009998,46.049999,82477
2004-08-24,46.0,46.130001,44.75,45.209999,102517
2004-08-25,45.169998,45.580002,43.220001,43.470001,134615
2004-08-26,43.540001,44.150002,42.5,43.099998,128055
2004-08-27,43.049999,43.59,42.75,43.18,85345
2004-08-30,43.310001,43.5,41.299999,42.279999,92281
2004-08-31,42.25,42.389999,41.450001,42.119999,87970
2004-09-01,42.110001,44.400002,42.110001,44.0,110636
2004-09-02,43.900002,45.369999,43.75,44.060001,101453
2004-09-03,43.849998,44.450001,43.599998,43.990002,61441
2004-09-07,43.57,43.689999,42.73,43.310001,73478
2004-09-08,43.220001,43.700001,42.400002,42.77,89745
2004-09-09,42.73,44.75,42.490002,44.610001,132536
2004-09-10,44.549999,45.09,42.52,42.810001,108493
2004-09-13,43.130001,44.450001,42.950001,43.869999,94667
2004-09-14,43.799999,44.849998,43.669998,44.389999,112719
2004-09-15,44.439999,45.299999,43.349998,43.580002,131693
2004-09-16,43.75,44.200001,42.75,43.880001,101898
2004-09-17,44.009998,45.799999,43.91,45.59,78906
2004-09-20,45.59,46.400002,45.299999,46.349998,72383
2004-09-21,46.349998,47.400002,46.049999,47.099998,107154
2004-09-22,46.75,48.650002,46.419998,48.349998,146003
2004-09-23,48.349998,49.0,47.5,48.459999,124912
2004-09-24,48.459999,48.900002,47.900002,48.880001,69258
2004-09-27,48.75,49.75,48.639999,49.639999,76423
2004-09-28,49.57,50.470001,49.52,49.900002,102585
2004-09-29,49.860001,50.200001,48.400002,49.509998,118801
2004-09-30,49.5,50.099998,49.150002,49.639999,82583
2004-10-01,49.639999,50.150002,49.200001,50.119999,77708
2004-10-04,49.900002,49.970001,49.439999,49.91,52022
2004-10-05,49.830002,51.290001,49.799999,51.09,88112
2004-10-06,51.18,52.150002,50.75,52.02,109985
2004-10-07,52.0,53.0,51.919998,52.669998,103188
2004-10-08,52.549999,53.400002,51.849998,53.310001,116857
2004-10-11,53.189999,53.799999,52.950001,53.639999,79552
2004-10-12,53.639999,54.450001,52.369999,52.509998,137494
2004-10-13,52.509998,53.950001,51.490002,53.639999,122256
2004-10-14,53.650002,54.900002,53.349998,54.759998,114720
2004-10-15,54.709999,55.0,54.139999,54.93,108852
2004-10-18,54.799999,55.330002,53.119999,53.669998,76096
2004-10-19,53.639999,53.639999,52.59,53.290001,76473
2004-10-20,53.290001,55.200001,53.23,54.919998,123500
2004-10-21,54.32,54.950001,54.009998,54.470001,79230
2004-10-22,54.5,55.5,54.450001,55.169998,83302
2004-10-25,55.049999,55.669998,54.200001,54.540001,82511
2004-10-26,54.490002,55.25,53.849998,55.169998,97015
2004-10-27,55.18,55.650002,52.099998,52.459999,172524
2004-10-28,52.450001,52.799999,50.779999,50.919998,150846
2004-10-29,50.849998,51.900002,50.470001,51.759998,105368
2004-11-01,51.82,52.5,49.150002,50.130001,133138
2004-11-02,50.189999,50.419998,49.549999,49.619999,82754
2004-11-03,49.610001,51.200001,48.650002,50.880001,143701
2004-11-04,50.880001,51.060001,48.77,48.82,121094
2004-11-05,48.810001,49.700001,48.299999,49.610001,115766
2004-11-08,49.599998,49.599998,48.599998,49.09,77257
2004-11-09,49.02,49.43,47.200001,47.369999,128889
2004-11-10,47.349998,49.0,46.959999,48.860001,129900
2004-11-11,48.799999,48.900002,47.099998,47.419998,92977
2004-11-12,47.549999,48.049999,47.099998,47.32,74996
2004-11-15,47.110001,47.450001,45.25,46.869999,99068
2004-11-16,46.889999,47.400002,46.07,46.110001,85982
2004-11-17,46.16,47.099998,45.400002,46.84,83143
2004-11-18,46.75,47.150002,45.650002,46.220001,71121
2004-11-19,46.200001,48.900002,46.0,48.439999,140160
2004-11-22,48.799999,49.549999,48.349998,48.639999,85969
2004-11-23,48.48,50.25,48.220001,48.939999,96048
2004-11-24,48.84,49.599998,47.799999,49.439999,20
2004-11-29,49.400002,49.950001,49.119999,49.759998,57760
2004-11-30,49.650002,50.400002,48.68,49.130001,100734
2004-12-01,49.07,49.119999,45.349998,45.490002,146703
2004-12-02,45.490002,45.900002,42.5,43.25,158715
2004-12-03,43.330002,43.75,42.049999,42.540001,109157
2004-12-06,42.5,43.599998,42.259998,42.98,82611
2004-12-07,43.099998,43.189999,41.380001,41.459999,109069
2004-12-08,41.41,42.5,40.450001,41.939999,127247
2004-12-09,42.049999,43.200001,41.950001,42.529999,99433
2004-12-10,42.5,43.290001,40.25,40.709999,118142
2004-12-13,40.900002,41.650002,40.25,41.009998,95852
2004-12-14,41.119999,41.889999,40.849998,41.82,88753
2004-12-15,41.799999,44.450001,41.799999,44.189999,119634
2004-12-16,44.299999,44.549999,43.0,44.18,64602
2004-12-17,44.099998,46.349998,43.970001,46.279999,65282
2004-12-20,46.200001,46.200001,44.900002,45.639999,79557
2004-12-21,45.68,46.150002,45.310001,45.759998,56910
2004-12-22,45.75,45.950001,43.650002,44.240002,77629
2004-12-23,44.18,44.400002,43.75,44.18,43832
2004-12-27,43.869999,43.869999,41.200001,41.32,56520
2004-12-28,41.25,42.32,41.0,41.77,48608
2004-12-29,41.810001,43.700001,41.400002,43.639999,84045
2004-12-30,43.610001,43.799999,42.52,43.450001,67362
2005-01-03,43.099998,43.099998,41.25,42.119999,69484
2005-01-04,42.18,44.130001,41.849998,43.91,100665
2005-01-05,43.900002,44.0,42.599998,43.389999,91011
2005-01-06,43.389999,45.75,42.799999,45.560001,122411
2005-01-07,45.5,46.099998,44.75,45.43,99725
2005-01-10,45.599998,47.299999,45.200001,45.330002,103573
2005-01-11,45.169998,46.150002,44.950001,45.68,90540
2005-01-12,45.73,46.599998,45.0,46.369999,117369
2005-01-13,46.5,48.400002,46.299999,48.040001,108475
2005-01-14,47.869999,48.650002,47.599998,48.380001,108475
2005-01-18,48.599998,49.5,47.700001,48.380001,76813
2005-01-19,48.360001,48.41,47.5,47.549999,66704
2005-01-20,47.599998,47.599998,46.400002,46.91,126929
2005-01-21,47.299999,48.950001,47.27,48.529999,109387
2005-01-24,48.880001,49.240002,47.799999,48.810001,82895
2005-01-25,48.82,49.75,48.349998,49.639999,77796
2005-01-26,49.509998,49.740002,47.900002,48.779999,115698
2005-01-27,49.029999,49.650002,48.599998,48.84,85862
2005-01-28,48.84,48.849998,46.700001,47.18,106856
2005-01-31,46.68,48.25,46.009998,48.200001,107498
2005-02-01,48.209999,48.240002,47.049999,47.119999,83502
2005-02-02,47.189999,47.549999,46.450001,46.689999,85112
2005-02-03,46.57,46.73,45.75,46.450001,70135
2005-02-04,46.5,47.25,46.25,46.48,75969
2005-02-07,46.32,46.470001,45.099998,45.279999,103691
2005-02-08,45.400002,46.049999,44.779999,45.400002,99803
2005-02-09,45.450001,46.400002,44.599998,45.459999,139765
2005-02-10,45.540001,47.299999,45.419998,47.099998,107519
2005-02-11,46.970001,47.48,46.75,47.16,83654
2005-02-14,47.049999,47.75,46.599998,47.439999,76756
2005-02-15,47.34,47.799999,47.099998,47.259998,68241
2005-02-16,47.279999,48.650002,46.950001,48.330002,94711
2005-02-17,48.32,48.650002,47.400002,47.540001,66210
2005-02-18,47.599998,48.5,47.52,48.349998,42684
2005-02-22,48.369999,51.400002,48.369999,51.150002,134450
2005-02-23,51.110001,51.599998,50.860001,51.169998,88112
2005-02-24,51.209999,52.049999,50.459999,51.389999,114186
2005-02-25,51.450001,51.900002,50.950001,51.490002,74335
2005-02-28,51.799999,52.279999,51.099998,51.75,77726
2005-03-01,51.77,51.98,50.650002,51.68,91603
2005-03-02,51.700001,53.099998,51.450001,53.049999,107976
2005-03-03,53.040001,55.200001,52.849998,53.57,147324
2005-03-04,53.599998,54.0,52.919998,53.779999,82919
2005-03-07,53.560001,53.950001,52.91,53.889999,90228
2005-03-08,53.869999,55.150002,53.259998,54.59,101554
2005-03-09,54.540001,55.650002,54.16,54.77,121574
2005-03-10,54.349998,54.619999,52.900002,53.540001,114000
2005-03-11,53.599998,54.599998,52.5,54.43,112324
2005-03-14,54.450001,55.049999,53.52,54.950001,88000
2005-03-15,54.900002,55.450001,52.25,55.049999,89775
2005-03-16,55.0,56.599998,54.400002,56.459999,93525
2005-03-17,56.450001,57.599998,56.150002,56.400002,68556
2005-03-18,56.290001,57.0,55.950001,56.720001,59747
2005-03-21,56.68,57.119999,56.200001,56.619999,99506
2005-03-22,57.450001,57.580002,55.689999,56.029999,93381
2005-03-23,55.93,55.93,53.099998,53.810001,158704
2005-03-24,54.119999,54.900002,53.48,54.84,90490
2005-03-28,54.439999,54.650002,53.599998,54.049999,59674
2005-03-29,54.060001,54.5,53.450001,54.23,72903
2005-03-30,54.279999,54.459999,52.5,53.990002,122512
2005-03-31,54.029999,56.099998,53.93,55.400002,114755
2005-04-01,55.200001,57.700001,54.959999,57.27,112997
2005-04-04,57.150002,58.279999,56.599998,57.009998,88354
2005-04-05,56.959999,57.200001,56.0,56.040001,84117
2005-04-06,55.990002,56.900002,55.299999,55.849998,94458
2005-04-07,55.779999,56.84,53.77,54.110001,132876
2005-04-08,54.119999,54.200001,52.700001,53.32,122490
2005-04-11,53.259998,53.849998,52.099998,53.709999,97925
2005-04-12,53.799999,54.049999,51.75,51.860001,129490
2005-04-13,51.75,51.77,50.060001,50.220001,134518
2005-04-14,50.299999,51.400002,49.75,51.130001,108278
2005-04-15,51.049999,51.279999,50.0,50.490002,102520
2005-04-18,50.43,51.200001,49.66,50.369999,70860
2005-04-19,50.299999,52.349998,50.299999,52.290001,59946
2005-04-20,52.189999,53.099998,51.950001,52.439999,120966
2005-04-21,53.869999,54.299999,53.0,54.200001,99239
2005-04-22,54.23,55.900002,54.200001,55.389999,113285
2005-04-25,55.150002,56.0,54.5,54.57,80454
2005-04-26,54.34,54.450001,53.349998,54.200001,100865
2005-04-27,54.299999,54.400002,51.549999,51.610001,123080
2005-04-28,51.560001,51.889999,49.799999,51.77,128059
2005-04-29,51.810001,52.279999,49.5,49.720001,91921
2005-05-02,49.279999,51.099998,49.029999,50.919998,98520
2005-05-03,51.0,51.009998,49.299999,49.5,97500
2005-05-04,49.52,50.950001,48.799999,50.130001,133688
2005-05-05,50.169998,50.950001,49.5,50.830002,96261
2005-05-06,50.970001,52.23,50.25,50.959999,143891
2005-05-09,51.279999,52.25,50.650002,52.029999,99262
2005-05-10,52.0,53.099998,51.650002,52.07,119608
2005-05-11,51.77,51.950001,50.25,50.450001,111016
2005-05-12,50.360001,50.419998,48.299999,48.540001,129131
2005-05-13,48.700001,49.110001,47.75,48.669998,99228
2005-05-16,48.669998,48.700001,47.599998,48.610001,78186
2005-05-17,48.639999,49.099998,48.049999,48.970001,90755
2005-05-18,48.900002,49.349998,47.16,47.25,92154
2005-05-19,47.099998,48.0,46.799999,46.919998,68221
2005-05-20,46.98,47.57,46.200001,46.799999,107934
2005-05-23,48.25,49.5,48.049999,49.16,91193
2005-05-24,49.150002,49.939999,48.919998,49.669998,87029
2005-05-25,49.630001,51.599998,49.580002,50.98,132791
2005-05-26,50.950001,51.700001,50.650002,51.009998,92360
2005-05-27,50.900002,52.0,50.830002,51.849998,69866
2005-05-31,51.98,52.049999,50.900002,51.970001,91943
2005-06-01,51.950001,54.700001,51.93,54.599998,117597
2005-06-02,54.540001,55.400002,53.5,53.630001,126015
2005-06-03,53.509998,55.099998,53.419998,55.029999,88726
2005-06-06,55.200001,55.549999,53.900002,54.490002,85859
2005-06-07,54.48,54.75,53.580002,53.759998,101219
2005-06-08,53.720001,55.0,52.450001,52.540001,128022
2005-06-09,52.52,54.5,52.220001,54.279999,111430
2005-06-10,54.41,54.950001,53.349998,53.540001,105658
2005-06-13,53.43,56.0,53.049999,55.619999,103592
2005-06-14,55.549999,55.799999,54.830002,55.0,96779
2005-06-15,54.939999,56.75,54.939999,55.57,101553
2005-06-16,55.509998,56.900002,55.119999,56.580002,85975
2005-06-17,56.599998,58.599998,56.459999,58.470001,63986
2005-06-20,58.509998,59.52,58.099998,59.369999,63574
2005-06-21,59.369999,59.700001,58.599998,58.900002,106639
2005-06-22,58.950001,59.549999,57.849998,58.09,106890
2005-06-23,58.150002,60.0,58.139999,59.419998,93099
2005-06-24,59.400002,60.25,59.169998,59.84,86110
2005-06-27,59.900002,60.950001,59.900002,60.540001,79216
2005-06-28,60.439999,60.470001,57.900002,58.200001,113646
2005-06-29,58.259998,58.349998,56.900002,57.259998,119267
2005-06-30,57.23,57.799999,55.900002,56.5,157689
2005-07-01,56.599998,59.0,56.450001,58.75,157689
2005-07-05,58.889999,60.099998,58.799999,59.59,90505
2005-07-06,59.599998,61.349998,59.599998,61.279999,112573
2005-07-07,61.279999,62.099998,57.200001,60.73,133519
2005-07-08,60.720001,61.900002,59.549999,59.630001,113009
2005-07-11,59.400002,59.5,58.02,58.919998,111543
2005-07-12,59.150002,61.25,58.919998,60.619999,124148
2005-07-13,60.549999,61.299999,59.799999,60.009998,113298
2005-07-14,60.009998,60.139999,57.25,57.799999,131775
2005-07-15,57.869999,58.900002,57.330002,58.09,107137
2005-07-18,58.0,58.98,56.799999,57.32,76097
2005-07-19,57.25,57.77,56.799999,57.459999,85894
2005-07-20,57.380001,58.299999,56.099998,56.720001,145901
2005-07-21,58.150002,58.169998,56.5,57.130001,106235
2005-07-22,57.27,58.700001,57.130001,58.650002,83067
2005-07-25,58.75,59.07,57.650002,59.0,78479
2005-07-26,59.099998,59.880001,58.5,59.200001,86851
2005-07-27,59.150002,59.700001,58.599998,59.110001,93281
2005-07-28,59.209999,60.150002,58.799999,59.939999,83720
2005-07-29,59.93,61.049999,59.810001,60.57,100656
2005-08-01,60.509998,62.299999,60.509998,61.57,104282
2005-08-02,61.59,61.950001,60.869999,61.889999,84877
2005-08-03,61.939999,62.5,60.700001,60.860001,107880
2005-08-04,60.779999,62.099998,60.599998,61.380001,83416
2005-08-05,61.419998,62.400002,61.419998,62.310001,103856
2005-08-08,62.310001,64.0,62.209999,63.939999,117473
2005-08-09,63.91,64.269997,63.0,63.07,113868
2005-08-10,63.119999,65.0,62.91,64.900002,138316
2005-08-11,64.949997,66.0,64.419998,65.800003,124631
2005-08-12,65.800003,67.099998,65.599998,66.860001,121665
2005-08-15,66.849998,67.0,65.349998,66.269997,84415
2005-08-16,66.260002,66.849998,65.5,66.080002,108865
2005-08-17,66.139999,66.599998,63.150002,63.25,121220
2005-08-18,63.32,63.77,62.25,63.27,66188
2005-08-19,63.299999,65.5,63.299999,65.349998,81603
2005-08-22,65.400002,66.25,65.0,65.449997,99788
2005-08-23,65.559998,66.199997,64.650002,65.709999,83182
2005-08-24,65.790001,67.400002,65.300003,67.32,98722
2005-08-25,67.410004,68.0,66.400002,67.489998,78799
2005-08-26,67.489998,67.949997,65.900002,66.129997,92781
2005-08-29,68.599998,70.800003,66.300003,67.199997,151039
2005-08-30,67.400002,70.849998,67.260002,69.809998,178298
2005-08-31,69.900002,70.650002,67.800003,68.940002,143723
2005-09-01,68.699997,69.599998,68.25,69.470001,102649
2005-09-02,69.400002,69.660004,67.349998,67.57,102649
2005-09-06,66.599998,67.559998,65.650002,65.959999,112845
2005-09-07,65.830002,66.5,63.900002,64.370003,116133
2005-09-08,64.400002,65.150002,63.099998,64.489998,123332
2005-09-09,64.860001,65.349998,63.549999,64.080002,104978
2005-09-12,64.150002,64.410004,62.549999,63.330002,109142
2005-09-13,63.299999,63.849998,62.650002,63.110001,110403
2005-09-14,63.09,65.199997,63.049999,65.089996,116776
2005-09-15,65.129997,65.660004,63.900002,64.75,111656
2005-09-16,64.699997,64.699997,62.849998,63.0,89331
2005-09-19,63.389999,67.5,63.200001,67.389999,85073
2005-09-20,67.239998,67.379997,64.800003,66.230003,134613
2005-09-21,66.220001,68.269997,66.150002,66.800003,108751
2005-09-22,66.849998,68.139999,66.050003,66.5,92997
2005-09-23,66.580002,66.800003,63.849998,64.190002,96318
2005-09-26,63.41,65.900002,62.650002,65.82,108135
2005-09-27,65.699997,66.169998,64.599998,65.07,82207
2005-09-28,64.940002,67.400002,64.599998,66.349998,125181
2005-09-29,66.339996,67.199997,65.519997,66.790001,121353
2005-09-30,66.790001,67.029999,65.300003,66.239998,114729
2005-10-03,66.199997,66.620003,64.989998,65.470001,69179
2005-10-04,65.400002,65.489998,63.0,63.900002,94277
2005-10-05,63.810001,64.800003,62.700001,62.790001,87283
2005-10-06,62.720001,62.830002,60.700001,61.360001,116497
2005-10-07,61.599998,62.23,61.099998,61.84,90342
2005-10-10,61.790001,62.439999,60.349998,61.799999,100053
2005-10-11,62.02,63.599998,61.880001,63.529999,121482
2005-10-12,63.59,64.699997,63.400002,64.120003,128614
2005-10-13,64.199997,64.389999,62.450001,63.080002,110795
2005-10-14,63.049999,63.099998,61.200001,62.630001,79485
2005-10-17,62.950001,64.400002,62.720001,64.360001,73275
2005-10-18,64.099998,64.279999,62.900002,63.200001,65958
2005-10-19,63.0,63.59,61.310001,62.41,74302
2005-10-20,62.299999,62.439999,59.849998,61.029999,124319
2005-10-21,59.799999,60.700001,59.150002,60.630001,103721
2005-10-24,60.060001,60.5,59.299999,60.32,78770
2005-10-25,60.23,62.549999,59.98,62.439999,101666
2005-10-26,62.299999,62.950001,60.549999,60.66,109993
2005-10-27,60.880001,61.5,60.25,61.09,99579
2005-10-28,61.099998,61.48,60.549999,61.220001,89726
2005-10-31,61.200001,61.389999,59.27,59.759998,103815
2005-11-01,59.759998,60.299999,59.049999,59.849998,95972
2005-11-02,59.900002,60.400002,58.75,59.75,97860
2005-11-03,59.700001,61.849998,59.560001,61.779999,100006
2005-11-04,61.75,62.150002,60.5,60.580002,92736
2005-11-07,60.110001,60.439999,58.599998,59.470001,126389
2005-11-08,59.470001,59.849998,58.900002,59.709999,99616
2005-11-09,59.700001,60.400002,58.599998,58.93,133271
2005-11-10,58.799999,58.959999,57.400002,57.799999,104739
2005-11-11,57.77,58.200001,56.93,57.529999,100707
2005-11-14,57.799999,58.200001,57.299999,57.689999,68821
2005-11-15,57.720001,58.400002,56.900002,56.98,102686
2005-11-16,56.98,58.25,56.700001,57.880001,81905
2005-11-17,57.82,58.52,56.200001,56.330002,90168
2005-11-18,56.540001,56.799999,55.400002,56.139999,111722
2005-11-21,57.419998,58.18,57.099998,57.700001,68601
2005-11-22,57.799999,59.0,57.549999,58.84,81621
2005-11-23,58.75,59.150002,57.950001,58.709999,87139
2005-11-28,58.110001,58.299999,56.700001,57.360001,98709
2005-11-29,57.310001,57.75,56.450001,56.5,98126
2005-11-30,56.349998,57.400002,55.720001,57.32,131180
2005-12-01,57.43,58.799999,57.02,58.470001,112884
2005-12-02,58.470001,59.549999,58.150002,59.32,114720
2005-12-05,59.41,60.799999,59.41,59.91,106593
2005-12-06,59.82,60.450001,59.549999,59.939999,80399
2005-12-07,60.009998,60.68,59.099998,59.209999,129029
2005-12-08,59.349998,60.700001,59.049999,60.66,104846
2005-12-09,60.759998,61.5,59.029999,59.389999,123432
2005-12-12,59.509998,61.349998,59.5,61.299999,113722
2005-12-13,61.290001,61.900002,60.759998,61.369999,102192
2005-12-14,61.279999,61.75,60.799999,60.849998,84305
2005-12-15,60.849998,61.200001,59.950001,59.990002,100827
2005-12-16,59.900002,60.09,58.0,58.060001,91102
2005-12-19,58.0,58.59,56.900002,57.330002,74136
2005-12-20,57.299999,58.200001,57.299999,57.98,89980
2005-12-21,58.150002,58.700001,57.549999,58.560001,84506
2005-12-22,58.599998,59.290001,57.720001,58.279999,60474
2005-12-23,58.259998,58.75,57.650002,58.43,37520
2005-12-27,58.299999,58.299999,57.299999,58.16,55477
2005-12-28,58.189999,60.450001,57.759998,59.82,87694
2005-12-29,59.889999,60.849998,59.400002,60.32,64915
2005-12-30,60.389999,61.25,59.73,61.040001,72714
2006-01-03,61.040001,63.799999,60.810001,63.139999,130635
2006-01-04,63.0,63.650002,62.259998,63.419998,105194
2006-01-05,63.400002,63.799999,62.599998,62.790001,104035
2006-01-06,62.599998,64.449997,62.599998,64.209999,110763
2006-01-09,64.150002,64.610001,62.900002,63.5,115558
2006-01-10,63.380001,64.199997,63.049999,63.369999,111890
2006-01-11,63.349998,64.800003,62.599998,63.939999,166379
2006-01-12,63.98,65.050003,63.849998,63.939999,111400
2006-01-13,63.970001,64.330002,63.099998,63.919998,111400
2006-01-17,64.82,66.349998,64.599998,66.309998,117433
2006-01-18,66.349998,66.93,65.25,65.730003,87073
2006-01-19,65.849998,66.900002,65.25,66.830002,64886
2006-01-20,66.849998,68.800003,66.779999,68.349998,149990
2006-01-23,68.449997,69.199997,67.599998,68.099998,84184
2006-01-24,68.099998,68.110001,67.0,67.059998,100194
2006-01-25,67.099998,67.099998,65.449997,65.849998,138328
2006-01-26,65.849998,66.900002,65.309998,66.260002,124697
2006-01-27,66.489998,67.949997,66.349998,67.760002,112320
2006-01-30,67.849998,68.449997,67.25,68.349998,92440
2006-01-31,68.400002,68.650002,67.349998,67.919998,118865
2006-02-01,67.730003,69.0,66.300003,66.559998,140025
2006-02-02,66.279999,67.190002,64.400002,64.68,150155
2006-02-03,64.699997,65.400002,63.950001,65.370003,110816
2006-02-06,65.599998,66.620003,64.900002,65.110001,97538
2006-02-07,65.099998,65.099998,63.0,63.09,145683
2006-02-08,63.189999,63.490002,62.299999,62.549999,150436
2006-02-09,62.57,63.700001,62.34,62.619999,133578
2006-02-10,62.639999,63.0,61.200001,61.84,146060
2006-02-13,62.099998,62.18,60.849998,61.240002,91961
2006-02-14,61.18,61.299999,59.5,59.57,132021
2006-02-15,59.490002,60.049999,57.5,57.700001,136092
2006-02-16,57.700001,58.639999,57.549999,58.459999,93510
2006-02-17,58.799999,60.0,58.68,59.880001,93510
2006-02-21,61.25,61.5,60.5,61.099998,114878
2006-02-22,62.5,62.59,60.52,61.009998,106291
2006-02-23,60.91,61.150002,59.700001,60.540001,122119
2006-02-24,60.5,63.25,60.470001,62.91,134353
2006-02-27,62.799999,62.849998,60.849998,61.0,93771
2006-02-28,60.900002,61.5,60.299999,61.41,133720
2006-03-01,61.580002,62.349998,61.459999,61.970001,91941
2006-03-02,61.959999,63.450001,61.799999,63.360001,97323
2006-03-03,63.529999,63.790001,62.700001,63.669998,97539
2006-03-06,63.75,63.919998,61.799999,62.41,98681
2006-03-07,62.32,62.75,61.099998,61.580002,120050
2006-03-08,61.549999,61.68,59.25,60.02,132359
2006-03-09,60.009998,60.900002,59.549999,60.470001,118689
2006-03-10,60.560001,60.779999,59.700001,59.959999,98521
2006-03-13,60.049999,61.900002,59.580002,61.77,127869
2006-03-14,61.75,63.369999,61.27,63.099998,108475
2006-03-15,62.900002,63.200001,62.0,62.169998,96651
2006-03-16,62.049999,63.900002,61.650002,63.580002,100866
2006-03-17,63.48,63.700001,62.700001,62.77,67472
2006-03-20,62.959999,62.990002,60.25,60.419998,77265
2006-03-21,60.41,61.0,59.599998,60.57,117421
2006-03-22,62.279999,62.849998,61.610001,61.77,96044
2006-03-23,61.900002,64.0,61.869999,63.91,136666
2006-03-24,63.869999,64.75,63.400002,64.260002,91950
2006-03-27,64.18,64.550003,63.450001,64.160004,62115
2006-03-28,64.300003,66.199997,64.050003,66.07,101384
2006-03-29,66.099998,66.699997,65.580002,66.449997,112102
2006-03-30,66.510002,67.300003,66.050003,67.150002,95673
2006-03-31,67.050003,67.139999,65.599998,66.629997,139335
2006-04-03,66.25,67.900002,66.199997,66.739998,94634
2006-04-04,66.650002,66.650002,65.599998,66.230003,108407
2006-04-05,66.199997,67.25,65.739998,67.07,99786
2006-04-06,67.110001,68.199997,67.099998,67.940002,111112
2006-04-07,67.849998,67.849998,66.650002,67.389999,109202
2006-04-10,67.339996,68.949997,67.220001,68.739998,108018
2006-04-11,68.669998,69.449997,68.0,68.980003,125615
2006-04-12,68.949997,69.599998,68.449997,68.620003,123407
2006-04-13,68.519997,69.400002,67.870003,69.32,119373
2006-04-17,69.629997,70.449997,69.300003,70.400002,98598
2006-04-18,70.269997,71.599998,70.150002,71.349998,96036
2006-04-19,71.290001,72.400002,70.699997,72.169998,89721
2006-04-20,72.029999,72.489998,70.699997,71.949997,141724
2006-04-21,73.349998,75.349998,72.730003,75.169998,100736
2006-04-24,75.059998,75.349998,72.949997,73.330002,125457
2006-04-25,73.279999,74.0,71.75,72.879997,146843
2006-04-26,72.849998,73.220001,71.849998,71.93,107094
2006-04-27,71.93,72.010002,70.75,70.970001,108953
2006-04-28,70.989998,72.650002,70.489998,71.879997,155575
2006-05-01,71.75,73.75,71.419998,73.699997,83652
2006-05-02,73.800003,74.900002,73.5,74.610001,112597
2006-05-03,74.629997,74.989998,72.25,72.279999,119109
2006-05-04,72.169998,72.470001,69.300003,69.940002,158815
2006-05-05,70.199997,70.699997,69.699997,70.190002,119448
2006-05-08,70.169998,70.559998,68.199997,69.769997,122344
2006-05-09,69.839996,71.5,69.620003,70.690002,149147
2006-05-10,70.650002,72.199997,69.599998,72.129997,151862
2006-05-11,72.129997,73.900002,71.980003,73.32,135853
2006-05-12,73.099998,73.349998,71.599998,72.040001,101826
2006-05-15,72.040001,72.040001,69.25,69.410004,118931
2006-05-16,69.209999,70.699997,68.510002,69.529999,128969
2006-05-17,69.349998,70.099998,68.199997,68.699997,128969
2006-05-18,68.650002,69.5,67.849998,69.449997,82156
2006-05-19,69.449997,69.93,68.0,68.529999,82472
2006-05-22,68.519997,70.0,67.419998,69.230003,116410
2006-05-23,70.050003,72.150002,68.949997,71.760002,113472
2006-05-24,71.580002,71.660004,69.800003,69.860001,118268
2006-05-25,69.910004,71.379997,69.360001,71.32,87142
2006-05-26,71.309998,71.900002,70.860001,71.370003,71611
2006-05-30,71.199997,72.75,71.199997,72.029999,81012
2006-05-31,71.949997,72.160004,70.050003,71.290001,149098
2006-06-01,71.260002,71.900002,70.0,70.339996,129406
2006-06-02,70.25,72.699997,70.07,72.330002,113070
2006-06-05,72.949997,73.849998,72.099998,72.599998,89820
2006-06-06,72.639999,72.900002,71.349998,72.5,94602
2006-06-07,72.400002,72.580002,70.5,70.82,128508
2006-06-08,70.860001,70.900002,69.050003,70.349998,131031
2006-06-09,70.279999,71.849998,69.949997,71.629997,112121
2006-06-12,71.599998,72.32,70.199997,70.360001,113767
2006-06-13,70.239998,70.43,68.300003,68.559998,147275
2006-06-14,68.449997,69.5,68.099998,69.139999,107293
2006-06-15,69.029999,70.25,69.0,69.5,135911
2006-06-16,69.580002,70.449997,68.800003,69.879997,90435
2006-06-19,69.870003,70.110001,68.550003,68.980003,95557
2006-06-20,69.010002,69.889999,68.550003,68.940002,99145
2006-06-21,69.339996,70.75,68.800003,70.330002,118193
2006-06-22,70.830002,71.199997,70.050003,70.839996,102920
2006-06-23,70.849998,71.300003,70.279999,70.870003,77733
2006-06-26,70.68,71.900002,70.400002,71.800003,95883
2006-06-27,71.739998,72.5,71.599998,71.919998,81239
2006-06-28,71.910004,72.769997,71.599998,72.190002,90122
2006-06-29,72.199997,73.550003,72.150002,73.519997,81818
2006-06-30,73.510002,74.150002,73.349998,73.980003,1314
2006-07-05,73.949997,75.400002,73.379997,75.190002,91574
2006-07-06,75.199997,75.349998,74.300003,75.139999,92581
2006-07-07,75.019997,75.779999,73.849998,74.089996,102426
2006-07-10,73.82,73.949997,72.900002,73.610001,104857
2006-07-11,73.510002,74.599998,73.339996,74.160004,98074
2006-07-12,74.029999,75.050003,73.800003,74.949997,122018
2006-07-13,74.980003,76.849998,74.910004,76.699997,144012
2006-07-14,76.669998,78.400002,76.669998,77.029999,122621
2006-07-17,77.25,77.739998,75.199997,75.300003,120244
2006-07-18,75.199997,76.550003,73.5,73.540001,90991
2006-07-19,73.900002,74.110001,71.650002,72.660004,101694
2006-07-20,73.0,73.5,72.050003,73.080002,90462
2006-07-21,74.07,75.199997,73.900002,74.43,78119
2006-07-24,74.830002,75.199997,73.5,75.050003,76886
2006-07-25,75.099998,75.779999,73.550003,73.75,84882
2006-07-26,73.800003,74.800003,73.519997,73.940002,82009
2006-07-27,73.900002,74.919998,73.720001,74.540001,79261
2006-07-28,74.5,74.849998,72.800003,73.239998,88585
2006-07-31,73.209999,74.5,72.769997,74.400002,100528
2006-08-01,74.400002,75.449997,74.019997,74.910004,87114
2006-08-02,74.919998,76.5,74.900002,75.809998,92494
2006-08-03,76.0,76.190002,74.650002,75.459999,85477
2006-08-04,75.599998,75.68,74.150002,74.760002,76388
2006-08-07,74.57,77.300003,74.559998,76.980003,129001
2006-08-08,77.050003,77.449997,76.150002,76.309998,92343
2006-08-09,76.330002,77.400002,76.050003,76.349998,137251
2006-08-10,76.25,76.519997,73.900002,74.0,142299
2006-08-11,74.0,74.809998,73.75,74.349998,117634
2006-08-14,73.790001,73.949997,72.599998,73.529999,82045
2006-08-15,73.379997,73.900002,72.790001,73.050003,76424
2006-08-16,72.93,73.150002,71.699997,71.889999,90069
2006-08-17,71.650002,71.75,70.0,70.059998,104170
2006-08-18,70.480003,71.190002,69.599998,71.139999,71416
2006-08-21,71.220001,72.5,71.139999,72.449997,80336
2006-08-22,72.449997,72.849998,72.099998,72.629997,77594
2006-08-23,72.849998,72.940002,71.099998,71.760002,89380
2006-08-24,71.650002,72.5,71.370003,72.360001,53961
2006-08-25,72.800003,73.75,72.400002,72.510002,77210
2006-08-28,72.199997,72.199997,70.150002,70.610001,75576
2006-08-29,70.459999,70.900002,69.300003,69.709999,81668
2006-08-30,69.769997,70.25,68.650002,70.029999,80215
2006-08-31,70.400002,70.82,69.349998,70.260002,89594
2006-09-01,70.349998,70.400002,69.050003,69.190002,89594
2006-09-04,69.25,69.589996,67.769997,68.019997,53471
2006-09-05,68.449997,69.050003,68.25,68.599998,78920
2006-09-06,68.650002,68.849998,67.449997,67.5,112103
2006-09-07,67.550003,67.980003,66.760002,67.32,98575
2006-09-08,67.199997,67.599998,66.0,66.25,120861
2006-09-11,66.010002,66.5,64.849998,65.610001,140696
2006-09-12,65.589996,66.440002,63.59,63.759998,150651
2006-09-13,63.84,64.75,63.5,63.970001,168426
2006-09-14,64.269997,64.650002,63.0,63.220001,151783
2006-09-15,63.450001,63.66,62.029999,63.330002,137545
2006-09-18,63.490002,64.449997,62.849998,63.799999,113822
2006-09-19,63.849998,64.459999,61.549999,61.66,105488
2006-09-20,61.700001,61.830002,59.799999,60.459999,156614
2006-09-21,60.810001,61.799999,60.650002,61.59,105730
2006-09-22,61.709999,62.259998,60.189999,60.549999,122447
2006-09-25,60.25,62.150002,59.52,61.450001,122239
2006-09-26,61.439999,62.0,60.599998,61.009998,132651
2006-09-27,61.139999,63.099998,60.099998,62.959999,148245
2006-09-28,62.990002,64.0,62.389999,62.759998,150186
2006-09-29,62.700001,63.099998,61.450001,62.91,145461
2006-10-02,62.799999,63.32,60.84,61.029999,108503
2006-10-03,60.900002,61.150002,58.43,58.68,169192
2006-10-04,58.5,59.779999,57.75,59.41,178944
2006-10-05,59.759998,60.970001,59.34,60.029999,152685
2006-10-06,60.040001,60.279999,58.84,59.759998,166499
2006-10-09,59.900002,61.299999,59.779999,59.959999,156175
2006-10-10,59.950001,60.68,58.400002,58.52,170229
2006-10-11,58.52,59.099998,57.369999,57.59,180440
2006-10-12,57.400002,58.470001,57.220001,57.860001,162865
2006-10-13,58.34,59.459999,58.060001,58.57,127404
2006-10-16,58.860001,60.119999,58.060001,59.939999,139797
2006-10-17,60.049999,60.540001,58.650002,58.93,171709
2006-10-18,59.099998,59.5,57.349998,57.650002,130289
2006-10-19,57.720001,58.950001,57.450001,58.5,104797
2006-10-20,58.610001,59.400002,56.549999,56.82,185243
2006-10-23,59.43,59.470001,58.119999,58.810001,149818
2006-10-24,58.889999,59.700001,58.419998,59.349998,132908
2006-10-25,59.5,61.650002,59.23,61.400002,190639
2006-10-26,61.580002,61.790001,60.099998,60.360001,165972
2006-10-27,60.299999,61.0,59.849998,60.75,149482
2006-10-30,60.75,61.049999,58.220001,58.360001,168398
2006-10-31,58.41,58.799999,57.049999,58.73,211035
2006-11-01,58.599998,59.450001,57.799999,58.709999,181844
2006-11-02,58.599998,58.959999,57.599998,57.880001,183137
2006-11-03,57.860001,59.349998,57.77,59.139999,169658
2006-11-06,59.150002,60.560001,58.5,60.02,193570
2006-11-07,60.119999,60.200001,58.889999,58.93,237073
2006-11-08,59.16,60.299999,58.880001,59.830002,242868
2006-11-09,60.0,61.330002,59.900002,61.16,230433
2006-11-10,61.029999,61.169998,59.450001,59.59,195450
2006-11-13,59.599998,59.919998,58.25,58.580002,220010
2006-11-14,58.599998,59.150002,58.150002,58.279999,242605
2006-11-15,58.450001,59.400002,58.299999,58.759998,188951
2006-11-16,58.77,59.32,55.919998,56.259998,177342
2006-11-17,56.25,56.48,54.860001,55.810001,165139
2006-11-20,58.73,59.040001,57.970001,58.799999,142502
2006-11-21,58.959999,60.400002,58.610001,60.169998,145381
2006-11-22,60.049999,60.349998,58.349998,59.240002,26255
2006-11-27,59.889999,60.439999,59.259998,60.32,143843
2006-11-28,60.400002,61.200001,60.200001,60.990002,151496
2006-11-29,60.990002,62.540001,60.950001,62.459999,215398
2006-11-30,62.32,63.799999,62.200001,63.130001,220010
2006-12-01,62.849998,63.700001,62.240002,63.43,176603
2006-12-04,63.810001,63.82,61.900002,62.439999,162006
2006-12-05,62.419998,63.25,61.529999,62.43,227430
2006-12-06,62.419998,63.009998,61.84,62.189999,221144
2006-12-07,62.310001,62.759998,61.549999,62.490002,255423
2006-12-08,62.75,63.650002,61.950001,62.029999,217504
2006-12-11,62.209999,62.25,61.049999,61.220001,197111
2006-12-12,61.299999,62.009998,60.650002,61.02,210421
2006-12-13,60.970001,61.849998,60.740002,61.369999,215432
2006-12-14,61.52,62.799999,61.41,62.509998,186372
2006-12-15,62.52,63.5,62.279999,63.43,114365
2006-12-18,63.200001,63.5,62.07,62.209999,139755
2006-12-19,62.189999,63.450001,61.650002,63.150002,170757
2006-12-20,63.5,64.150002,63.18,63.720001,179708
2006-12-21,63.580002,63.59,62.299999,62.66,142107
2006-12-22,62.669998,63.09,62.099998,62.41,80124
2006-12-26,62.439999,63.200001,60.5,61.099998,121339
2006-12-27,60.91,61.34,60.25,60.34,108794
2006-12-28,60.41,60.849998,60.049999,60.529999,111098
2006-12-29,60.5,61.200001,59.900002,61.049999,105641
2007-01-02,60.98,61.549999,60.41,61.049999,41686
2007-01-03,60.950001,60.970001,57.720001,58.32,248547
2007-01-04,58.349998,58.580002,55.389999,55.59,324010
2007-01-05,55.41,56.400002,54.900002,56.310001,250130
2007-01-08,56.240002,57.720001,55.099998,56.09,298727
2007-01-09,56.119999,56.200001,53.880001,55.639999,333330
2007-01-10,55.75,55.810001,53.439999,54.02,282508
2007-01-11,53.59,54.73,51.799999,51.880001,341657
2007-01-12,52.07,53.110001,51.560001,52.990002,317900
2007-01-16,52.939999,53.549999,50.529999,51.209999,276095
2007-01-17,51.200001,52.400002,50.279999,52.240002,244372
2007-01-18,52.400002,52.689999,49.900002,50.48,167275
2007-01-19,50.470001,52.049999,50.119999,51.990002,118596
2007-01-22,52.09,53.439999,50.799999,51.130001,268288
2007-01-23,52.639999,55.150002,52.41,55.040001,243676
2007-01-24,54.970001,55.450001,53.66,55.369999,250596
2007-01-25,55.389999,55.900002,54.099998,54.23,214449
2007-01-26,54.330002,55.580002,54.200001,55.419998,167981
2007-01-29,55.630001,55.959999,53.75,54.009998,209141
2007-01-30,53.869999,57.049999,53.82,56.970001,279880
2007-01-31,56.900002,58.25,55.75,58.139999,315015
2007-02-01,57.889999,58.860001,57.099998,57.299999,282637
2007-02-02,57.389999,59.25,57.049999,59.02,213512
2007-02-05,59.25,59.950001,58.459999,58.740002,251449
2007-02-06,58.900002,59.990002,58.5,58.880001,276430
2007-02-07,59.119999,59.849998,57.25,57.709999,335594
2007-02-08,57.73,59.869999,57.299999,59.709999,301777
2007-02-09,59.779999,60.799999,59.299999,59.889999,316792
2007-02-12,59.68,59.759998,57.380001,57.810001,277173
2007-02-13,57.610001,59.599998,57.240002,59.060001,266256
2007-02-14,59.029999,59.259998,57.5,58.0,254613
2007-02-15,58.029999,58.509998,56.619999,57.990002,213963
2007-02-16,58.040001,59.450001,57.59,59.389999,213963
2007-02-20,58.869999,59.25,57.32,58.07,236649
2007-02-21,58.889999,60.630001,58.07,60.07,243533
2007-02-22,60.130001,61.25,59.610001,60.950001,259092
2007-02-23,60.720001,61.799999,60.5,61.139999,261829
2007-02-26,60.880001,61.75,60.450001,61.389999,203506
2007-02-27,61.459999,62.25,60.060001,61.459999,291700
2007-02-28,60.279999,62.099998,59.919998,61.790001,270667
2007-03-01,61.82,62.490002,60.799999,62.0,242342
2007-03-02,61.84,62.400002,61.16,61.639999,178215
2007-03-05,61.299999,61.299999,59.549999,60.07,230675
2007-03-06,59.889999,60.799999,59.650002,60.689999,223855
2007-03-07,60.790001,62.099998,60.639999,61.82,253462
2007-03-08,61.740002,62.299999,61.200001,61.639999,239556
2007-03-09,61.709999,61.830002,59.869999,60.049999,248690
2007-03-12,59.959999,59.959999,58.599998,58.91,256103
2007-03-13,59.009998,59.950001,57.75,57.93,291848
2007-03-14,58.169998,58.439999,57.299999,58.16,226839
2007-03-15,58.200001,58.639999,57.400002,57.549999,197137
2007-03-16,57.529999,58.290001,56.169998,57.110001,149055
2007-03-19,57.110001,57.599998,56.299999,56.59,114242
2007-03-20,56.669998,57.580002,56.099998,56.73,234310
2007-03-21,59.650002,60.130001,59.209999,59.610001,199403
2007-03-22,60.02,62.049999,59.950001,61.689999,236870
2007-03-23,61.970001,62.650002,61.25,62.279999,210693
2007-03-26,62.34,63.299999,62.34,62.91,229559
2007-03-27,62.830002,68.089996,62.240002,62.93,191030
2007-03-28,64.400002,64.959999,63.360001,64.080002,245554
2007-03-29,64.029999,66.5,63.5,66.029999,301254
2007-03-30,66.050003,66.779999,65.510002,65.870003,247788
2007-04-02,65.699997,66.690002,65.080002,65.940002,208921
2007-04-03,65.800003,65.940002,63.959999,64.639999,200459
2007-04-04,64.519997,65.089996,63.560001,64.379997,254552
2007-04-05,64.389999,64.940002,63.599998,64.279999,203939
2007-04-09,63.849998,64.360001,61.349998,61.509998,274016
2007-04-10,61.720001,62.279999,61.349998,61.889999,241522
2007-04-11,61.810001,62.560001,61.529999,62.009998,248043
2007-04-12,61.919998,63.959999,61.860001,63.849998,269305
2007-04-13,63.900002,64.580002,63.380001,63.630001,229094
2007-04-16,63.41,64.209999,62.5,63.610001,231803
2007-04-17,63.599998,64.639999,63.049999,63.099998,217730
2007-04-18,63.25,63.41,62.400002,63.130001,118227
2007-04-19,62.990002,63.27,61.34,61.830002,84607
2007-04-20,61.790001,63.599998,61.77,63.380001,170314
2007-04-23,64.110001,65.959999,63.700001,65.889999,190337
2007-04-24,65.75,66.300003,64.099998,64.580002,253742
2007-04-25,64.610001,65.919998,64.519997,65.839996,199322
2007-04-26,65.68,66.400002,64.82,65.059998,213017
2007-04-27,65.300003,66.699997,64.580002,66.459999,218282
2007-04-30,66.360001,66.650002,65.529999,65.709999,225414
2007-05-01,65.660004,66.150002,64.150002,64.400002,263825
2007-05-02,64.43,64.669998,63.049999,63.68,239556
2007-05-03,63.48,64.089996,62.740002,63.189999,213561
2007-05-04,63.25,63.439999,61.560001,61.93,232525
2007-05-07,61.709999,62.060001,60.849998,61.470001,248499
2007-05-08,61.639999,62.580002,61.209999,62.259998,277666
2007-05-09,62.18,62.48,60.68,61.549999,275338
2007-05-10,61.57,62.5,61.380001,61.810001,256968
2007-05-11,61.889999,62.560001,61.68,62.369999,216920
2007-05-14,62.43,63.07,62.139999,62.459999,200433
2007-05-15,62.540001,63.299999,62.07,63.169998,185334
2007-05-16,63.150002,63.299999,61.900002,62.549999,216160
2007-05-17,62.619999,65.089996,62.48,64.860001,267955
2007-05-18,64.919998,65.639999,64.57,64.940002,173061
2007-05-21,64.949997,66.379997,64.449997,66.269997,114928
2007-05-22,66.269997,66.349998,64.800003,64.970001,201705
2007-05-23,65.610001,66.199997,65.050003,65.769997,230829
2007-05-24,65.720001,66.150002,63.82,64.18,212993
2007-05-25,64.480003,65.300003,64.209999,65.199997,144492
2007-05-29,64.980003,65.239998,62.540001,63.150002,221016
2007-05-30,63.259998,63.869999,62.880001,63.490002,215024
2007-05-31,63.310001,64.269997,62.43,64.010002,275955
2007-06-01,64.230003,65.25,63.799999,65.080002,225803
2007-06-04,64.870003,66.480003,64.529999,66.209999,228630
2007-06-05,66.050003,66.199997,65.230003,65.610001,200804
2007-06-06,65.669998,66.309998,65.209999,65.959999,222155
2007-06-07,65.900002,67.419998,65.82,66.93,275768
2007-06-08,66.699997,66.830002,64.559998,64.760002,284370
2007-06-11,64.699997,66.07,64.519997,65.970001,234653
2007-06-12,65.879997,66.080002,64.870003,65.349998,187698
2007-06-13,65.220001,66.480003,64.900002,66.260002,231771
2007-06-14,66.029999,67.889999,65.949997,67.650002,228281
2007-06-15,67.690002,68.300003,67.239998,68.0,194410
2007-06-18,68.129997,69.150002,67.400002,69.089996,145142
2007-06-19,69.010002,69.559998,68.400002,69.099998,127212
2007-06-20,69.019997,69.169998,67.290001,68.190002,257224
2007-06-21,68.699997,69.879997,68.279999,68.650002,228408
2007-06-22,68.660004,69.5,68.169998,69.139999,191213
2007-06-25,68.849998,69.449997,67.550003,69.18,240247
2007-06-26,69.019997,69.190002,67.599998,67.769997,199705
2007-06-27,67.830002,69.360001,67.07,68.970001,259461
2007-06-28,69.0,70.519997,68.919998,69.57,261461
2007-06-29,70.099998,71.059998,69.459999,70.68,200610
2007-07-02,70.519997,71.339996,69.57,71.089996,217108
2007-07-03,71.279999,71.489998,70.699997,71.410004,217108
2007-07-05,71.25,72.349998,70.800003,71.809998,226307
2007-07-06,71.800003,72.940002,71.559998,72.809998,219298
2007-07-09,72.75,73.0,71.809998,72.190002,227743
2007-07-10,72.050003,73.080002,71.599998,72.809998,214253
2007-07-11,72.610001,73.029999,72.080002,72.559998,207520
2007-07-12,72.449997,73.800003,71.919998,72.5,250479
2007-07-13,72.720001,74.010002,72.260002,73.93,243393
2007-07-16,74.010002,74.5,73.629997,74.150002,203487
2007-07-17,74.279999,75.349998,73.5,74.019997,262637
2007-07-18,74.209999,75.279999,73.900002,75.050003,172324
2007-07-19,75.07,76.0,74.629997,75.919998,126815
2007-07-20,75.959999,76.129997,75.160004,75.57,173789
2007-07-23,75.690002,75.690002,74.440002,74.889999,166780
2007-07-24,74.889999,74.93,72.910004,73.559998,243495
2007-07-25,73.349998,76.379997,73.099998,75.879997,216078
2007-07-26,76.309998,77.239998,74.599998,74.949997,269575
2007-07-27,75.050003,77.120003,74.699997,77.019997,216573
2007-07-30,76.949997,77.330002,76.050003,76.830002,189456
2007-07-31,76.699997,78.279999,76.599998,78.209999,196464
2007-08-01,77.940002,78.769997,76.089996,76.529999,306683
2007-08-02,76.739998,77.440002,75.519997,76.860001,214006
2007-08-03,76.889999,77.360001,75.040001,75.480003,233021
2007-08-06,75.040001,75.099998,71.599998,72.059998,292987
2007-08-07,72.059998,72.620003,71.139999,72.419998,284128
2007-08-08,72.379997,73.199997,71.849998,72.150002,263747
2007-08-09,72.269997,72.400002,70.5,71.589996,269865
2007-08-10,71.589996,71.690002,70.099998,71.470001,226674
2007-08-13,71.470001,73.190002,71.120003,71.620003,245898
2007-08-14,71.550003,72.769997,71.360001,72.379997,231544
2007-08-15,72.690002,74.230003,72.32,73.330002,280131
2007-08-16,73.139999,73.139999,70.099998,71.0,293836
2007-08-17,71.669998,72.540001,71.0,71.980003,170218
2007-08-20,71.769997,71.769997,70.050003,71.120003,138081
2007-08-21,70.900002,71.5,68.760002,69.470001,248510
2007-08-22,69.639999,70.300003,68.629997,69.260002,207894
2007-08-23,69.349998,70.080002,69.029999,69.830002,170980
2007-08-24,70.019997,71.349998,69.519997,71.089996,164270
2007-08-27,71.040001,72.139999,70.199997,71.970001,186005
2007-08-28,72.120003,72.25,71.199997,71.730003,181538
2007-08-29,71.580002,73.639999,71.410004,73.510002,213070
2007-08-30,73.5,73.959999,72.75,73.360001,180828
2007-08-31,73.599998,74.440002,73.400002,74.040001,180828
2007-09-04,73.900002,75.25,73.480003,75.080002,221913
2007-09-05,75.120003,75.919998,74.75,75.730003,226377
2007-09-06,75.879997,77.43,75.330002,76.300003,330624
2007-09-07,76.150002,77.0,75.629997,76.699997,222964
2007-09-10,76.459999,78.470001,75.519997,77.489998,296680
2007-09-11,77.790001,78.370003,76.919998,78.230003,291803
2007-09-12,78.160004,80.18,78.010002,79.910004,302927
2007-09-13,79.650002,80.199997,79.190002,80.089996,237513
2007-09-14,79.919998,80.360001,78.75,79.099998,257062
2007-09-17,79.029999,80.919998,78.25,80.57,270760
2007-09-18,80.860001,82.379997,80.230003,81.510002,237631
2007-09-19,82.169998,82.510002,80.870003,81.93,203173
2007-09-20,81.730003,83.900002,81.610001,83.32,232184
2007-09-21,81.779999,82.400002,80.550003,81.620003,225621
2007-09-24,81.360001,81.599998,80.370003,80.949997,200779
2007-09-25,80.610001,80.620003,78.959999,79.529999,249620
2007-09-26,79.32,80.82,78.440002,80.300003,342097
2007-09-27,80.629997,83.089996,80.5,82.879997,292697
2007-09-28,83.25,83.760002,81.389999,81.660004,294397
2007-10-01,81.75,82.019997,79.449997,80.239998,269038
2007-10-02,80.220001,80.43,78.870003,80.050003,219221
2007-10-03,80.230003,80.879997,79.57,79.940002,227305
2007-10-04,79.68,81.75,78.910004,81.440002,252123
2007-10-05,81.400002,81.68,80.510002,81.220001,230873
2007-10-08,81.110001,81.110001,78.349998,79.019997,253108
2007-10-09,79.260002,81.099998,78.389999,80.260002,324878
2007-10-10,80.220001,81.349998,79.720001,81.300003,264143
2007-10-11,81.32,83.669998,81.25,83.080002,289289
2007-10-12,82.870003,84.050003,82.690002,83.690002,205946
2007-10-15,83.910004,86.709999,83.5,86.129997,238654
2007-10-16,86.5,88.199997,86.129997,87.610001,340705
2007-10-17,87.5,89.0,86.910004,87.400002,323886
2007-10-18,87.099998,89.779999,87.099998,89.470001,195959
2007-10-19,89.739998,90.07,87.860001,88.599998,176593
2007-10-22,88.860001,88.860001,86.169998,87.559998,310584
2007-10-23,85.769997,86.790001,84.82,85.269997,262304
2007-10-24,85.169998,87.790001,84.68,87.099998,296425
2007-10-25,87.629997,90.519997,87.540001,90.459999,282486
2007-10-26,90.360001,92.220001,90.199997,91.860001,318748
2007-10-29,91.720001,93.800003,91.519997,93.529999,279080
2007-10-30,93.669998,93.68,89.529999,90.379997,300422
2007-10-31,89.720001,95.279999,88.919998,94.529999,402154
2007-11-01,95.150002,96.239998,92.059998,93.489998,349181
2007-11-02,93.650002,96.029999,93.050003,95.93,254477
2007-11-05,95.919998,96.120003,93.720001,93.980003,279964
2007-11-06,94.459999,97.099998,94.410004,96.699997,302215
2007-11-07,96.830002,98.639999,94.620003,96.370003,448361
2007-11-08,95.839996,97.699997,94.93,95.459999,347189
2007-11-09,95.910004,96.68,94.540001,96.32,329488
2007-11-12,96.010002,96.349998,93.540001,94.620003,317037
2007-11-13,93.589996,94.699997,90.129997,91.169998,502947
2007-11-14,91.349998,94.370003,91.209999,94.089996,280743
2007-11-15,93.949997,94.639999,91.860001,93.43,226712
2007-11-16,93.699997,95.730003,93.199997,95.099998,252035
2007-11-19,93.879997,95.150002,93.160004,94.639999,240219
2007-11-20,94.879997,98.620003,93.989998,98.029999,286533
2007-11-21,98.089996,99.290001,96.309998,97.290001,286533
2007-11-23,97.360001,98.470001,96.160004,98.18,82085
2007-11-26,98.279999,99.120003,96.5,97.699997,231374
2007-11-27,96.879997,97.279999,94.209999,94.419998,266497
2007-11-28,94.559998,95.220001,90.330002,90.620003,353776
2007-11-29,91.360001,95.18,90.43,91.010002,409509
2007-11-30,91.190002,91.519997,88.449997,88.709999,298158
2007-12-03,88.790001,89.989998,87.139999,89.309998,308010
2007-12-04,89.68,89.989998,87.339996,88.32,281146
2007-12-05,88.230003,90.389999,86.82,87.489998,295118
2007-12-06,87.269997,90.730003,85.82,90.230003,279601
2007-12-07,90.529999,90.68,87.07,88.279999,288371
2007-12-10,88.269997,89.800003,87.089996,87.860001,288602
2007-12-11,88.220001,90.550003,87.919998,90.019997,260035
2007-12-12,89.459999,94.849998,89.260002,94.389999,358039
2007-12-13,94.209999,94.849998,91.860001,92.25,339594
2007-12-14,92.57,93.379997,90.599998,91.269997,234006
2007-12-17,91.43,91.949997,89.489998,90.629997,161950
2007-12-18,90.970001,92.879997,88.879997,90.489998,262878
2007-12-19,90.349998,92.339996,89.699997,91.239998,207862
2007-12-20,91.389999,92.25,90.57,91.059998,165409
2007-12-21,91.040001,93.839996,90.830002,93.309998,189546
2007-12-24,93.580002,94.230003,92.5,94.129997,55642
2007-12-26,93.989998,96.540001,93.989998,95.970001,119876
2007-12-27,95.809998,97.790001,95.220001,96.620003,148819
2007-12-28,96.839996,97.919998,95.870003,96.0,143679
2007-12-31,96.120003,96.779999,94.730003,95.980003,108597
2008-01-02,96.050003,100.0,96.050003,99.620003,227099
2008-01-03,99.230003,100.089996,98.449997,99.18,241269
2008-01-04,99.169998,99.410004,97.099998,97.910004,231790
2008-01-07,97.790001,98.400002,94.470001,95.089996,258890
2008-01-08,95.349998,97.540001,95.260002,96.330002,287519
2008-01-09,96.239998,97.970001,95.419998,95.669998,346504
2008-01-10,95.790001,96.239998,93.260002,93.709999,315910
2008-01-11,93.550003,94.650002,92.309998,92.690002,293791
2008-01-14,92.919998,94.43,92.410004,94.199997,257790
2008-01-15,94.239998,94.379997,90.980003,91.900002,316087
2008-01-16,91.68,91.900002,89.260002,90.839996,353599
2008-01-17,91.0,92.190002,89.57,90.129997,209723
2008-01-18,89.900002,91.32,89.610001,90.57,164876
2008-01-22,87.449997,91.0,86.110001,89.849998,347366
2008-01-23,89.150002,89.440002,86.650002,86.989998,261820
2008-01-24,87.720001,89.75,87.010002,89.410004,286687
2008-01-25,89.550003,91.379997,89.510002,90.709999,306715
2008-01-28,90.620003,91.360001,88.779999,90.989998,261940
2008-01-29,91.050003,92.419998,90.330002,91.639999,216738
2008-01-30,92.370003,92.709999,91.239998,92.330002,241095
2008-01-31,91.769997,92.300003,89.580002,91.75,316987
2008-02-01,91.360001,92.120003,88.459999,88.959999,287490
2008-02-04,88.660004,90.830002,88.07,90.019997,229467
2008-02-05,89.980003,90.0,87.529999,88.410004,259716
2008-02-06,88.269997,88.940002,86.660004,87.139999,301813
2008-02-07,87.059998,88.400002,86.239998,88.110001,281570
2008-02-08,88.290001,91.980003,88.0,91.769997,339273
2008-02-11,91.760002,94.720001,90.919998,93.589996,320857
2008-02-12,93.610001,94.150002,92.059998,92.779999,294314
2008-02-13,92.5,93.889999,91.910004,93.269997,270308
2008-02-14,93.290001,95.589996,93.25,95.459999,271470
2008-02-15,95.220001,96.669998,94.660004,95.5,215228
2008-02-19,95.370003,100.059998,95.230003,100.010002,194051
2008-02-20,99.980003,101.32,98.400002,100.739998,275362
2008-02-21,100.010002,100.330002,96.870003,98.230003,312097
2008-02-22,97.5,99.370003,97.160004,98.809998,245946
2008-02-25,98.989998,99.699997,97.75,99.230003,206041
2008-02-26,99.349998,101.43,98.459999,100.879997,265974
2008-02-27,101.199997,102.080002,99.43,99.639999,267762
2008-02-28,99.629997,102.970001,98.910004,102.589996,287914
2008-02-29,102.550003,103.050003,101.360001,101.839996,225732
2008-03-03,101.629997,103.949997,100.769997,102.449997,281850
2008-03-04,102.349998,103.330002,98.870003,99.519997,366724
2008-03-05,99.879997,104.949997,99.550003,104.519997,414308
2008-03-06,104.639999,105.970001,102.849998,105.470001,337767
2008-03-07,105.580002,106.540001,103.910004,105.150002,321205
2008-03-10,105.25,108.209999,104.080002,107.900002,340551
2008-03-11,107.910004,109.720001,106.610001,108.75,349815
2008-03-12,108.650002,110.199997,107.089996,109.919998,342575
2008-03-13,110.059998,110.980003,108.760002,110.330002,327857
2008-03-14,110.239998,110.919998,108.839996,110.209999,293217
2008-03-17,110.099998,111.800003,103.230003,105.68,336081
2008-03-18,106.150002,109.800003,105.68,109.419998,187052
2008-03-19,108.800003,108.980003,102.949997,104.480003,386956
2008-03-20,102.099998,102.690002,98.650002,101.839996,332794
2008-03-24,101.699997,102.419998,99.949997,100.860001,190177
2008-03-25,100.43,101.860001,99.129997,101.220001,303743
2008-03-26,101.550003,106.360001,101.43,105.900002,330867
2008-03-27,106.0,108.220001,105.029999,107.580002,311980
2008-03-28,107.190002,107.629997,104.709999,105.620003,261687
2008-03-31,105.120003,106.779999,100.25,101.580002,332269
2008-04-01,101.57,102.550003,99.550003,100.980003,299407
2008-04-02,100.830002,105.099998,99.839996,104.830002,295756
2008-04-03,104.529999,106.440002,103.209999,103.830002,322592
2008-04-04,104.260002,106.379997,104.029999,106.230003,231012
2008-04-07,106.120003,109.480003,105.860001,109.089996,278967
2008-04-08,108.879997,109.639999,107.639999,108.5,307800
2008-04-09,108.75,112.209999,107.949997,110.870003,326218
2008-04-10,110.699997,112.199997,108.75,110.110001,312662
2008-04-11,110.059998,110.82,108.919998,110.139999,240810
2008-04-14,110.0,111.989998,109.559998,111.760002,199908
2008-04-15,111.800003,114.080002,111.800003,113.790001,222349
2008-04-16,113.849998,115.139999,112.190002,114.93,297359
2008-04-17,115.0,115.540001,114.139999,114.860001,227415
2008-04-18,113.449997,116.970001,112.720001,116.690002,206377
2008-04-21,116.93,117.830002,115.68,117.480003,134017
2008-04-22,117.5,119.900002,117.349998,119.370003,281258
2008-04-23,118.330002,118.559998,116.449997,118.300003,243832
2008-04-24,117.93,118.300003,114.25,116.059998,319982
2008-04-25,115.949997,119.550003,114.510002,118.519997,288727
2008-04-28,118.949997,119.93,118.160004,118.75,201651
2008-04-29,118.839996,118.839996,114.970001,115.629997,303543
2008-04-30,115.360001,116.699997,113.300003,113.459999,313044
2008-05-01,114.599998,115.230003,110.300003,112.519997,291258
2008-05-02,112.25,116.800003,111.779999,116.32,287460
2008-05-05,116.5,120.360001,116.050003,119.970001,265273
2008-05-06,119.900002,122.730003,119.330002,121.839996,331913
2008-05-07,121.760002,123.93,120.540001,123.529999,366207
2008-05-08,123.809998,124.610001,121.580002,123.690002,387993
2008-05-09,125.309998,126.269997,124.080002,125.959999,338771
2008-05-12,125.839996,126.400002,123.699997,124.230003,347942
2008-05-13,123.760002,126.980003,123.099998,125.800003,375770
2008-05-14,125.970001,126.040001,123.769997,124.220001,313213
2008-05-15,123.830002,126.639999,120.75,124.120003,411677
2008-05-16,124.400002,127.82,124.040001,126.290001,269765
2008-05-19,126.349998,127.769997,125.279999,127.050003,213089
2008-05-20,127.489998,129.600006,126.669998,129.070007,315556
2008-05-21,129.100006,134.149994,128.600006,133.169998,362022
2008-05-22,133.889999,135.089996,130.070007,130.809998,425099
2008-05-23,130.75,133.710007,130.160004,132.190002,321344
2008-05-27,131.679993,133.649994,128.179993,128.850006,326598
2008-05-28,128.300003,131.580002,125.959999,131.029999,369868
2008-05-29,130.75,133.119995,126.110001,126.620003,424268
2008-05-30,126.589996,128.300003,124.669998,127.349998,309342
2008-06-02,127.629997,129.350006,125.220001,127.760002,304809
2008-06-03,127.5,127.980003,123.870003,124.309998,301116
2008-06-04,124.230003,125.080002,121.839996,122.300003,335547
2008-06-05,122.230003,128.380005,121.610001,127.790001,333372
2008-06-06,128.199997,139.119995,127.809998,138.539993,508749
2008-06-09,137.970001,138.25,133.0,134.350006,348554
2008-06-10,135.020004,137.979996,130.800003,131.309998,394361
2008-06-11,131.789993,138.300003,131.350006,136.380005,374434
2008-06-12,136.539993,137.460007,131.550003,136.740005,418094
2008-06-13,136.970001,137.080002,133.460007,134.860001,262875
2008-06-16,134.410004,139.889999,132.839996,134.610001,291340
2008-06-17,133.600006,135.229996,132.0,134.009995,307170
2008-06-18,133.5,136.880005,131.820007,136.679993,225864
2008-06-19,136.089996,137.820007,131.479996,131.929993,194147
2008-06-20,132.059998,136.800003,131.190002,134.619995,278598
2008-06-23,134.800003,138.139999,134.050003,136.740005,248739
2008-06-24,137.25,138.75,135.899994,137.0,229371
2008-06-25,137.070007,137.580002,131.949997,134.550003,290400
2008-06-26,134.520004,140.389999,133.679993,139.639999,295773
2008-06-27,139.440002,142.990005,138.610001,140.210007,277517
2008-06-30,140.600006,143.669998,139.169998,140.0,253428
2008-07-01,140.179993,143.330002,139.949997,140.970001,238751
2008-07-02,141.440002,144.320007,140.009995,143.570007,253397
2008-07-03,144.190002,145.850006,143.220001,145.289993,193841
2008-07-07,144.270004,144.529999,139.520004,141.369995,304148
2008-07-08,141.589996,142.440002,135.139999,136.039993,382404
2008-07-09,136.0,138.279999,135.339996,136.050003,299142
2008-07-10,135.800003,142.130005,135.429993,141.649994,294339
2008-07-11,141.800003,147.270004,141.440002,145.080002,334940
2008-07-14,144.690002,146.369995,142.490005,145.179993,252605
2008-07-15,145.190002,146.729996,135.919998,138.740005,392225
2008-07-16,138.770004,139.300003,132.100006,134.600006,293858
2008-07-17,135.110001,136.75,129.0,129.289993,379076
2008-07-18,129.559998,132.039993,128.229996,128.880005,208698
2008-07-21,128.880005,132.050003,128.630005,131.039993,133661
2008-07-22,131.039993,132.070007,125.629997,127.949997,293435
2008-07-23,128.5,128.699997,124.120003,124.440002,293200
2008-07-24,124.459999,126.440002,123.519997,125.489998,267709
2008-07-25,125.599998,126.510002,122.5,123.260002,217950
2008-07-28,123.410004,125.220001,122.629997,124.730003,197074
2008-07-29,124.940002,125.849998,120.419998,122.190002,263546
2008-07-30,121.900002,127.389999,120.800003,126.769997,309078
2008-07-31,126.900002,127.889999,122.709999,124.080002,280832
2008-08-01,124.059998,128.600006,122.099998,125.099998,277311
2008-08-04,125.980003,126.349998,119.5,121.410004,294048
2008-08-05,121.0,121.230003,118.0,119.169998,316589
2008-08-06,118.75,120.489998,117.110001,118.580002,307994
2008-08-07,118.800003,121.779999,117.910004,120.019997,304204
2008-08-08,119.900002,120.080002,114.620003,115.199997,297330
2008-08-11,115.199997,116.900002,112.720001,114.449997,295334
2008-08-12,114.529999,115.949997,112.309998,113.010002,303791
2008-08-13,113.089996,117.459999,112.870003,116.0,322967
2008-08-14,116.389999,117.419998,112.589996,115.010002,268197
2008-08-15,114.830002,115.199997,111.339996,113.769997,276806
2008-08-18,113.940002,115.349998,112.0,112.870003,178631
2008-08-19,113.110001,116.650002,111.639999,114.529999,149293
2008-08-20,115.110001,117.029999,112.610001,114.980003,274859
2008-08-21,115.860001,122.040001,115.400002,121.18,308114
2008-08-22,121.550003,121.860001,114.18,114.589996,276216
2008-08-25,114.690002,116.059998,113.68,115.110001,174446
2008-08-26,115.5,117.889999,112.360001,116.269997,311866
2008-08-27,116.040001,119.629997,115.639999,118.150002,265812
2008-08-28,118.160004,120.5,114.080002,115.589996,272322
2008-08-29,115.75,118.760002,115.0,115.459999,216481
2008-09-02,116.650002,118.599998,105.459999,109.709999,389706
2008-09-03,110.239998,110.300003,107.220001,109.349998,247584
2008-09-04,109.400002,110.599998,106.519997,107.889999,264187
2008-09-05,107.480003,108.099998,105.129997,106.230003,249111
2008-09-08,107.75,109.889999,104.699997,106.339996,317923
2008-09-09,106.660004,106.769997,101.739998,103.260002,332463
2008-09-10,102.199997,104.970001,101.360001,102.580002,331516
2008-09-11,102.779999,103.949997,100.18,100.870003,311505
2008-09-12,101.150002,102.889999,99.989998,101.18,273124
2008-09-15,101.0,101.190002,94.0,95.709999,334900
2008-09-16,94.230003,94.32,90.510002,91.150002,327157
2008-09-17,92.809998,97.629997,91.360001,97.160004,343691
2008-09-18,97.099998,102.239998,95.730003,97.879997,243360
2008-09-19,97.949997,105.25,97.389999,104.550003,184766
2008-09-22,104.970001,130.0,103.349998,120.919998,335101
2008-09-23,108.980003,109.580002,104.050003,106.610001,316025
2008-09-24,106.93,109.5,104.800003,105.730003,233417
2008-09-25,105.529999,108.669998,103.220001,108.019997,245163
2008-09-26,107.699997,108.110001,104.25,106.889999,168454
2008-09-29,106.889999,106.910004,95.040001,96.370003,248522
2008-09-30,95.400002,102.459999,93.360001,100.639999,252741
2008-10-01,101.860001,102.839996,95.970001,98.529999,280295
2008-10-02,98.730003,100.370003,93.559998,93.970001,223270
2008-10-03,93.849998,96.029999,91.300003,93.879997,238984
2008-10-06,92.5,92.68,87.559998,87.809998,281987
2008-10-07,88.959999,93.019997,87.870003,90.059998,342917
2008-10-08,89.559998,90.989998,86.050003,88.949997,339344
2008-10-09,88.800003,89.82,84.190002,86.589996,248211
2008-10-10,84.93,85.129997,77.089996,77.699997,363996
2008-10-13,80.120003,82.519997,79.449997,81.190002,210714
2008-10-14,82.0,84.830002,78.309998,78.629997,266143
2008-10-15,78.75,79.169998,73.550003,74.540001,221136
2008-10-16,73.599998,74.5,68.57,69.849998,283094
2008-10-17,72.300003,74.300003,69.839996,71.849998,141907
2008-10-20,72.160004,76.129997,71.769997,74.25,137299
2008-10-21,75.620003,75.690002,69.769997,70.889999,232994
2008-10-22,71.470001,71.800003,66.199997,66.75,272317
2008-10-23,67.209999,69.419998,65.900002,67.839996,256890
2008-10-24,69.419998,69.5,62.650002,64.150002,253812
2008-10-27,64.779999,65.769997,61.299999,63.220001,234150
2008-10-28,62.240002,65.199997,61.610001,62.73,222083
2008-10-29,64.5,69.239998,63.650002,67.5,315415
2008-10-30,68.110001,70.599998,64.040001,65.959999,279196
2008-10-31,65.580002,68.599998,63.119999,67.809998,256881
2008-11-03,67.370003,69.190002,63.630001,63.91,236426
2008-11-04,63.799999,71.769997,62.25,70.529999,329187
2008-11-05,70.0,70.459999,65.0,65.300003,272470
2008-11-06,65.019997,65.5,60.16,60.77,292018
2008-11-07,60.669998,62.82,59.970001,61.040001,236045
2008-11-10,61.799999,65.559998,59.099998,62.41,286648
2008-11-11,62.139999,62.279999,58.32,59.330002,258306
2008-11-12,59.0,59.5,55.5,56.16,261423
2008-11-13,55.439999,59.66,54.669998,58.240002,322685
2008-11-14,59.389999,59.959999,55.689999,57.040001,245858
2008-11-17,56.740002,58.98,54.720001,54.950001,337536
2008-11-18,55.009998,55.98,53.959999,54.389999,189689
2008-11-19,54.700001,55.34,52.790001,53.619999,161384
2008-11-20,50.400002,50.450001,48.5,49.619999,274669
2008-11-21,48.57,51.119999,48.25,49.93,213647
2008-11-24,50.970001,55.299999,48.799999,54.5,233065
2008-11-25,54.299999,54.66,50.52,50.77,228413
2008-11-26,50.650002,54.970001,50.150002,54.439999,243440
2008-11-28,54.299999,55.98,51.119999,54.43,129155
2008-12-01,54.619999,54.619999,48.619999,49.279999,217048
2008-12-02,48.849998,50.25,46.82,46.959999,233248
2008-12-03,47.759998,48.099998,46.259998,46.790001,217573
2008-12-04,47.0,47.27,43.360001,43.669998,232447
2008-12-05,43.779999,44.470001,40.5,40.810001,327140
2008-12-08,41.639999,44.700001,41.549999,43.709999,289529
2008-12-09,44.049999,44.57,41.830002,42.07,240867
2008-12-10,42.400002,46.169998,41.889999,43.52,362393
2008-12-11,44.049999,49.119999,43.279999,47.98,317267
2008-12-12,47.0,47.509998,43.32,46.279999,291629
2008-12-15,46.77,50.049999,44.099998,44.509998,256308
2008-12-16,44.950001,46.529999,42.560001,43.599998,259901
2008-12-17,43.75,45.5,39.880001,40.060001,174258
2008-12-18,40.32,40.900002,35.98,36.220001,95999
2008-12-19,34.759998,37.5,32.400002,33.869999,194858
2008-12-22,42.790001,43.439999,39.5,39.91,149135
2008-12-23,39.549999,40.650002,37.790001,38.98,146203
2008-12-24,39.150002,39.689999,35.130001,35.349998,93376
2008-12-26,35.700001,38.029999,35.599998,37.709999,64554
2008-12-29,38.400002,42.200001,37.529999,40.02,150601
2008-12-30,40.009998,40.389999,37.93,39.029999,137263
2008-12-31,39.169998,45.540001,36.939999,44.599998,188601
2009-01-02,43.720001,46.740002,41.049999,46.34,184679
2009-01-05,47.040001,49.279999,45.560001,48.810001,258762
2009-01-06,48.400002,50.470001,47.599998,48.580002,331307
2009-01-07,48.41,49.09,42.41,42.630001,306262
2009-01-08,42.630001,43.630001,40.540001,41.700001,312485
2009-01-09,42.450001,42.700001,39.380001,40.830002,277431
2009-01-12,40.549999,40.799999,37.48,37.59,272828
2009-01-13,37.490002,39.5,36.099998,37.779999,340615
2009-01-14,38.720001,39.450001,35.52,37.279999,311078
2009-01-15,37.34,37.990002,33.200001,35.400002,179925
2009-01-16,35.279999,36.869999,34.18,36.509998,97975
2009-01-20,36.139999,39.549999,32.700001,38.740002,354707
2009-01-21,40.91,44.43,40.240002,43.549999,276261
2009-01-22,44.209999,45.099998,40.41,43.669998,317569
2009-01-23,43.259998,47.0,41.400002,46.470001,269756
2009-01-26,46.049999,48.59,45.25,45.73,277496
2009-01-27,45.650002,47.490002,41.41,41.580002,308439
2009-01-28,41.990002,43.599998,40.599998,42.16,291416
2009-01-29,42.220001,42.32,40.18,41.439999,245854
2009-01-30,41.650002,43.439999,41.02,41.68,237726
2009-02-02,42.220001,42.25,39.830002,40.080002,263645
2009-02-03,40.279999,41.169998,39.650002,40.779999,244615
2009-02-04,40.93,41.919998,39.740002,40.32,254203
2009-02-05,40.299999,41.25,39.459999,41.169998,229734
2009-02-06,41.0,42.68,38.599998,40.169998,518382
2009-02-09,39.880001,42.43,39.419998,39.560001,317497
2009-02-10,39.759998,41.799999,37.349998,37.549999,359674
2009-02-11,38.150002,38.470001,35.650002,35.939999,315650
2009-02-12,35.919998,36.25,33.549999,33.98,326176
2009-02-13,34.360001,38.25,33.810001,37.509998,281710
2009-02-17,37.810001,38.490002,34.450001,34.93,153708
2009-02-18,35.02,36.220001,34.130001,34.619999,73864
2009-02-19,34.75,39.849998,34.59,39.48,82550
2009-02-20,38.860001,39.5,36.91,38.939999,244809
2009-02-23,39.73,41.490002,37.869999,38.439999,285905
2009-02-24,38.099998,40.130001,37.650002,39.959999,238188
2009-02-25,39.919998,42.830002,39.400002,42.5,323428
2009-02-26,42.389999,45.299999,42.27,45.220001,287202
2009-02-27,44.59,44.91,42.549999,44.759998,274579
2009-03-02,44.34,44.490002,39.84,40.150002,245234
2009-03-03,40.099998,42.07,39.439999,41.650002,241538
2009-03-04,41.380001,45.759998,41.040001,45.380001,319761
2009-03-05,45.419998,45.700001,42.860001,43.610001,228192
2009-03-06,43.610001,46.299999,43.450001,45.52,306347
2009-03-09,45.759998,48.830002,44.970001,47.07,390590
2009-03-10,47.25,48.32,45.330002,45.709999,289157
2009-03-11,45.57,46.040001,42.080002,42.330002,339876
2009-03-12,42.73,47.220001,42.509998,47.029999,316566
2009-03-13,47.209999,48.139999,45.599998,46.25,221028
2009-03-16,45.200001,47.630001,43.619999,47.349998,240078
2009-03-17,47.060001,49.82,46.529999,49.16,214930
2009-03-18,48.669998,49.869999,46.919998,48.139999,125337
2009-03-19,49.73,52.25,48.779999,51.610001,96379
2009-03-20,51.060001,52.130001,50.299999,51.060001,180152
2009-03-23,52.130001,54.049999,51.619999,53.799999,229890
2009-03-24,53.830002,54.060001,52.450001,53.98,212790
2009-03-25,53.73,54.18,51.860001,52.77,283727
2009-03-26,52.84,54.66,52.759998,54.34,196916
2009-03-27,54.0,54.279999,51.639999,52.380001,181165
2009-03-30,52.25,52.25,48.110001,48.41,222171
2009-03-31,48.639999,50.0,47.77,49.66,240254
2009-04-01,48.959999,48.959999,47.259998,48.389999,234224
2009-04-02,48.450001,52.869999,48.450001,52.639999,270270
2009-04-03,52.360001,53.900002,51.02,52.509998,212172
2009-04-06,52.400002,53.599998,49.810001,51.049999,228983
2009-04-07,51.389999,51.82,48.400002,49.150002,254031
2009-04-08,48.470001,51.299999,47.369999,49.380001,352611
2009-04-09,49.959999,52.450001,49.720001,52.240002,294835
2009-04-13,52.0,52.150002,48.84,50.049999,290456
2009-04-14,49.959999,51.119999,48.849998,49.41,284710
2009-04-15,49.16,50.790001,48.91,49.25,228056
2009-04-16,49.700001,50.48,49.110001,49.98,196957
2009-04-17,49.93,51.369999,49.41,50.330002,137021
2009-04-20,50.16,50.310001,45.439999,45.880001,89895
2009-04-21,45.259998,47.200001,43.830002,46.509998,287925
2009-04-22,48.68,49.09,47.700001,48.849998,238729
2009-04-23,48.490002,49.919998,48.369999,49.619999,227296
2009-04-24,49.650002,51.75,49.060001,51.549999,230865
2009-04-27,51.450001,51.450001,48.009998,50.139999,265293
2009-04-28,50.099998,50.189999,48.549999,49.919998,186823
2009-04-29,49.25,51.419998,49.119999,50.970001,234826
2009-04-30,50.790001,51.939999,50.209999,51.119999,208296
2009-05-01,50.950001,53.650002,50.43,53.200001,248750
2009-05-04,52.619999,54.639999,52.560001,54.470001,229782
2009-05-05,54.459999,54.830002,53.5,53.84,234306
2009-05-06,54.119999,56.470001,53.57,56.34,334302
2009-05-07,56.299999,58.57,55.459999,56.709999,377826
2009-05-08,56.5,58.75,56.150002,58.630001,291819
2009-05-11,58.490002,58.630001,56.779999,58.5,290030
2009-05-12,58.099998,60.080002,57.810001,58.849998,305957
2009-05-13,59.290001,59.900002,57.41,58.02,311802
2009-05-14,57.73,59.0,56.549999,58.619999,260456
2009-05-15,58.540001,58.880001,56.07,56.34,216089
2009-05-18,56.470001,59.330002,56.119999,59.029999,134714
2009-05-19,59.16,60.48,58.549999,59.650002,252709
2009-05-20,60.18,62.259998,59.860001,62.040001,270022
2009-05-21,61.68,61.869999,59.919998,61.049999,237412
2009-05-22,61.049999,61.98,60.5,61.669998,186302
2009-05-26,61.5,62.540001,59.529999,62.450001,267127
2009-05-27,62.869999,63.82,62.189999,63.450001,261888
2009-05-28,62.91,65.440002,62.75,65.080002,281439
2009-05-29,64.769997,66.639999,64.68,66.309998,261370
2009-06-01,66.480003,68.68,66.230003,68.580002,234080
2009-06-02,68.040001,69.050003,67.5,68.550003,266861
2009-06-03,68.25,68.949997,64.949997,66.120003,322365
2009-06-04,66.089996,69.599998,65.919998,68.809998,304674
2009-06-05,68.730003,70.32,67.540001,68.440002,329259
2009-06-08,68.32,68.949997,66.779999,68.089996,289278
2009-06-09,68.690002,70.690002,68.43,70.010002,316884
2009-06-10,70.510002,71.790001,70.43,71.330002,346248
2009-06-11,71.459999,73.230003,71.32,72.68,314790
2009-06-12,72.43,72.629997,70.800003,72.040001,224601
2009-06-15,72.199997,72.349998,69.580002,70.620003,242211
2009-06-16,70.309998,72.769997,69.800003,70.470001,266350
2009-06-17,70.260002,71.279999,69.0,71.029999,265584
2009-06-18,70.82,71.75,70.220001,71.370003,178851
2009-06-19,71.349998,72.300003,68.900002,69.550003,115712
2009-06-22,69.889999,69.889999,66.25,66.93,278468
2009-06-23,67.150002,69.68,66.370003,69.239998,279901
2009-06-24,68.550003,69.860001,68.059998,68.669998,242855
2009-06-25,68.290001,70.93,68.110001,70.230003,254942
2009-06-26,70.339996,71.290001,68.809998,69.160004,208025
2009-06-29,69.25,71.919998,68.360001,71.489998,229882
2009-06-30,71.599998,73.379997,68.900002,69.889999,331550
2009-07-01,70.449997,71.849998,68.519997,69.309998,304636
2009-07-02,69.220001,69.739998,66.260002,66.730003,243250
2009-07-06,65.540001,65.650002,63.400002,64.050003,256986
2009-07-07,64.190002,64.910004,62.209999,62.93,262358
2009-07-08,61.75,62.68,60.009998,60.139999,334958
2009-07-09,60.380001,61.619999,59.25,60.41,314800
2009-07-10,60.450001,60.889999,58.720001,59.889999,264745
2009-07-13,59.860001,60.669998,58.32,59.689999,301907
2009-07-14,60.139999,61.459999,59.150002,59.52,305947
2009-07-15,59.790001,62.0,59.650002,61.540001,279729
2009-07-16,62.0,62.25,60.290001,62.02,250043
2009-07-17,62.240002,63.990002,61.040001,63.560001,186315
2009-07-20,63.380001,64.900002,63.189999,63.98,125148
2009-07-21,64.199997,65.529999,63.509998,64.720001,279584
2009-07-22,65.029999,65.769997,63.759998,65.400002,319989
2009-07-23,65.400002,67.489998,64.400002,67.160004,321627
2009-07-24,66.620003,68.199997,66.459999,68.050003,217270
2009-07-27,68.050003,68.989998,67.599998,68.379997,245180
2009-07-28,68.260002,68.860001,66.480003,67.230003,253558
2009-07-29,66.68,67.010002,62.700001,63.349998,342411
2009-07-30,62.860001,67.290001,62.759998,66.940002,344216
2009-07-31,66.690002,69.739998,64.959999,69.449997,400836
2009-08-03,69.300003,72.199997,69.089996,71.580002,323455
2009-08-04,71.339996,71.949997,70.160004,71.419998,285877
2009-08-05,71.82,72.099998,69.709999,71.970001,307551
2009-08-06,71.830002,72.419998,70.18,71.940002,328670
2009-08-07,71.809998,72.839996,70.379997,70.93,367023
2009-08-10,70.669998,71.57,70.089996,70.599998,304092
2009-08-11,70.760002,71.25,68.709999,69.449997,389079
2009-08-12,69.669998,71.129997,68.839996,70.160004,342269
2009-08-13,70.540001,72.209999,70.050003,70.519997,322969
2009-08-14,70.900002,71.599998,67.120003,67.510002,320144
2009-08-17,67.690002,67.690002,65.230003,66.75,264790
2009-08-18,66.800003,70.290001,66.110001,69.190002,182990
2009-08-19,70.25,72.800003,68.050003,72.419998,126682
2009-08-20,72.150002,72.879997,71.650002,72.540001,241477
2009-08-21,72.879997,74.720001,72.029999,73.889999,246228
2009-08-24,73.75,74.809998,73.57,74.370003,208702
2009-08-25,73.970001,75.0,71.110001,72.050003,324399
2009-08-26,71.349998,72.639999,70.669998,71.43,255501
2009-08-27,71.360001,72.949997,69.830002,72.489998,272730
2009-08-28,72.860001,73.519997,71.779999,72.739998,239217
2009-08-31,72.75,73.360001,69.129997,69.959999,276967
2009-09-01,69.559998,71.370003,68.0,68.050003,336835
2009-09-02,68.199997,68.800003,67.050003,68.050003,269497
2009-09-03,68.150002,69.400002,67.660004,67.959999,231967
2009-09-04,68.190002,68.779999,67.120003,68.019997,229782
2009-09-08,68.110001,71.790001,67.540001,71.099998,374237
2009-09-09,71.330002,72.519997,70.660004,71.309998,331984
2009-09-10,71.639999,72.440002,70.860001,71.940002,345551
2009-09-11,72.050003,72.900002,68.82,69.290001,374693
2009-09-14,69.150002,69.510002,68.019997,68.860001,255720
2009-09-15,68.779999,71.190002,68.480003,70.93,288040
2009-09-16,70.400002,72.559998,70.139999,72.510002,291946
2009-09-17,72.309998,73.160004,71.660004,72.470001,235707
2009-09-18,72.400002,72.660004,71.269997,72.040001,165696
2009-09-21,71.779999,72.199997,68.959999,69.709999,142853
2009-09-22,69.669998,71.849998,69.610001,71.550003,218292
2009-09-23,71.629997,71.809998,68.040001,68.970001,307578
2009-09-24,68.330002,68.769997,65.599998,65.889999,357456
2009-09-25,65.919998,67.089996,65.050003,66.019997,315319
2009-09-28,66.150002,67.540001,65.410004,66.839996,231410
2009-09-29,67.110001,67.330002,65.82,66.709999,247345
2009-09-30,66.709999,70.720001,66.220001,70.610001,386690
2009-10-01,70.400002,71.389999,69.129997,70.82,334690
2009-10-02,70.349998,70.690002,68.32,69.949997,312014
2009-10-05,69.809998,71.0,68.050003,70.410004,346922
2009-10-06,70.260002,71.970001,70.059998,70.879997,372435
2009-10-07,71.160004,71.760002,68.879997,69.57,372435
2009-10-08,69.800003,72.550003,69.169998,71.690002,405214
2009-10-09,71.419998,72.349998,70.620003,71.769997,322276
2009-10-12,72.239998,73.839996,72.050003,73.269997,260226
2009-10-13,73.169998,74.550003,72.830002,74.150002,361151
2009-10-14,74.400002,75.529999,74.400002,75.18,296006
2009-10-15,75.339996,77.970001,74.790001,77.580002,355573
2009-10-16,77.760002,78.75,76.82,78.529999,238421
2009-10-19,78.559998,79.690002,78.050003,79.610001,131534
2009-10-20,79.610001,80.050003,78.050003,79.089996,320697
2009-10-21,78.690002,82.0,77.639999,81.370003,395742
2009-10-22,81.040001,81.5,79.860001,81.190002,295407
2009-10-23,81.260002,81.779999,79.550003,80.5,293751
2009-10-26,79.650002,81.580002,77.970001,78.68,363907
2009-10-27,78.68,79.889999,77.809998,79.550003,375672
2009-10-28,79.470001,79.830002,77.059998,77.459999,359438
2009-10-29,77.110001,80.459999,77.029999,79.870003,360575
2009-10-30,79.980003,80.209999,76.849998,77.0,412394
2009-11-02,77.019997,78.660004,76.559998,78.129997,371006
2009-11-03,78.089996,79.769997,76.550003,79.599998,373992
2009-11-04,79.470001,81.059998,79.120003,80.400002,366103
2009-11-05,80.290001,80.519997,79.339996,79.620003,257603
2009-11-06,79.800003,80.339996,76.709999,77.43,395797
2009-11-09,77.870003,80.190002,77.769997,79.43,327402
2009-11-10,79.239998,80.510002,77.889999,79.050003,371088
2009-11-11,78.879997,80.099998,78.57,79.279999,297815
2009-11-12,79.25,79.690002,76.519997,76.940002,412833
2009-11-13,76.779999,77.669998,75.57,76.349998,335366
2009-11-16,76.580002,79.43,76.349998,78.900002,361387
2009-11-17,78.93,79.730003,78.139999,79.139999,319240
2009-11-18,79.379997,80.330002,78.669998,79.580002,253658
2009-11-19,79.629997,79.870003,77.059998,77.459999,175227
2009-11-20,77.589996,77.989998,76.199997,76.720001,263044
2009-11-23,77.800003,79.919998,77.150002,77.559998,382888
2009-11-24,77.449997,77.800003,75.599998,76.019997,413033
2009-11-25,75.830002,78.089996,75.5,77.959999,337389
2009-11-27,77.800003,77.940002,72.389999,76.050003,301347
2009-11-30,76.050003,78.0,75.129997,77.279999,358538
2009-12-01,77.349998,79.040001,77.010002,78.370003,310483
2009-12-02,77.900002,78.589996,76.220001,76.599998,340897
2009-12-03,76.510002,77.5,75.540001,76.459999,351788
2009-12-04,75.830002,77.900002,74.849998,75.470001,411579
2009-12-07,75.800003,76.099998,73.699997,73.93,359248
2009-12-08,74.0,74.389999,72.510002,72.620003,424771
2009-12-09,73.120003,73.870003,70.129997,70.669998,526968
2009-12-10,70.800003,71.389999,69.809998,70.540001,407657
2009-12-11,70.57,71.199997,69.459999,69.870003,343411
2009-12-14,69.629997,70.220001,68.589996,69.510002,268931
2009-12-15,69.57,71.150002,69.309998,70.690002,262945
2009-12-16,70.779999,73.550003,70.589996,72.660004,298377
2009-12-17,72.739998,73.129997,71.209999,72.650002,173958
2009-12-18,72.599998,74.690002,72.550003,73.360001,122741
2009-12-21,73.050003,74.32,71.989998,72.470001,189118
2009-12-22,73.43,74.910004,72.720001,74.400002,196830
2009-12-23,74.519997,77.0,74.25,76.669998,205585
2009-12-24,76.589996,78.25,76.190002,78.050003,102484
2009-12-28,77.919998,79.120003,77.760002,78.769997,108895
2009-12-29,78.660004,79.389999,78.019997,78.870003,137090
2009-12-30,78.800003,79.800003,78.459999,79.279999,156075
2009-12-31,79.279999,80.0,79.160004,79.360001,120372
2010-01-04,79.629997,81.68,79.629997,81.510002,263542
2010-01-05,81.629997,82.0,80.949997,81.769997,258887
2010-01-06,81.43,83.519997,80.849998,83.18,370059
2010-01-07,83.199997,83.360001,82.260002,82.660004,246632
2010-01-08,82.650002,83.470001,81.800003,82.75,310377
2010-01-11,82.879997,83.949997,81.959999,82.519997,296304
2010-01-12,82.07,82.339996,79.910004,80.790001,333866
2010-01-13,80.059998,80.669998,78.370003,79.650002,401627
2010-01-14,79.629997,80.360001,78.919998,79.389999,275404
2010-01-15,79.199997,79.309998,77.699997,78.0,200555
2010-01-19,77.849998,79.150002,76.760002,79.019997,186882
2010-01-20,78.879997,79.029999,76.959999,77.620003,303758
2010-01-21,77.559998,78.360001,75.660004,76.080002,327417
2010-01-22,75.839996,76.5,74.010002,74.540001,348819
2010-01-25,74.239998,75.419998,74.059998,75.260002,280559
2010-01-26,75.279999,75.389999,73.82,74.709999,256207
2010-01-27,74.690002,75.089996,72.650002,73.669998,356179
2010-01-28,73.75,74.489998,72.93,73.639999,292911
2010-01-29,73.889999,74.82,72.43,72.889999,335270
2010-02-01,72.839996,74.989998,72.489998,74.43,277411
2010-02-02,74.940002,77.410004,74.400002,77.230003,366269
2010-02-03,76.989998,78.040001,76.519997,76.980003,391294
2010-02-04,77.089996,77.169998,72.419998,73.139999,523892
2010-02-05,73.040001,73.940002,69.5,71.190002,596142
2010-02-08,72.18,72.389999,70.769997,71.889999,345638
2010-02-09,71.68,74.150002,71.32,73.75,429845
2010-02-10,73.790001,74.970001,72.599998,74.519997,422057
2010-02-11,74.650002,75.690002,73.379997,75.279999,464441
2010-02-12,75.300003,75.349998,72.660004,74.129997,335805
2010-02-16,74.019997,77.419998,73.709999,77.010002,365032
2010-02-17,77.32,77.82,76.529999,77.330002,283816
2010-02-18,77.290001,79.290001,76.32,79.059998,274169
2010-02-19,78.370003,80.099998,77.760002,79.809998,183234
2010-02-22,80.099998,80.510002,79.449997,80.160004,238956
2010-02-23,80.029999,80.389999,78.220001,78.860001,316878
2010-02-24,79.129997,80.449997,78.25,80.0,289321
2010-02-25,80.309998,80.32,77.050003,78.169998,346025
2010-02-26,78.330002,80.050003,77.82,79.660004,319038
2010-03-01,79.839996,80.620003,78.059998,78.699997,298718
2010-03-02,78.879997,80.949997,78.260002,79.68,301698
2010-03-03,79.639999,81.230003,79.440002,80.870003,306910
2010-03-04,81.010002,81.089996,79.699997,80.209999,278889
2010-03-05,80.580002,82.07,80.470001,81.5,299634
2010-03-08,81.790001,82.410004,80.75,81.870003,295351
2010-03-09,81.75,81.910004,80.160004,81.489998,332133
2010-03-10,81.379997,83.029999,80.809998,82.089996,430148
2010-03-11,81.980003,82.379997,81.330002,82.110001,279161
2010-03-12,82.199997,83.160004,80.57,81.239998,337201
2010-03-15,81.129997,81.309998,79.129997,79.800003,283135
2010-03-16,79.839996,82.040001,79.32,81.699997,290180
2010-03-17,82.050003,83.089996,81.720001,82.93,275205
2010-03-18,82.849998,82.849998,81.68,82.199997,208343
2010-03-19,82.169998,82.169998,79.860001,80.68,150682
2010-03-22,80.93,81.489998,78.57,81.25,351220
2010-03-23,81.809998,82.199997,80.849998,81.910004,261873
2010-03-24,81.580002,81.639999,79.879997,80.610001,307763
2010-03-25,80.25,81.480003,80.199997,80.529999,296271
2010-03-26,80.129997,81.459999,79.540001,80.0,324607
2010-03-29,80.239998,82.779999,80.18,82.169998,311042
2010-03-30,82.5,82.739998,81.769997,82.370003,244435
2010-03-31,82.5,83.849998,82.220001,83.760002,371961
2010-04-01,83.360001,85.220001,83.209999,84.870003,295387
2010-04-05,85.309998,86.900002,85.059998,86.620003,244106
2010-04-06,86.739998,87.089996,86.129997,86.839996,290480
2010-04-07,86.760002,87.0,85.519997,85.879997,379528
2010-04-08,85.639999,85.879997,84.379997,85.389999,389596
2010-04-09,85.559998,86.370003,84.120003,84.919998,442943
2010-04-12,85.169998,85.709999,84.080002,84.339996,421904
2010-04-13,84.360001,84.419998,82.510002,84.050003,552298
2010-04-14,83.82,86.389999,83.709999,85.839996,425166
2010-04-15,85.910004,86.269997,85.269997,85.510002,274095
2010-04-16,85.349998,85.440002,82.519997,83.239998,268760
2010-04-19,82.919998,83.0,80.529999,81.449997,122831
2010-04-20,81.690002,83.650002,81.510002,83.449997,344024
2010-04-21,84.029999,84.639999,82.919998,83.68,428236
2010-04-22,83.470001,84.07,81.730003,83.699997,433947
2010-04-23,83.75,85.190002,82.919998,85.120003,322550
2010-04-26,85.220001,85.629997,83.730003,84.199997,337123
2010-04-27,83.889999,84.330002,81.790001,82.440002,462842
2010-04-28,81.839996,83.389999,81.290001,83.220001,400695
2010-04-29,83.330002,85.459999,83.010002,85.169998,393689
2010-04-30,85.580002,86.5,85.160004,86.150002,392139
2010-05-03,86.199997,87.150002,85.830002,86.190002,324726
2010-05-04,86.089996,86.239998,82.550003,82.739998,497427
2010-05-05,82.129997,82.830002,79.150002,79.970001,512285
2010-05-06,79.629997,80.389999,74.580002,77.110001,605011
2010-05-07,76.949997,78.190002,74.510002,75.110001,601534
2010-05-10,76.110001,78.510002,75.800003,76.800003,447158
2010-05-11,77.260002,77.68,75.360001,76.370003,441537
2010-05-12,75.889999,77.0,74.75,75.650002,475847
2010-05-13,75.470001,76.449997,73.620003,74.400002,532331
2010-05-14,73.989998,74.129997,70.830002,71.610001,373981
2010-05-17,71.790001,72.25,69.269997,70.080002,355833
2010-05-18,70.5,72.519997,68.910004,69.410004,206381
2010-05-19,69.110001,71.300003,67.900002,69.870003,129166
2010-05-20,71.199997,71.290001,64.239998,68.010002,553741
2010-05-21,69.519997,71.230003,69.0,70.040001,449428
2010-05-24,70.620003,70.959999,69.57,70.209999,279820
2010-05-25,69.900002,70.040001,67.150002,68.75,395399
2010-05-26,70.059998,71.699997,69.209999,71.510002,405519
2010-05-27,70.739998,74.75,70.669998,74.550003,401812
2010-05-28,74.900002,75.720001,73.129997,73.970001,420674
2010-06-01,73.970001,75.330002,71.639999,72.580002,438588
2010-06-02,71.940002,73.93,71.68,72.860001,391034
2010-06-03,73.699997,74.949997,72.32,74.610001,439431
2010-06-04,74.610001,75.419998,70.790001,71.510002,448494
2010-06-07,70.349998,72.489998,69.510002,71.440002,417308
2010-06-08,71.160004,72.400002,70.75,71.989998,421966
2010-06-09,72.510002,74.959999,72.029999,74.379997,436981
2010-06-10,73.870003,76.300003,73.720001,75.480003,430042
2010-06-11,75.519997,75.639999,73.260002,73.779999,421739
2010-06-14,74.059998,75.989998,74.040001,75.120003,321671
2010-06-15,74.769997,77.160004,74.620003,76.940002,308294
2010-06-16,77.059998,78.129997,76.059998,77.669998,323357
2010-06-17,77.449997,77.790001,76.169998,76.790001,303284
2010-06-18,76.550003,77.449997,75.559998,77.18,157434
2010-06-21,77.5,78.919998,76.879997,77.82,124289
2010-06-22,77.349998,78.099998,76.529999,77.209999,285495
2010-06-23,77.519997,77.830002,75.169998,76.349998,365038
2010-06-24,76.0,76.57,75.32,76.510002,260401
2010-06-25,76.559998,79.190002,75.900002,78.860001,316456
2010-06-28,79.0,79.379997,77.720001,78.25,223305
2010-06-29,78.150002,78.32,75.209999,75.940002,323267
2010-06-30,75.459999,76.830002,74.389999,75.629997,357752
2010-07-01,75.370003,75.400002,72.050003,72.949997,405081
2010-07-02,72.669998,73.379997,71.620003,72.139999,256171
2010-07-06,72.059998,73.860001,71.089996,71.980003,325727
2010-07-07,72.07,74.559998,71.440002,74.07,288660
2010-07-08,74.849998,76.0,74.379997,75.440002,325813
2010-07-09,75.849998,76.480003,75.0,76.089996,269887
2010-07-12,76.300003,76.43,74.519997,74.949997,309169
2010-07-13,75.059998,77.370003,74.25,77.150002,361792
2010-07-14,77.129997,78.150002,76.379997,77.040001,364471
2010-07-15,76.760002,77.660004,75.330002,76.620003,366023
2010-07-16,76.82,77.150002,75.25,76.010002,225250
2010-07-19,75.720001,77.690002,75.5,76.540001,169548
2010-07-20,76.400002,77.57,75.650002,77.440002,285817
2010-07-21,77.849998,78.57,76.199997,76.559998,322410
2010-07-22,76.43,79.419998,76.160004,79.300003,358815
2010-07-23,79.269997,79.599998,78.400002,78.980003,259741
2010-07-26,78.980003,79.330002,78.059998,78.980003,227656
2010-07-27,78.919998,79.690002,76.790001,77.5,377844
2010-07-28,77.080002,77.739998,75.900002,76.989998,314173
2010-07-29,76.889999,78.889999,76.449997,78.360001,350581
2010-07-30,78.25,79.050003,76.830002,78.949997,294425
2010-08-02,78.949997,81.769997,78.830002,81.339996,306098
2010-08-03,81.410004,82.639999,81.110001,82.550003,290979
2010-08-04,82.419998,82.970001,81.620003,82.470001,293321
2010-08-05,82.440002,82.480003,81.559998,82.010002,234811
2010-08-06,82.120003,82.669998,80.040001,80.699997,397532
2010-08-09,80.910004,81.760002,80.709999,81.480003,267083
2010-08-10,81.440002,81.620003,79.199997,80.25,385854
2010-08-11,80.220001,80.440002,77.419998,78.019997,416889
2010-08-12,77.309998,77.970001,75.519997,75.739998,430788
2010-08-13,75.75,76.739998,75.010002,75.389999,286126
2010-08-16,75.599998,75.949997,74.860001,75.239998,237455
2010-08-17,75.059998,76.629997,75.010002,75.769997,347432
2010-08-18,75.449997,75.739998,73.830002,75.419998,247104
2010-08-19,75.269997,76.099998,73.959999,74.43,123224
2010-08-20,74.449997,74.599998,73.190002,73.459999,246977
2010-08-23,73.900002,74.480003,72.75,73.099998,252439
2010-08-24,72.949997,73.050003,71.32,71.629997,340994
2010-08-25,71.470001,72.870003,70.760002,72.519997,343405
2010-08-26,72.82,73.980003,72.540001,73.360001,362828
2010-08-27,73.18,75.449997,72.040001,75.169998,477903
2010-08-30,75.5,75.580002,74.169998,74.699997,260666
2010-08-31,74.07,74.730003,71.529999,71.919998,469412
2010-09-01,71.699997,74.480003,71.669998,73.910004,396607
2010-09-02,73.910004,75.139999,73.110001,75.019997,340168
2010-09-03,74.93,75.440002,73.199997,74.599998,379300
2010-09-07,74.300003,74.629997,72.629997,74.089996,406641
2010-09-08,73.910004,75.389999,73.370003,74.669998,359759
2010-09-09,74.919998,75.959999,73.879997,74.25,372881
2010-09-10,74.400002,76.730003,74.370003,76.449997,431370
2010-09-13,76.360001,78.040001,76.360001,77.190002,349157
2010-09-14,77.169998,77.989998,76.209999,76.800003,416114
2010-09-15,76.639999,76.650002,74.660004,76.019997,356325
2010-09-16,75.760002,75.989998,74.110001,74.57,289281
2010-09-17,74.470001,75.25,72.75,73.660004,195831
2010-09-20,73.589996,75.449997,73.32,74.860001,132427
2010-09-21,74.57,74.599998,72.809998,73.519997,311954
2010-09-22,74.790001,76.0,73.839996,74.709999,343846
2010-09-23,74.839996,75.610001,73.580002,75.18,295903
2010-09-24,74.949997,76.68,74.660004,76.489998,288499
2010-09-27,76.470001,77.169998,75.519997,76.519997,289641
2010-09-28,76.230003,77.120003,75.529999,76.18,329350
2010-09-29,76.199997,78.129997,75.599998,77.860001,388993
2010-09-30,77.910004,80.18,77.550003,79.970001,418628
2010-10-01,79.839996,81.690002,79.699997,81.580002,359944
2010-10-04,81.68,82.379997,80.769997,81.470001,313306
2010-10-05,81.370003,82.989998,81.150002,82.82,336832
2010-10-06,82.599998,84.089996,82.290001,83.230003,349174
2010-10-07,83.269997,84.43,81.0,81.669998,450952
2010-10-08,81.43,83.129997,80.300003,82.660004,414081
2010-10-11,82.949997,83.5,81.849998,82.209999,234320
2010-10-12,81.940002,82.330002,80.879997,81.669998,333582
2010-10-13,81.720001,83.449997,81.68,83.010002,330288
2010-10-14,83.230003,84.120003,82.209999,82.690002,340955
2010-10-15,82.769997,83.330002,80.75,81.25,345844
2010-10-18,81.379997,83.279999,80.349998,83.080002,225081
2010-10-19,82.949997,83.209999,79.389999,79.489998,151357
2010-10-20,79.480003,82.029999,79.349998,81.769997,422745
2010-10-21,82.550003,82.699997,80.089996,80.559998,378285
2010-10-22,80.730003,82.07,80.410004,81.690002,256382
2010-10-25,82.010002,83.279999,81.449997,82.519997,339395
2010-10-26,82.470001,82.879997,81.809998,82.550003,265930
2010-10-27,82.480003,82.690002,80.519997,81.940002,375249
2010-10-28,81.989998,82.639999,81.5,82.18,296748
2010-10-29,81.919998,82.120003,80.559998,81.43,313874
2010-11-01,81.449997,83.860001,81.32,82.949997,358535
2010-11-02,82.879997,84.470001,82.830002,83.900002,281834
2010-11-03,84.370003,85.360001,83.57,84.690002,393735
2010-11-04,85.089996,86.830002,84.919998,86.489998,317997
2010-11-05,86.599998,87.43,85.959999,86.849998,317997
2010-11-08,87.389999,87.489998,85.959999,87.059998,309966
2010-11-09,86.75,87.629997,85.480003,86.720001,367995
2010-11-10,86.449997,88.209999,86.099998,87.809998,472840
2010-11-11,87.849998,88.629997,87.540001,87.809998,343012
2010-11-12,87.730003,87.849998,84.519997,84.879997,478815
2010-11-15,84.870003,85.769997,84.480003,84.860001,315260
2010-11-16,84.580002,84.739998,82.07,82.339996,454828
2010-11-17,82.440002,82.669998,80.059998,80.440002,334525
2010-11-18,80.449997,82.349998,80.440002,81.849998,160405
2010-11-19,82.239998,82.75,80.589996,81.510002,324513
2010-11-22,82.150002,82.870003,80.68,81.739998,290222
2010-11-23,81.610001,82.099998,80.279999,81.25,351860
2010-11-24,80.989998,84.199997,80.970001,83.860001,324511
2010-11-26,84.209999,84.529999,82.779999,83.760002,174178
2010-11-29,83.900002,85.830002,83.589996,85.730003,335800
2010-11-30,85.809998,85.900002,83.550003,84.110001,338358
2010-12-01,83.660004,86.949997,83.629997,86.75,340736
2010-12-02,86.800003,88.129997,86.269997,88.0,330642
2010-12-03,87.940002,89.489998,87.139999,89.190002,354635
2010-12-06,89.440002,89.760002,88.559998,89.379997,293836
2010-12-07,88.919998,90.760002,88.099998,88.690002,462689
2010-12-08,88.349998,88.989998,87.330002,88.279999,383144
2010-12-09,88.550003,89.419998,87.709999,88.370003,353964
2010-12-10,88.510002,89.0,87.099998,87.790001,313842
2010-12-13,87.68,89.489998,87.440002,88.610001,329766
2010-12-14,88.190002,88.949997,87.739998,88.279999,281851
2010-12-15,88.279999,89.089996,86.830002,88.620003,355056
2010-12-16,88.480003,88.650002,87.629997,87.699997,221145
2010-12-17,87.870003,88.519997,87.010002,88.019997,152396
2010-12-20,88.18,88.980003,87.260002,88.809998,265975
2010-12-21,89.220001,89.970001,89.059998,89.82,187321
2010-12-22,89.989998,90.800003,89.849998,90.480003,187386
2010-12-23,90.610001,91.629997,90.330002,91.510002,145007
2010-12-27,91.07,91.879997,90.510002,91.0,104321
2010-12-28,90.790001,91.669998,90.75,91.489998,104415
2010-12-29,91.269997,91.529999,90.800003,91.120003,117853
2010-12-30,90.980003,91.400002,89.019997,89.839996,209645
2010-12-31,89.669998,92.059998,89.050003,91.379997,171010
2011-01-03,91.309998,92.580002,91.209999,91.550003,225189
2011-01-04,91.5,92.07,88.360001,89.379997,415521
2011-01-05,89.290001,90.839996,88.099998,90.300003,416908
2011-01-06,90.470001,90.709999,87.849998,88.379997,440456
2011-01-07,88.18,89.480003,87.25,88.029999,444813
2011-01-10,89.0,89.980003,88.129997,89.25,430277
2011-01-11,89.309998,91.389999,88.93,91.110001,429761
2011-01-12,91.18,92.389999,90.790001,91.860001,382686
2011-01-13,92.0,92.370003,90.75,91.400002,358898
2011-01-14,90.989998,91.690002,90.099998,91.540001,313331
2011-01-18,91.510002,91.900002,90.550003,91.379997,211930
2011-01-19,91.339996,92.099998,90.470001,90.860001,109525
2011-01-20,90.699997,90.860001,88.0,88.860001,442041
2011-01-21,89.449997,90.220001,88.870003,89.110001,287810
2011-01-24,89.260002,89.629997,87.269997,87.870003,356085
2011-01-25,87.699997,87.849998,86.120003,86.190002,338646
2011-01-26,86.230003,87.779999,86.029999,87.330002,347753
2011-01-27,87.550003,87.660004,85.419998,85.639999,369379
2011-01-28,85.279999,89.730003,85.110001,89.339996,584789
2011-01-31,89.970001,92.839996,88.400002,92.190002,436801
2011-02-01,92.199997,92.449997,90.440002,90.769997,392882
2011-02-02,90.510002,91.779999,90.099998,90.860001,312107
2011-02-03,90.93,92.050003,90.0,90.540001,290494
2011-02-04,90.629997,91.669998,88.449997,89.029999,359925
2011-02-07,89.059998,89.540001,87.18,87.480003,324984
2011-02-08,87.410004,88.110001,85.879997,86.940002,414877
2011-02-09,87.349998,87.949997,86.360001,86.709999,367209
2011-02-10,86.93,87.900002,85.959999,86.730003,419188
2011-02-11,87.699997,87.769997,85.099998,85.580002,383391
2011-02-14,85.5,86.519997,84.580002,84.809998,319329
2011-02-15,84.839996,85.970001,83.849998,84.32,284165
2011-02-16,84.440002,85.949997,84.120003,84.989998,297660
2011-02-17,85.25,86.629997,84.379997,86.360001,176128
2011-02-18,86.400002,87.879997,85.650002,86.199997,155296
2011-02-22,86.379997,94.489998,86.25,93.57,638193
2011-02-23,95.68,100.0,95.139999,98.099998,489667
2011-02-24,98.970001,103.410004,95.620003,97.279999,507456
2011-02-25,96.629997,99.199997,96.169998,97.879997,307903
2011-02-28,98.5,99.959999,96.709999,96.970001,262001
2011-03-01,96.970001,100.68,96.370003,99.629997,322429
2011-03-02,100.480003,102.43,99.209999,102.230003,446378
2011-03-03,102.389999,102.940002,100.150002,101.910004,382555
2011-03-04,101.699997,105.169998,101.540001,104.419998,369148
2011-03-07,104.650002,106.949997,104.25,105.440002,404435
2011-03-08,104.849998,105.790001,103.330002,105.019997,420036
2011-03-09,104.959999,105.919998,103.900002,104.379997,353948
2011-03-10,104.449997,105.059998,100.620003,102.699997,432988
2011-03-11,102.639999,103.0,99.010002,101.160004,342531
2011-03-14,100.309998,101.599998,98.470001,101.190002,289434
2011-03-15,101.860001,101.870003,96.709999,97.18,388736
2011-03-16,97.400002,99.599998,96.220001,97.980003,357944
2011-03-17,98.099998,101.989998,96.599998,101.419998,261573
2011-03-18,101.779999,103.660004,100.139999,101.07,217675
2011-03-21,102.120003,103.349998,101.660004,102.330002,103960
2011-03-22,102.099998,104.540001,101.43,104.0,303365
2011-03-23,104.849998,106.339996,104.379997,105.75,254571
2011-03-24,105.519997,106.690002,104.760002,105.599998,258015
2011-03-25,105.459999,105.949997,104.5,105.400002,235658
2011-03-28,105.43,105.760002,103.599998,103.980003,223079
2011-03-29,103.940002,105.0,102.699997,104.790001,246824
2011-03-30,104.449997,105.150002,103.440002,104.269997,256895
2011-03-31,104.309998,106.830002,104.120003,106.720001,270630
2011-04-01,106.620003,108.230003,106.300003,107.940002,283710
2011-04-04,108.290001,108.779999,107.580002,108.470001,228494
2011-04-05,108.199997,108.599998,107.5,108.339996,249358
2011-04-06,107.989998,109.150002,107.720001,108.830002,255598
2011-04-07,108.669998,110.440002,108.230003,110.300003,334906
2011-04-08,110.32,113.18,110.110001,112.790001,319475
2011-04-11,113.279999,113.459999,108.879997,109.919998,364348
2011-04-12,108.970001,110.239998,105.470001,106.25,555625
2011-04-13,106.019997,107.43,105.309998,107.110001,456863
2011-04-14,107.32,108.550003,105.769997,108.110001,352072
2011-04-15,108.449997,110.099998,107.209999,109.660004,224394
2011-04-18,109.43,109.440002,106.540001,107.120003,138178
2011-04-19,107.519997,108.449997,105.5,108.150002,324778
2011-04-20,108.449997,111.660004,107.959999,111.449997,291546
2011-04-21,111.370003,112.480003,111.0,112.290001,240462
2011-04-25,112.339996,113.480003,111.080002,112.279999,209683
2011-04-26,112.150002,112.639999,111.120003,112.209999,234441
2011-04-27,111.889999,113.400002,110.709999,112.760002,338697
2011-04-28,113.129997,113.970001,111.690002,112.860001,301604
2011-04-29,112.82,114.18,112.25,113.93,201831
2011-05-02,113.889999,114.830002,110.82,113.519997,310994
2011-05-03,112.980003,113.220001,110.300003,111.050003,300333
2011-05-04,110.68,111.220001,108.480003,109.239998,333018
2011-05-05,108.779999,109.379997,98.25,99.800003,670082
2011-05-06,99.760002,102.379997,94.629997,97.18,606528
2011-05-09,98.110001,103.400002,97.419998,102.550003,469290
2011-05-10,102.440002,103.949997,100.120003,103.879997,439607
2011-05-11,103.690002,104.599998,97.5,98.209999,524761
2011-05-12,98.589996,100.489998,95.25,98.970001,522503
2011-05-13,98.809998,100.699997,97.089996,99.650002,367717
2011-05-16,99.360001,99.650002,96.889999,97.370003,335318
2011-05-17,96.980003,97.809998,95.019997,96.910004,399128
2011-05-18,97.57,100.989998,97.459999,100.099998,285299
2011-05-19,99.760002,100.790001,98.160004,98.440002,142668
2011-05-20,98.599998,99.900002,95.989998,99.489998,394911
2011-05-23,99.68,100.040001,96.370003,97.699997,296828
2011-05-24,97.540001,100.089996,96.610001,99.589996,339530
2011-05-25,99.269997,101.629997,98.199997,101.32,354880
2011-05-26,101.239998,101.900002,99.610001,100.230003,332135
2011-05-27,100.160004,101.239998,100.040001,100.589996,212254
2011-05-31,100.690002,103.389999,99.599998,102.699997,319037
2011-06-01,102.68,103.309998,99.860001,100.290001,376476
2011-06-02,99.790001,100.900002,98.459999,100.400002,389637
2011-06-03,100.870003,100.870003,98.120003,100.220001,351309
2011-06-06,100.419998,100.68,98.550003,99.010002,289670
2011-06-07,98.82,99.699997,97.739998,99.089996,415373
2011-06-08,99.580002,101.889999,98.019997,100.739998,484275
2011-06-09,100.830002,102.440002,100.739998,101.93,345542
2011-06-10,101.839996,102.150002,98.599998,99.290001,379238
2011-06-13,98.769997,99.32,96.129997,97.300003,381993
2011-06-14,97.089996,99.440002,96.510002,99.370003,347721
2011-06-15,99.68,99.949997,94.010002,94.809998,508717
2011-06-16,95.290001,95.75,94.290001,94.949997,336011
2011-06-17,95.099998,95.400002,91.839996,93.010002,245013
2011-06-20,92.800003,93.489998,91.139999,93.260002,136837
2011-06-21,93.489998,94.739998,92.5,93.400002,323911
2011-06-22,93.760002,95.699997,93.239998,95.410004,296275
2011-06-23,94.400002,94.470001,89.690002,91.019997,484057
2011-06-24,92.290001,92.339996,89.82,91.160004,337767
2011-06-27,91.160004,91.300003,89.610001,90.610001,278681
2011-06-28,90.709999,92.959999,90.440002,92.889999,279024
2011-06-29,93.370003,95.839996,92.660004,94.769997,348790
2011-06-30,95.080002,95.82,93.879997,95.419998,276580
2011-07-01,95.120003,95.389999,93.449997,94.940002,263626
2011-07-05,94.980003,97.480003,94.339996,96.889999,275650
2011-07-06,97.0,97.790001,95.900002,96.650002,288321
2011-07-07,97.040001,99.419998,96.989998,98.669998,339270
2011-07-08,98.790001,99.18,95.599998,96.199997,347999
2011-07-11,96.099998,96.75,94.139999,95.150002,311449
2011-07-12,95.089996,97.5,93.550003,97.43,343493
2011-07-13,96.720001,99.209999,96.529999,98.050003,355098
2011-07-14,97.589996,98.879997,94.529999,95.690002,403419
2011-07-15,96.029999,97.739998,95.209999,97.239998,266461
2011-07-18,97.370003,97.690002,94.690002,95.93,203973
2011-07-19,96.160004,98.650002,95.93,97.5,138045
2011-07-20,98.110001,99.019997,96.639999,98.139999,295669
2011-07-21,98.360001,100.160004,97.199997,99.129997,293973
2011-07-22,99.199997,100.190002,98.43,99.870003,223266
2011-07-25,99.760002,99.870003,98.519997,99.199997,205209
2011-07-26,99.150002,100.620003,97.760002,99.589996,332692
2011-07-27,99.18,99.5,97.139999,97.400002,304524
2011-07-28,97.269997,98.010002,96.510002,97.440002,236246
2011-07-29,97.160004,97.389999,94.949997,95.699997,284385
2011-08-01,96.199997,98.599998,93.419998,94.889999,398857
2011-08-02,95.019997,95.68,93.080002,93.790001,328175
2011-08-03,93.150002,93.75,91.220001,91.93,350221
2011-08-04,91.940002,92.589996,86.040001,86.629997,535941
2011-08-05,86.5,88.32,82.870003,86.879997,512488
2011-08-08,85.709999,85.730003,80.169998,81.309998,521066
2011-08-09,81.099998,83.050003,75.709999,79.300003,605796
2011-08-10,81.900002,83.139999,79.529999,82.889999,520144
2011-08-11,81.949997,85.970001,81.029999,85.720001,502092
2011-08-12,85.550003,87.370003,84.019997,85.379997,350091
2011-08-15,85.589996,88.050003,84.400002,87.879997,292796
2011-08-16,87.68,87.93,85.620003,86.650002,375339
2011-08-17,87.099998,89.0,86.650002,87.580002,344487
2011-08-18,87.410004,87.529999,81.150002,82.379997,331275
2011-08-19,81.300003,83.550003,79.169998,82.260002,148811
2011-08-22,82.419998,84.669998,81.129997,84.120003,374045
2011-08-23,84.449997,86.389999,83.400002,85.440002,353947
2011-08-24,85.669998,86.589996,84.550003,85.160004,294928
2011-08-25,85.169998,86.559998,83.010002,85.300003,357816
2011-08-26,85.089996,85.639999,82.949997,85.370003,283261
2011-08-29,85.330002,87.620003,85.110001,87.269997,208605
2011-08-30,87.510002,89.209999,86.459999,88.900002,315383
2011-08-31,88.790001,89.540001,87.669998,88.809998,317696
2011-09-01,88.730003,89.900002,88.209999,88.93,282342
2011-09-02,88.779999,88.989998,85.419998,86.449997,307284
2011-09-06,86.459999,86.599998,83.199997,86.019997,316166
2011-09-07,86.5,90.480003,86.150002,89.339996,313728
2011-09-08,90.110001,90.230003,88.589996,89.050003,336725
2011-09-09,88.769997,89.5,85.639999,87.239998,349238
2011-09-12,86.699997,88.949997,85.0,88.190002,355070
2011-09-13,88.949997,90.519997,87.809998,90.209999,364262
2011-09-14,89.879997,90.25,88.209999,88.910004,330978
2011-09-15,88.599998,90.150002,88.010002,89.400002,296285
2011-09-16,89.110001,89.779999,87.0,87.959999,210962
2011-09-19,87.75,87.75,84.790001,85.699997,132221
2011-09-20,85.839996,87.459999,85.110001,86.889999,264593
2011-09-21,86.510002,87.989998,84.919998,85.919998,298905
2011-09-22,84.809998,85.0,79.660004,80.510002,459998
2011-09-23,80.400002,81.809998,77.550003,79.849998,427569
2011-09-26,79.639999,81.360001,77.110001,80.239998,325671
2011-09-27,81.480003,84.769997,80.919998,84.449997,313568
2011-09-28,83.760002,84.620003,80.540001,81.209999,282850
2011-09-29,80.669998,83.980003,79.639999,82.139999,351345
2011-09-30,83.07,83.230003,78.599998,79.199997,367957
2011-10-03,78.919998,79.639999,76.650002,77.610001,392782
2011-10-04,76.400002,77.989998,74.949997,75.669998,428113
2011-10-05,78.25,79.82,76.940002,79.68,336067
2011-10-06,79.709999,82.900002,79.080002,82.589996,386089
2011-10-07,82.57,84.0,81.360001,82.980003,377540
2011-10-10,82.75,86.089996,82.75,85.410004,264825
2011-10-11,85.699997,86.639999,83.970001,85.809998,362324
2011-10-12,85.199997,86.589996,84.519997,85.57,294230
2011-10-13,84.93,85.389999,83.169998,84.230003,360268
2011-10-14,84.470001,87.400002,83.769997,86.800003,274846
2011-10-17,87.480003,88.18,85.879997,86.379997,227298
2011-10-18,86.199997,89.029999,85.550003,88.339996,203765
2011-10-19,88.260002,89.510002,85.870003,86.110001,112020
2011-10-20,86.099998,86.940002,84.099998,85.300003,389241
2011-10-21,86.5,88.889999,85.949997,87.400002,296555
2011-10-24,87.050003,91.879997,87.0,91.269997,484139
2011-10-25,91.690002,94.650002,91.099998,93.169998,489373
2011-10-26,92.589996,93.919998,90.0,90.199997,411445
2011-10-27,90.980003,94.25,90.739998,93.959999,327446
2011-10-28,93.93,93.93,92.010002,93.32,276760
2011-10-31,93.529999,93.800003,91.360001,93.190002,228561
2011-11-01,92.580002,92.879997,89.169998,92.190002,351343
2011-11-02,91.599998,93.790001,90.970001,92.510002,265626
2011-11-03,92.989998,94.610001,90.870003,94.07,299987
2011-11-04,94.239998,94.93,92.870003,94.260002,295457
2011-11-07,94.260002,96.110001,93.230003,95.519997,321186
2011-11-08,95.870003,97.080002,95.230003,96.800003,313566
2011-11-09,96.809998,97.839996,94.540001,95.739998,445712
2011-11-10,95.75,98.349998,95.199997,97.779999,347730
2011-11-11,97.510002,99.199997,97.349998,98.989998,282786
2011-11-14,99.300003,99.690002,97.190002,98.139999,351523
2011-11-15,98.040001,99.839996,97.510002,99.370003,353319
2011-11-16,99.32,102.889999,98.389999,102.589996,379612
2011-11-17,101.760002,103.370003,98.279999,98.82,194039
2011-11-18,98.610001,100.150002,96.639999,97.410004,341638
2011-11-21,97.540001,97.860001,95.239998,96.919998,279104
2011-11-22,97.199997,98.699997,96.550003,98.010002,319245
2011-11-23,97.790001,97.870003,95.349998,96.169998,283449
2011-11-25,95.790001,97.550003,94.989998,96.769997,185841
2011-11-28,97.5,100.739998,97.129997,98.209999,311735
2011-11-29,97.75,100.150002,97.230003,99.790001,320858
2011-11-30,99.480003,101.75,98.919998,100.360001,302863
2011-12-01,100.510002,101.169998,98.870003,100.199997,275858
2011-12-02,100.0,101.559998,99.760002,100.959999,245915
2011-12-05,101.230003,102.440002,100.239998,100.989998,239380
2011-12-06,100.449997,101.419998,100.199997,101.279999,217029
2011-12-07,101.110001,101.940002,99.669998,100.489998,330533
2011-12-08,100.839996,101.730003,97.709999,98.339996,340677
2011-12-09,98.080002,99.910004,97.360001,99.410004,318767
2011-12-12,99.580002,99.68,97.540001,97.769997,279146
2011-12-13,97.849998,101.25,97.639999,100.139999,380754
2011-12-14,100.330002,100.330002,94.209999,94.949997,377475
2011-12-15,94.889999,95.989998,93.309998,93.870003,273761
2011-12-16,93.419998,94.790001,92.519997,93.529999,205893
2011-12-19,93.760002,94.419998,92.540001,93.879997,114563
2011-12-20,94.139999,97.449997,94.139999,97.220001,242305
2011-12-21,97.529999,99.25,96.800003,98.669998,219505
2011-12-22,99.029999,100.050003,98.510002,99.529999,151560
2011-12-23,99.480003,100.230003,99.239998,99.68,95270
2011-12-27,99.919998,101.769997,99.370003,101.339996,124238
2011-12-28,101.25,101.709999,99.110001,99.360001,164655
2011-12-29,99.589996,99.919998,98.300003,99.650002,153915
2011-12-30,99.779999,100.160004,98.610001,98.830002,154064
2012-01-03,99.699997,103.18,99.650002,102.959999,275481
2012-01-04,102.989998,103.739998,101.879997,103.220001,271711
2012-01-05,103.290001,103.730003,101.300003,101.809998,295615
2012-01-06,101.349998,102.800003,100.879997,101.559998,290458
2012-01-09,101.919998,102.150002,100.099998,101.309998,311866
2012-01-10,101.300003,103.410004,101.300003,102.239998,291273
2012-01-11,102.199997,102.459999,100.550003,100.870003,311641
2012-01-12,101.0,102.980003,98.5,99.099998,370509
2012-01-13,99.199997,100.190002,97.699997,98.699997,335624
2012-01-17,98.949997,101.010002,98.599998,100.709999,341887
2012-01-18,100.910004,102.059998,99.839996,100.589996,269387
2012-01-19,101.139999,102.059998,99.980003,100.389999,120170
2012-01-20,100.389999,100.739998,97.910004,98.459999,304986
2012-01-23,98.339996,100.239998,97.400002,99.580002,238960
2012-01-24,99.879997,100.18,98.25,98.949997,242477
2012-01-25,99.199997,100.400002,97.529999,99.400002,322794
2012-01-26,99.959999,101.389999,99.230003,99.699997,260744
2012-01-27,99.93,100.629997,99.129997,99.559998,253456
2012-01-30,100.0,100.050003,98.43,98.779999,215829
2012-01-31,98.879997,101.290001,97.860001,98.480003,373891
2012-02-01,98.379997,99.489998,97.110001,97.610001,293554
2012-02-02,97.110001,97.989998,95.440002,96.360001,331240
2012-02-03,96.610001,98.029999,96.010002,97.839996,318638
2012-02-06,97.739998,97.75,96.379997,96.910004,257715
2012-02-07,97.129997,99.129997,95.839996,98.410004,415728
2012-02-08,98.769997,100.089996,98.099998,98.709999,364737
2012-02-09,99.099998,100.18,98.660004,99.839996,295425
2012-02-10,99.889999,99.889999,97.32,98.669998,307564
2012-02-13,99.330002,101.0,99.089996,100.910004,268062
2012-02-14,100.730003,101.839996,100.279999,100.739998,314286
2012-02-15,100.900002,102.540001,100.610001,101.800003,278272
2012-02-16,101.900002,102.690002,100.839996,102.309998,197307
2012-02-17,102.349998,104.139999,102.25,103.239998,134499
2012-02-21,104.650002,106.07,104.260002,105.839996,316239
2012-02-22,106.010002,106.720001,105.610001,106.279999,241329
2012-02-23,105.949997,108.739998,105.449997,107.830002,325662
2012-02-24,108.660004,109.949997,107.949997,109.769997,267713
2012-02-27,109.669998,109.769997,107.269997,108.559998,277597
2012-02-28,107.949997,108.790001,106.300003,106.550003,278723
2012-02-29,106.459999,107.43,104.839996,107.07,353125
2012-03-01,106.82,110.550003,106.550003,108.839996,389838
2012-03-02,108.75,109.029999,105.800003,106.699997,299664
2012-03-05,106.75,107.419998,105.5,106.720001,237450
2012-03-06,107.110001,107.339996,104.510002,104.699997,332561
2012-03-07,104.93,106.550003,104.349998,106.160004,333242
2012-03-08,106.239998,107.199997,105.839996,106.580002,279597
2012-03-09,106.910004,108.199997,106.129997,107.400002,292694
2012-03-12,107.5,107.559998,105.379997,106.339996,234727
2012-03-13,106.550003,107.349998,105.669998,106.709999,282350
2012-03-14,106.690002,107.019997,105.120003,105.43,283510
2012-03-15,105.5,106.18,103.779999,105.110001,371039
2012-03-16,105.440002,107.339996,105.129997,107.059998,192992
2012-03-19,107.18,108.239998,106.550003,108.089996,110353
2012-03-20,107.82,107.910004,105.349998,105.610001,329535
2012-03-21,106.330002,107.639999,106.059998,107.269997,252603
2012-03-22,106.809998,107.120003,104.5,105.349998,295474
2012-03-23,105.519997,108.25,105.160004,106.870003,260269
2012-03-26,106.790001,107.32,106.190002,107.029999,162276
2012-03-27,107.089996,107.730003,106.519997,107.330002,209036
2012-03-28,106.809998,106.940002,104.669998,105.410004,309064
2012-03-29,105.580002,105.699997,102.129997,102.779999,319988
2012-03-30,103.290001,104.150002,102.779999,103.019997,244155
2012-04-02,103.269997,105.489998,102.059998,105.230003,278097
2012-04-03,105.040001,105.18,103.589996,104.010002,245541
2012-04-04,104.089996,104.120003,101.080002,101.470001,300729
2012-04-05,101.959999,103.400002,101.370003,103.309998,242903
2012-04-09,102.529999,102.599998,100.809998,102.459999,205924
2012-04-10,102.330002,102.959999,100.68,101.019997,312927
2012-04-11,100.940002,103.129997,100.839996,102.699997,283008
2012-04-12,102.550003,104.239998,102.389999,103.639999,271285
2012-04-13,103.660004,103.900002,102.610001,102.830002,227259
2012-04-16,102.800003,103.370003,101.800003,102.93,284959
2012-04-17,103.150002,105.07,102.660004,104.199997,244523
2012-04-18,104.220001,104.510002,102.190002,102.669998,195812
2012-04-19,102.730003,103.209999,101.669998,102.269997,91398
2012-04-20,102.57,104.269997,102.449997,103.050003,225790
2012-04-23,103.82,103.900002,101.82,103.110001,213202
2012-04-24,103.110001,104.099998,102.790001,103.550003,196136
2012-04-25,103.760002,104.57,103.110001,104.120003,276652
2012-04-26,103.959999,104.919998,103.839996,104.550003,192832
2012-04-27,104.099998,105.0,103.739998,104.93,182104
2012-04-30,104.93,105.160004,103.879997,104.870003,211453
2012-05-01,104.889999,106.43,104.389999,106.160004,245921
2012-05-02,105.980003,106.050003,104.910004,105.220001,256649
2012-05-03,105.389999,105.419998,102.360001,102.540001,316883
2012-05-04,102.589996,102.720001,97.510002,98.489998,443060
2012-05-07,98.050003,98.239998,95.339996,97.940002,300474
2012-05-08,97.959999,98.120003,95.519997,97.010002,333767
2012-05-09,97.379997,97.389999,95.169998,96.809998,332865
2012-05-10,96.449997,97.690002,96.080002,97.080002,282314
2012-05-11,96.529999,97.199997,95.559998,96.129997,260539
2012-05-14,95.790001,95.830002,93.650002,94.779999,251994
2012-05-15,93.910004,95.480003,93.019997,93.980003,284712
2012-05-16,93.160004,94.160004,91.809998,92.809998,308371
2012-05-17,92.769997,93.879997,92.089996,92.559998,280073
2012-05-18,92.860001,92.879997,90.93,91.480003,211749
2012-05-21,91.269997,93.059998,90.839996,92.57,107239
2012-05-22,92.639999,93.010002,91.400002,91.660004,226226
2012-05-23,91.540001,91.720001,89.279999,89.900002,275522
2012-05-24,90.529999,91.519997,89.809998,90.660004,231521
2012-05-25,90.790001,91.32,90.199997,90.860001,153921
2012-05-29,91.0,92.209999,90.25,90.760002,262562
2012-05-30,90.860001,90.919998,87.269997,87.82,297197
2012-05-31,87.550003,88.279999,85.860001,86.529999,345433
2012-06-01,86.440002,86.589996,82.290001,83.230003,407579
2012-06-04,82.959999,84.379997,81.209999,83.980003,309777
2012-06-05,84.139999,84.919998,83.309998,84.290001,246358
2012-06-06,84.120003,86.269997,84.029999,85.019997,313102
2012-06-07,85.5,87.029999,83.43,84.82,339002
2012-06-08,83.629997,84.669998,82.0,84.099998,304641
2012-06-11,85.720001,86.639999,81.110001,82.699997,343211
2012-06-12,81.18,83.720001,81.07,83.32,320803
2012-06-13,83.510002,84.010002,82.150002,82.620003,327544
2012-06-14,82.440002,84.419998,82.269997,83.910004,278944
2012-06-15,84.330002,84.800003,83.419998,84.029999,216554
2012-06-18,85.089996,85.599998,82.040001,83.269997,216955
2012-06-19,83.059998,84.410004,82.279999,84.029999,109008
2012-06-20,84.040001,84.339996,80.910004,81.800003,413790
2012-06-21,81.080002,81.199997,77.93,78.199997,376969
2012-06-22,78.110001,80.370003,77.559998,79.760002,293224
2012-06-25,80.199997,80.68,78.029999,79.209999,249004
2012-06-26,79.230003,79.68,78.360001,79.360001,253304
2012-06-27,79.470001,80.919998,78.68,80.209999,253006
2012-06-28,80.480003,80.839996,77.279999,77.690002,310148
2012-06-29,78.459999,85.339996,78.279999,84.959999,439010
2012-07-02,84.650002,85.050003,82.099998,83.75,299104
2012-07-03,83.669998,88.040001,83.330002,87.660004,336186
2012-07-05,87.75,88.980003,86.5,87.220001,368616
2012-07-06,86.730003,87.129997,84.019997,84.449997,296204
2012-07-09,84.199997,86.480003,84.0,85.989998,256901
2012-07-10,85.839996,85.949997,83.650002,83.910004,291409
2012-07-11,84.010002,86.489998,84.010002,85.809998,307821
2012-07-12,86.199997,86.370003,84.209999,86.080002,240725
2012-07-13,85.860001,87.610001,85.580002,87.099998,260828
2012-07-16,87.129997,88.480003,86.410004,88.43,223124
2012-07-17,88.260002,89.459999,87.410004,89.220001,262785
2012-07-18,89.129997,90.040001,88.589996,89.870003,192847
2012-07-19,90.080002,92.940002,89.860001,92.660004,102928
2012-07-20,92.220001,92.300003,90.660004,91.440002,249172
2012-07-23,91.610001,91.639999,87.910004,88.139999,290355
2012-07-24,88.050003,89.089996,87.43,88.5,309865
2012-07-25,88.199997,89.360001,86.839996,88.970001,289552
2012-07-26,89.099998,90.470001,88.07,89.389999,233400
2012-07-27,89.43,90.449997,89.129997,90.129997,210412
2012-07-30,90.139999,90.949997,89.330002,89.779999,191095
2012-07-31,89.669998,90.300003,87.309998,88.059998,282851
2012-08-01,88.029999,89.470001,87.510002,88.910004,281204
2012-08-02,88.870003,89.629997,86.919998,87.129997,302698
2012-08-03,87.260002,91.739998,87.230003,91.400002,301783
2012-08-06,91.339996,92.330002,90.629997,92.199997,194374
2012-08-07,92.050003,94.419998,91.779999,93.669998,260012
2012-08-08,93.410004,94.720001,92.82,93.349998,269931
2012-08-09,93.43,94.209999,93.07,93.360001,258637
2012-08-10,93.459999,93.870003,91.709999,92.870003,224512
2012-08-13,93.25,94.139999,92.050003,92.730003,280268
2012-08-14,92.709999,93.919998,92.559998,93.43,200411
2012-08-15,93.25,94.900002,92.68,94.330002,281643
2012-08-16,94.209999,95.75,93.93,95.599998,212628
2012-08-17,95.230003,96.279999,94.980003,96.010002,162591
2012-08-20,96.360001,96.529999,95.019997,95.970001,113309
2012-08-21,95.970001,97.599998,95.809998,96.68,220192
2012-08-22,96.940002,97.540001,96.260002,97.260002,217435
2012-08-23,97.300003,98.290001,95.75,96.269997,225156
2012-08-24,96.059998,97.169998,95.410004,96.150002,204231
2012-08-27,96.669998,97.720001,94.410004,95.470001,230844
2012-08-28,95.660004,96.540001,95.139999,96.330002,198458
2012-08-29,96.080002,96.370003,94.760002,95.489998,185887
2012-08-30,95.300003,95.599998,93.949997,94.620003,192455
2012-08-31,94.75,96.919998,94.510002,96.470001,249063
2012-09-04,96.379997,97.370003,94.970001,95.300003,256147
2012-09-05,95.610001,96.029999,94.260002,95.360001,233044
2012-09-06,96.0,97.709999,94.589996,95.529999,327082
2012-09-07,94.699997,96.739998,94.080002,96.419998,293026
2012-09-10,96.239998,96.629997,95.339996,96.540001,221996
2012-09-11,96.290001,97.309998,96.080002,97.169998,222006
2012-09-12,96.849998,98.059998,96.309998,97.010002,223528
2012-09-13,96.93,98.580002,96.510002,98.309998,291055
2012-09-14,98.040001,100.419998,97.989998,99.0,271794
2012-09-17,99.150002,99.519997,94.650002,96.620003,308274
2012-09-18,96.709999,97.230003,95.110001,95.290001,196211
2012-09-19,95.489998,96.169998,91.25,91.980003,133035
2012-09-20,91.769997,92.370003,90.660004,91.870003,244553
2012-09-21,92.93,93.839996,92.589996,92.889999,181036
2012-09-24,93.18,93.18,91.059998,91.93,188315
2012-09-25,92.110001,93.199997,90.57,91.370003,239024
2012-09-26,90.82,91.339996,88.949997,89.980003,272057
2012-09-27,90.080002,92.389999,89.879997,91.849998,237289
2012-09-28,92.349998,92.709999,91.400002,92.190002,210195
2012-10-01,92.150002,93.330002,91.260002,92.480003,216005
2012-10-02,92.410004,92.940002,91.620003,91.889999,177728
2012-10-03,91.639999,91.82,87.699997,88.139999,339506
2012-10-04,88.010002,91.839996,87.910004,91.709999,291389
2012-10-05,91.510002,91.709999,89.010002,89.879997,279131
2012-10-08,89.849998,89.889999,88.209999,89.330002,202688
2012-10-09,89.620003,92.910004,89.290001,92.389999,378040
2012-10-10,92.260002,93.660004,91.019997,91.25,303502
2012-10-11,91.269997,92.940002,91.089996,92.07,300087
2012-10-12,92.410004,92.639999,91.160004,91.860001,198462
2012-10-15,91.629997,92.199997,89.790001,91.849998,269016
2012-10-16,91.760002,92.32,91.300003,92.089996,232217
2012-10-17,92.080002,92.849998,91.550003,92.120003,226343
2012-10-18,92.059998,92.589996,90.660004,92.099998,184654
2012-10-19,92.040001,93.050003,89.830002,90.050003,123648
2012-10-22,89.519997,90.800003,88.199997,88.730003,275720
2012-10-23,89.139999,89.290001,85.690002,86.669998,309492
2012-10-24,86.599998,87.470001,84.940002,85.730003,298160
2012-10-25,85.650002,86.75,85.230003,86.050003,208678
2012-10-26,86.0,86.370003,85.0,86.279999,212378
2012-10-31,85.730003,87.190002,85.610001,86.239998,212577
2012-11-01,86.099998,87.419998,85.919998,87.089996,197179
2012-11-02,86.910004,87.239998,84.660004,84.860001,297311
2012-11-05,84.650002,85.900002,84.339996,85.650002,221397
2012-11-06,85.669998,89.220001,85.419998,88.709999,303429
2012-11-07,88.419998,88.800003,84.050003,84.440002,422211
2012-11-08,84.519997,85.699997,84.220001,85.089996,296599
2012-11-09,85.0,86.769997,84.129997,86.07,322403
2012-11-12,86.190002,86.540001,85.269997,85.57,280690
2012-11-13,85.589996,85.949997,84.57,85.379997,352247
2012-11-14,85.370003,86.650002,84.93,86.32,265306
2012-11-15,86.360001,86.830002,84.68,85.449997,168098
2012-11-16,85.279999,87.010002,85.019997,86.669998,271209
2012-11-19,87.300003,89.800003,87.110001,89.279999,247078
2012-11-20,89.150002,89.190002,86.169998,86.75,322630
2012-11-21,87.279999,87.889999,86.370003,87.379997,220980
2012-11-23,87.68,88.529999,86.709999,88.279999,104944
2012-11-26,88.209999,88.290001,87.269997,87.739998,156593
2012-11-27,87.82,88.25,86.830002,87.18,210470
2012-11-28,87.330002,87.339996,85.360001,86.489998,249744
2012-11-29,86.57,88.690002,86.550003,88.07,270030
2012-11-30,87.660004,88.989998,87.470001,88.910004,216206
2012-12-03,88.849998,90.330002,88.660004,89.089996,235987
2012-12-04,88.93,89.18,87.57,88.5,206265
2012-12-05,88.5,89.050003,87.459999,87.879997,220850
2012-12-06,87.870003,88.230003,85.68,86.260002,269293
2012-12-07,86.389999,86.919998,85.769997,85.93,244993
2012-12-10,85.980003,86.779999,85.330002,85.559998,211603
2012-12-11,85.699997,86.370003,85.209999,85.790001,217859
2012-12-12,85.690002,87.68,85.68,86.769997,300353
2012-12-13,86.769997,86.970001,85.809998,85.889999,228417
2012-12-14,86.129997,86.919998,86.050003,86.730003,218265
2012-12-17,86.879997,87.709999,86.480003,87.199997,157226
2012-12-18,87.449997,88.160004,87.209999,87.93,93130
2012-12-19,87.940002,89.900002,87.809998,89.510002,233083
2012-12-20,89.690002,90.540001,89.260002,90.129997,178144
2012-12-21,90.019997,90.07,87.959999,88.660004,180375
2012-12-24,88.599998,88.860001,88.199997,88.610001,48516
2012-12-26,88.620003,91.300003,88.589996,90.980003,141598
2012-12-27,91.0,91.440002,90.050003,90.870003,152771
2012-12-28,91.150002,91.489998,90.32,90.800003,131374
2012-12-31,90.410004,91.989998,90.0,91.82,119525
2013-01-02,91.779999,93.870003,91.559998,93.120003,203865
2013-01-03,92.910004,93.300003,92.489998,92.919998,189812
2013-01-04,92.860001,93.209999,91.519997,93.089996,210747
2013-01-07,93.209999,93.349998,92.419998,93.190002,166292
2013-01-08,93.32,93.800003,92.669998,93.150002,195867
2013-01-09,93.150002,93.650002,92.68,93.099998,201385
2013-01-10,93.190002,94.699997,93.080002,93.82,279295
2013-01-11,93.870003,94.129997,92.650002,93.559998,257821
2013-01-14,93.739998,94.290001,92.949997,94.139999,248600
2013-01-15,94.199997,94.440002,93.220001,93.279999,248136
2013-01-16,93.400002,94.360001,93.099998,94.239998,241531
2013-01-17,94.190002,96.040001,93.800003,95.489998,178285
2013-01-18,95.190002,95.669998,94.910004,95.559998,118549
2013-01-22,95.25,96.400002,94.980003,96.239998,236391
2013-01-23,96.760002,96.919998,94.949997,95.230003,318008
2013-01-24,95.5,96.68,95.120003,95.949997,232035
2013-01-25,95.949997,96.559998,95.43,95.879997,184873
2013-01-28,96.040001,96.809998,95.470001,96.440002,167186
2013-01-29,96.459999,97.82,96.290001,97.57,252931
2013-01-30,97.32,98.239998,97.32,97.940002,211277
2013-01-31,97.959999,98.040001,96.839996,97.489998,230630
2013-02-01,97.419998,98.150002,96.510002,97.769997,270275
2013-02-04,97.720001,97.760002,95.889999,96.169998,196975
2013-02-05,96.129997,97.07,95.910004,96.639999,188841
2013-02-06,96.639999,96.989998,95.040001,96.620003,282803
2013-02-07,96.860001,97.209999,95.540001,95.830002,275474
2013-02-08,95.919998,96.57,95.269997,95.720001,229242
2013-02-11,95.790001,97.089996,94.970001,97.029999,283956
2013-02-12,96.959999,97.790001,96.68,97.510002,239796
2013-02-13,97.589996,98.110001,96.629997,97.010002,246437
2013-02-14,97.169998,97.709999,96.769997,97.309998,174599
2013-02-15,97.339996,97.470001,95.209999,95.860001,223592
2013-02-19,95.970001,96.730003,95.25,96.660004,118307
2013-02-20,96.660004,97.07,93.919998,94.459999,338967
2013-02-21,94.720001,94.919998,92.629997,92.839996,286434
2013-02-22,92.959999,93.480003,92.440002,93.129997,204258
2013-02-25,93.230003,94.459999,92.07,93.110001,217519
2013-02-26,91.919998,93.440002,91.919998,92.629997,230836
2013-02-27,92.720001,93.370003,92.18,92.760002,201512
2013-02-28,92.889999,93.18,91.57,92.050003,218119
2013-03-01,91.760002,91.970001,90.040001,90.68,248466
2013-03-04,90.709999,90.910004,89.330002,90.120003,231108
2013-03-05,90.230003,90.989998,90.019997,90.82,209874
2013-03-06,90.830002,91.169998,89.550003,90.43,244168
2013-03-07,90.419998,91.730003,90.220001,91.559998,234921
2013-03-08,91.419998,92.029999,90.830002,91.949997,219961
2013-03-11,91.830002,92.150002,90.889999,92.059998,194607
2013-03-12,91.940002,93.470001,91.599998,92.540001,283114
2013-03-13,92.620003,93.400002,91.910004,92.519997,251336
2013-03-14,92.510002,93.25,92.010002,93.029999,174701
2013-03-15,93.150002,93.839996,93.0,93.449997,175611
2013-03-18,93.260002,93.940002,91.760002,93.739998,151208
2013-03-19,93.800003,94.089996,92.029999,92.160004,96796
2013-03-20,92.089996,93.300003,92.089996,92.959999,226790
2013-03-21,93.400002,93.529999,91.839996,92.449997,214131
2013-03-22,92.330002,93.940002,92.330002,93.709999,202666
2013-03-25,93.720001,95.650002,93.699997,94.809998,270651
2013-03-26,94.75,96.449997,94.669998,96.339996,214345
2013-03-27,96.18,96.839996,95.580002,96.580002,207777
2013-03-28,96.68,97.349998,96.260002,97.230003,174390
2013-04-01,97.360001,97.800003,95.919998,97.07,192396
2013-04-02,97.0,97.440002,95.910004,97.190002,209877
2013-04-03,96.93,96.959999,94.18,94.449997,302235
2013-04-04,94.5,94.839996,92.120003,93.260002,355321
2013-04-05,93.360001,93.57,91.910004,92.699997,267276
2013-04-08,93.019997,93.75,92.459999,93.360001,212117
2013-04-09,93.489998,94.480003,92.860001,94.199997,234720
2013-04-10,93.959999,94.82,93.400002,94.639999,248557
2013-04-11,94.559998,94.639999,93.059998,93.510002,222439
2013-04-12,93.489998,93.519997,90.269997,91.290001,325580
2013-04-15,90.949997,90.980003,87.199997,88.709999,362524
2013-04-16,87.419998,88.959999,86.059998,88.720001,287410
2013-04-17,88.800003,89.089996,86.059998,86.68,294274
2013-04-18,86.389999,88.510002,85.610001,87.730003,228200
2013-04-19,88.370003,88.790001,87.559998,88.010002,100652
2013-04-22,87.959999,89.129997,87.550003,88.760002,238730
2013-04-23,89.279999,89.599998,87.800003,89.18,288801
2013-04-24,89.599998,91.720001,89.209999,91.43,257736
2013-04-25,91.580002,93.870003,91.110001,93.639999,270121
2013-04-26,93.239998,93.580002,92.059998,93.0,240966
2013-04-29,92.699997,94.690002,92.43,94.5,214608
2013-04-30,94.419998,94.620003,92.860001,93.459999,277499
2013-05-01,93.080002,93.260002,90.110001,91.029999,332382
2013-05-02,91.0,94.25,90.650002,93.989998,310808
2013-05-03,93.989998,96.040001,93.559998,95.610001,297522
2013-05-06,95.580002,97.169998,94.849998,96.160004,271004
2013-05-07,95.790001,96.260002,94.919998,95.620003,260141
2013-05-08,95.559998,96.769997,95.239998,96.620003,276315
2013-05-09,96.599998,96.769997,95.349998,96.389999,272196
2013-05-10,96.160004,96.239998,93.370003,96.040001,354119
2013-05-13,95.760002,95.809998,94.470001,95.169998,297036
2013-05-14,94.93,95.660004,93.849998,94.209999,269403
2013-05-15,94.129997,94.440002,92.129997,94.300003,360684
2013-05-16,94.339996,95.57,93.230003,95.160004,297863
2013-05-17,95.150002,96.449997,94.790001,96.019997,187754
2013-05-20,95.93,97.110001,95.230003,96.709999,118621
2013-05-21,96.699997,96.970001,95.5,96.160004,259159
2013-05-22,95.900002,96.190002,94.010002,94.279999,336497
2013-05-23,94.18,94.459999,92.209999,94.25,323633
2013-05-24,94.370003,94.389999,93.040001,94.150002,203991
2013-05-28,93.889999,95.919998,93.230003,95.010002,240990
2013-05-29,95.050003,95.220001,92.830002,93.129997,293461
2013-05-30,92.889999,93.989998,91.650002,93.610001,294855
2013-05-31,93.639999,93.849998,91.559998,91.970001,267978
2013-06-03,91.730003,93.699997,91.260002,93.449997,287474
2013-06-04,93.349998,94.410004,92.379997,93.309998,301136
2013-06-05,93.860001,94.480003,93.410004,93.739998,268909
2013-06-06,93.699997,95.32,93.690002,94.760002,267164
2013-06-07,94.720001,96.389999,93.720001,96.029999,330833
2013-06-10,96.089996,96.25,95.190002,95.769997,234601
2013-06-11,95.760002,95.910004,94.040001,95.379997,257474
2013-06-12,94.889999,96.449997,94.459999,95.879997,244870
2013-06-13,95.769997,96.919998,95.019997,96.690002,224449
2013-06-14,96.639999,98.25,96.419998,97.849998,240906
2013-06-17,97.849998,98.739998,97.379997,97.769997,242794
2013-06-18,97.93,98.669998,97.410004,98.440002,145618
2013-06-19,98.589996,99.010002,97.57,98.239998,111300
2013-06-20,98.019997,98.029999,94.889999,95.400002,376229
2013-06-21,94.959999,95.839996,93.120003,93.690002,340903
2013-06-24,93.849998,95.589996,92.669998,95.18,315821
2013-06-25,95.019997,96.169998,94.589996,95.32,267541
2013-06-26,95.169998,95.699997,93.68,95.5,291417
2013-06-27,95.519997,97.410004,95.349998,97.050003,269312
2013-06-28,96.809998,97.82,96.330002,96.559998,247607
2013-07-01,96.580002,98.279999,96.07,97.989998,229193
2013-07-02,98.059998,99.870003,97.779999,99.599998,285781
2013-07-03,99.610001,102.18,99.589996,101.239998,353250
2013-07-05,101.089996,103.68,100.709999,103.220001,256027
2013-07-08,103.949997,104.120003,102.129997,103.139999,253202
2013-07-09,103.0,104.760002,102.309998,103.529999,285670
2013-07-10,104.57,106.660004,104.209999,106.519997,404821
2013-07-11,106.150002,107.449997,104.309998,104.910004,316730
2013-07-12,104.580002,106.330002,104.360001,105.949997,234756
2013-07-15,106.050003,106.629997,104.650002,106.32,210806
2013-07-16,106.440002,107.18,105.660004,106.0,250921
2013-07-17,105.779999,106.599998,105.110001,106.480003,262789
2013-07-18,106.559998,108.43,106.150002,108.040001,155963
2013-07-19,108.120003,109.32,107.480003,108.050003,112373
2013-07-22,108.339996,108.790001,106.43,106.910004,283866
2013-07-23,107.0,107.550003,105.459999,107.230003,241640
2013-07-24,107.360001,107.519997,104.790001,105.389999,278262
2013-07-25,105.370003,105.870003,104.080002,105.489998,270580
2013-07-26,105.559998,105.629997,103.900002,104.699997,208855
2013-07-29,104.610001,105.370003,103.870003,104.550003,206326
2013-07-30,104.519997,104.540001,102.669998,103.080002,235605
2013-07-31,103.150002,105.43,102.93,105.029999,299127
2013-08-01,105.260002,108.059998,105.099998,107.889999,267594
2013-08-02,107.800003,108.82,106.449997,106.940002,249314
2013-08-05,106.839996,107.690002,105.699997,106.559998,204860
2013-08-06,106.480003,107.269997,104.860001,105.300003,272996
2013-08-07,105.68,105.769997,104.099998,104.370003,294242
2013-08-08,104.18,104.959999,102.220001,103.400002,320070
2013-08-09,103.870003,106.239998,103.620003,105.970001,303796
2013-08-12,105.839996,106.459999,105.029999,106.110001,257139
2013-08-13,106.150002,107.199997,105.559998,106.830002,276773
2013-08-14,106.540001,107.059998,105.599998,106.849998,270921
2013-08-15,106.980003,107.870003,106.599998,107.330002,251868
2013-08-16,107.18,108.169998,106.559998,107.459999,179859
2013-08-19,107.779999,107.800003,106.559998,107.099998,102781
2013-08-20,106.93,107.099998,104.5,104.970001,361065
2013-08-21,105.18,105.349998,103.5,103.849998,259243
2013-08-22,103.879997,105.25,103.529999,105.029999,204692
2013-08-23,105.220001,106.940002,104.300003,106.419998,259545
2013-08-26,106.910004,107.370003,105.559998,105.919998,165995
2013-08-27,106.139999,109.32,105.879997,109.010002,295934
2013-08-28,109.220001,112.239998,109.110001,110.099998,336171
2013-08-29,109.529999,110.07,107.720001,108.800003,250038
2013-08-30,108.169998,108.75,106.75,107.650002,250038
2013-09-03,107.07,108.830002,104.209999,108.540001,288018
2013-09-04,108.440002,108.610001,106.769997,107.230003,224377
2013-09-05,107.589996,108.540001,107.129997,108.370003,184889
2013-09-06,108.519997,110.699997,108.120003,110.529999,269866
2013-09-09,110.279999,110.459999,108.760002,109.519997,266915
2013-09-10,108.919998,108.949997,106.389999,107.389999,325314
2013-09-11,107.360001,108.089996,106.529999,107.559998,238235
2013-09-12,107.769997,109.160004,107.300003,108.599998,249780
2013-09-13,108.639999,108.739998,107.230003,108.209999,207037
2013-09-16,107.5,108.0,106.059998,106.589996,282888
2013-09-17,106.220001,106.43,104.940002,105.419998,304851
2013-09-18,105.529999,108.489998,105.32,108.07,199888
2013-09-19,108.220001,108.989998,106.080002,106.389999,139835
2013-09-20,106.370003,106.459999,104.32,104.68,250360
2013-09-23,104.889999,105.120003,103.120003,103.589996,223392
2013-09-24,103.440002,103.639999,102.300003,103.129997,259543
2013-09-25,103.410004,103.959999,102.199997,102.660004,236195
2013-09-26,102.300003,103.290001,102.199997,103.029999,183778
2013-09-27,102.910004,103.769997,102.360001,102.870003,232299
2013-09-30,102.459999,102.760002,101.050003,102.330002,226707
2013-10-01,102.309998,102.580002,101.059998,102.040001,223028
2013-10-02,101.620003,104.230003,101.43,104.099998,300526
2013-10-03,103.82,104.379997,102.870003,103.309998,226225
2013-10-04,102.919998,104.190002,102.900002,103.839996,165197
2013-10-07,103.449997,103.739998,101.860001,103.029999,269025
2013-10-08,103.160004,104.080002,102.849998,103.489998,194195
2013-10-09,103.489998,103.75,101.18,101.610001,283131
2013-10-10,101.459999,103.57,101.160004,103.010002,296858
2013-10-11,102.940002,102.949997,100.599998,102.019997,298216
2013-10-14,101.370003,102.620003,101.059998,102.410004,170674
2013-10-15,102.190002,102.459999,100.870003,101.209999,240218
2013-10-16,100.879997,102.970001,100.75,102.290001,235236
2013-10-17,102.129997,102.32,100.029999,100.669998,266625
2013-10-18,100.720001,101.709999,100.510002,100.809998,116680
2013-10-21,100.629997,100.949997,98.980003,99.220001,90824
2013-10-22,99.059998,99.769997,97.5,97.800003,347314
2013-10-23,98.120003,98.290001,96.160004,96.860001,356194
2013-10-24,97.099998,97.690002,95.949997,97.110001,248742
2013-10-25,97.190002,98.059998,96.989998,97.849998,192632
2013-10-28,97.879997,98.82,97.370003,98.68,230155
2013-10-29,98.540001,98.57,97.690002,98.199997,183243
2013-10-30,97.769997,97.82,96.550003,96.769997,268138
2013-10-31,96.620003,97.029999,96.029999,96.379997,255401
2013-11-01,96.32,96.650002,94.360001,94.610001,282138
2013-11-04,94.519997,95.110001,94.059998,94.620003,219109
2013-11-05,94.470001,94.900002,93.07,93.370003,226454
2013-11-06,93.739998,95.400002,93.650002,94.800003,282722
2013-11-07,94.910004,95.309998,93.800003,94.199997,260597
2013-11-08,94.360001,94.919998,93.900002,94.599998,241690
2013-11-11,94.449997,95.379997,94.110001,95.139999,206721
2013-11-12,95.0,95.220001,92.860001,93.040001,353689
2013-11-13,93.07,94.540001,92.93,93.879997,305009
2013-11-14,93.5,94.43,92.510002,93.760002,315066
2013-11-15,93.889999,94.550003,93.580002,93.839996,204366
2013-11-18,93.779999,94.300003,92.720001,93.029999,169443
2013-11-19,93.0,93.459999,92.43,93.339996,131463
2013-11-20,93.330002,93.93,92.730003,93.330002,225891
2013-11-21,93.730003,95.629997,93.470001,95.440002,222138
2013-11-22,95.290001,95.57,94.050003,94.839996,257843
2013-11-25,94.150002,94.5,93.080002,94.089996,270860
2013-11-26,94.209999,94.690002,93.43,93.68,160178
2013-11-27,93.5,93.599998,91.769997,92.300003,230878
2013-11-29,92.330002,93.900002,92.059998,92.720001,143205
2013-12-02,92.709999,94.080002,92.559998,93.82,234800
2013-12-03,93.860001,96.959999,93.669998,96.040001,319271
2013-12-04,96.900002,97.580002,96.300003,97.199997,325857
2013-12-05,97.330002,97.989998,97.010002,97.379997,216392
2013-12-06,97.379997,98.07,97.080002,97.650002,223944
2013-12-09,97.660004,97.970001,97.099998,97.339996,210090
2013-12-10,97.25,98.739998,97.239998,98.510002,264838
2013-12-11,98.650002,98.75,97.199997,97.440002,274194
2013-12-12,97.550003,98.18,97.309998,97.5,205749
2013-12-13,97.580002,97.620003,96.260002,96.599998,233161
2013-12-16,96.550003,97.690002,96.209999,97.480003,187591
2013-12-17,97.300003,97.900002,97.0,97.220001,120127
2013-12-18,97.300003,98.010002,97.019997,97.800003,84627
2013-12-19,97.690002,99.169998,97.5,98.769997,192782
2013-12-20,98.699997,99.400002,98.540001,99.32,151281
2013-12-23,99.199997,99.309998,98.639999,98.910004,107273
2013-12-24,98.620003,99.300003,98.529999,99.220001,51877
2013-12-26,99.199997,99.699997,99.050003,99.550003,65666
2013-12-27,99.629997,100.75,99.370003,100.32,127198
2013-12-30,100.150002,100.419998,99.129997,99.290001,118356
2013-12-31,99.25,99.389999,98.150002,98.419998,113907
2014-01-02,98.5,98.970001,95.339996,95.440002,251248
2014-01-03,95.470001,95.739998,93.860001,93.959999,215522
2014-01-06,94.18,94.589996,93.199997,93.43,189379
2014-01-07,93.599998,94.220001,93.349998,93.669998,177182
2014-01-08,93.959999,94.18,92.260002,92.330002,244855
2014-01-09,92.580002,92.93,91.239998,91.660004,255784
2014-01-10,92.300003,93.379997,91.989998,92.720001,255988
2014-01-13,92.830002,92.879997,91.43,91.800003,212208
2014-01-14,91.510002,92.879997,91.5,92.589996,243474
2014-01-15,92.650002,94.639999,92.43,94.169998,263295
2014-01-16,94.290001,94.639999,93.599998,93.959999,165135
2014-01-17,94.169998,94.940002,93.940002,94.370003,119887
2014-01-21,94.0,95.230003,93.43,94.989998,244861
2014-01-22,95.199997,96.889999,95.120003,96.730003,252349
2014-01-23,96.690002,97.839996,96.410004,97.32,274078
2014-01-24,97.370003,97.800003,96.25,96.639999,239673
2014-01-27,96.900002,97.18,95.209999,95.720001,235110
2014-01-28,95.660004,97.660004,95.629997,97.410004,206490
2014-01-29,97.169998,97.75,96.32,97.360001,200486
2014-01-30,97.419998,98.589996,97.330002,98.230003,199420
2014-01-31,97.970001,98.389999,97.099998,97.489998,253457
2014-02-03,97.400002,97.940002,96.260002,96.43,293312
2014-02-04,96.529999,97.82,96.370003,97.190002,204282
2014-02-05,97.669998,98.260002,96.800003,97.379997,237671
2014-02-06,97.25,98.830002,97.25,97.839996,234281
2014-02-07,97.970001,100.239998,97.110001,99.879997,270407
2014-02-10,100.050003,100.550003,99.110001,100.059998,251127
2014-02-11,99.970001,100.599998,99.599998,99.940002,233933
2014-02-12,100.459999,101.379997,100.040001,100.370003,318686
2014-02-13,100.269997,100.660004,99.400002,100.349998,221722
2014-02-14,100.339996,100.470001,99.43,100.300003,229784
2014-02-18,100.32,103.25,100.230003,102.43,177371
2014-02-19,103.139999,103.800003,102.400002,103.309998,116164
2014-02-20,103.410004,103.5,102.75,102.919998,194397
2014-02-21,102.870003,102.919998,101.690002,102.199997,173260
2014-02-24,102.290001,103.449997,101.970001,102.82,177861
2014-02-25,102.800003,102.839996,101.019997,101.830002,187216
2014-02-26,102.040001,102.900002,101.580002,102.589996,196517
2014-02-27,102.57,103.080002,101.75,102.400002,196494
2014-02-28,102.150002,102.959999,101.800003,102.589996,178276
2014-03-03,103.0,105.220001,102.949997,104.919998,295819
2014-03-04,104.889999,104.959999,102.849998,103.330002,210005
2014-03-05,103.349998,103.529999,100.849998,101.449997,267837
2014-03-06,101.040001,102.080002,100.129997,101.559998,291849
2014-03-07,101.970001,102.910004,101.57,102.580002,226145
2014-03-10,102.75,102.82,100.849998,101.120003,225290
2014-03-11,100.940002,101.519997,99.32,100.029999,294201
2014-03-12,99.480003,99.599998,97.550003,97.989998,416927
2014-03-13,98.099998,98.599998,97.669998,98.199997,268074
2014-03-14,98.25,99.279999,98.059998,98.889999,226300
2014-03-17,99.389999,99.389999,97.370003,98.080002,227387
2014-03-18,97.970001,99.779999,97.75,99.699997,192508
2014-03-19,99.529999,100.470001,99.339996,100.370003,110319
2014-03-20,100.389999,100.82,99.080002,99.43,244866
2014-03-21,98.589996,100.25,98.25,99.459999,191289
2014-03-24,99.489998,100.290001,99.050003,99.599998,151710
2014-03-25,99.43,100.25,98.800003,99.190002,217013
2014-03-26,99.18,100.459999,99.099998,100.260002,211367
2014-03-27,100.300003,101.699997,100.029999,101.279999,202200
2014-03-28,101.339996,102.239998,101.18,101.669998,166326
2014-03-31,101.690002,101.970001,100.879997,101.580002,167570
2014-04-01,101.529999,101.57,99.279999,99.739998,237564
2014-04-02,99.639999,99.830002,98.860001,99.620003,231596
2014-04-03,99.290001,100.489998,99.07,100.290001,195430
2014-04-04,100.379997,101.629997,100.279999,101.139999,193532
2014-04-07,100.910004,101.32,99.919998,100.440002,254884
2014-04-08,100.690002,102.709999,100.68,102.559998,299549
2014-04-09,102.349998,103.769997,102.029999,103.599998,324660
2014-04-10,103.440002,103.809998,103.099998,103.400002,222169
2014-04-11,103.339996,104.440002,103.010002,103.739998,261915
2014-04-14,103.559998,104.550003,103.339996,104.050003,237213
2014-04-15,103.599998,104.050003,102.910004,103.75,215848
2014-04-16,103.760002,104.989998,103.120003,103.760002,279392
2014-04-17,103.839996,104.779999,103.540001,104.300003,191342
2014-04-21,104.540001,104.769997,103.849998,104.370003,115095
2014-04-22,104.360001,104.360001,101.690002,102.129997,323723
2014-04-23,101.860001,102.080002,101.199997,101.440002,250645
2014-04-24,101.540001,102.349998,101.400002,101.940002,202278
2014-04-25,101.93,102.050003,100.480003,100.599998,221601
2014-04-28,100.489998,101.519997,100.330002,100.839996,231590
2014-04-29,100.889999,102.199997,100.709999,101.279999,218691
2014-04-30,100.760002,100.760002,99.349998,99.739998,282979
2014-05-01,99.720001,99.889999,98.739998,99.419998,235455
2014-05-02,99.169998,100.139999,99.169998,99.760002,213631
2014-05-05,99.959999,100.440002,98.910004,99.480003,190002
2014-05-06,99.379997,100.419998,99.32,99.5,251208
2014-05-07,99.830002,100.989998,99.779999,100.769997,291271
2014-05-08,100.82,100.93,99.870003,100.260002,252605
2014-05-09,100.269997,101.18,99.709999,99.989998,271341
2014-05-12,100.120003,100.93,99.93,100.589996,211648
2014-05-13,100.629997,102.050003,100.360001,101.699997,253588
2014-05-14,101.910004,102.650002,101.830002,102.370003,234477
2014-05-15,102.029999,102.260002,101.269997,101.5,276060
2014-05-16,101.559998,102.230003,101.389999,102.019997,147896
2014-05-19,102.129997,103.089996,101.970001,102.610001,121114
2014-05-20,102.599998,102.860001,102.099998,102.440002,249769
2014-05-21,102.959999,104.290001,102.779999,104.07,272127
2014-05-22,103.849998,104.220001,103.550003,103.739998,159181
2014-05-23,103.709999,104.5,103.639999,104.349998,160563
2014-05-27,104.339996,104.5,103.57,104.110001,174387
2014-05-28,104.139999,104.389999,102.639999,102.720001,239134
2014-05-29,103.059998,103.940002,102.610001,103.580002,205506
2014-05-30,103.510002,103.559998,102.400002,102.709999,169734
2014-06-02,102.919998,103.349998,102.099998,102.470001,159042
2014-06-03,102.440002,102.860001,102.230003,102.660004,160208
2014-06-04,102.790001,103.690002,102.339996,102.639999,208540
2014-06-05,102.370003,102.690002,101.599998,102.480003,200402
2014-06-06,102.440002,103.07,102.300003,102.660004,197758
2014-06-09,102.779999,104.57,102.620003,104.410004,246719
2014-06-10,104.459999,105.059998,103.980003,104.349998,255599
2014-06-11,104.300003,104.809998,104.169998,104.400002,187728
2014-06-12,104.470001,106.949997,104.349998,106.529999,321499
2014-06-13,106.839996,107.68,106.370003,106.910004,255394
2014-06-16,106.879997,107.540001,106.57,106.900002,204792
2014-06-17,106.589996,107.18,106.010002,106.360001,252969
2014-06-18,106.599998,106.970001,105.800003,105.970001,176257
2014-06-19,106.110001,106.699997,105.32,106.43,123121
2014-06-20,106.599998,107.730003,106.330002,107.260002,213130
2014-06-23,107.419998,107.449997,105.910004,106.169998,175473
2014-06-24,106.019997,106.459999,105.25,106.029999,175206
2014-06-25,106.139999,107.5,105.470001,106.5,249064
2014-06-26,106.709999,106.809998,105.029999,105.839996,195723
2014-06-27,105.639999,106.190002,105.330002,105.739998,128975
2014-06-30,105.690002,105.760002,104.660004,105.370003,215334
2014-07-01,105.440002,106.089996,104.599998,105.339996,221685
2014-07-02,105.209999,105.529999,104.099998,104.480003,240067
2014-07-03,104.269997,104.290001,103.669998,104.059998,169938
2014-07-07,104.059998,104.129997,103.190002,103.529999,189250
2014-07-08,103.389999,104.199997,103.010002,103.400002,249378
2014-07-09,103.449997,103.599998,101.849998,102.290001,250987
2014-07-10,101.949997,103.0,101.550003,102.93,238076
2014-07-11,102.860001,102.919998,100.440002,100.830002,272550
2014-07-14,100.459999,101.199997,100.220001,100.910004,252675
2014-07-15,100.93,101.059998,99.010002,99.959999,331196
2014-07-16,100.209999,101.599998,100.07,101.199997,240202
2014-07-17,101.489998,103.900002,101.269997,103.190002,342872
2014-07-18,103.720001,103.940002,102.580002,103.129997,172529
2014-07-21,102.970001,104.989998,102.650002,104.589996,126986
2014-07-22,104.580002,105.25,103.889999,104.419998,252395
2014-07-23,101.959999,103.339996,101.790001,103.120003,260652
2014-07-24,103.199997,103.309998,101.879997,102.07,194404
2014-07-25,102.040001,102.529999,101.0,102.089996,284919
2014-07-28,101.870003,102.099998,100.900002,101.669998,197815
2014-07-29,101.599998,101.830002,100.370003,100.970001,258060
2014-07-30,101.029999,101.669998,99.419998,100.269997,263974
2014-07-31,99.470001,99.849998,97.599998,98.169998,335785
2014-08-01,97.699997,98.099998,97.089996,97.879997,274992
2014-08-04,97.669998,98.669998,97.43,98.290001,204262
2014-08-05,98.410004,98.669998,97.0,97.379997,242237
2014-08-06,97.620003,98.129997,96.690002,96.919998,263598
2014-08-07,96.889999,97.720001,96.550003,97.339996,286531
2014-08-08,97.639999,98.449997,97.150002,97.650002,266006
2014-08-11,97.540001,98.580002,97.370003,98.080002,241493
2014-08-12,97.839996,97.940002,96.809998,97.370003,242592
2014-08-13,97.199997,97.779999,96.75,97.589996,253703
2014-08-14,97.300003,97.589996,95.260002,95.580002,350619
2014-08-15,95.5,97.410004,95.32,97.349998,269750
2014-08-18,97.099998,97.160004,95.809998,96.410004,157537
2014-08-19,96.559998,97.050003,94.260002,94.480003,109041
2014-08-20,94.699997,96.470001,94.699997,96.07,207152
2014-08-21,93.489998,94.449997,92.5,93.959999,226343
2014-08-22,93.889999,94.040001,92.919998,93.650002,191457
2014-08-25,93.339996,93.949997,93.050003,93.349998,137420
2014-08-26,93.360001,94.349998,93.349998,93.860001,176280
2014-08-27,93.879997,94.239998,93.360001,93.879997,174908
2014-08-28,93.75,94.709999,93.449997,94.550003,262292
2014-08-29,94.559998,96.0,94.480003,95.959999,234972
2014-09-02,95.809998,95.910004,92.68,92.879997,320356
2014-09-03,93.279999,95.830002,93.059998,95.540001,294395
2014-09-04,95.07,95.389999,94.160004,94.449997,254140
2014-09-05,94.57,94.989998,92.860001,93.290001,261386
2014-09-08,93.489998,93.620003,91.800003,92.660004,277990
2014-09-09,93.110001,93.940002,92.519997,92.75,275876
2014-09-10,92.790001,93.029999,91.220001,91.669998,295306
2014-09-11,91.709999,93.440002,90.43,92.830002,403175
2014-09-12,93.050003,93.669998,91.959999,92.269997,297768
2014-09-15,92.129997,93.029999,90.629997,92.919998,260506
2014-09-16,92.809998,95.190002,92.459999,94.879997,294723
2014-09-17,94.709999,95.059998,93.739998,94.419998,305832
2014-09-18,93.970001,94.82,92.849998,93.07,170772
2014-09-19,92.970001,93.220001,91.849998,92.410004,92780
2014-09-22,92.220001,92.639999,91.199997,91.519997,229232
2014-09-23,90.699997,92.089996,90.580002,91.559998,247770
2014-09-24,91.720001,93.290001,91.120003,92.800003,282634
2014-09-25,92.889999,93.540001,92.050003,92.529999,248852
2014-09-26,92.470001,93.860001,92.230003,93.540001,258890
2014-09-29,93.349998,94.639999,92.739998,94.57,261246
2014-09-30,94.339996,94.900002,90.860001,91.160004,429251
2014-10-01,91.360001,92.959999,90.470001,90.730003,389246
2014-10-02,90.739998,91.540001,88.18,91.010002,449554
2014-10-03,91.379997,91.790001,89.360001,89.739998,342795
2014-10-06,89.769997,90.739998,88.760002,90.339996,276614
2014-10-07,90.449997,90.57,88.379997,88.849998,300113
2014-10-08,88.43,88.629997,86.830002,87.309998,373752
2014-10-09,87.730003,87.949997,84.059998,85.769997,345020
2014-10-10,84.389999,86.290001,83.589996,85.82,396528
2014-10-13,85.199997,85.870003,84.07,85.739998,292345
2014-10-14,84.980003,85.599998,81.32,81.839996,475832
2014-10-15,82.32,82.449997,80.010002,81.779999,487721
2014-10-16,81.059998,84.830002,79.779999,82.699997,424524
2014-10-17,83.18,84.449997,82.440002,82.75,174142
2014-10-20,83.129997,83.480003,81.550003,82.709999,83702
2014-10-21,82.760002,84.050003,82.290001,82.809998,297522
2014-10-22,82.550003,83.150002,80.220001,80.519997,352217
2014-10-23,80.419998,82.370003,80.050003,82.089996,354839
2014-10-24,81.949997,81.949997,80.360001,81.010002,272509
2014-10-27,81.269997,81.290001,79.440002,81.0,285327
2014-10-28,80.639999,81.660004,80.360001,81.419998,226066
2014-10-29,81.550003,82.879997,81.440002,82.199997,283762
2014-10-30,81.93,82.089996,80.720001,81.120003,270072
2014-10-31,81.040001,81.269997,79.550003,80.540001,294183
2014-11-03,80.589996,80.980003,78.080002,78.779999,386045
2014-11-04,78.220001,78.410004,75.839996,77.190002,432757
2014-11-05,77.360001,79.349998,76.459999,78.68,447691
2014-11-06,78.870003,78.980003,77.120003,77.910004,292897
2014-11-07,77.860001,79.410004,77.470001,78.650002,306077
2014-11-10,78.5,79.849998,77.129997,77.400002,319492
2014-11-11,77.18,78.040001,76.419998,77.940002,314309
2014-11-12,77.5,78.080002,76.629997,77.18,359951
2014-11-13,76.949997,77.160004,74.07,74.209999,447012
2014-11-14,74.360001,76.300003,73.25,75.82,355245
2014-11-17,75.93,76.18,74.709999,75.639999,279462
2014-11-18,75.489998,76.440002,74.120003,74.610001,186214
2014-11-19,74.230003,75.400002,73.879997,74.580002,116278
2014-11-20,74.25,75.760002,74.169998,75.580002,236720
2014-11-21,76.290001,77.830002,75.620003,76.510002,275317
2014-11-24,76.620003,77.019997,75.449997,75.779999,194751
2014-11-25,75.510002,76.580002,73.709999,74.089996,294447
2014-11-26,73.870003,74.480003,73.300003,73.690002,258382
2014-11-28,73.5,73.559998,65.690002,66.150002,552882
2014-12-01,66.0,69.540001,63.720001,69.0,504122
2014-12-02,69.239998,69.32,66.669998,66.879997,360300
2014-12-03,67.599998,68.230003,66.800003,67.379997,293483
2014-12-04,67.400002,68.220001,66.089996,66.809998,237011
2014-12-05,66.800003,66.889999,65.169998,65.839996,276529
2014-12-08,65.459999,65.550003,62.779999,63.049999,330077
2014-12-09,63.009998,64.199997,62.25,63.82,322804
2014-12-10,63.330002,63.43,60.43,60.939999,456172
2014-12-11,61.119999,61.68,58.959999,59.950001,392493
2014-12-12,59.169998,59.57,57.34,57.810001,414224
2014-12-15,57.07,58.73,55.02,55.91,424946
2014-12-16,55.400002,57.150002,53.599998,55.93,518784
2014-12-17,55.5,58.98,54.209999,56.470001,351977
2014-12-18,55.830002,58.73,54.049999,54.110001,106315
2014-12-19,55.5,56.91,54.200001,56.52,383536
2014-12-22,57.75,58.529999,55.130001,55.259998,277319
2014-12-23,55.389999,57.560001,55.060001,57.119999,274003
2014-12-24,56.799999,57.150002,55.07,55.84,174969
2014-12-26,55.860001,56.59,54.509998,54.73,127202
2014-12-29,55.049999,55.740002,52.900002,53.610001,241378
2014-12-30,53.720001,54.32,52.700001,54.119999,218557
2014-12-31,53.869999,54.02,52.439999,53.27,233516
2015-01-02,53.759998,55.110001,52.029999,52.689999,268708
2015-01-05,52.610001,52.73,49.68,50.040001,375782
2015-01-06,50.0,50.369999,47.549999,47.93,451642
2015-01-07,48.0,49.310001,46.830002,48.650002,460083
2015-01-08,48.779999,49.650002,47.73,48.790001,362081
2015-01-09,48.919998,49.610001,47.16,48.360001,421007
2015-01-12,48.189999,48.189999,45.619999,46.07,394946
2015-01-13,45.689999,46.790001,44.200001,45.889999,476541
2015-01-14,46.16,48.91,45.009998,48.48,510252
2015-01-15,48.599998,51.27,46.07,46.25,478340
2015-01-16,46.349998,48.869999,45.950001,48.689999,175626
2015-01-20,48.689999,48.77,45.889999,46.389999,438892
2015-01-21,46.689999,48.200001,46.549999,47.779999,340252
2015-01-22,47.349998,49.09,45.869999,46.310001,426829
2015-01-23,46.630001,47.759998,45.209999,45.59,374289
2015-01-26,45.200001,46.41,44.349998,45.150002,310638
2015-01-27,45.130001,46.549999,44.810001,46.23,313141
2015-01-28,45.830002,45.830002,44.080002,44.450001,365440
2015-01-29,44.43,44.959999,43.580002,44.529999,300732
2015-01-30,44.630001,48.349998,44.310001,48.240002,454142
2015-02-02,47.59,50.560001,46.669998,49.57,511409
2015-02-03,49.790001,54.240002,49.689999,53.049999,644919
2015-02-04,51.669998,52.560001,47.950001,48.450001,577515
2015-02-05,48.669998,52.099998,47.360001,50.48,596851
2015-02-06,50.860001,53.16,50.720001,51.689999,584976
2015-02-09,52.009998,53.990002,51.650002,52.860001,536364
2015-02-10,52.43,52.650002,49.860001,50.02,501701
2015-02-11,50.98,51.139999,48.049999,48.84,519272
2015-02-12,49.419998,51.599998,49.139999,51.209999,563662
2015-02-13,51.349998,53.43,51.029999,52.779999,437072
2015-02-17,52.75,54.150002,50.810001,53.529999,518799
2015-02-18,53.240002,53.41,50.32,52.139999,257476
2015-02-19,50.549999,52.139999,49.150002,51.16,125210
2015-02-20,51.240002,51.849998,49.91,50.34,366125
2015-02-23,50.75,50.990002,48.669998,49.450001,475383
2015-02-24,49.419998,50.330002,48.68,49.279999,293101
2015-02-25,49.16,51.279999,48.43,50.990002,429524
2015-02-26,51.0,51.220001,47.799999,48.169998,459584
2015-02-27,48.970001,49.939999,48.459999,49.759998,399494
2015-03-02,49.450001,51.040001,48.709999,49.59,427177
2015-03-03,49.799999,50.830002,49.450001,50.52,370597
2015-03-04,50.610001,51.990002,49.599998,51.529999,463989
2015-03-05,51.619999,52.400002,50.610001,50.759998,370953
2015-03-06,50.889999,51.220001,48.880001,49.610001,406840
2015-03-09,49.599998,50.790001,49.25,50.0,409877
2015-03-10,50.080002,50.360001,48.200001,48.290001,395761
2015-03-11,48.77,49.049999,47.330002,48.169998,404590
2015-03-12,48.439999,48.759998,46.860001,47.049999,358381
2015-03-13,46.93,47.279999,44.75,44.84,395722
2015-03-16,44.810001,45.0,42.849998,43.880001,367600
2015-03-17,43.84,44.200001,42.41,43.459999,346310
2015-03-18,42.509998,45.34,42.029999,44.66,220638
2015-03-19,44.599998,44.709999,42.75,43.959999,106907
2015-03-20,43.990002,46.529999,43.310001,45.720001,379180
2015-03-23,46.41,47.610001,45.330002,47.450001,292417
2015-03-24,47.459999,48.560001,46.669998,47.509998,309553
2015-03-25,47.720001,49.459999,47.0,49.209999,398795
2015-03-26,49.02,52.48,48.73,51.43,515277
2015-03-27,51.009998,51.380001,48.209999,48.869999,384092
2015-03-30,48.57,49.16,47.610001,48.68,355866
2015-03-31,48.73,48.73,47.279999,47.599998,365748
2015-04-01,47.549999,50.450001,47.049999,50.09,451104
2015-04-02,49.59,50.27,48.110001,49.139999,453394
2015-04-06,49.470001,52.240002,49.470001,52.139999,325282
2015-04-07,51.950001,54.130001,51.169998,53.98,548870
2015-04-08,53.18,53.23,50.369999,50.419998,552627
2015-04-09,51.0,52.07,50.509998,50.790001,449531
2015-04-10,50.73,51.93,50.080002,51.639999,395135
2015-04-13,51.810001,53.099998,51.470001,51.91,375534
2015-04-14,52.049999,53.790001,51.830002,53.290001,431026
2015-04-15,53.549999,56.689999,53.389999,56.389999,508904
2015-04-16,55.919998,57.419998,55.07,56.709999,413134
2015-04-17,56.560001,56.880001,55.310001,55.740002,230623
2015-04-20,56.16,57.169998,54.849998,56.380001,112382
2015-04-21,56.41,56.91,55.009998,55.259998,354244
2015-04-22,56.34,57.189999,55.73,56.16,329631
2015-04-23,56.279999,58.41,55.759998,57.740002,415569
2015-04-24,57.529999,57.950001,56.5,57.150002,328322
2015-04-27,57.299999,57.889999,56.52,56.990002,250558
2015-04-28,56.650002,57.830002,56.07,57.060001,281864
2015-04-29,56.93,59.330002,56.540001,58.580002,411097
2015-04-30,58.549999,59.849998,58.380001,59.630001,340322
2015-05-01,59.790001,59.900002,58.32,59.150002,244753
2015-05-04,59.299999,59.73,58.450001,58.93,215046
2015-05-05,58.950001,61.099998,58.630001,60.400002,389743
2015-05-06,60.720001,62.580002,60.540001,60.93,423583
2015-05-07,60.689999,61.310001,58.490002,58.939999,437022
2015-05-08,59.02,59.900002,58.139999,59.389999,434575
2015-05-11,59.43,59.849998,58.75,59.25,332694
2015-05-12,59.27,61.360001,59.119999,60.75,397345
2015-05-13,61.23,61.849998,60.02,60.5,426835
2015-05-14,60.099998,60.84,59.360001,59.880001,361432
2015-05-15,59.669998,59.970001,58.419998,59.689999,222089
2015-05-18,59.849998,60.880001,59.060001,59.43,144389
2015-05-19,59.540001,59.630001,57.09,57.259998,336779
2015-05-20,58.32,59.040001,58.099998,58.98,287129
2015-05-21,58.810001,60.939999,58.689999,60.720001,329765
2015-05-22,60.66,60.799999,59.349998,59.720001,230307
2015-05-26,60.049999,60.25,57.709999,58.029999,330128
2015-05-27,58.32,58.950001,57.360001,57.509998,314917
2015-05-28,57.630001,58.07,56.509998,57.68,340682
2015-05-29,57.970001,60.700001,57.720001,60.299999,452222
2015-06-01,60.290001,60.639999,59.330002,60.200001,292189
2015-06-02,60.18,61.580002,60.09,61.259998,344508
2015-06-03,61.02,61.43,59.34,59.639999,371298
2015-06-04,59.57,59.939999,57.830002,58.0,363345
2015-06-05,57.990002,59.23,56.830002,59.130001,461016
2015-06-08,58.959999,59.130001,57.860001,58.139999,339845
2015-06-09,58.310001,60.68,58.23,60.139999,405486
2015-06-10,60.580002,61.82,60.450001,61.43,459765
2015-06-11,61.139999,61.529999,60.209999,60.77,352421
2015-06-12,60.549999,60.630001,59.73,59.959999,246898
2015-06-15,59.900002,59.98,58.73,59.52,275187
2015-06-16,59.599998,60.369999,59.419998,59.970001,233935
2015-06-17,60.029999,61.380001,58.849998,59.919998,396155
2015-06-18,59.779999,60.889999,59.25,60.450001,181875
2015-06-19,60.5,60.560001,58.880001,59.610001,116656
2015-06-22,59.439999,60.299999,58.93,59.68,255306
2015-06-23,60.209999,61.490002,59.549999,61.009998,336224
2015-06-24,61.139999,61.57,59.799999,60.27,312985
2015-06-25,60.220001,60.459999,59.43,59.700001,222341
2015-06-26,59.66,59.959999,58.759998,59.630001,231957
2015-06-29,58.84,59.27,58.040001,58.330002,286035
2015-06-30,58.27,59.689999,57.939999,59.470001,282475
2015-07-01,58.98,58.98,56.68,56.959999,373405
2015-07-02,56.869999,57.950001,56.5,56.93,297050
2015-07-06,54.900002,55.34,52.41,52.529999,540608
2015-07-07,52.75,53.43,50.580002,52.330002,527267
2015-07-08,52.91,52.959999,50.91,51.650002,434752
2015-07-09,51.830002,53.540001,51.48,52.779999,382334
2015-07-10,52.48,53.889999,51.959999,52.740002,349075
2015-07-13,52.150002,53.169998,51.259998,52.200001,359477
2015-07-14,52.0,53.43,50.880001,53.040001,422756
2015-07-15,53.400002,53.5,51.209999,51.41,334563
2015-07-16,51.619999,52.169998,50.84,50.91,319167
2015-07-17,50.91,51.23,50.139999,50.889999,203485
2015-07-20,50.759998,51.259998,49.849998,50.150002,102597
2015-07-21,49.950001,51.02,49.77,50.360001,254321
2015-07-22,50.709999,50.709999,49.040001,49.189999,347986
2015-07-23,49.23,49.630001,48.209999,48.450001,316060
2015-07-24,48.790001,49.029999,47.720001,48.139999,278233
2015-07-27,48.0,48.200001,46.91,47.389999,273614
2015-07-28,47.02,48.439999,46.68,47.98,338107
2015-07-29,47.810001,49.52,47.389999,48.790001,366893
2015-07-30,48.830002,49.360001,48.34,48.52,247662
2015-07-31,48.470001,48.619999,46.700001,47.119999,334474
2015-08-03,46.860001,46.939999,45.080002,45.169998,371085
2015-08-04,45.349998,46.23,45.290001,45.740002,285786
2015-08-05,45.959999,46.700001,44.830002,45.150002,367326
2015-08-06,45.16,45.27,44.200001,44.66,360977
2015-08-07,44.82,45.16,43.700001,43.869999,400070
2015-08-10,43.580002,45.009998,43.349998,44.959999,491433
2015-08-11,44.810001,45.34,42.689999,43.080002,538005
2015-08-12,43.27,43.869999,42.799999,43.299999,492271
2015-08-13,43.34,43.720001,41.91,42.23,420146
2015-08-14,42.23,42.959999,41.349998,42.5,317211
2015-08-17,42.18,42.689999,41.639999,41.869999,314275
2015-08-18,41.880001,42.900002,41.43,42.619999,200185
2015-08-19,42.41,42.68,40.400002,40.799999,107578
2015-08-20,40.580002,41.48,40.209999,41.139999,380433
2015-08-21,41.029999,41.400002,39.860001,40.450001,377181
2015-08-24,40.299999,40.470001,37.75,38.240002,468366
2015-08-25,38.18,39.889999,38.16,39.310001,375650
2015-08-26,39.689999,39.860001,38.52,38.599998,368722
2015-08-27,38.959999,42.860001,38.950001,42.560001,533682
2015-08-28,42.68,45.900002,41.779999,45.220001,666328
2015-08-31,45.0,49.330002,43.599998,49.200001,757503
2015-09-01,48.099998,48.869999,44.150002,45.41,713418
2015-09-02,44.259998,46.77,43.209999,46.25,689301
2015-09-03,46.110001,48.419998,45.650002,46.75,539450
2015-09-04,46.68,47.23,45.610001,46.049999,385631
2015-09-08,45.82,46.41,44.139999,45.939999,508815
2015-09-09,45.790001,46.259998,44.049999,44.150002,422735
2015-09-10,44.16,46.040001,43.360001,45.919998,498992
2015-09-11,45.709999,45.880001,44.16,44.630001,395838
2015-09-14,44.779999,44.970001,43.59,44.0,326269
2015-09-15,44.110001,45.25,43.919998,44.59,335953
2015-09-16,45.16,47.349998,44.82,47.150002,421981
2015-09-17,47.130001,47.709999,46.330002,46.900002,366390
2015-09-18,46.889999,47.029999,44.240002,44.68,211301
2015-09-21,44.970001,46.740002,44.689999,46.68,104528
2015-09-22,46.450001,46.48,45.139999,45.830002,345875
2015-09-23,46.540001,47.150002,44.41,44.48,411957
2015-09-24,44.619999,45.18,43.709999,44.91,371976
2015-09-25,45.049999,46.380001,44.860001,45.700001,338622
2015-09-28,45.380001,45.5,44.299999,44.43,273906
2015-09-29,44.5,45.700001,44.299999,45.23,265176
2015-09-30,44.919998,45.849998,44.68,45.09,355853
2015-10-01,45.380001,47.099998,44.630001,44.740002,478979
2015-10-02,45.07,45.810001,43.970001,45.540001,420740
2015-10-05,45.650002,46.939999,45.209999,46.259998,323061
2015-10-06,46.200001,49.080002,45.73,48.529999,453101
2015-10-07,49.0,49.709999,47.700001,47.810001,547488
2015-10-08,48.110001,50.07,47.759998,49.43,509760
2015-10-09,49.689999,50.919998,49.169998,49.630001,508680
2015-10-12,49.509998,50.130001,47.040001,47.099998,408663
2015-10-13,47.459999,48.43,46.439999,46.66,465388
2015-10-14,46.689999,46.959999,45.939999,46.639999,348241
2015-10-15,46.279999,47.02,45.23,46.380001,370940
2015-10-16,46.869999,47.5,46.16,47.259998,198127
2015-10-19,47.27,47.490002,45.849998,45.889999,125840
2015-10-20,46.25,46.52,45.23,45.549999,361314
2015-10-21,45.880001,46.080002,44.860001,45.200001,384288
2015-10-22,45.27,46.099998,44.900002,45.380001,322742
2015-10-23,45.439999,45.75,44.200001,44.599998,406577
2015-10-26,44.740002,44.939999,43.639999,43.98,302084
2015-10-27,43.779999,43.91,42.580002,43.200001,370825
2015-10-28,43.439999,46.220001,43.060001,45.939999,521518
2015-10-29,46.060001,46.790001,45.16,46.060001,436513
2015-10-30,45.740002,47.029999,45.48,46.59,363307
2015-11-02,46.43,46.73,45.560001,46.139999,305518
2015-11-03,46.110001,48.360001,45.959999,47.900002,434574
2015-11-04,47.740002,48.279999,46.169998,46.32,459307
2015-11-05,46.57,46.650002,45.119999,45.200001,437646
2015-11-06,45.41,45.639999,44.110001,44.290001,448133
2015-11-09,44.52,45.119999,43.639999,43.869999,487992
2015-11-10,44.099998,44.759998,43.57,44.209999,445973
2015-11-11,43.630001,44.110001,42.619999,42.93,502371
2015-11-12,43.049999,43.330002,41.540001,41.75,545351
2015-11-13,41.610001,42.84,40.220001,40.740002,480893
2015-11-16,40.919998,42.25,40.060001,41.740002,535179
2015-11-17,41.959999,42.029999,40.580002,40.669998,363714
2015-11-18,41.110001,41.549999,39.91,40.75,251518
2015-11-19,40.720001,41.049999,39.889999,40.540001,131356
2015-11-20,40.540001,40.990002,38.990002,40.389999,432642
2015-11-23,41.490002,42.75,40.41,41.75,516190
2015-11-24,42.040001,43.459999,41.860001,42.869999,430304
2015-11-25,42.689999,43.25,41.720001,43.040001,383158
2015-11-27,43.25,43.299999,41.669998,41.709999,316475
2015-11-30,41.77,42.610001,41.5,41.650002,369509
2015-12-01,41.73,42.23,41.169998,41.849998,415537
2015-12-02,41.689999,41.970001,39.84,39.939999,545289
2015-12-03,40.150002,41.779999,40.07,41.080002,496884
2015-12-04,41.310001,42.0,39.599998,39.970001,510758
2015-12-07,40.099998,40.150002,37.5,37.650002,635413
2015-12-08,37.68,38.580002,36.639999,37.509998,767184
2015-12-09,37.860001,38.990002,36.869999,37.16,646166
2015-12-10,37.27,37.540001,36.380001,36.759998,513940
2015-12-11,36.630001,36.84,35.16,35.619999,505406
2015-12-14,35.400002,36.700001,34.529999,36.310001,550476
2015-12-15,36.32,37.880001,36.029999,37.349998,474159
2015-12-16,36.790001,37.349998,35.290001,35.52,402967
2015-12-17,35.799999,35.84,34.630001,34.950001,196227
2015-12-18,34.869999,35.57,34.290001,34.73,116038
2015-12-21,34.580002,34.860001,33.98,34.740002,298080
2015-12-22,35.799999,36.540001,35.66,36.139999,302263
2015-12-23,36.470001,37.950001,36.279999,37.5,374658
2015-12-24,37.860001,38.279999,37.380001,38.099998,205873
2015-12-28,38.0,38.09,36.599998,36.810001,220644
2015-12-29,36.700001,37.939999,36.66,37.869999,241945
2015-12-30,37.360001,37.400002,36.400002,36.599998,267912
2015-12-31,36.810001,37.790001,36.220001,37.040001,283623
2016-01-04,37.599998,38.389999,36.330002,36.759998,431985
2016-01-05,36.900002,37.099998,35.740002,35.970001,410131
2016-01-06,36.18,36.389999,33.77,33.970001,563811
2016-01-07,34.09,34.259998,32.099998,33.27,617409
2016-01-08,33.299999,34.34,32.639999,33.16,596496
2016-01-11,32.939999,33.200001,30.879999,31.41,648640
2016-01-12,31.110001,32.209999,29.93,30.440001,627218
2016-01-13,30.540001,31.709999,30.1,30.48,637903
2016-01-14,30.6,31.77,30.280001,31.200001,537906
2016-01-15,31.18,31.18,29.129999,29.42,329094
2016-01-19,29.200001,30.209999,28.209999,28.459999,188026
2016-01-20,28.33,28.58,26.190001,26.549999,690039
2016-01-21,28.35,30.25,27.870001,29.530001,694040
2016-01-22,29.84,32.349998,29.530001,32.189999,636573
2016-01-25,32.049999,32.740002,29.68,30.34,606892
2016-01-26,29.809999,32.41,29.25,31.450001,642432
2016-01-27,30.549999,32.84,30.139999,32.299999,738551
2016-01-28,32.189999,34.82,31.74,33.220001,833378
2016-01-29,33.700001,34.400002,32.650002,33.619999,618110
2016-02-01,33.830002,34.18,31.290001,31.620001,595612
2016-02-02,31.370001,31.530001,29.57,29.879999,602564
2016-02-03,29.75,32.75,29.4,32.279999,811699
2016-02-04,32.709999,33.599998,31.530001,31.719999,696721
2016-02-05,31.639999,32.450001,30.629999,30.889999,616531
2016-02-08,30.969999,31.379999,29.57,29.690001,603646
2016-02-09,30.17,30.610001,27.74,27.940001,738219
2016-02-10,28.360001,29.219999,27.24,27.450001,781280
2016-02-11,27.34,27.48,26.049999,26.209999,795965
2016-02-12,27.299999,29.66,26.950001,29.440001,675157
2016-02-16,29.08,31.530001,28.700001,29.040001,651956
2016-02-17,29.139999,31.49,28.73,30.66,578639
2016-02-18,31.35,31.98,30.27,30.77,225497
2016-02-19,30.6,30.73,29.049999,29.639999,103202
2016-02-22,29.719999,32.049999,29.48,31.48,521016
2016-02-23,33.34,33.529999,31.219999,31.870001,539379
2016-02-24,31.280001,32.400002,30.559999,32.150002,652245
2016-02-25,32.189999,33.490002,31.07,33.07,611874
2016-02-26,33.040001,34.689999,32.639999,32.779999,646294
2016-02-29,32.720001,33.98,32.32,33.75,512468
2016-03-01,33.900002,34.759998,33.369999,34.400002,566226
2016-03-02,33.889999,35.169998,33.549999,34.66,597834
2016-03-03,34.73,35.32,34.189999,34.57,512962
2016-03-04,34.66,36.34,34.400002,35.919998,578290
2016-03-07,36.200001,38.110001,36.09,37.900002,709870
2016-03-08,37.939999,38.389999,36.119999,36.5,706933
2016-03-09,36.360001,38.509998,36.240002,38.290001,740632
2016-03-10,38.169998,38.48,37.209999,37.84,701435
2016-03-11,37.990002,39.02,37.919998,38.5,564791
2016-03-14,38.169998,38.77,36.68,37.18,489938
2016-03-15,37.369999,37.400002,35.959999,36.34,446100
2016-03-16,36.740002,38.630001,36.610001,38.459999,494174
2016-03-17,38.59,40.360001,38.470001,40.200001,298013
2016-03-18,40.25,41.200001,39.150002,39.439999,130151
2016-03-21,39.060001,40.299999,38.610001,39.91,479337
2016-03-22,41.59,41.900002,40.77,41.450001,463693
2016-03-23,41.189999,41.34,39.669998,39.790001,492003
2016-03-24,39.73,39.77,38.330002,39.459999,495168
2016-03-28,39.549999,40.139999,38.860001,39.389999,299775
2016-03-29,39.32,39.48,37.91,38.279999,488032
2016-03-30,38.52,39.849998,38.139999,38.32,542469
2016-03-31,38.299999,39.040001,37.57,38.34,532152
2016-04-01,38.139999,38.560001,36.630001,36.790001,547190
2016-04-04,36.610001,37.209999,35.459999,35.700001,549477
2016-04-05,35.5,36.580002,35.240002,35.889999,485543
2016-04-06,36.52,37.900002,36.43,37.75,751048
2016-04-07,37.759998,38.299999,36.689999,37.259998,626749
2016-04-08,37.52,39.84,37.450001,39.720001,817230
2016-04-11,39.720001,40.75,39.25,40.360001,679351
2016-04-12,40.349998,42.25,40.09,42.169998,796837
2016-04-13,41.630001,42.419998,41.240002,41.759998,730437
2016-04-14,41.540001,42.16,40.84,41.5,488614
2016-04-15,41.43,41.73,39.98,40.360001,520146
2016-04-18,38.75,40.240002,37.610001,39.779999,342463
2016-04-19,40.040001,41.529999,39.580002,41.080002,101734
2016-04-20,40.799999,42.91,39.849998,42.630001,796240
2016-04-21,43.970001,44.490002,43.049999,43.18,671103
2016-04-22,43.419998,44.450001,43.110001,43.73,575107
2016-04-25,43.75,44.040001,42.580002,42.639999,606383
2016-04-26,42.959999,44.830002,42.5,44.040001,564392
2016-04-27,44.639999,45.619999,43.77,45.330002,648028
2016-04-28,45.299999,46.139999,44.939999,46.029999,487412
2016-04-29,45.900002,46.779999,45.240002,45.919998,598439
2016-05-02,45.900002,46.150002,44.540001,44.779999,464027
2016-05-03,44.919998,45.349998,43.32,43.650002,625551
2016-05-04,43.849998,44.880001,43.220001,43.779999,711125
2016-05-05,44.040001,46.07,43.959999,44.32,746159
2016-05-06,44.52,45.34,43.540001,44.66,695306
2016-05-09,45.0,45.939999,43.240002,43.439999,767568
2016-05-10,43.25,44.790001,43.029999,44.66,709415
2016-05-11,44.599998,46.360001,43.959999,46.23,869957
2016-05-12,46.0,47.02,45.610001,46.700001,715102
2016-05-13,46.41,46.490002,45.75,46.209999,519363
2016-05-16,46.279999,47.98,46.150002,47.720001,550863
2016-05-17,47.900002,48.759998,47.529999,48.310001,470440
2016-05-18,48.529999,48.950001,47.75,48.189999,343184
2016-05-19,47.869999,48.279999,46.73,48.16,108816
2016-05-20,48.200001,48.790001,47.439999,47.75,538047
2016-05-23,48.459999,48.5,47.400002,48.080002,475453
2016-05-24,48.080002,49.27,47.639999,48.619999,475965
2016-05-25,49.09,49.75,48.650002,49.560001,550501
2016-05-26,49.700001,50.209999,49.220001,49.48,488465
2016-05-27,49.310001,49.599998,48.689999,49.330002,406386
2016-05-31,49.540001,50.099998,48.810001,49.099998,476988
2016-06-01,48.82,49.25,47.75,49.009998,568839
2016-06-02,48.900002,49.470001,47.970001,49.169998,564846
2016-06-03,49.040001,49.41,48.330002,48.619999,481034
2016-06-06,48.880001,49.900002,48.709999,49.689999,450472
2016-06-07,49.709999,50.529999,49.439999,50.360001,542254
2016-06-08,50.41,51.619999,50.32,51.23,656416
2016-06-09,51.450001,51.669998,50.23,50.560001,560723
2016-06-10,50.470001,50.73,48.799999,49.07,596119
2016-06-13,48.849998,49.279999,48.16,48.880001,506036
2016-06-14,48.52,48.689999,47.84,48.490002,456144
2016-06-15,47.900002,48.720001,47.279999,48.009998,527870
2016-06-16,47.450001,47.75,45.91,46.209999,507910
2016-06-17,45.990002,48.290001,45.830002,47.98,226653
2016-06-20,48.290001,49.419998,48.139999,49.369999,98293
2016-06-21,49.139999,49.32,48.16,48.849998,475407
2016-06-22,50.220001,50.540001,48.400002,49.130001,569939
2016-06-23,49.080002,50.23,49.080002,50.110001,401885
2016-06-24,50.299999,50.450001,46.700001,47.639999,649446
2016-06-27,47.810001,47.959999,45.830002,46.330002,504613
2016-06-28,46.59,48.18,46.540001,47.849998,498851
2016-06-29,48.060001,50.0,47.98,49.880001,511476
2016-06-30,49.549999,49.619999,48.169998,48.330002,508736
2016-07-01,48.380001,49.299999,47.900002,48.990002,405187
2016-07-05,49.110001,49.349998,46.330002,46.599998,609194
2016-07-06,46.830002,47.950001,45.919998,47.43,607663
2016-07-07,47.880001,48.25,44.869999,45.139999,710893
2016-07-08,45.189999,45.970001,44.77,45.41,583078
2016-07-11,45.07,45.77,44.419998,44.759998,533657
2016-07-12,44.580002,46.93,44.509998,46.799999,658257
2016-07-13,46.580002,46.709999,44.560001,44.75,686245
2016-07-14,45.139999,45.799999,44.950001,45.68,573761
2016-07-15,45.52,46.330002,45.049999,45.950001,430256
2016-07-18,46.119999,46.139999,44.860001,45.240002,211393
2016-07-19,45.23,45.669998,44.529999,44.650002,128127
2016-07-20,44.59,45.25,43.689999,44.939999,541014
2016-07-21,45.650002,46.09,44.52,44.75,432972
2016-07-22,44.599998,44.970001,43.740002,44.189999,428407
2016-07-25,44.200001,44.369999,42.970001,43.130001,389837
2016-07-26,43.07,43.389999,42.360001,42.919998,461324
2016-07-27,42.66,43.200001,41.68,41.919998,537390
2016-07-28,41.93,42.220001,41.040001,41.139999,447913
2016-07-29,41.119999,41.669998,40.57,41.599998,478763
2016-08-01,41.349998,41.880001,39.82,40.060001,533020
2016-08-02,40.080002,40.91,39.259998,39.509998,534512
2016-08-03,39.700001,41.200001,39.189999,40.830002,655186
2016-08-04,41.16,42.080002,40.43,41.93,598836
2016-08-05,41.84,42.099998,41.060001,41.799999,550189
2016-08-08,41.990002,43.389999,41.810001,43.02,562530
2016-08-09,42.830002,43.52,42.470001,42.77,624703
2016-08-10,42.740002,43.389999,41.419998,41.709999,676148
2016-08-11,41.48,43.860001,41.099998,43.490002,682235
2016-08-12,43.459999,44.779999,43.310001,44.490002,536081
2016-08-15,44.740002,45.93,44.380001,45.740002,522526
2016-08-16,45.59,46.73,45.34,46.580002,550440
2016-08-17,46.369999,46.950001,45.84,46.790001,563354
2016-08-18,46.900002,48.380001,46.630001,48.220001,229277
2016-08-19,48.330002,48.75,47.93,48.52,162438
2016-08-22,48.400002,48.400002,46.75,47.049999,515256
2016-08-23,47.389999,48.32,46.59,48.099998,623904
2016-08-24,47.59,47.740002,46.450001,46.77,603495
2016-08-25,46.799999,47.459999,46.419998,47.330002,458816
2016-08-26,47.369999,48.459999,46.939999,47.639999,558344
2016-08-29,47.220001,47.279999,46.619999,46.98,309254
2016-08-30,46.98,47.490002,46.209999,46.349998,464449
2016-08-31,46.240002,46.41,44.509998,44.700001,549007
2016-09-01,44.849998,45.080002,43.0,43.16,605003
2016-09-02,43.549999,44.669998,43.16,44.439999,576915
2016-09-06,44.150002,46.529999,43.84,44.830002,932145
2016-09-07,44.849998,46.169998,44.549999,45.5,572884
2016-09-08,46.119999,47.75,45.77,47.619999,761943
2016-09-09,47.360001,47.360001,45.560001,45.880001,688191
2016-09-12,45.57,46.509998,44.720001,46.290001,745016
2016-09-13,46.060001,46.130001,44.77,44.900002,657775
2016-09-14,45.0,45.330002,43.419998,43.580002,705861
2016-09-15,43.700001,44.34,43.259998,43.91,537185
2016-09-16,43.709999,43.75,42.740002,43.029999,231191
2016-09-19,43.18,44.150002,43.119999,43.299999,129857
2016-09-20,43.130001,44.049999,42.549999,43.439999,694130
2016-09-21,44.5,45.650002,44.5,45.34,585987
2016-09-22,45.619999,46.52,45.52,46.32,521680
2016-09-23,46.07,46.549999,44.220001,44.48,718395
2016-09-26,44.619999,46.200001,44.43,45.93,527119
2016-09-27,45.619999,45.959999,44.189999,44.669998,630757
2016-09-28,44.959999,47.450001,44.349998,47.049999,1008434
2016-09-29,47.200001,48.32,46.599998,47.830002,702649
2016-09-30,47.759998,48.299999,47.040001,48.240002,496515
2016-10-03,48.040001,49.02,47.779999,48.810001,458021
2016-10-04,48.650002,49.259998,48.259998,48.689999,513710
2016-10-05,49.259998,49.970001,49.099998,49.830002,520070
2016-10-06,49.650002,50.630001,49.330002,50.439999,547915
2016-10-07,50.59,50.740002,49.400002,49.810001,618809
2016-10-11,51.099998,51.540001,50.389999,50.790001,765608
2016-10-12,50.84,51.169998,49.889999,50.18,533884
2016-10-13,50.0,50.59,49.360001,50.439999,740676
2016-10-14,50.580002,51.139999,49.900002,50.349998,519431
2016-10-17,50.23,50.580002,49.470001,49.939999,418723
2016-10-18,50.040001,50.779999,49.759998,50.290001,192803
2016-10-19,50.77,51.93,50.689999,51.599998,132427
2016-10-20,51.400002,51.580002,50.25,50.43,548947
2016-10-21,50.66,51.02,50.209999,50.849998,551300
2016-10-24,50.849998,50.98,49.619999,50.52,623398
2016-10-25,50.490002,50.93,49.27,49.959999,553778
2016-10-26,49.310001,50.099998,48.869999,49.18,679320
2016-10-27,49.220001,50.060001,49.0,49.720001,543173
2016-10-28,49.610001,49.810001,48.419998,48.700001,550081
2016-10-31,48.25,48.740002,46.630001,46.860001,649237
2016-11-01,46.77,47.349998,46.200001,46.669998,834989
2016-11-02,46.32,46.470001,44.959999,45.34,674322
2016-11-03,45.48,45.900002,44.369999,44.66,540439
2016-11-04,44.630001,44.869999,43.57,44.07,736685
2016-11-07,44.450001,45.009998,44.110001,44.889999,605733
2016-11-08,44.970001,45.389999,44.41,44.98,669639
2016-11-09,44.82,45.950001,43.07,45.27,946512
2016-11-10,45.310001,45.639999,44.25,44.66,686338
2016-11-14,43.200001,43.810001,42.200001,43.32,704766
2016-11-15,43.759998,46.09,43.549999,45.810001,706177
2016-11-16,45.77,46.41,45.029999,45.57,658169
2016-11-17,45.369999,46.580002,44.880001,45.419998,284874
2016-11-18,44.93,45.77,44.549999,45.689999,155651
2016-11-21,45.830002,47.799999,45.77,47.490002,665326
2016-11-22,48.369999,49.200001,47.169998,48.029999,826208
2016-11-23,47.939999,48.43,47.400002,47.959999,556861
2016-11-25,47.970001,48.259998,45.880001,46.060001,465977
2016-11-28,45.43,47.650002,45.139999,47.080002,734381
2016-11-29,46.880001,46.98,44.82,45.23,732818
2016-11-30,45.240002,49.900002,45.220001,49.439999,1311000
2016-12-01,49.07,51.799999,48.98,51.060001,974805
2016-12-02,51.009998,51.73,50.18,51.68,667099
2016-12-05,51.459999,52.419998,50.93,51.790001,600782
2016-12-06,50.970001,51.599998,50.279999,50.93,642746
2016-12-07,50.93,51.200001,49.720001,49.77,816879
2016-12-08,49.880001,50.98,49.610001,50.84,780062
2016-12-09,50.919998,51.66,50.860001,51.5,652040
2016-12-12,52.580002,54.509998,52.18,52.830002,847025
2016-12-13,52.509998,53.41,52.349998,52.98,638396
2016-12-14,52.450001,52.779999,50.669998,51.040001,677957
2016-12-15,50.790001,51.48,49.950001,50.900002,551759
2016-12-16,51.099998,52.080002,50.5,51.900002,252567
2016-12-19,52.150002,52.52,51.509998,52.119999,129990
2016-12-20,52.110001,52.700001,51.849998,52.23,416592
2016-12-21,53.560001,53.790001,52.32,52.490002,471993
2016-12-22,52.52,53.189999,52.080002,52.950001,393487
2016-12-23,52.68,53.279999,52.259998,53.02,285166
2016-12-27,53.290001,54.099998,53.029999,53.900002,277306
2016-12-28,53.93,54.369999,53.560001,54.060001,322535
2016-12-29,53.66,54.209999,53.459999,53.77,360194
2016-12-30,53.869999,54.09,53.41,53.720001,271094
2017-01-03,54.200001,55.240002,52.110001,52.330002,727793
2017-01-04,52.490002,53.43,52.150002,53.259998,512641
2017-01-05,53.389999,54.119999,52.790001,53.759998,517362
2017-01-06,53.73,54.32,53.32,53.990002,528333
2017-01-09,53.75,53.830002,51.759998,51.959999,564893
2017-01-10,51.830002,52.369999,50.709999,50.82,632573
2017-01-11,50.810001,52.779999,50.75,52.25,815846
2017-01-12,52.369999,53.5,52.119999,53.009998,660703
2017-01-13,53.049999,53.169998,52.27,52.369999,477986
2017-01-17,52.549999,53.52,52.119999,52.48,606023
2017-01-18,52.52,52.790001,50.91,51.080002,236238
2017-01-19,51.389999,51.869999,51.02,51.369999,122593
2017-01-20,51.450001,52.900002,51.389999,52.419998,567231
2017-01-23,53.330002,53.470001,52.209999,52.75,455333
2017-01-24,52.860001,53.560001,52.669998,53.18,520285
2017-01-25,52.950001,53.470001,52.560001,52.75,589709
2017-01-26,52.959999,54.060001,52.790001,53.779999,578065
2017-01-27,53.740002,54.080002,52.580002,53.169998,495556
2017-01-30,53.150002,53.459999,52.41,52.630001,486309
2017-01-31,52.599998,53.560001,52.240002,52.810001,586676
2017-02-01,52.759998,53.91,52.639999,53.880001,577243
2017-02-02,53.57,54.34,53.349998,53.540001,492553
2017-02-03,53.68,54.220001,53.400002,53.830002,462616
2017-02-06,53.810001,54.130001,52.91,53.009998,425085
2017-02-07,53.139999,53.240002,51.630001,52.169998,624057
2017-02-08,51.639999,52.669998,51.220001,52.34,767379
2017-02-09,52.369999,53.209999,52.369999,53.0,610196
2017-02-10,53.150002,54.130001,52.900002,53.860001,596449
2017-02-13,53.799999,53.950001,52.77,52.93,586034
2017-02-14,52.91,53.720001,52.860001,53.200001,493022
2017-02-15,53.0,53.509998,52.73,53.110001,463638
2017-02-16,53.009998,53.59,52.68,53.360001,343363
2017-02-17,53.470001,53.52,52.880001,53.400002,195352
2017-02-21,53.48,54.68,53.349998,54.060001,665310
2017-02-22,54.259998,54.599998,53.349998,53.59,499480
2017-02-23,53.91,54.939999,53.869999,54.450001,529880
2017-02-24,54.330002,54.509998,53.759998,53.990002,395258
2017-02-27,54.02,54.610001,53.939999,54.049999,394380
2017-02-28,54.040001,54.23,53.18,54.009998,593909
2017-03-01,53.950001,54.439999,53.630001,53.830002,491289
2017-03-02,53.689999,53.799999,52.540001,52.610001,638390
2017-03-03,52.580002,53.389999,52.549999,53.330002,436360
2017-03-06,53.189999,53.560001,52.759998,53.200001,503692
2017-03-07,53.169998,53.799999,52.709999,53.139999,494677
2017-03-08,52.790001,52.919998,50.049999,50.279999,963392
2017-03-09,50.220001,50.84,48.59,49.279999,1073506
2017-03-10,49.610001,50.110001,48.310001,48.490002,796960
2017-03-13,48.450001,48.68,47.900002,48.400002,601362
2017-03-14,48.450001,48.790001,47.09,47.720001,857711
2017-03-15,48.759998,49.040001,48.16,48.860001,655788
2017-03-16,49.009998,49.619999,48.450001,48.75,516853
2017-03-17,48.790001,49.200001,48.599998,48.779999,172340
2017-03-20,48.700001,48.740002,47.84,48.220001,142258
2017-03-21,47.93,48.73,47.23,47.34,628119
2017-03-22,48.16,48.32,47.009998,48.040001,680849
2017-03-23,48.150002,48.48,47.580002,47.700001,499878
2017-03-24,47.669998,48.200001,47.540001,47.970001,421027
2017-03-27,48.119999,48.279999,47.080002,47.73,466176
2017-03-28,47.889999,48.740002,47.799999,48.369999,502377
2017-03-29,48.470001,49.630001,48.380001,49.509998,548615
2017-03-30,49.599998,50.470001,49.27,50.349998,580668
2017-03-31,50.32,50.849998,49.900002,50.599998,527607
2017-04-03,50.689999,50.830002,50.119999,50.240002,440724
2017-04-04,50.240002,51.299999,49.880001,51.029999,532054
2017-04-05,51.18,51.880001,50.740002,51.150002,651398
2017-04-06,50.799999,51.82,50.77,51.700001,473019
2017-04-07,51.700001,52.939999,51.490002,52.240002,796437
2017-04-10,52.310001,53.18,52.290001,53.080002,565439
2017-04-11,53.130001,53.450001,52.700001,53.400002,598003
2017-04-12,53.400002,53.759998,52.709999,53.110001,629805
2017-04-13,52.849998,53.389999,52.82,53.18,480835
2017-04-17,52.970001,53.209999,52.549999,52.650002,326340
2017-04-18,52.75,52.849998,52.099998,52.41,202043
2017-04-19,52.360001,52.650002,50.09,50.439999,133173
2017-04-20,50.630001,50.970001,50.18,50.27,606263
2017-04-21,50.709999,50.93,49.200001,49.619999,687474
2017-04-24,49.68,50.220001,49.029999,49.23,517897
2017-04-25,49.220001,49.830002,48.869999,49.560001,587240
2017-04-26,49.360001,50.200001,48.939999,49.619999,655717
2017-04-27,49.220001,49.43,48.200001,48.970001,771189
2017-04-28,49.27,49.759998,48.799999,49.330002,633992
2017-05-01,49.169998,49.32,48.59,48.84,364386
2017-05-02,48.779999,49.279999,47.349998,47.66,702375
2017-05-03,48.119999,48.23,47.299999,47.82,691319
2017-05-04,47.599998,47.75,45.290001,45.52,943959
2017-05-05,45.509998,46.68,43.759998,46.220001,1021610
2017-05-08,46.349998,46.98,45.73,46.43,785055
2017-05-09,46.490002,46.779999,45.529999,45.880001,701944
2017-05-10,46.18,47.779999,46.009998,47.330002,819796
2017-05-11,47.389999,48.220001,47.34,47.830002,661783
2017-05-12,47.810001,48.07,47.349998,47.84,537490
2017-05-15,47.849998,49.66,47.75,48.849998,687153
2017-05-16,48.82,49.380001,48.169998,48.66,589212
2017-05-17,48.23,49.5,48.029999,49.07,650107
2017-05-18,48.93,49.599998,48.049999,49.349998,242754
2017-05-19,49.279999,50.529999,49.279999,50.330002,146452
2017-05-22,50.599998,51.060001,50.439999,50.73,564310
2017-05-23,51.040001,51.790001,50.57,51.470001,584139
2017-05-24,51.439999,51.880001,51.029999,51.360001,736341
2017-05-25,51.25,52.0,48.450001,48.900002,1147389
2017-05-26,48.75,49.939999,48.18,49.799999,763920
2017-05-30,49.93,50.279999,49.029999,49.66,663486
2017-05-31,49.650002,49.709999,47.73,48.32,779144
2017-06-01,48.630001,49.169998,47.900002,48.360001,774478
2017-06-02,48.040001,48.189999,46.740002,47.66,802662
2017-06-05,47.709999,48.419998,46.860001,47.400002,710199
2017-06-06,47.400002,48.400002,46.939999,48.189999,825056
2017-06-07,47.98,48.23,45.650002,45.720001,1182327
2017-06-08,45.849998,46.18,45.200001,45.639999,927695
2017-06-09,45.709999,46.18,45.27,45.830002,735933
2017-06-12,45.799999,46.709999,45.66,46.080002,666765
2017-06-13,46.009998,46.57,45.560001,46.459999,783320
2017-06-14,45.939999,46.490002,44.540001,44.73,924408
2017-06-15,44.689999,44.810001,44.220001,44.459999,500938
2017-06-16,44.25,44.939999,44.240002,44.740002,191824
2017-06-19,44.68,45.060001,44.049999,44.200001,123943
2017-06-20,44.110001,44.400002,42.75,43.23,894104
2017-06-21,43.380001,44.200001,42.049999,42.529999,1071747
2017-06-22,42.549999,43.32,42.259998,42.740002,668830
2017-06-23,42.799999,43.200001,42.529999,43.009998,690906
2017-06-26,43.16,43.650002,42.630001,43.380001,661354
2017-06-27,43.490002,44.439999,43.32,44.240002,759115
2017-06-28,43.700001,44.900002,43.669998,44.740002,753375
2017-06-29,44.889999,45.450001,44.650002,44.93,768946
2017-06-30,44.889999,46.349998,44.880001,46.040001,677408
2017-07-03,46.279999,47.099998,45.919998,47.07,517621
2017-07-05,47.040001,47.32,44.509998,45.130001,1173581
2017-07-06,45.650002,46.529999,45.18,45.52,969676
2017-07-07,45.349998,45.419998,43.779999,44.23,975914
2017-07-10,44.349998,44.84,43.650002,44.400002,848570
2017-07-11,44.580002,45.810001,43.830002,45.040001,1010691
2017-07-12,45.740002,46.48,45.110001,45.490002,963505
2017-07-13,45.439999,46.279999,44.990002,46.080002,748971
2017-07-14,46.080002,46.740002,45.799999,46.540001,742895
2017-07-17,46.68,46.880001,45.889999,46.02,560633
2017-07-18,45.990002,46.919998,45.810001,46.400002,208420
2017-07-19,46.25,47.259998,46.139999,47.119999,140677
2017-07-20,47.09,47.549999,46.66,46.790001,720621
2017-07-21,46.91,47.209999,45.540001,45.77,769438
2017-07-24,45.619999,46.529999,45.400002,46.34,707910
2017-07-25,46.459999,48.66,46.380001,47.889999,885700
2017-07-26,48.509998,48.869999,47.860001,48.75,887864
2017-07-27,48.700001,49.240002,48.25,49.040001,880757
2017-07-28,49.169998,49.810001,48.860001,49.709999,771225
2017-07-31,49.849998,50.41,49.18,50.169998,781539
2017-08-01,50.209999,50.43,48.369999,49.16,1008583
2017-08-02,48.799999,49.650002,48.549999,49.59,847722
2017-08-03,49.59,49.959999,48.779999,49.029999,837763
2017-08-04,48.950001,49.639999,48.5,49.580002,745664
2017-08-07,49.59,49.73,48.540001,49.389999,831374
2017-08-08,49.310001,49.790001,48.860001,49.169998,924240
2017-08-09,49.0,49.720001,48.900002,49.560001,858250
2017-08-10,49.68,50.220001,48.349998,48.59,1135440
2017-08-11,48.52,48.98,47.98,48.82,804237
2017-08-14,48.790001,49.16,47.43,47.59,763241
2017-08-15,47.490002,47.900002,47.02,47.549999,770358
2017-08-16,47.720001,47.990002,46.669998,46.779999,815544
2017-08-17,46.799999,47.189999,46.459999,47.09,608314
2017-08-18,46.93,48.740002,46.779999,48.509998,253069
2017-08-21,48.720001,48.75,47.029999,47.369999,129192
2017-08-22,47.450001,48.029999,47.200001,47.639999,864387
2017-08-23,47.639999,48.5,47.529999,48.41,701693
2017-08-24,48.360001,48.43,47.060001,47.43,831358
2017-08-25,47.619999,47.91,47.389999,47.869999,646518
2017-08-28,47.889999,48.200001,46.150002,46.57,921285
2017-08-29,46.860001,46.959999,45.759998,46.439999,895643
2017-08-30,46.310001,46.720001,45.84,45.959999,895643
2017-08-31,45.950001,47.470001,45.580002,47.23,882983
2017-09-01,47.080002,47.349998,46.560001,47.290001,915708
2017-09-05,47.279999,48.98,47.150002,48.66,742808
2017-09-06,48.59,49.419998,48.52,49.16,788963
2017-09-07,49.139999,49.330002,48.630001,49.09,702514
2017-09-08,49.09,49.259998,47.27,47.48,843760
2017-09-11,47.580002,48.27,47.0,48.07,774468
2017-09-12,48.119999,48.439999,47.73,48.23,676040
2017-09-13,48.34,49.400002,48.119999,49.299999,706925
2017-09-14,49.310001,50.5,49.150002,49.889999,709035
2017-09-15,49.720001,50.130001,49.41,49.889999,433597
2017-09-18,49.849998,50.330002,49.189999,49.91,189605
2017-09-19,49.91,50.419998,49.330002,49.48,143379
2017-09-20,49.84,50.650002,49.75,50.41,754413
2017-09-21,50.720001,50.810001,50.07,50.549999,580569
2017-09-22,50.73,50.779999,50.290001,50.66,473795
2017-09-25,50.68,52.279999,50.389999,52.220001,701244
2017-09-26,52.119999,52.43,51.43,51.880001,709515
2017-09-27,52.09,52.34,51.630001,52.139999,637035
2017-09-28,52.049999,52.860001,51.220001,51.560001,801816
2017-09-29,51.580002,51.77,51.25,51.669998,551982
2017-10-02,51.639999,51.709999,50.07,50.580002,600933
2017-10-03,50.59,50.73,50.139999,50.419998,462735
2017-10-04,50.16,50.669998,49.759998,49.98,598836
2017-10-05,49.880001,51.220001,49.849998,50.790001,654385
2017-10-06,50.75,50.82,49.099998,49.290001,743114
2017-10-09,49.25,49.790001,49.130001,49.580002,505079
2017-10-10,49.549999,51.060001,49.540001,50.919998,664839
2017-10-11,50.939999,51.419998,50.610001,51.299999,651948
2017-10-12,51.0,51.130001,50.150002,50.599998,729273
2017-10-13,50.73,51.720001,50.700001,51.450001,667497
2017-10-16,51.43,52.369999,51.349998,51.869999,520725
2017-10-17,51.93,52.25,51.209999,51.880001,471612
2017-10-18,51.939999,52.330002,51.689999,52.040001,152620
2017-10-19,52.049999,52.169998,51.07,51.290001,127413
2017-10-20,51.419998,51.73,50.700001,51.470001,674142
2017-10-23,52.07,52.299999,51.68,51.900002,583563
2017-10-24,51.889999,52.619999,51.549999,52.470001,709553
2017-10-25,52.560001,52.57,51.889999,52.18,681739
2017-10-26,52.189999,52.860001,51.91,52.639999,594647
2017-10-27,52.799999,54.200001,52.25,53.900002,730915
2017-10-30,54.16,54.459999,53.75,54.150002,565043
2017-10-31,54.080002,54.849998,53.93,54.380001,497295
2017-11-01,54.650002,55.220001,53.889999,54.299999,671038
2017-11-02,54.279999,54.84,53.990002,54.540001,482846
2017-11-03,54.73,55.759998,54.400002,55.639999,614159
2017-11-06,55.970001,57.610001,55.66,57.349998,861713
2017-11-07,57.27,57.689999,56.830002,57.200001,750187
2017-11-08,56.959999,57.919998,56.41,56.810001,919147
2017-11-09,56.849998,57.529999,56.689999,57.169998,666949
2017-11-10,57.02,57.349998,56.549999,56.740002,541296
2017-11-13,56.900002,57.150002,56.299999,56.759998,631619
2017-11-14,56.720001,56.77,54.810001,55.700001,707338
2017-11-15,55.060001,55.560001,54.880001,55.330002,501385
2017-11-16,55.299999,55.619999,54.93,55.139999,213923
2017-11-17,55.25,56.68,55.18,56.549999,184944
2017-11-20,56.689999,56.759998,55.57,56.09,593241
2017-11-21,56.380001,57.220001,56.32,56.830002,619066
2017-11-22,57.119999,58.150002,57.029999,58.02,837411
2017-11-24,58.049999,59.049999,57.75,58.950001,577826
2017-11-27,58.950001,58.990002,57.549999,58.110001,690078
2017-11-28,57.860001,58.110001,57.419998,57.990002,546526
2017-11-29,57.73,58.299999,56.75,57.299999,741564
2017-11-30,57.41,57.98,56.82,57.400002,735128
2017-12-01,57.419998,58.880001,57.290001,58.360001,685215
2017-12-04,58.32,58.34,57.349998,57.470001,529965
2017-12-05,57.48,57.919998,57.080002,57.619999,499245
2017-12-06,57.450001,57.57,55.869999,55.959999,678992
2017-12-07,56.0,56.779999,55.82,56.689999,557325
2017-12-08,56.650002,57.790001,56.540001,57.360001,681599
2017-12-11,57.25,58.080002,56.91,57.990002,606724
2017-12-12,58.02,58.560001,56.849998,57.139999,826488
2017-12-13,57.450001,57.830002,56.549999,56.599998,658143
2017-12-14,56.700001,57.220001,56.09,57.040001,580571
2017-12-15,57.150002,57.490002,56.939999,57.299999,210054
2017-12-18,57.369999,57.779999,56.82,57.16,137151
2017-12-19,57.299999,57.639999,57.16,57.459999,420784
2017-12-20,57.66,58.119999,57.439999,58.09,420844
2017-12-21,58.02,58.380001,57.630001,58.360001,405320
2017-12-22,58.209999,58.5,57.869999,58.470001,324554
2017-12-26,58.400002,60.009998,58.32,59.970001,437785
2017-12-27,59.790001,59.93,59.330002,59.639999,402396
2017-12-28,59.529999,59.939999,59.439999,59.84,345962
2017-12-29,59.91,60.509998,59.82,60.419998,464478
2018-01-02,60.200001,60.740002,60.099998,60.369999,510313
2018-01-03,60.389999,61.970001,60.279999,61.630001,673859
2018-01-04,61.959999,62.209999,61.59,62.009998,654363
2018-01-05,61.900002,62.040001,61.09,61.439999,563036
2018-01-08,61.610001,61.970001,61.34,61.73,616474
2018-01-09,61.919998,63.48,61.799999,62.959999,844720
2018-01-10,63.41,63.669998,63.09,63.57,697844
2018-01-11,63.5,64.769997,63.43,63.799999,876642
2018-01-12,63.57,64.5,63.060001,64.300003,678727
2018-01-16,64.43,64.889999,63.389999,63.73,867771
2018-01-17,63.889999,64.169998,63.310001,63.970001,444384
2018-01-18,64.07,64.349998,63.470001,63.950001,204504
2018-01-19,63.740002,63.77,62.849998,63.369999,142711
2018-01-22,63.610001,64.139999,63.169998,63.490002,625662
2018-01-23,63.880001,64.879997,63.700001,64.470001,662456
2018-01-24,64.419998,66.050003,64.339996,65.610001,887018
2018-01-25,65.879997,66.660004,65.080002,65.510002,771758
2018-01-26,65.25,66.349998,64.910004,66.139999,678186
2018-01-29,66.18,66.459999,64.980003,65.559998,656168
2018-01-30,65.529999,65.559998,63.889999,64.5,688380
2018-01-31,64.029999,64.940002,63.669998,64.730003,613258
2018-02-01,64.760002,66.25,64.629997,65.800003,685750
2018-02-02,65.989998,66.300003,64.470001,65.449997,857572
2018-02-05,65.099998,65.400002,63.419998,64.150002,891063
2018-02-06,63.43,64.290001,63.119999,63.389999,797814
2018-02-07,63.919998,64.18,61.25,61.790001,1029408
2018-02-08,61.700001,62.09,60.27,61.150002,929578
2018-02-09,60.43,60.77,58.07,59.200001,933307
2018-02-12,59.119999,60.830002,59.099998,59.290001,736917
2018-02-13,59.349998,59.73,58.389999,59.189999,580600
2018-02-14,58.98,60.900002,58.200001,60.599998,650324
2018-02-15,60.709999,61.639999,59.720001,61.34,340401
2018-02-16,61.450001,61.990002,60.880001,61.68,181179
2018-02-20,61.630001,62.740002,61.580002,61.900002,794481
2018-02-21,61.630001,61.860001,60.919998,61.68,466924
2018-02-22,61.34,63.09,60.75,62.77,592603
2018-02-23,62.599998,63.73,62.330002,63.549999,460597
2018-02-26,63.599998,64.239998,63.060001,63.91,469853
2018-02-27,64.059998,64.080002,62.639999,63.009998,562670
2018-02-28,62.790001,63.439999,61.360001,61.639999,768409
2018-03-01,61.549999,61.830002,60.18,60.990002,812505
2018-03-02,61.34,61.599998,60.130001,61.25,613514
2018-03-05,61.549999,62.790001,61.099998,62.57,599266
2018-03-06,62.580002,63.279999,62.169998,62.599998,634953
2018-03-07,62.299999,62.580002,60.580002,61.150002,879119
2018-03-08,61.330002,61.400002,59.950001,60.119999,720510
2018-03-09,60.27,62.18,60.139999,62.040001,659722
2018-03-12,62.099998,62.330002,60.669998,61.360001,537990
2018-03-13,61.369999,61.970001,60.27,60.709999,747738
2018-03-14,60.869999,61.330002,60.110001,60.959999,665017
2018-03-15,60.950001,61.540001,60.82,61.189999,430201
2018-03-16,61.189999,62.540001,61.080002,62.34,202493
2018-03-19,62.23,62.349998,61.360001,62.060001,115962
2018-03-20,62.099998,63.810001,62.080002,63.400002,717709
2018-03-21,63.720001,65.550003,63.580002,65.169998,763768
2018-03-22,65.5,65.739998,64.139999,64.300003,689172
2018-03-23,64.279999,66.0,64.110001,65.879997,752994
2018-03-26,65.900002,66.550003,65.080002,65.550003,585899
2018-03-27,65.529999,66.410004,64.529999,65.25,670811
2018-03-28,64.699997,65.129997,63.720001,64.379997,697678
2018-03-29,64.690002,65.260002,64.160004,64.940002,562819
2018-04-02,64.910004,65.419998,62.799999,63.009998,582742
2018-04-03,62.889999,63.860001,62.860001,63.509998,527289
2018-04-04,63.59,63.639999,62.060001,63.369999,760596
2018-04-05,63.599998,64.120003,63.07,63.540001,588597
2018-04-06,63.700001,63.790001,61.810001,62.060001,753262
2018-04-09,62.0,63.610001,61.93,63.419998,655831
2018-04-10,63.299999,65.860001,63.200001,65.510002,840280
2018-04-11,65.589996,67.449997,65.150002,66.82,963017
2018-04-12,66.75,67.330002,66.0,67.07,687468
2018-04-13,67.18,67.760002,66.699997,67.389999,624203
2018-04-16,67.239998,67.739998,66.129997,66.220001,560076
2018-04-17,66.419998,66.75,65.559998,66.519997,486076
2018-04-18,66.68,68.910004,66.559998,68.470001,221664
2018-04-19,68.75,69.559998,67.980003,68.290001,125993
2018-04-20,68.260002,68.620003,67.5,68.379997,724906
2018-04-23,68.220001,69.029999,67.139999,68.639999,740941
2018-04-24,68.949997,69.379997,67.540001,67.699997,832296
2018-04-25,67.75,68.18,67.110001,68.050003,764049
2018-04-26,68.029999,68.779999,67.709999,68.190002,660549
2018-04-27,68.209999,68.360001,67.639999,68.099998,542549
2018-04-30,68.150002,69.339996,67.169998,68.57,755186
2018-05-01,68.559998,68.900002,66.849998,67.25,694771
2018-05-02,67.489998,68.139999,66.919998,67.93,789367
2018-05-03,67.68,68.599998,67.209999,68.43,691219
2018-05-04,68.5,69.970001,68.120003,69.720001,690876
2018-05-07,69.849998,70.839996,69.510002,70.730003,758916
2018-05-08,70.029999,70.400002,67.629997,69.059998,1253566
2018-05-09,70.050003,71.360001,69.849998,71.139999,863386
2018-05-10,71.230003,71.889999,70.559998,71.360001,749808
2018-05-11,71.449997,71.629997,70.449997,70.699997,634145
2018-05-14,70.540001,71.260002,70.260002,70.959999,592826
2018-05-15,71.150002,71.919998,70.419998,71.309998,815289
2018-05-16,71.019997,71.589996,70.660004,71.489998,574279
2018-05-17,71.559998,72.300003,71.089996,71.489998,562639
2018-05-18,71.599998,71.75,70.989998,71.279999,211785
2018-05-21,71.470001,72.589996,71.25,72.239998,119892
2018-05-22,72.529999,72.830002,71.900002,72.129997,723458
2018-05-23,72.110001,72.260002,71.190002,71.839996,702791
2018-05-24,71.830002,72.0,70.519997,70.709999,640725
2018-05-25,70.650002,70.800003,67.419998,67.879997,955354
2018-05-29,66.489998,67.349998,65.919998,66.730003,1059750
2018-05-30,66.849998,68.669998,66.349998,68.209999,726886
2018-05-31,68.239998,68.300003,66.559998,67.040001,917563
2018-06-01,67.07,67.339996,65.510002,65.809998,781103
2018-06-04,65.709999,66.040001,64.57,64.75,696050
2018-06-05,64.940002,65.57,64.220001,65.519997,714674
2018-06-06,65.510002,65.959999,64.269997,64.730003,708829
2018-06-07,65.07,66.07,64.809998,65.949997,675041
2018-06-08,65.980003,66.239998,65.150002,65.739998,571224
2018-06-11,65.559998,66.349998,64.849998,66.099998,558281
2018-06-12,66.050003,66.699997,65.870003,66.360001,524411
2018-06-13,66.010002,66.889999,65.519997,66.639999,626398
2018-06-14,66.620003,67.160004,66.360001,66.889999,460168
2018-06-15,66.620003,67.160004,64.290001,65.059998,512591
2018-06-18,64.400002,65.980003,63.59,65.849998,218933
2018-06-19,65.82,65.900002,64.389999,65.07,122646
2018-06-20,65.110001,66.529999,65.010002,66.220001,801625
2018-06-21,65.339996,66.220001,64.339996,65.540001,760719
2018-06-22,65.93,69.379997,65.709999,68.580002,1136232
2018-06-25,68.75,69.440002,67.779999,68.080002,816207
2018-06-26,68.209999,70.910004,67.720001,70.529999,848537
2018-06-27,70.68,73.059998,70.559998,72.760002,775155
2018-06-28,72.269997,74.029999,72.199997,73.449997,717347
2018-06-29,73.330002,74.459999,72.93,74.150002,602399
2018-07-02,73.620003,74.349998,72.510002,73.940002,652167
2018-07-03,74.080002,75.269997,72.730003,74.139999,667235
2018-07-05,74.349998,74.800003,72.529999,72.940002,841632
2018-07-06,73.160004,74.010002,72.139999,73.800003,611419
2018-07-09,73.870003,74.279999,72.989998,73.849998,533003
2018-07-10,74.040001,74.699997,73.650002,74.110001,586829
2018-07-11,74.199997,74.260002,70.019997,70.379997,861726
2018-07-12,70.599998,71.239998,69.230003,70.330002,707887
2018-07-13,70.379997,71.660004,69.839996,71.010002,530277
2018-07-16,70.519997,70.870003,67.580002,68.059998,530480
2018-07-17,68.029999,68.440002,67.029999,68.080002,440727
2018-07-18,67.610001,69.059998,67.040001,68.760002,187313
2018-07-19,69.0,70.169998,67.800003,69.459999,103220
2018-07-20,69.389999,71.099998,69.370003,70.459999,500967
2018-07-23,68.169998,69.309998,67.599998,67.889999,555915
2018-07-24,67.800003,69.050003,67.559998,68.519997,524591
2018-07-25,68.769997,69.699997,68.199997,69.300003,622913
2018-07-26,69.379997,69.919998,68.919998,69.610001,489059
2018-07-27,69.580002,69.769997,68.260002,68.690002,460450
2018-07-30,69.010002,70.43,68.800003,70.129997,463011
2018-07-31,70.050003,70.220001,67.980003,68.760002,519070
2018-08-01,68.43,68.519997,67.309998,67.660004,576561
2018-08-02,67.860001,69.360001,66.919998,68.959999,531071
2018-08-03,68.989998,69.239998,67.870003,68.489998,476615
2018-08-06,68.650002,69.919998,68.5,69.010002,495605
2018-08-07,68.900002,69.830002,68.809998,69.169998,485027
2018-08-08,69.089996,69.370003,66.32,66.940002,760313
2018-08-09,66.790001,67.410004,66.489998,66.809998,509401
2018-08-10,66.739998,67.870003,66.139999,67.629997,524490
2018-08-13,67.779999,67.949997,65.709999,67.199997,578219
2018-08-14,67.419998,68.370003,66.580002,67.040001,538484
2018-08-15,66.620003,66.900002,64.510002,65.010002,573473
2018-08-16,64.949997,65.519997,64.43,65.459999,383380
2018-08-17,65.470001,66.389999,65.300003,65.910004,171403
2018-08-20,65.910004,66.68,65.589996,66.43,112709
2018-08-21,66.620003,68.099998,66.519997,67.349998,437164
2018-08-22,66.080002,68.150002,65.980003,67.860001,581899
2018-08-23,68.07,68.120003,67.32,67.830002,450690
2018-08-24,67.900002,69.309998,67.779999,68.720001,517796
2018-08-27,68.57,68.970001,68.339996,68.870003,332612
2018-08-28,68.93,69.199997,68.209999,68.529999,426833
2018-08-29,68.540001,69.760002,68.370003,69.510002,497095
2018-08-30,69.709999,70.5,69.550003,70.25,445584
2018-08-31,70.059998,70.360001,69.639999,69.800003,419739
2018-09-04,70.120003,71.400002,69.080002,69.870003,785981
2018-09-05,69.43,69.589996,68.559998,68.720001,542104
2018-09-06,68.639999,69.019997,67.0,67.769997,633824
2018-09-07,67.879997,68.080002,66.860001,67.75,530895
2018-09-10,67.82,68.519997,67.330002,67.540001,571174
2018-09-11,67.529999,70.010002,67.480003,69.25,676869
2018-09-12,69.889999,71.260002,69.5,70.370003,800543
2018-09-13,70.239998,70.279999,68.349998,68.589996,684937
2018-09-14,68.790001,69.910004,67.940002,68.989998,611075
2018-09-17,68.93,69.720001,68.529999,68.910004,422294
2018-09-18,68.800003,70.419998,68.529999,69.849998,234202
2018-09-19,69.709999,71.5,69.650002,71.120003,125208
2018-09-20,71.389999,71.809998,70.730003,70.800003,607520
2018-09-21,70.199997,71.800003,69.980003,70.779999,855943
2018-09-24,71.139999,72.739998,71.139999,72.080002,576894
2018-09-25,72.25,72.779999,71.889999,72.279999,551280
2018-09-26,72.089996,72.379997,71.470001,71.57,464463
2018-09-27,72.010002,72.599998,71.709999,72.120003,454549
2018-09-28,72.18,73.730003,71.879997,73.25,544047
2018-10-01,73.290001,75.769997,72.949997,75.300003,601451
2018-10-02,75.419998,75.910004,74.93,75.230003,463615
2018-10-03,75.120003,76.900002,74.300003,76.410004,698817
2018-10-04,76.18,76.470001,73.879997,74.330002,687949
2018-10-05,74.669998,75.220001,73.839996,74.339996,613218
2018-10-08,74.400002,74.580002,73.07,74.290001,554938
2018-10-09,74.209999,75.279999,74.0,74.959999,623537
2018-10-10,74.660004,75.080002,72.379997,73.169998,652737
2018-10-11,72.68,72.760002,70.510002,70.970001,783962
2018-10-12,70.989998,72.010002,70.639999,71.339996,626668
2018-10-15,71.849998,72.699997,70.849998,71.779999,568610
2018-10-16,71.720001,72.290001,71.019997,71.919998,535003
2018-10-17,72.169998,72.43,69.43,69.75,651584
2018-10-18,70.029999,70.029999,68.470001,68.650002,215337
2018-10-19,68.68,69.769997,68.559998,69.120003,108311
2018-10-22,69.410004,69.650002,68.269997,69.169998,513770
2018-10-23,69.550003,69.660004,65.739998,66.43,853265
2018-10-24,66.169998,67.720001,66.050003,66.82,775963
2018-10-25,66.360001,67.650002,65.989998,67.330002,573096
2018-10-26,66.949997,67.879997,66.199997,67.589996,595211
2018-10-29,67.550003,67.949997,66.290001,67.040001,477487
2018-10-30,66.68,67.260002,65.330002,66.18,680441
2018-10-31,66.32,67.0,64.809998,65.309998,666487
2018-11-01,64.879997,65.389999,63.110001,63.689999,790286
2018-11-02,63.5,63.950001,62.630001,63.139999,708906
2018-11-05,62.990002,64.139999,62.52,63.099998,609129
2018-11-06,62.700001,63.32,61.310001,62.209999,761240
2018-11-07,61.740002,63.18,61.200001,61.669998,866628
2018-11-08,61.639999,62.419998,60.400002,60.669998,764546
2018-11-09,60.75,60.790001,59.259998,60.189999,821729
2018-11-12,60.700001,61.279999,58.68,59.93,806219
2018-11-13,58.880001,59.349998,54.75,55.689999,1095643
2018-11-14,55.27,57.369999,55.130001,56.25,844696
2018-11-15,56.02,57.259998,55.59,56.459999,256499
2018-11-16,56.580002,57.959999,55.889999,56.459999,159001
2018-11-19,56.720001,57.330002,55.080002,56.759998,699684
2018-11-20,57.389999,57.439999,52.77,53.43,983120
2018-11-21,53.389999,55.860001,53.389999,54.630001,734277
2018-11-23,53.869999,54.119999,50.150002,50.419998,1014667
2018-11-26,50.619999,52.25,50.099998,51.630001,663108
2018-11-27,51.540001,52.380001,50.299999,51.560001,764010
2018-11-28,52.09,52.560001,50.060001,50.290001,831688
2018-11-29,50.310001,52.200001,49.41,51.450001,812721
2018-11-30,51.27,51.790001,49.650002,50.93,796714
2018-12-03,52.450001,53.849998,52.029999,52.950001,758010
2018-12-04,53.130001,54.549999,52.43,53.25,738130
2018-12-06,52.93,53.299999,50.080002,51.490002,987266
2018-12-07,51.759998,54.220001,50.599998,52.610001,987717
2018-12-10,52.029999,52.810001,50.529999,51.0,733225
2018-12-11,50.889999,52.43,50.700001,51.650002,665262
2018-12-12,51.950001,52.880001,50.939999,51.150002,730810
2018-12-13,51.200001,53.27,50.349998,52.580002,733627
2018-12-14,52.830002,52.950001,50.84,51.200001,526839
2018-12-17,51.25,51.869999,49.009998,49.880001,211257
2018-12-18,49.16,49.59,45.790001,46.240002,120101
2018-12-19,45.93,48.0,45.93,47.200001,817721
2018-12-20,47.389999,47.509998,45.669998,45.880001,794130
2018-12-21,46.25,46.77,45.130001,45.59,694003
2018-12-24,45.450001,46.240002,42.360001,42.529999,415859
2018-12-26,42.849998,47.0,42.52,46.220001,698408
2018-12-27,46.580002,46.700001,44.369999,44.610001,665590
2018-12-28,45.439999,46.220001,44.419998,45.330002,564385
2018-12-31,45.220001,46.529999,44.73,45.41,476970
2019-01-02,45.799999,47.779999,44.349998,46.540001,850480
2019-01-03,46.259998,47.490002,45.349998,47.09,788718
2019-01-04,46.900002,49.220001,46.650002,47.959999,817277
2019-01-07,48.299999,49.790001,48.110001,48.52,819939
2019-01-08,48.73,49.950001,48.310001,49.779999,765981
2019-01-09,49.799999,52.580002,49.709999,52.360001,891922
2019-01-10,52.18,52.779999,51.369999,52.59,821782
2019-01-11,52.279999,53.310001,51.18,51.59,812339
2019-01-14,51.73,52.110001,50.380001,50.509998,791527
2019-01-15,50.779999,52.299999,50.639999,52.110001,664183
2019-01-16,52.0,52.52,51.259998,52.310001,694182
2019-01-17,52.299999,52.580002,50.98,52.07,288560
2019-01-18,52.23,53.919998,52.09,53.799999,193099
2019-01-22,53.73,54.240002,51.799999,52.57,951158
2019-01-23,52.950001,53.639999,51.860001,52.619999,702866
2019-01-24,52.450001,53.470001,52.07,53.130001,714415
2019-01-25,53.169998,53.939999,52.91,53.689999,593385
2019-01-28,53.560001,53.639999,51.330002,51.990002,650667
2019-01-29,52.119999,53.93,51.84,53.310001,660527
2019-01-30,53.240002,54.93,53.09,54.23,731312
2019-01-31,54.279999,55.369999,53.619999,53.790001,718650
2019-02-01,54.009998,55.66,53.369999,55.259998,689566
2019-02-04,55.32,55.75,53.290001,54.560001,622472
2019-02-05,54.860001,55.209999,53.470001,53.66,609756
2019-02-06,53.73,54.299999,52.860001,54.009998,606720
2019-02-07,53.939999,54.209999,51.799999,52.639999,749010
2019-02-08,52.59,52.990002,52.080002,52.720001,621003
2019-02-11,52.66,52.779999,51.23,52.41,750242
2019-02-12,52.470001,54.049999,52.290001,53.099998,708312
2019-02-13,53.349998,54.599998,53.27,53.900002,706552
2019-02-14,53.959999,54.68,53.080002,54.41,623546
2019-02-15,54.48,55.869999,54.240002,55.59,276907
2019-02-19,55.779999,56.330002,55.290001,56.09,153728
2019-02-20,55.939999,57.549999,55.48,56.919998,685111
2019-02-21,57.240002,57.610001,56.639999,56.959999,546202
2019-02-22,56.84,57.810001,56.709999,57.259998,513439
2019-02-25,57.169998,57.529999,55.080002,55.48,723012
2019-02-26,55.459999,56.080002,55.02,55.5,538919
2019-02-27,55.950001,57.389999,55.720001,56.939999,577227
2019-02-28,57.0,57.43,56.43,57.220001,496678
2019-03-01,57.220001,57.880001,55.57,55.799999,684186
2019-03-04,55.830002,57.0,55.810001,56.59,549396
2019-03-05,56.450001,57.189999,56.09,56.560001,538399
2019-03-06,56.279999,56.400002,55.419998,56.220001,637677
2019-03-07,56.200001,56.990002,56.080002,56.66,628824
2019-03-08,56.43,56.509998,54.52,56.07,747358
2019-03-11,56.07,57.009998,55.959999,56.790001,597156
2019-03-12,56.759998,57.549999,56.740002,56.869999,652798
2019-03-13,57.09,58.48,57.009998,58.259998,610616
2019-03-14,58.349998,58.740002,58.0,58.610001,567604
2019-03-15,58.509998,58.950001,57.740002,58.52,507393
2019-03-18,58.450001,59.23,58.049999,59.09,157241
2019-03-19,59.009998,59.57,58.619999,59.029999,114822
2019-03-20,59.02,60.119999,58.389999,59.830002,786342
2019-03-21,59.990002,60.389999,59.66,59.98,655380
2019-03-22,59.869999,60.07,58.279999,59.040001,738840
2019-03-25,58.98,59.349998,58.169998,58.82,705399
2019-03-26,59.119999,60.380001,59.040001,59.939999,685988
2019-03-27,60.029999,60.220001,58.810001,59.41,732150
2019-03-28,59.400002,59.560001,58.200001,59.299999,712209
2019-03-29,59.529999,60.73,59.41,60.139999,705559
2019-04-01,60.240002,61.799999,60.130001,61.59,670808
2019-04-02,61.810001,62.75,61.599998,62.580002,793227
2019-04-03,62.639999,62.990002,62.049999,62.459999,799672
2019-04-04,62.5,62.77,61.889999,62.099998,684973
2019-04-05,62.18,63.34,61.82,63.080002,686862
2019-04-08,63.330002,64.480003,63.130001,64.400002,895767
2019-04-09,64.400002,64.790001,63.68,63.98,790677
2019-04-10,64.220001,64.699997,64.050003,64.610001,722216
2019-04-11,64.480003,64.489998,63.310001,63.580002,760504
2019-04-12,63.709999,64.650002,63.66,63.889999,625588
2019-04-15,63.759998,63.84,63.029999,63.400002,555858
2019-04-16,63.57,64.370003,62.990002,64.050003,547469
2019-04-17,64.32,64.610001,63.66,63.759998,235376
2019-04-18,63.75,64.160004,63.459999,64.0,148238
2019-04-22,64.0,65.919998,64.0,65.699997,763527
2019-04-23,65.75,66.599998,65.580002,66.300003,700598
2019-04-24,66.169998,66.43,65.660004,65.889999,678386
2019-04-25,65.809998,66.279999,64.900002,65.209999,603001
2019-04-26,65.129997,65.18,62.279999,63.299999,1000836
2019-04-29,62.950001,63.689999,62.459999,63.5,654076
2019-04-30,63.580002,64.75,63.299999,63.91,750494
2019-05-01,63.400002,63.93,62.77,63.599998,676872
2019-05-02,63.610001,63.68,60.950001,61.810001,914661
2019-05-03,61.549999,62.52,61.299999,61.939999,646866
2019-05-06,61.43,62.950001,60.040001,62.25,768810
2019-05-07,62.169998,62.490002,60.66,61.400002,842810
2019-05-08,61.439999,62.369999,61.07,62.119999,791769
2019-05-09,62.02,62.209999,60.919998,61.700001,769583
2019-05-10,61.639999,62.490002,61.419998,61.66,786494
2019-05-13,61.650002,63.330002,60.639999,61.040001,1003106
2019-05-14,60.860001,62.110001,60.689999,61.779999,751668
2019-05-15,61.369999,62.34,60.849998,62.02,723001
2019-05-16,62.119999,63.48,62.080002,62.869999,545679
2019-05-17,63.119999,63.639999,62.52,62.759998,215802
2019-05-20,63.529999,63.810001,62.450001,63.099998,131888
2019-05-21,63.279999,63.599998,62.75,62.990002,641680
2019-05-22,62.639999,62.779999,61.029999,61.419998,766728
2019-05-23,61.27,61.290001,57.330002,57.91,1108052
2019-05-24,58.209999,59.099998,57.5,58.630001,758099
2019-05-28,58.939999,59.57,58.130001,59.139999,1020323
2019-05-29,59.07,59.139999,56.880001,58.810001,1124959
2019-05-30,59.119999,59.700001,56.330002,56.59,842281
2019-05-31,56.459999,56.610001,53.049999,53.5,1031488
2019-06-03,53.419998,54.630001,52.110001,53.25,984308
2019-06-04,52.889999,53.779999,52.43,53.48,831625
2019-06-05,52.860001,53.41,50.599998,51.68,943186
2019-06-06,51.66,53.299999,51.169998,52.59,790067
2019-06-07,53.099998,54.32,52.619999,53.990002,828133
2019-06-10,54.240002,54.84,53.049999,53.259998,687146
2019-06-11,53.43,54.040001,52.91,53.27,642940
2019-06-12,53.040001,53.049999,50.720001,51.139999,786105
2019-06-13,51.07,53.450001,50.919998,52.279999,945024
2019-06-14,52.18,52.98,51.700001,52.509998,574229
2019-06-17,52.5,52.740002,51.580002,51.93,397868
2019-06-18,51.950001,54.310001,51.5,53.900002,181640
2019-06-19,54.09,54.419998,53.279999,53.759998,122838
2019-06-20,54.119999,57.02,54.110001,56.650002,854514
2019-06-21,57.259998,57.98,56.66,57.43,676047
2019-06-24,57.720001,58.220001,56.75,57.900002,597164
2019-06-25,57.740002,58.84,57.200001,57.830002,673140
2019-06-26,58.84,59.93,58.650002,59.380001,686817
2019-06-27,59.27,59.73,58.610001,59.43,531405
2019-06-28,59.220001,59.799999,57.75,58.470001,556101
2019-07-01,59.27,60.279999,58.34,59.09,674887
2019-07-02,59.139999,59.43,56.09,56.25,878938
2019-07-03,56.490002,57.48,56.040001,57.34,600131
2019-07-05,57.380001,57.82,56.290001,57.509998,698015
2019-07-08,57.77,58.459999,57.299999,57.66,540861
2019-07-09,57.560001,59.099998,57.290001,57.830002,551872
2019-07-10,58.400002,60.529999,58.349998,60.43,690656
2019-07-11,60.439999,60.939999,60.139999,60.200001,573019
2019-07-12,60.459999,60.740002,59.93,60.209999,469029
2019-07-15,60.25,60.919998,59.200001,59.580002,566818
2019-07-16,59.259998,60.060001,57.07,57.619999,712540
2019-07-17,57.52,58.360001,56.209999,56.779999,504432
2019-07-18,56.599998,57.32,54.720001,55.299999,215361
2019-07-19,55.720001,56.360001,54.990002,55.630001,105217
2019-07-22,56.220001,56.84,55.720001,56.220001,619483
2019-07-23,56.169998,57.470001,55.740002,56.77,521876
2019-07-24,57.23,57.639999,55.330002,55.880001,745248
2019-07-25,55.900002,56.990002,55.810001,56.02,559282
2019-07-26,55.93,56.57,55.68,56.200001,476785
2019-07-29,56.200001,57.099998,55.810001,56.869999,529742
2019-07-30,57.07,58.470001,56.959999,58.049999,547401
2019-07-31,58.34,58.82,57.810001,58.580002,614001
2019-08-01,57.849998,57.990002,53.59,53.950001,886748
2019-08-02,54.540001,56.049999,54.150002,55.66,739810
2019-08-05,55.380001,55.610001,54.220001,54.689999,823844
2019-08-06,54.950001,55.419998,53.290001,53.630001,682794
2019-08-07,53.419998,53.77,50.52,51.09,1063214
2019-08-08,52.330002,53.060001,51.939999,52.540001,724762
2019-08-09,52.880001,54.919998,52.369999,54.5,726386
2019-08-12,54.32,55.18,53.540001,54.93,611027
2019-08-13,54.73,57.470001,54.209999,57.099998,783486
2019-08-14,56.740002,56.849998,53.970001,55.23,718293
2019-08-15,54.900002,55.330002,53.77,54.470001,527866
2019-08-16,54.740002,55.669998,54.259998,54.869999,168345
2019-08-19,54.959999,56.41,54.84,56.209999,113571
2019-08-20,56.099998,56.599998,55.279999,56.34,659258
2019-08-21,56.049999,57.130001,55.549999,55.68,704035
2019-08-22,55.939999,56.459999,54.849998,55.349998,621573
2019-08-23,55.349998,55.599998,53.240002,54.169998,807151
2019-08-26,53.25,55.259998,52.959999,53.639999,679022
2019-08-27,53.759998,55.720001,53.689999,54.93,596624
2019-08-28,55.709999,56.75,55.34,55.779999,674048
2019-08-29,55.880001,56.889999,55.43,56.709999,630760
2019-08-30,56.630001,56.720001,54.549999,55.099998,708268
2019-09-03,55.0,55.240002,52.84,53.939999,970804
2019-09-04,53.919998,56.580002,53.84,56.259998,682298
2019-09-05,55.950001,57.759998,55.75,56.299999,712466
2019-09-06,56.189999,56.950001,54.830002,56.52,714294
2019-09-09,56.799999,58.16,56.580002,57.849998,646993
2019-09-10,58.029999,58.759998,57.200001,57.400002,755472
2019-09-11,57.889999,58.299999,55.610001,55.75,858772
2019-09-12,55.93,56.34,54.0,55.09,845977
2019-09-13,55.150002,55.68,54.439999,54.849998,599470
2019-09-16,61.48,63.380001,58.77,62.900002,1404916
2019-09-17,61.959999,62.59,58.459999,59.34,993237
2019-09-18,58.810001,59.43,57.669998,58.110001,216961
2019-09-19,58.200001,59.540001,58.009998,58.130001,112327
2019-09-20,58.650002,59.099998,57.790001,58.09,576019
2019-09-23,59.25,59.389999,57.369999,58.639999,526785
2019-09-24,58.439999,58.490002,56.689999,57.290001,591529
2019-09-25,56.700001,57.02,55.549999,56.490002,563550
2019-09-26,56.689999,56.84,55.41,56.41,599653
2019-09-27,56.509998,56.759998,54.75,55.91,712966
2019-09-30,56.540001,56.57,53.98,54.07,532522
2019-10-01,54.279999,54.84,53.049999,53.619999,589176
2019-10-02,54.0,54.419998,52.169998,52.639999,590306
2019-10-03,52.470001,52.91,50.990002,52.450001,642466
2019-10-04,52.290001,53.349998,52.040001,52.810001,541104
2019-10-07,52.689999,54.060001,52.59,52.75,549019
2019-10-08,52.810001,53.27,51.810001,52.630001,658324
2019-10-09,52.57,53.740002,52.310001,52.59,632666
2019-10-10,52.689999,53.970001,51.380001,53.549999,613944
2019-10-11,53.880001,54.93,53.639999,54.700001,467643
2019-10-14,54.900002,54.900002,52.77,53.59,467643
2019-10-15,53.509998,53.790001,52.389999,52.810001,511249
2019-10-16,52.919998,53.740002,52.52,53.360001,451643
2019-10-17,52.990002,54.16,52.619999,53.93,418422
2019-10-18,54.09,54.619999,53.349998,53.779999,174477
2019-10-21,53.709999,54.029999,52.709999,53.310001,95979
2019-10-22,53.389999,54.619999,53.099998,54.16,506573
2019-10-23,54.299999,56.07,53.619999,55.970001,620202
2019-10-24,55.900002,56.509998,55.41,56.23,480764
2019-10-25,56.07,56.740002,55.599998,56.66,445020
2019-10-28,56.650002,56.919998,55.580002,55.810001,437020
2019-10-29,55.799999,55.91,54.610001,55.540001,521457
2019-10-30,55.529999,55.73,54.419998,55.060001,659328
2019-10-31,54.900002,55.59,53.709999,54.18,677419
2019-11-01,54.150002,56.330002,54.07,56.200001,538117
2019-11-04,56.41,57.43,55.830002,56.540001,580350
2019-11-05,56.560001,57.5,56.299999,57.23,435319
2019-11-06,57.259998,57.849998,56.110001,56.349998,623258
2019-11-07,56.349998,57.880001,56.27,57.150002,678165
2019-11-08,57.080002,57.48,55.759998,57.240002,636941
2019-11-11,57.400002,57.400002,56.25,56.860001,498981
2019-11-12,56.889999,57.549999,56.540001,56.799999,586568
2019-11-13,56.790001,57.529999,56.200001,57.119999,547635
2019-11-14,57.389999,57.790001,56.630001,56.77,516832
2019-11-15,56.91,57.970001,56.43,57.720001,375993
2019-11-18,57.880001,58.09,56.549999,57.049999,159328
2019-11-19,56.900002,57.110001,55.040001,55.209999,121214
2019-11-20,55.16,57.25,54.759998,57.110001,674891
2019-11-21,57.0,58.669998,56.599998,58.580002,593533
2019-11-22,58.310001,58.740002,57.5,57.77,508244
2019-11-25,57.919998,58.150002,57.209999,58.009998,420642
2019-11-26,57.919998,58.560001,57.759998,58.41,443816
2019-11-27,58.27,58.68,57.509998,58.110001,454256
2019-11-29,58.130001,58.299999,55.02,55.169998,718724
2019-12-02,55.470001,56.669998,55.419998,55.959999,616423
2019-12-03,55.959999,56.799999,55.349998,56.099998,560554
2019-12-04,56.43,58.66,56.279999,58.43,760541
2019-12-05,58.360001,59.119999,58.099998,58.43,649461
2019-12-06,58.32,59.849998,57.700001,59.200001,679609
2019-12-09,59.110001,59.25,58.23,59.02,511561
2019-12-10,58.919998,59.52,58.52,59.240002,566822
2019-12-11,59.060001,59.220001,58.110001,58.759998,589650
2019-12-12,58.880001,59.720001,58.75,59.18,530851
2019-12-13,59.360001,60.48,59.27,60.07,512288
2019-12-16,59.869999,60.34,59.709999,60.209999,347395
2019-12-17,60.23,61.060001,60.029999,60.939999,163744
2019-12-18,60.549999,61.18,60.32,60.93,131071
2019-12-19,60.860001,61.470001,60.790001,61.220001,426341
2019-12-20,61.110001,61.200001,60.02,60.439999,552517
2019-12-23,60.41,60.77,60.099998,60.52,314711
2019-12-24,60.630001,61.16,60.470001,61.110001,204535
2019-12-26,61.200001,61.830002,61.060001,61.68,265091
2019-12-27,61.73,61.970001,61.240002,61.720001,351899
2019-12-30,61.709999,62.34,61.09,61.68,427149
2019-12-31,61.68,61.880001,60.630001,61.060001,494535
2020-01-02,61.599998,61.599998,60.639999,61.18,486873
2020-01-03,61.18,64.089996,61.130001,63.049999,885861
2020-01-06,63.709999,64.720001,62.639999,63.27,724236
2020-01-07,62.91,63.150002,62.110001,62.700001,582649
2020-01-08,62.84,65.650002,59.150002,59.610001,1205710
2020-01-09,59.990002,60.310001,58.66,59.560001,750933
2020-01-10,59.610001,59.779999,58.849998,59.040001,596186
2020-01-13,59.040001,59.27,57.91,58.080002,584002
2020-01-14,58.029999,58.720001,57.720001,58.23,507714
2020-01-15,58.200001,58.360001,57.360001,57.810001,433169
2020-01-16,58.099998,58.869999,57.560001,58.52,182871
2020-01-17,58.59,58.98,58.27,58.540001,122561
2020-01-21,59.169998,59.73,57.68,58.34,648335
2020-01-22,58.259998,58.380001,56.029999,56.740002,620119
2020-01-23,56.110001,56.27,54.77,55.59,703995
2020-01-24,55.689999,55.950001,53.849998,54.189999,586195
2020-01-27,53.700001,53.709999,52.130001,53.139999,712880
2020-01-28,52.77,54.060001,52.68,53.48,633963
2020-01-29,53.970001,54.369999,52.810001,53.330002,624979
2020-01-30,53.09,53.200001,51.66,52.139999,720123
2020-01-31,52.919998,53.360001,50.970001,51.560001,827907
2020-02-03,51.009998,51.970001,49.799999,50.110001,876044
2020-02-04,49.939999,51.549999,49.310001,49.610001,859357
2020-02-05,49.509998,51.880001,49.470001,50.75,887946
2020-02-06,51.169998,52.200001,50.240002,50.950001,750659
2020-02-07,51.110001,51.48,50.09,50.32,768345
2020-02-10,50.119999,50.490002,49.419998,49.57,715894
2020-02-11,49.610001,50.689999,49.580002,49.939999,725733
2020-02-12,49.959999,51.73,49.950001,51.169998,795256
2020-02-13,51.720001,51.959999,50.599998,51.419998,745400
2020-02-14,51.509998,52.34,51.32,52.049999,607343
2020-02-18,52.23,52.41,50.880001,52.049999,221774
2020-02-19,52.119999,53.66,51.93,53.290001,113683
2020-02-20,53.5,54.5,53.220001,53.779999,676179
2020-02-21,53.740002,53.860001,52.549999,53.380001,707555
2020-02-24,52.599998,52.639999,50.450001,51.43,765515
2020-02-25,51.369999,52.02,49.689999,49.900002,764989
2020-02-26,50.080002,50.439999,48.299999,48.73,884482
2020-02-27,48.630001,48.779999,45.880001,47.09,1011915
2020-02-28,46.490002,47.029999,43.849998,44.759998,1101659
2020-03-02,43.700001,47.560001,43.32,46.75,949471
2020-03-03,47.720001,48.66,46.470001,47.18,1011933
2020-03-04,46.939999,48.41,46.650002,46.779999,745856
2020-03-05,47.130001,47.57,45.650002,45.900002,704591
2020-03-06,46.09,46.380001,41.049999,41.279999,1276180
2020-03-09,32.869999,34.880001,27.34,31.129999,1774383
2020-03-10,30.370001,35.02,30.200001,34.360001,1064632
2020-03-11,34.619999,36.349998,32.560001,32.98,874646
2020-03-12,33.07,33.630001,30.02,31.5,1025036
2020-03-13,30.77,33.869999,30.33,31.73,743129
2020-03-16,33.75,33.75,28.1,28.700001,698829
2020-03-17,28.690001,30.299999,26.629999,26.950001,545820
2020-03-18,26.940001,27.219999,20.059999,20.370001,309481
2020-03-19,22.299999,27.709999,21.360001,25.219999,136722
2020-03-20,24.73,27.889999,19.459999,22.43,1133808
2020-03-23,22.52,24.07,20.799999,23.360001,852951
2020-03-24,23.870001,25.16,23.09,24.01,659697
2020-03-25,24.370001,25.24,22.91,24.49,618725
2020-03-26,24.25,24.65,22.379999,22.6,633877
2020-03-27,23.290001,23.440001,20.879999,21.51,603124
2020-03-30,20.93,20.93,19.27,20.09,758711
2020-03-31,20.23,21.889999,20.01,20.48,660082
2020-04-01,20.1,21.549999,19.9,20.309999,703286
2020-04-02,21.219999,27.389999,20.76,25.32,1095972
2020-04-03,24.809999,29.129999,23.52,28.34,1007577
2020-04-06,26.09,28.24,25.280001,26.08,752710
2020-04-07,26.34,27.24,23.540001,23.629999,797707
2020-04-08,24.299999,26.450001,23.74,25.09,823554
2020-04-09,26.280001,28.360001,22.57,22.76,1122149
2020-04-13,24.6,24.74,22.030001,22.41,775120
2020-04-14,22.360001,23.08,19.950001,20.110001,785478
2020-04-15,20.719999,20.889999,19.200001,19.870001,544797
2020-04-16,20.15,20.530001,19.42,19.870001,350942
2020-04-17,20.0,20.219999,17.309999,18.27,240628
2020-04-20,17.73,17.85,-40.32,-37.630001,247947
2020-04-21,-14.0,13.86,-16.74,10.01,2288230
2020-04-22,13.12,16.18,10.26,13.78,1235218
2020-04-23,14.2,18.26,13.35,16.5,833584
2020-04-24,16.780001,17.969999,15.64,16.940001,600220
2020-04-27,16.84,16.98,11.88,12.78,623201
2020-04-28,12.96,13.69,10.07,12.34,897087
2020-04-29,13.35,16.780001,12.67,15.06,554134
2020-04-30,15.64,19.440001,15.45,18.84,545344
2020-05-01,19.040001,20.48,18.07,19.780001,403201
2020-05-04,19.110001,21.42,18.049999,20.389999,311488
2020-05-05,21.24,25.49,21.129999,24.559999,387240
2020-05-06,25.52,26.08,22.58,23.99,381165
2020-05-07,24.09,26.74,22.940001,23.549999,310261
2020-05-08,23.35,24.99,23.26,24.74,205181
2020-05-11,24.49,25.58,23.67,24.139999,179591
2020-05-12,24.49,26.23,24.219999,25.780001,212335
2020-05-13,25.299999,26.450001,24.790001,25.290001,150864
2020-05-14,25.559999,27.959999,25.18,27.559999,160507
2020-05-15,27.639999,29.92,27.24,29.43,108016
2020-05-18,29.530001,33.32,29.530001,31.82,89376
2020-05-19,32.830002,33.439999,31.34,32.5,430823
2020-05-20,31.889999,33.779999,31.559999,33.490002,406431
2020-05-21,33.529999,34.66,33.259998,33.919998,372814
2020-05-22,33.950001,34.0,30.719999,33.25,429036
2020-05-26,33.299999,34.810001,32.48,34.349998,466737
2020-05-27,34.139999,34.32,31.75,32.810001,415246
2020-05-28,32.099998,34.209999,31.139999,33.709999,440168
2020-05-29,33.68,35.77,32.360001,35.490002,443647
2020-06-01,35.209999,35.900002,34.27,35.439999,385710
2020-06-02,35.560001,37.060001,35.279999,36.810001,343483
2020-06-03,36.860001,38.18,35.880001,37.290001,494253
2020-06-04,36.759998,37.619999,36.380001,37.41,307612
2020-06-05,37.330002,39.68,37.049999,39.549999,396856
2020-06-08,39.41,40.439999,37.959999,38.189999,416639
2020-06-09,38.220001,39.099998,37.07,38.939999,396033
2020-06-10,38.5,39.91,37.73,39.599998,385868
2020-06-11,39.09,39.09,35.41,36.34,513912
2020-06-12,36.259998,36.990002,34.48,36.259998,406508
2020-06-15,36.029999,37.259998,34.360001,37.119999,387546
2020-06-16,37.049999,39.060001,36.380001,38.380001,366323
2020-06-17,37.93,38.75,37.209999,37.959999,239516
2020-06-18,37.740002,38.970001,37.110001,38.84,113384
2020-06-19,38.849998,40.490002,38.400002,39.75,64113
2020-06-22,39.18,40.700001,39.119999,40.459999,315264
2020-06-23,40.68,41.630001,39.759998,40.369999,368730
2020-06-24,39.990002,40.540001,37.310001,38.009998,499490
2020-06-25,38.049999,39.23,37.080002,38.720001,451640
2020-06-26,39.09,39.349998,37.790001,38.490002,356712
2020-06-29,37.959999,39.889999,37.5,39.700001,343913
2020-06-30,39.639999,40.080002,38.849998,39.27,370059
2020-07-01,39.84,40.580002,39.049999,39.82,407170
2020-07-02,39.779999,40.740002,39.459999,40.650002,347096
2020-07-06,40.380001,41.080002,39.84,40.630001,373236
2020-07-07,40.68,40.950001,39.900002,40.619999,256596
2020-07-08,40.48,41.080002,40.299999,40.900002,286740
2020-07-09,40.869999,40.990002,39.27,39.619999,367386
2020-07-10,39.580002,40.77,38.540001,40.549999,393149
2020-07-13,40.349998,40.720001,39.470001,40.099998,370715
2020-07-14,39.599998,40.57,39.07,40.290001,426971
2020-07-15,40.549999,41.259998,40.080002,41.200001,352542
2020-07-16,40.970001,41.18,40.52,40.75,200101
2020-07-17,40.720001,40.900002,40.02,40.59,88220
2020-07-20,40.639999,40.91,39.830002,40.810001,60179
2020-07-21,40.650002,42.400002,40.639999,41.959999,389117
2020-07-22,41.540001,42.029999,41.139999,41.900002,333647
2020-07-23,41.950001,42.360001,40.830002,41.07,389412
2020-07-24,41.060001,41.669998,40.66,41.290001,353159
2020-07-27,41.259998,41.82,40.48,41.599998,377714
2020-07-28,41.650002,41.93,40.849998,41.040001,276804
2020-07-29,41.130001,41.57,40.93,41.27,295855
2020-07-30,41.32,41.389999,38.720001,39.919998,487325
2020-07-31,40.34,40.549999,39.66,40.27,318788
2020-08-03,40.389999,41.240002,39.580002,41.009998,338326
2020-08-04,40.779999,42.080002,40.139999,41.700001,451575
2020-08-05,41.560001,43.52,41.470001,42.189999,491268
2020-08-06,42.189999,42.650002,41.610001,41.950001,359610
2020-08-07,41.970001,42.220001,41.060001,41.220001,398997
2020-08-10,41.5,42.330002,41.169998,41.939999,367796
2020-08-11,41.98,42.939999,41.48,41.610001,432843
2020-08-12,41.619999,42.900002,41.529999,42.669998,397831
2020-08-13,42.57,42.84,42.09,42.240002,329507
2020-08-14,42.330002,42.57,41.619999,42.009998,310866
2020-08-17,42.240002,42.970001,41.799999,42.889999,208429
2020-08-18,42.790001,42.990002,42.110001,42.889999,111628
2020-08-19,42.599998,43.029999,42.360001,42.93,81299
2020-08-20,42.740002,42.790001,41.5,42.580002,377070
2020-08-21,42.75,42.959999,41.459999,42.34,345368
2020-08-24,42.48,42.889999,42.23,42.619999,294731
2020-08-25,42.360001,43.57,42.310001,43.349998,330800
2020-08-26,43.389999,43.779999,43.0,43.389999,262243
2020-08-27,43.450001,43.5,42.360001,43.040001,320968
2020-08-28,42.98,43.419998,42.689999,42.970001,272800
2020-08-31,42.91,43.57,42.560001,42.610001,236877
2020-09-01,42.830002,43.43,42.720001,42.759998,285146
2020-09-02,43.02,43.209999,41.23,41.509998,421771
2020-09-03,41.630001,41.790001,40.220001,41.369999,417634
2020-09-04,41.25,41.869999,39.349998,39.77,444184
2020-09-08,39.48,39.59,36.130001,36.759998,720975
2020-09-09,36.790001,38.450001,36.16,38.049999,455356
2020-09-10,37.799999,38.18,36.93,37.299999,367555
2020-09-11,37.009998,37.82,36.669998,37.330002,363787
2020-09-14,37.32,37.68,36.82,37.259998,347563
2020-09-15,37.279999,38.57,37.060001,38.279999,348861
2020-09-16,38.349998,40.34,38.349998,40.16,367612
2020-09-17,40.189999,41.220001,39.419998,40.970001,280669
2020-09-18,40.970001,41.490002,40.299999,41.110001,85906
2020-09-21,40.98,41.27,38.66,39.310001,66195
2020-09-22,39.630001,40.02,39.0,39.599998,287807
2020-09-23,39.759998,40.75,39.259998,39.93,318754
2020-09-24,39.599998,40.369999,39.119999,40.310001,269992
2020-09-25,40.150002,40.639999,39.709999,40.25,229025
2020-09-28,40.07,40.799999,39.779999,40.599998,226425
2020-09-29,40.580002,40.700001,38.41,39.290001,379599
2020-09-30,39.16,40.369999,38.68,40.220001,340294
2020-10-01,39.900002,40.470001,37.610001,38.720001,443442
2020-10-02,38.599998,38.650002,36.630001,37.049999,391428
2020-10-05,37.0,39.720001,37.0,39.220001,378579
2020-10-06,39.349998,40.860001,39.099998,40.669998,400531
2020-10-07,39.830002,40.349998,39.279999,39.950001,433065
2020-10-08,39.990002,41.330002,39.759998,41.189999,409787
2020-10-09,41.310001,41.470001,40.380001,40.599998,331703
2020-10-12,40.400002,40.450001,39.040001,39.43,322035
2020-10-13,39.529999,40.529999,39.349998,40.200001,375470
2020-10-14,40.189999,41.16,39.82,41.040001,328295
2020-10-15,41.130001,41.290001,39.220001,40.959999,248251
2020-10-16,40.880001,41.049999,40.080002,40.880001,96488
2020-10-19,40.689999,41.220001,40.540001,40.830002,75335
2020-10-20,40.650002,41.700001,40.25,41.459999,360574
2020-10-21,41.220001,41.59,39.779999,40.029999,366899
2020-10-22,40.040001,41.02,39.709999,40.639999,307494
2020-10-23,40.610001,40.919998,39.57,39.849998,268931
2020-10-26,39.689999,39.740002,38.279999,38.560001,360184
2020-10-27,38.59,39.830002,38.509998,39.57,339535
2020-10-28,38.970001,39.009998,36.970001,37.389999,489954
2020-10-29,37.389999,37.759998,34.919998,36.169998,568816
2020-10-30,36.07,36.599998,35.209999,35.790001,388971
2020-11-02,35.240002,37.150002,33.639999,36.810001,489204
2020-11-03,37.029999,38.32,36.57,37.66,410611
2020-11-04,38.150002,39.25,37.259998,39.150002,437000
2020-11-05,39.169998,39.349998,38.27,38.790001,298366
2020-11-06,38.540001,38.610001,37.060001,37.139999,411026
2020-11-09,37.34,41.330002,37.16,40.290001,622921
2020-11-10,39.91,41.84,39.41,41.360001,457045
2020-11-11,41.790001,43.060001,41.32,41.450001,443772
2020-11-12,41.470001,42.189999,40.869999,41.119999,401031
2020-11-13,40.939999,40.939999,40.060001,40.130001,338187
2020-11-16,40.169998,42.09,40.150002,41.34,378785
2020-11-17,41.439999,41.689999,40.57,41.43,243677
2020-11-18,41.349998,42.459999,41.080002,41.82,107013
2020-11-19,41.610001,41.98,41.080002,41.740002,88144
2020-11-20,41.700001,42.32,41.509998,42.150002,276340
2020-11-23,42.459999,43.360001,42.290001,43.060001,300717
2020-11-24,42.84,45.200001,42.82,44.91,418527
2020-11-25,44.82,46.259998,44.73,45.709999,417182
2020-11-27,45.900002,46.09,44.549999,45.529999,365128
2020-11-30,45.34,45.799999,44.419998,45.34,370755
2020-12-01,45.080002,45.700001,44.119999,44.549999,314919
2020-12-02,44.380001,45.919998,43.919998,45.279999,368854
2020-12-03,44.990002,45.84,44.66,45.639999,350768
2020-12-04,45.639999,46.68,45.610001,46.259998,335453
2020-12-07,46.150002,46.540001,45.360001,45.759998,348871
2020-12-08,45.66,45.93,45.139999,45.599998,332641
2020-12-09,45.599998,46.240002,44.950001,45.52,434976
2020-12-10,45.689999,47.740002,45.52,46.779999,447529
2020-12-11,46.970001,47.290001,46.34,46.57,367305
2020-12-14,46.73,47.439999,45.689999,46.990002,403543
2020-12-15,46.990002,47.73,46.540001,47.619999,311169
2020-12-16,47.599998,47.939999,47.169998,47.82,275331
2020-12-17,47.849998,48.59,47.810001,48.360001,96536
2020-12-18,48.43,49.279999,48.099998,49.099998,83711
2020-12-21,48.540001,48.610001,46.18,47.740002,478098
2020-12-22,47.93,47.959999,46.599998,47.02,295737
2020-12-23,46.790001,48.5,46.16,48.119999,344306
2020-12-24,48.09,48.619999,47.560001,48.23,167390
2020-12-28,48.23,48.959999,47.5,47.619999,238462
2020-12-29,47.720001,48.349998,47.68,48.0,213778
2020-12-30,48.130001,48.66,47.610001,48.400002,266957
2020-12-31,48.349998,48.580002,47.77,48.52,181894
2021-01-04,48.400002,49.830002,47.18,47.619999,528525
2021-01-05,47.380001,50.200001,47.240002,49.93,643191
2021-01-06,49.82,50.939999,49.48,50.630001,509365
2021-01-07,50.529999,51.279999,50.389999,50.830002,369292
2021-01-08,50.93,52.75,50.810001,52.240002,499416
2021-01-11,52.580002,52.700001,51.5,52.25,394822
2021-01-12,52.18,53.450001,52.07,53.209999,400200
2021-01-13,53.310001,53.93,52.580002,52.91,429898
2021-01-14,52.84,53.75,52.240002,53.57,390087
2021-01-15,53.799999,53.830002,51.830002,52.360001,165668
2021-01-19,52.0,53.130001,51.759998,52.98,125964
2021-01-20,53.130001,53.790001,53.049999,53.240002,400301
2021-01-21,52.93,53.41,52.75,53.130001,352397
2021-01-22,53.099998,53.16,51.439999,52.27,437484
2021-01-25,52.169998,52.950001,51.82,52.77,349076
2021-01-26,52.91,53.25,52.290001,52.610001,314538
2021-01-27,52.759998,53.299999,51.849998,52.849998,442376
2021-01-28,52.650002,53.580002,52.040001,52.34,411406
2021-01-29,52.150002,53.25,51.93,52.200001,410914
2021-02-01,51.990002,53.740002,51.639999,53.549999,416067
2021-02-02,53.48,55.259998,53.450001,54.759998,463718
2021-02-03,55.049999,56.330002,54.810001,55.689999,448693
2021-02-04,55.959999,56.580002,55.299999,56.23,381404
2021-02-05,56.459999,57.290001,56.43,56.849998,400833
2021-02-08,57.060001,58.139999,57.0,57.970001,399724
2021-02-09,58.110001,58.619999,57.27,58.360001,514698
2021-02-10,58.450001,58.91,58.080002,58.68,457535
2021-02-11,58.400002,58.709999,57.84,58.240002,380445
2021-02-12,57.939999,59.82,57.41,59.470001,480822
2021-02-16,59.98,60.950001,59.330002,60.049999,602332
2021-02-17,60.240002,61.73,59.43,61.139999,335419
2021-02-18,61.68,62.259998,59.790001,60.52,132035
2021-02-19,60.200001,60.290001,58.59,59.240002,102427
2021-02-22,58.880001,61.84,58.82,61.490002,505773
2021-02-23,62.16,63.0,60.669998,61.669998,570677
2021-02-24,61.290001,63.509998,60.970001,63.220001,489933
2021-02-25,63.389999,63.810001,62.650002,63.529999,510357
2021-02-26,63.459999,63.57,61.34,61.5,472723
2021-03-01,61.950001,62.919998,59.959999,60.639999,456679
2021-03-02,60.23,61.209999,59.380001,59.75,464133
2021-03-03,59.549999,61.990002,59.240002,61.279999,465311
2021-03-04,61.080002,64.860001,60.52,63.830002,694628
2021-03-05,64.160004,66.419998,63.82,66.089996,573168
2021-03-08,66.68,67.980003,64.57,65.050003,533376
2021-03-09,64.730003,65.980003,63.630001,64.010002,554564
2021-03-10,63.84,64.959999,63.130001,64.440002,498488
2021-03-11,64.699997,66.209999,64.540001,66.019997,441063
2021-03-12,65.959999,66.239998,65.410004,65.610001,321714
2021-03-15,65.559998,66.400002,64.129997,65.389999,378009
2021-03-16,65.330002,65.43,63.799999,64.800003,317537
2021-03-17,64.75,65.339996,63.599998,64.599998,254724
2021-03-18,64.419998,64.82,58.200001,60.0,143597
2021-03-19,59.560001,61.720001,58.939999,61.419998,84171
2021-03-22,61.549999,61.900002,60.389999,61.549999,404370
2021-03-23,61.279999,61.349998,57.25,57.759998,712317
2021-03-24,57.400002,61.34,57.290001,61.18,566291
2021-03-25,60.799999,60.860001,57.439999,58.560001,580105
2021-03-26,58.48,61.360001,58.32,60.970001,471996
2021-03-29,60.93,61.77,59.41,61.560001,449360
2021-03-30,61.959999,62.27,59.939999,60.549999,388188
2021-03-31,60.450001,61.169998,58.849998,59.16,414162
2021-04-01,59.490002,61.75,58.860001,61.450001,605567
2021-04-05,61.5,61.5,57.630001,58.650002,438864
2021-04-06,58.799999,60.900002,58.619999,59.330002,457348
2021-04-07,59.259998,60.040001,58.119999,59.77,475537
2021-04-08,59.52,59.93,58.82,59.599998,419913
2021-04-09,59.759998,59.950001,59.099998,59.32,351436
2021-04-12,59.349998,60.77,58.73,59.700001,410218
2021-04-13,59.639999,60.59,59.639999,60.18,349733
2021-04-14,60.439999,63.439999,60.380001,63.150002,419813
2021-04-15,62.830002,63.57,62.529999,63.459999,243370
2021-04-16,63.32,63.880001,62.830002,63.130001,87795
2021-04-19,62.98,63.630001,62.630001,63.380001,74384
2021-04-20,63.470001,64.25,61.5,62.439999,476046
2021-04-21,62.389999,62.560001,60.860001,61.349998,431486
2021-04-22,61.110001,61.869999,60.610001,61.43,344700
2021-04-23,61.650002,62.43,61.25,62.139999,345407
2021-04-26,62.060001,62.310001,60.66,61.91,366865
2021-04-27,61.970001,63.299999,61.91,62.939999,361536
2021-04-28,63.040001,64.529999,62.669998,63.860001,387683
2021-04-29,63.700001,65.470001,63.650002,65.010002,384489
2021-04-30,64.879997,64.949997,63.080002,63.580002,400515
2021-05-03,63.639999,64.68,62.91,64.489998,285969
2021-05-04,64.529999,66.190002,64.290001,65.690002,370208
2021-05-05,66.449997,66.760002,64.919998,65.629997,460066
2021-05-06,65.269997,65.980003,64.5,64.709999,389214
2021-05-07,64.900002,65.239998,63.900002,64.900002,431417
2021-05-10,65.57,65.75,63.950001,64.919998,448337
2021-05-11,64.900002,65.5,63.68,65.279999,514949
2021-05-12,65.459999,66.629997,64.970001,66.080002,508519
2021-05-13,65.75,65.809998,63.09,63.82,547691
2021-05-14,63.830002,65.620003,63.330002,65.370003,383749
2021-05-17,65.5,66.43,64.830002,66.269997,268476
2021-05-18,66.330002,67.010002,64.110001,65.489998,167348
2021-05-19,65.279999,65.349998,61.950001,63.360001,101902
2021-05-20,63.389999,63.959999,61.889999,62.049999,524168
2021-05-21,61.889999,64.07,61.560001,63.580002,530831
2021-05-24,63.869999,66.139999,63.630001,66.050003,466647
2021-05-25,66.019997,66.510002,65.410004,66.07,497394
2021-05-26,66.040001,66.43,65.25,66.209999,376207
2021-05-27,66.160004,66.919998,65.470001,66.849998,337542
2021-05-28,66.949997,67.519997,66.169998,66.32,390461
2021-06-01,66.68,68.870003,66.410004,67.720001,570985
2021-06-02,67.989998,69.0,67.779999,68.830002,332995
2021-06-03,68.760002,69.400002,68.190002,68.809998,351367
2021-06-04,68.910004,69.760002,68.330002,69.620003,326250
2021-06-07,69.519997,70.0,68.93,69.230003,365621
2021-06-08,69.290001,70.269997,68.470001,70.050003,441302
2021-06-09,70.010002,70.620003,69.459999,69.959999,410820
2021-06-10,69.760002,70.650002,68.68,70.290001,492464
2021-06-11,70.099998,71.239998,69.68,70.910004,563575
2021-06-14,70.650002,71.779999,70.650002,70.879997,319639
2021-06-15,71.160004,72.489998,70.809998,72.120003,336035
2021-06-16,72.449997,72.989998,71.610001,72.150002,426775
2021-06-17,71.650002,72.300003,69.769997,71.040001,373780
2021-06-18,71.099998,72.169998,70.160004,71.639999,139584
2021-06-21,71.519997,73.959999,71.150002,73.660004,123662
2021-06-22,73.410004,73.949997,72.940002,73.059998,498555
2021-06-23,72.910004,74.25,72.82,73.080002,429207
2021-06-24,73.279999,73.610001,72.32,73.300003,334833
2021-06-25,73.32,74.18,72.849998,74.050003,364721
2021-06-28,73.989998,74.449997,72.620003,72.910004,354701
2021-06-29,72.779999,73.809998,71.970001,72.980003,321448
2021-06-30,73.470001,74.139999,72.82,73.470001,383626
2021-07-01,73.5,76.220001,73.389999,75.230003,615678
2021-07-02,75.019997,75.620003,74.410004,75.160004,377531
2021-07-06,75.349998,76.980003,72.940002,73.370003,714044
2021-07-07,73.849998,74.860001,71.07,72.199997,607971
2021-07-08,72.169998,73.260002,70.760002,72.940002,529690
2021-07-09,73.260002,74.760002,72.720001,74.559998,422154
2021-07-12,74.739998,74.93,73.160004,74.099998,397931
2021-07-13,74.18,75.519997,73.68,75.25,444078
2021-07-14,75.169998,75.440002,72.209999,73.129997,528360
2021-07-15,72.959999,72.959999,71.400002,71.650002,368679
2021-07-16,71.480003,72.300003,70.410004,71.809998,133926
2021-07-19,71.489998,71.669998,65.629997,66.419998,82565
2021-07-20,66.599998,67.650002,65.209999,67.419998,561629
2021-07-21,66.449997,70.510002,66.440002,70.300003,503030
2021-07-22,70.220001,72.029999,69.860001,71.910004,435181
2021-07-23,71.709999,72.209999,71.389999,72.07,274778
2021-07-26,72.18,72.43,70.559998,71.910004,395743
2021-07-27,72.220001,72.330002,71.080002,71.650002,333123
2021-07-28,71.900002,72.599998,71.699997,72.389999,318911
2021-07-29,72.400002,73.68,72.260002,73.620003,294462
2021-07-30,73.410004,74.230003,72.93,73.949997,303700
2021-08-02,73.910004,73.949997,70.550003,71.260002,448200
2021-08-03,71.519997,71.959999,69.190002,70.559998,509938
2021-08-04,70.32,70.809998,67.849998,68.150002,582924
2021-08-05,68.059998,69.349998,67.610001,69.089996,416331
2021-08-06,69.139999,70.18,67.800003,68.279999,537136
2021-08-09,67.879997,67.900002,65.150002,66.480003,598381
2021-08-10,66.849998,68.900002,66.559998,68.290001,452126
2021-08-11,68.510002,69.449997,66.669998,69.25,513292
2021-08-12,69.360001,69.620003,68.459999,69.089996,352465
2021-08-13,68.910004,69.220001,67.769997,68.440002,272033
2021-08-16,68.129997,68.139999,65.730003,67.290001,334844
2021-08-17,67.43,67.720001,66.330002,66.589996,235303
2021-08-18,66.580002,67.480003,64.339996,65.459999,121197
2021-08-19,64.580002,64.760002,62.630001,63.689999,88237
2021-08-20,64.050003,64.099998,62.110001,62.32,365009
2021-08-23,61.959999,66.0,61.740002,65.639999,397290
2021-08-24,65.540001,67.800003,65.410004,67.540001,335888
2021-08-25,67.629997,68.540001,66.919998,68.360001,353742
2021-08-26,68.0,68.309998,67.019997,67.419998,344286
2021-08-27,67.75,69.050003,67.519997,68.739998,326056
2021-08-30,69.300003,69.639999,67.669998,69.209999,360797
2021-08-31,69.18,69.339996,68.160004,68.5,325853
2021-09-01,68.550003,69.239998,67.120003,68.589996,399497
2021-09-02,68.290001,70.610001,67.839996,69.989998,403314
2021-09-03,69.760002,70.529999,69.050003,69.290001,313086
2021-09-07,69.110001,69.480003,67.639999,68.349998,481704
2021-09-08,68.370003,69.75,68.309998,69.300003,389325
2021-09-09,69.360001,69.889999,67.559998,68.139999,556451
2021-09-10,67.970001,69.959999,67.68,69.720001,411079
2021-09-13,69.739998,70.970001,69.510002,70.449997,390939
2021-09-14,70.639999,71.220001,69.980003,70.459999,414231
2021-09-15,70.760002,73.139999,70.650002,72.610001,418665
2021-09-16,72.650002,72.989998,71.529999,72.610001,298412
2021-09-17,72.620003,72.720001,71.209999,71.970001,119933
2021-09-20,71.919998,72.080002,69.860001,70.290001,75837
2021-09-21,70.589996,71.629997,69.669998,70.559998,393403
2021-09-22,70.849998,72.300003,70.639999,72.230003,381061
2021-09-23,71.970001,73.5,71.610001,73.300003,403405
2021-09-24,73.239998,74.269997,72.809998,73.980003,350382
2021-09-27,74.190002,75.75,74.160004,75.449997,417829
2021-09-28,75.43,76.669998,74.239998,75.290001,476143
2021-09-29,74.379997,75.790001,73.739998,74.830002,424193
2021-09-30,74.779999,76.07,73.139999,75.029999,583189
2021-10-01,75.120003,75.989998,74.230003,75.879997,388996
2021-10-04,75.900002,78.379997,75.32,77.620003,458006
2021-10-05,77.580002,79.480003,77.470001,78.93,449617
2021-10-06,79.040001,79.779999,76.830002,77.43,459055
2021-10-07,77.0,78.889999,74.959999,78.300003,545008
2021-10-08,78.860001,80.110001,78.629997,79.349998,662010
2021-10-11,79.589996,82.18,79.550003,80.519997,653756
2021-10-12,80.5,81.620003,79.470001,80.639999,598181
2021-10-13,80.580002,81.040001,79.419998,80.440002,487220
2021-10-14,80.589996,81.68,80.379997,81.309998,399813
2021-10-15,81.480003,82.660004,81.389999,82.279999,277953
2021-10-18,82.599998,83.870003,81.839996,82.440002,134098
2021-10-19,82.370003,83.739998,81.800003,82.959999,82607
2021-10-20,83.339996,84.25,81.300003,83.870003,530693
2021-10-21,83.580002,83.959999,80.790001,82.5,567503
2021-10-22,82.610001,84.220001,81.760002,83.760002,465355
2021-10-25,83.980003,85.410004,83.389999,83.760002,568725
2021-10-26,83.720001,84.879997,82.970001,84.650002,467716
2021-10-27,84.389999,84.510002,82.010002,82.660004,529952
2021-10-28,82.25,83.209999,80.580002,82.809998,491585
2021-10-29,83.089996,83.739998,81.410004,83.57,507309
2021-11-01,83.360001,84.879997,82.739998,84.050003,412309
2021-11-02,83.870003,84.410004,82.919998,83.910004,429608
2021-11-03,83.07,83.080002,79.690002,80.860001,546577
2021-11-04,80.18,83.419998,78.25,78.809998,701119
2021-11-05,79.370003,81.800003,78.959999,81.269997,531054
2021-11-08,81.129997,82.669998,81.050003,81.93,393953
2021-11-09,82.160004,84.629997,81.779999,84.150002,504832
2021-11-10,84.529999,84.970001,80.809998,81.339996,555215
2021-11-11,81.410004,82.330002,80.199997,81.589996,475436
2021-11-12,81.209999,81.620003,79.779999,80.790001,390304
2021-11-15,80.660004,81.199997,79.300003,80.879997,343484
2021-11-16,80.93,81.809998,80.029999,80.760002,325668
2021-11-17,80.540001,80.690002,77.690002,78.360001,174471
2021-11-18,78.339996,79.360001,77.080002,79.010002,83984
2021-11-19,78.760002,79.919998,75.370003,76.099998,623448
2021-11-22,75.75,77.160004,74.760002,76.75,465768
2021-11-23,76.459999,78.860001,75.300003,78.5,506987
2021-11-24,78.480003,79.230003,77.980003,78.389999,328848
2021-11-26,78.339996,78.650002,67.400002,68.150002,844630
2021-11-29,69.230003,72.93,68.860001,69.949997,675090
2021-11-30,70.040001,71.220001,64.43,66.18,722475
2021-12-01,67.010002,69.489998,64.839996,65.57,602447
2021-12-02,65.629997,67.489998,62.43,66.5,668293
2021-12-03,67.5,69.220001,65.599998,66.260002,449974
2021-12-06,67.019997,70.150002,66.720001,69.489998,401060
2021-12-07,69.720001,73.029999,69.519997,72.050003,496528
2021-12-08,71.860001,73.0,70.910004,72.360001,464846
2021-12-09,72.519997,73.339996,70.389999,70.940002,393205
2021-12-10,70.68,72.330002,70.32,71.669998,397883
2021-12-13,72.040001,73.0,70.709999,71.290001,406604
2021-12-14,71.120003,72.029999,69.510002,70.730003,359454
2021-12-15,70.349998,71.660004,69.389999,70.870003,294337
2021-12-16,71.480003,72.989998,71.029999,72.379997,142541
2021-12-17,71.919998,72.260002,69.889999,70.860001,78125
2021-12-20,70.07,70.07,66.040001,68.230003,492217
2021-12-21,69.209999,71.550003,68.559998,71.120003,358779
2021-12-22,71.269997,73.160004,70.800003,72.760002,306709
2021-12-23,73.029999,73.949997,72.269997,73.790001,270223
2021-12-27,73.379997,76.089996,72.57,75.57,268490
2021-12-28,75.970001,76.919998,75.529999,75.980003,249728
2021-12-29,76.040001,77.370003,75.360001,76.559998,283557
2021-12-30,76.580002,77.440002,75.779999,76.989998,231163
2021-12-31,76.660004,77.080002,74.949997,75.209999,237118
2022-01-03,75.690002,76.459999,74.269997,76.080002,317628
2022-01-04,76.019997,77.639999,75.699997,76.989998,372848
2022-01-05,77.18,78.580002,76.510002,77.849998,397898
2022-01-06,77.239998,80.239998,76.730003,79.459999,476665
2022-01-07,79.620003,80.470001,78.519997,78.900002,414434
2022-01-10,78.879997,79.449997,77.830002,78.230003,389956
2022-01-11,78.419998,81.589996,78.360001,81.220001,481815
2022-01-12,81.379997,83.099998,81.169998,82.639999,420619
2022-01-13,82.82,82.940002,81.389999,82.120003,364769
2022-01-14,81.730003,84.449997,81.580002,83.82,364442
2022-01-18,84.32,86.629997,83.5,85.43,163643
2022-01-19,86.610001,87.910004,85.769997,86.959999,113153
2022-01-20,86.230003,87.82,86.0,86.900002,532202
2022-01-21,84.57,85.559998,82.779999,85.139999,509103
2022-01-24,84.910004,86.089996,81.900002,83.309998,511695
2022-01-25,84.150002,85.709999,82.989998,85.599998,507219
2022-01-26,85.260002,87.949997,85.010002,87.349998,459642
2022-01-27,87.150002,88.540001,86.199997,86.610001,427804
2022-01-28,87.5,88.839996,86.440002,86.82,436172
2022-01-31,87.449997,88.389999,86.339996,88.150002,359080
2022-02-01,88.150002,88.870003,86.550003,88.199997,376841
2022-02-02,88.349998,89.720001,87.099998,88.260002,456863
2022-02-03,87.980003,90.449997,86.75,90.269997,465771
2022-02-04,90.190002,93.169998,90.07,92.309998,410926
2022-02-07,91.82,92.730003,90.730003,91.32,497754
2022-02-08,91.639999,91.68,88.510002,89.360001,467386
2022-02-09,89.860001,90.580002,88.410004,89.660004,445618
2022-02-10,90.010002,91.739998,89.029999,89.879997,492091
2022-02-11,90.0,94.660004,89.190002,93.099998,554423
2022-02-14,93.910004,95.82,92.089996,95.459999,467071
2022-02-15,94.830002,95.169998,90.660004,92.07,442641
2022-02-16,92.209999,95.010002,90.0,93.660004,401453
2022-02-17,90.900002,93.360001,90.620003,91.760002,212552
2022-02-18,91.629997,92.660004,89.029999,91.07,150382
2022-02-22,91.75,96.0,90.349998,92.349998,789041
2022-02-23,91.739998,93.900002,90.639999,92.099998,440574
2022-02-24,92.519997,100.540001,91.449997,92.809998,872244
2022-02-25,93.32,95.639999,90.059998,91.589996,523793
2022-02-28,94.989998,99.099998,94.43,95.720001,490796
2022-03-01,96.089996,106.779999,95.32,103.410004,698814
2022-03-02,107.120003,112.510002,105.18,110.599998,651853
2022-03-03,111.330002,116.57,106.43,107.669998,592031
2022-03-04,107.959999,116.019997,107.25,115.68,493875
2022-03-07,121.330002,130.5,115.540001,119.400002,576022
2022-03-08,120.669998,129.440002,117.07,123.699997,583106
2022-03-09,124.660004,126.839996,103.629997,108.699997,594773
2022-03-10,110.410004,114.879997,105.529999,106.019997,437924
2022-03-11,105.989998,110.290001,104.480003,109.330002,368194
2022-03-14,109.419998,109.720001,99.760002,103.010002,344184
2022-03-15,102.279999,102.580002,93.529999,96.440002,401690
2022-03-16,95.230003,99.220001,94.07,95.040001,293947
2022-03-17,95.339996,104.239998,94.849998,102.980003,210763
2022-03-18,103.620003,106.279999,102.300003,104.699997,74247
2022-03-21,105.129997,112.690002,104.080002,112.120003,77217
2022-03-22,112.900002,115.010002,109.300003,111.760002,318629
2022-03-23,108.849998,115.400002,108.379997,114.93,289182
2022-03-24,114.470001,116.639999,110.610001,112.339996,307238
2022-03-25,111.75,114.120003,108.68,113.900002,320304
2022-03-28,112.919998,112.93,102.830002,105.959999,372251
2022-03-29,103.470001,107.839996,98.440002,104.239998,387200
2022-03-30,105.239998,108.75,104.550003,107.82,284544
2022-03-31,107.449997,107.800003,99.660004,100.279999,450845
2022-04-01,101.230003,101.75,97.779999,99.269997,324777
2022-04-04,98.949997,103.940002,98.050003,103.279999,288131
2022-04-05,103.660004,105.589996,99.879997,101.959999,280283
2022-04-06,101.239998,104.019997,95.730003,96.230003,366036
2022-04-07,97.160004,98.82,93.809998,96.029999,367318
2022-04-08,97.169998,98.760002,95.290001,98.260002,310082
2022-04-11,98.400002,98.519997,92.93,94.290001,315873
2022-04-12,95.169998,101.349998,94.839996,100.599998,329037
2022-04-13,100.910004,104.470001,99.870003,104.25,312502
2022-04-14,104.199997,107.639999,102.120003,106.949997,244952
2022-04-18,107.029999,109.809998,106.0,108.209999,68489
2022-04-19,107.75,108.919998,102.099998,102.559998,71792
2022-04-20,103.050003,104.160004,100.699997,102.75,299028
2022-04-21,102.5,105.419998,102.010002,103.790001,280321
2022-04-22,104.07,104.220001,101.059998,102.07,246116
2022-04-25,101.379997,101.550003,95.279999,98.540001,328153
2022-04-26,98.639999,102.779999,97.059998,101.699997,351850
2022-04-27,101.760002,102.989998,99.800003,102.019997,278781
2022-04-28,102.110001,105.68,100.129997,105.360001,312064
2022-04-29,105.169998,107.989998,103.779999,104.690002,294386
2022-05-02,104.0,105.940002,100.279999,105.169998,261878
2022-05-03,105.080002,105.800003,102.099998,102.410004,239266
2022-05-04,103.5,108.610001,102.949997,107.809998,272909
2022-05-05,107.580002,111.370003,106.449997,108.260002,286916
2022-05-06,108.699997,111.18,107.239998,109.769997,294278
2022-05-09,110.43,110.489998,102.129997,103.089996,368183
2022-05-10,102.650002,104.160004,98.860001,99.760002,389750
2022-05-11,99.0,106.440002,98.199997,105.709999,382701
2022-05-12,105.629997,107.370003,102.660004,106.129997,323547
2022-05-13,106.650002,110.639999,106.290001,110.489998,240989
2022-05-16,110.980003,114.900002,108.110001,114.199997,289127
2022-05-17,113.870003,115.559998,111.75,112.400002,252630
2022-05-18,113.660004,115.419998,108.459999,109.589996,103669
2022-05-19,109.089996,112.620003,105.129997,112.209999,68511
2022-05-20,111.449997,114.040001,110.849998,113.230003,229930
2022-05-23,110.559998,111.959999,109.150002,110.290001,215623
2022-05-24,110.410004,111.43,108.610001,109.769997,224794
2022-05-25,110.389999,111.68,109.230003,110.330002,191370
2022-05-26,110.690002,114.830002,110.269997,114.089996,234752
2022-05-27,114.199997,115.300003,112.849998,115.07,217281
2022-05-31,114.959999,119.980003,114.150002,114.669998,440796
2022-06-01,115.400002,117.870003,114.580002,115.260002,290530
2022-06-02,114.800003,117.769997,111.199997,116.870003,327600
2022-06-03,117.550003,120.459999,115.230003,118.870003,240831
2022-06-06,120.82,120.989998,117.629997,118.5,246825
2022-06-07,119.099998,120.360001,117.139999,119.410004,341694
2022-06-08,119.790001,123.18,119.300003,122.110001,340591
2022-06-09,122.43,122.720001,120.790001,121.510002,293295
2022-06-10,121.459999,122.75,118.330002,120.669998,352906
2022-06-13,120.190002,122.25,117.470001,120.93,372403
2022-06-14,121.089996,123.68,116.620003,118.93,366320
2022-06-15,119.07,119.610001,114.599998,115.309998,301750
2022-06-16,115.980003,118.080002,112.309998,117.589996,162543
2022-06-17,117.080002,118.970001,108.25,109.559998,103149
2022-06-21,110.580002,112.470001,108.720001,110.650002,427262
2022-06-22,109.540001,109.760002,101.529999,106.190002,432724
2022-06-23,104.419998,107.050003,102.32,104.269997,346362
2022-06-24,103.989998,108.580002,103.639999,107.620003,321591
2022-06-27,107.220001,110.540001,105.599998,109.57,282914
2022-06-28,110.18,112.220001,109.620003,111.760002,306748
2022-06-29,111.860001,114.050003,109.220001,109.779999,322060
2022-06-30,109.699997,110.449997,105.099998,105.760002,362890
2022-07-01,106.010002,109.339996,104.559998,108.43,305338
2022-07-05,108.800003,111.449997,97.43,99.5,594215
2022-07-06,100.360001,102.139999,95.099998,98.529999,444106
2022-07-07,98.220001,104.480003,96.57,102.730003,379861
2022-07-08,102.220001,105.239998,101.510002,104.790001,327461
2022-07-11,104.790001,105.050003,100.889999,104.089996,348566
2022-07-12,103.459999,103.489998,95.349998,95.839996,398552
2022-07-13,95.889999,97.959999,93.669998,96.300003,347193
2022-07-14,96.57,97.0,90.559998,95.779999,387528
2022-07-15,96.389999,99.029999,94.57,97.589996,240766
2022-07-18,97.269997,102.800003,95.849998,102.599998,84669
2022-07-19,102.0,104.459999,99.849998,104.220001,63149
2022-07-20,103.599998,104.389999,101.510002,102.260002,315620
2022-07-21,99.910004,99.989998,94.589996,96.349998,318911
2022-07-22,96.510002,97.949997,94.230003,94.699997,307568
2022-07-25,95.099998,96.940002,93.010002,96.699997,278998
2022-07-26,96.330002,99.0,94.760002,94.980003,310043
2022-07-27,95.599998,98.589996,94.300003,97.260002,321903
2022-07-28,98.169998,99.839996,96.040001,96.419998,318403
2022-07-29,97.300003,101.879997,96.410004,98.620003,349374
2022-08-01,98.459999,98.650002,92.419998,93.889999,365293
2022-08-02,93.75,96.470001,92.589996,94.419998,328538
2022-08-03,93.830002,96.57,90.379997,90.660004,395099
2022-08-04,90.949997,91.900002,87.550003,88.540001,334931
2022-08-05,88.059998,90.760002,87.010002,89.010002,350016
2022-08-08,88.459999,90.889999,87.220001,90.760002,340157
2022-08-09,90.690002,92.650002,89.050003,90.5,347045
2022-08-10,90.510002,92.43,87.660004,91.93,383766
2022-08-11,91.550003,95.050003,91.239998,94.339996,341234
2022-08-12,94.089996,94.809998,91.160004,92.089996,264953
2022-08-15,91.940002,92.099998,86.82,89.410004,275443
2022-08-16,87.93,90.650002,85.730003,86.529999,305366
2022-08-17,87.099998,89.160004,85.879997,88.110001,230346
2022-08-18,87.389999,91.459999,87.32,90.5,80029
2022-08-19,90.389999,92.089996,88.379997,90.769997,58714
2022-08-22,89.650002,91.260002,86.599998,90.230003,352665
2022-08-23,90.550003,94.220001,90.419998,93.739998,285607
2022-08-24,93.779999,95.400002,92.790001,94.889999,320388
2022-08-25,95.349998,95.760002,92.290001,92.519997,279877
2022-08-26,93.059998,94.019997,91.080002,93.059998,288392
2022-08-29,92.959999,97.370003,92.290001,97.010002,283463
2022-08-30,96.900002,97.660004,90.540001,91.639999,386272
2022-08-31,92.309998,92.730003,88.269997,89.550003,344147
2022-09-01,88.830002,89.629997,85.980003,86.610001,305106
2022-09-02,86.559998,89.660004,86.349998,86.870003,277533
2022-09-06,86.839996,90.389999,86.18,86.879997,420255
2022-09-07,86.93,87.760002,81.5,81.940002,380781
2022-09-08,81.910004,84.25,81.199997,83.540001,342763
2022-09-09,82.800003,87.199997,82.709999,86.790001,305188
2022-09-12,86.25,89.099998,85.160004,87.779999,275104
2022-09-13,88.089996,89.309998,85.059998,87.309998,347998
2022-09-14,87.940002,90.190002,86.18,88.480003,335381
2022-09-15,88.910004,89.150002,84.529999,85.099998,235358
2022-09-16,85.160004,86.589996,84.269997,85.110001,87829
2022-09-19,85.209999,86.220001,82.099998,85.730003,59626
2022-09-20,85.610001,86.449997,83.519997,84.449997,279813
2022-09-21,84.25,86.68,82.489998,82.940002,339683
2022-09-22,83.07,86.0,82.400002,83.489998,303492
2022-09-23,83.540001,83.919998,78.040001,78.739998,334271
2022-09-26,79.230003,80.309998,76.25,76.709999,280927
2022-09-27,76.470001,79.510002,76.419998,78.5,283614
2022-09-28,78.080002,82.339996,76.550003,82.150002,324678
2022-09-29,81.900002,82.940002,80.339996,81.230003,286126
2022-09-30,81.739998,82.559998,79.139999,79.489998,253154
2022-10-03,81.019997,84.559998,80.870003,83.629997,287168
2022-10-04,83.220001,86.980003,83.220001,86.519997,302549
2022-10-05,86.370003,88.419998,85.419998,87.760002,329790
2022-10-06,88.080002,89.07,87.040001,88.449997,235296
2022-10-07,88.93,93.309998,88.0,92.639999,429162
2022-10-10,93.480003,93.639999,90.540001,91.129997,289508
2022-10-11,91.139999,91.349998,87.910004,89.349998,333158
2022-10-12,88.669998,90.07,86.279999,87.269997,332271
2022-10-13,87.080002,89.660004,85.559998,89.110001,298032
2022-10-14,89.269997,89.730003,85.199997,85.610001,237026
2022-10-17,85.589996,87.120003,84.610001,85.459999,172020
2022-10-18,85.699997,86.510002,82.089996,82.82,97304
2022-10-19,83.690002,86.199997,82.589996,85.550003,71309
2022-10-20,85.940002,88.169998,85.220001,85.980003,338344
2022-10-21,85.07,85.900002,83.150002,85.050003,272803
2022-10-24,85.239998,85.919998,82.629997,84.580002,250726
2022-10-25,84.879997,86.029999,83.059998,85.32,240441
2022-10-26,85.07,88.410004,84.139999,87.910004,287182
2022-10-27,88.260002,89.790001,87.330002,89.080002,292556
2022-10-28,88.669998,88.760002,87.080002,87.900002,263404
2022-10-31,88.389999,88.650002,85.300003,86.529999,285342
2022-11-01,86.43,89.449997,85.919998,88.370003,274321
2022-11-02,88.620003,90.360001,87.720001,90.0,280961
2022-11-03,89.349998,89.669998,87.599998,88.169998,239816
2022-11-04,87.900002,92.870003,87.82,92.610001,354060
2022-11-07,91.0,93.739998,90.400002,91.790001,322419
2022-11-08,91.870003,92.169998,88.519997,88.910004,344223
2022-11-09,88.57,89.239998,85.5,85.830002,388301
2022-11-10,85.849998,87.349998,84.699997,86.470001,340007
2022-11-11,86.269997,90.099998,86.18,88.959999,301664
2022-11-14,89.019997,89.839996,85.150002,85.870003,315450
2022-11-15,85.25,88.68,84.059998,86.919998,331709
2022-11-16,86.889999,87.510002,84.199997,85.589996,225668
2022-11-17,85.220001,85.449997,81.400002,81.639999,138476
2022-11-18,82.089996,82.639999,77.239998,80.080002,96583
2022-11-21,80.300003,80.300003,75.080002,79.730003,475104
2022-11-22,80.220001,82.360001,79.849998,80.949997,269615
2022-11-23,81.080002,81.949997,76.830002,77.940002,379145
2022-11-25,77.510002,79.900002,76.220001,76.279999,266451
2022-11-28,75.93,77.839996,73.599998,77.239998,405033
2022-11-29,76.540001,79.650002,76.290001,78.199997,381869
2022-11-30,79.0,81.379997,78.400002,80.550003,287534
2022-12-01,80.400002,83.339996,79.93,81.220001,321432
2022-12-02,81.470001,82.220001,79.650002,79.980003,280235
2022-12-05,79.989998,82.720001,76.769997,76.93,346657
2022-12-06,77.349998,77.879997,73.410004,74.25,380598
2022-12-07,74.550003,75.379997,71.75,72.010002,392236
2022-12-08,72.379997,75.440002,71.120003,71.459999,474459
2022-12-09,71.849998,72.919998,70.080002,71.019997,356722
2022-12-12,71.790001,73.989998,70.25,73.169998,323553
2022-12-13,73.290001,76.370003,73.209999,75.389999,352858
2022-12-14,75.269997,77.75,74.900002,77.279999,292488
2022-12-15,77.370003,77.769997,75.330002,76.110001,224663
2022-12-16,76.370003,76.57,73.330002,74.290001,99205
2022-12-19,74.5,76.410004,73.809998,75.190002,69348
2022-12-20,75.699997,76.75,74.309998,76.089996,254792
2022-12-21,75.989998,78.610001,75.800003,78.290001,234624
2022-12-22,78.43,79.900002,77.029999,77.489998,219142
2022-12-23,78.18,80.330002,77.980003,79.559998,237711
2022-12-27,79.900002,81.18,79.160004,79.529999,199601
2022-12-28,79.889999,79.919998,77.300003,78.959999,207717
2022-12-29,78.82,78.82,76.790001,78.400002,199858
2022-12-30,78.730003,80.669998,77.709999,80.260002,205909
2023-01-03,80.57,81.5,76.599998,76.93,338520
2023-01-04,77.25,77.419998,72.730003,72.839996,352434
2023-01-05,73.25,74.919998,72.459999,73.669998,300731
2023-01-06,73.970001,75.470001,73.239998,73.769997,258128
2023-01-09,73.470001,76.739998,73.470001,74.629997,329290
2023-01-10,74.860001,75.919998,73.839996,75.120003,307430
2023-01-11,74.779999,77.839996,74.309998,77.410004,350891
2023-01-12,77.699997,79.160004,77.099998,78.389999,307705
2023-01-13,78.32,80.110001,77.970001,79.860001,283539
2023-01-17,80.099998,81.230003,78.529999,80.18,312275
2023-01-18,80.970001,82.379997,78.940002,79.480003,92549
2023-01-19,79.139999,81.18,78.129997,80.330002,58863
2023-01-20,80.599998,81.639999,79.690002,81.309998,300145
2023-01-23,81.790001,82.639999,81.050003,81.620003,297076
2023-01-24,81.620003,82.220001,79.660004,80.129997,288207
2023-01-25,80.260002,81.230003,79.449997,80.150002,297234
2023-01-26,80.480003,82.139999,79.919998,81.010002,291060
2023-01-27,81.220001,82.480003,79.040001,79.68,367588
2023-01-30,80.040001,80.489998,77.660004,77.900002,327426
2023-01-31,77.910004,79.25,76.550003,78.870003,312734
2023-02-01,79.059998,79.730003,76.050003,76.410004,360859
2023-02-02,76.790001,77.239998,74.970001,75.879997,339755
2023-02-03,75.919998,78.0,73.099998,73.389999,413414
2023-02-06,73.230003,74.510002,72.25,74.110001,380028
2023-02-07,74.57,77.599998,74.349998,77.139999,408279
2023-02-08,77.489998,78.57,77.080002,78.470001,353468
2023-02-09,78.449997,78.839996,76.519997,78.059998,324156
2023-02-10,77.68,80.330002,77.470001,79.720001,356062
2023-02-13,79.940002,80.620003,78.449997,80.139999,301299
2023-02-14,79.059998,79.610001,77.459999,79.059998,299938
2023-02-15,78.830002,79.150002,77.25,78.589996,264486
2023-02-16,78.540001,79.540001,77.919998,78.489998,117600
2023-02-17,78.07,78.25,75.059998,76.339996,93267
2023-02-21,76.529999,77.510002,75.690002,76.160004,402351
2023-02-22,76.110001,76.550003,73.800003,73.949997,332018
2023-02-23,73.919998,75.989998,73.830002,75.389999,333838
2023-02-24,75.599998,76.629997,74.089996,76.32,329254
2023-02-27,76.419998,76.82,74.989998,75.68,266091
2023-02-28,75.760002,77.830002,75.550003,77.050003,300093
2023-03-01,76.849998,77.849998,76.120003,77.690002,342121
2023-03-02,77.739998,78.589996,77.230003,78.160004,260331
2023-03-03,77.889999,79.900002,75.830002,79.68,374201
2023-03-06,79.919998,80.629997,78.32,80.459999,292351
2023-03-07,80.5,80.940002,77.059998,77.580002,398241
2023-03-08,77.32,77.730003,76.110001,76.660004,335930
2023-03-09,76.5,78.059998,75.43,75.720001,349960
2023-03-10,75.650002,77.110001,74.769997,76.68,371834
2023-03-13,76.599998,77.470001,72.300003,74.800003,457423
2023-03-14,74.699997,74.900002,70.779999,71.330002,432858
2023-03-15,71.559998,72.559998,65.650002,67.610001,555164
2023-03-16,68.220001,69.379997,65.709999,68.349998,327120
2023-03-17,68.260002,69.639999,65.169998,66.739998,152255
2023-03-20,66.620003,67.699997,64.120003,67.639999,76873
2023-03-21,67.620003,69.599998,66.769997,69.330002,409495
2023-03-22,69.480003,71.309998,68.889999,70.900002,337639
2023-03-23,69.949997,71.669998,69.139999,69.959999,335241
2023-03-24,69.510002,70.379997,66.82,69.260002,380852
2023-03-27,69.419998,73.099998,69.129997,72.809998,353598
2023-03-28,72.860001,73.93,72.190002,73.199997,328472
2023-03-29,73.610001,74.370003,72.760002,72.970001,312669
2023-03-30,72.980003,74.629997,72.610001,74.370003,269743
2023-03-31,74.370003,75.720001,73.769997,75.669998,304361
2023-04-03,80.099998,81.690002,79.0,80.419998,547126
2023-04-04,80.440002,81.809998,79.610001,80.709999,343570
2023-04-05,81.010002,81.239998,79.720001,80.610001,254974
2023-04-06,80.370003,80.959999,79.650002,80.699997,0
2023-04-10,80.5,81.220001,79.610001,79.739998,264906
2023-04-11,79.879997,81.589996,79.370003,81.529999,309683
2023-04-12,81.440002,83.529999,81.279999,83.260002,356133
2023-04-13,83.220001,83.440002,82.110001,82.160004,261230
2023-04-14,82.400002,83.120003,81.760002,82.519997,275129
2023-04-17,82.480003,82.709999,80.470001,80.830002,217048
2023-04-18,81.0,81.480003,79.870003,80.860001,96290
2023-04-19,80.919998,81.18,78.459999,79.160004,78310
2023-04-20,78.870003,78.889999,76.970001,77.290001,361413
2023-04-21,77.129997,78.389999,76.720001,77.870003,291114
2023-04-24,77.970001,79.18,76.720001,78.760002,306720
2023-04-25,78.739998,79.07,76.5,77.07,361646
2023-04-26,77.080002,77.93,74.050003,74.300003,497778
2023-04-27,74.379997,75.279999,74.029999,74.760002,345880
2023-04-28,74.910004,76.919998,73.93,76.779999,328399
2023-05-01,76.660004,76.690002,74.529999,75.660004,215017
2023-05-02,75.760002,76.110001,71.419998,71.660004,417820
2023-05-03,71.559998,71.790001,67.949997,68.599998,490523
2023-05-04,68.160004,69.839996,63.639999,68.559998,412495
2023-05-05,68.699997,71.809998,68.480003,71.339996,330585
2023-05-08,71.349998,73.690002,71.040001,73.160004,290076
2023-05-09,72.839996,73.779999,71.339996,73.709999,317493
2023-05-10,73.580002,73.889999,71.800003,72.559998,351506
2023-05-11,72.769997,73.5,70.629997,70.870003,365892
2023-05-12,71.419998,71.779999,69.93,70.040001,275435
2023-05-15,70.040001,71.690002,69.410004,71.110001,259013
2023-05-16,71.32,71.790001,70.449997,70.860001,232328
2023-05-17,70.599998,73.260002,70.040001,72.830002,273708
2023-05-18,72.75,72.870003,71.419998,71.860001,80864
2023-05-19,71.940002,73.400002,71.029999,71.550003,69949
2023-05-22,71.699997,72.360001,70.550003,71.989998,263977
2023-05-23,72.099998,73.790001,71.709999,72.910004,317586
2023-05-24,73.769997,74.730003,73.129997,74.339996,386611
2023-05-25,74.209999,74.370003,70.980003,71.830002,422637
2023-05-26,71.889999,73.050003,71.489998,72.669998,261498
2023-05-30,73.230003,73.550003,69.019997,69.459999,440862
2023-05-31,69.620003,69.690002,67.029999,68.089996,444787
2023-06-01,67.599998,71.07,67.510002,70.099998,395393
2023-06-02,70.209999,72.169998,70.0,71.739998,322596
2023-06-05,75.029999,75.059998,71.730003,72.150002,383943
2023-06-06,71.989998,72.330002,70.129997,71.739998,314962
2023-06-07,71.559998,73.190002,71.010002,72.529999,299127
2023-06-08,72.470001,73.279999,69.029999,71.290001,485396
2023-06-09,70.940002,71.769997,70.099998,70.169998,300724
2023-06-12,70.269997,70.330002,66.800003,67.120003,404769
2023-06-13,67.309998,69.830002,67.150002,69.419998,366354
2023-06-14,69.349998,70.489998,68.07,68.269997,304449
2023-06-15,68.699997,70.959999,67.970001,70.620003,115613
2023-06-16,70.550003,71.889999,69.949997,71.779999,99185
2023-06-20,71.449997,72.089996,69.650002,70.5,430492
2023-06-21,70.900002,72.720001,70.800003,72.529999,264656
2023-06-22,72.43,72.650002,68.93,69.510002,421348
2023-06-23,69.529999,69.650002,67.349998,69.160004,322475
2023-06-26,69.839996,70.110001,68.709999,69.370003,280116
2023-06-27,69.489998,70.150002,67.5,67.699997,384752
2023-06-28,68.010002,69.730003,67.050003,69.559998,368295
2023-06-29,69.25,70.599998,68.93,69.860001,292865
2023-06-30,69.82,71.040001,69.529999,70.639999,299873
2023-07-03,70.449997,71.769997,69.690002,69.790001,303479
2023-07-05,70.150002,72.169998,69.900002,71.790001,456809
2023-07-06,71.800003,72.339996,70.220001,71.800003,395381
2023-07-07,71.889999,73.919998,71.190002,73.860001,362632
2023-07-10,73.860001,74.150002,72.669998,72.989998,301014
2023-07-11,73.190002,74.959999,72.980003,74.830002,326883
2023-07-12,74.830002,76.150002,74.669998,75.75,352887
2023-07-13,75.849998,77.330002,75.32,76.889999,379728
2023-07-14,77.160004,77.300003,75.110001,75.419998,299576
2023-07-17,75.019997,76.089996,73.839996,74.150002,244785
2023-07-18,74.18,75.959999,73.879997,75.75,125092
2023-07-19,75.839996,76.970001,75.07,75.349998,92920
2023-07-20,75.349998,76.150002,74.720001,75.629997,340962
2023-07-21,75.699997,77.290001,75.690002,77.07,308106
2023-07-24,77.010002,79.279999,76.440002,78.739998,368285
2023-07-25,78.849998,79.900002,78.290001,79.629997,349600
2023-07-26,79.339996,79.769997,78.550003,78.779999,322031
2023-07-27,78.900002,80.599998,78.870003,80.089996,374358
2023-07-28,79.839996,80.709999,79.07,80.580002,299547
2023-07-31,80.650002,82.0,80.129997,81.800003,297270
2023-08-01,81.730003,82.220001,80.589996,81.370003,307859
2023-08-02,82.050003,82.43,79.050003,79.489998,414825
2023-08-03,79.769997,81.860001,78.690002,81.550003,402641
2023-08-04,81.730003,83.239998,81.510002,82.82,320873
2023-08-07,82.82,83.300003,81.519997,81.940002,293036
2023-08-08,82.529999,83.080002,79.900002,82.919998,424545
2023-08-09,82.879997,84.650002,82.669998,84.400002,478140
2023-08-10,84.25,84.889999,82.580002,82.82,362188
2023-08-11,82.830002,83.809998,82.230003,83.190002,331254
2023-08-14,83.089996,83.199997,81.760002,82.510002,277352
2023-08-15,82.519997,82.910004,80.400002,80.989998,303207
2023-08-16,81.230003,81.43,79.050003,79.379997,325403
2023-08-17,79.25,81.080002,78.949997,80.389999,235581
2023-08-18,80.040001,81.610001,79.589996,81.25,128090
2023-08-21,81.43,82.470001,80.610001,80.720001,115874
2023-08-22,80.800003,80.989998,80.099998,80.349998,287489
2023-08-23,79.639999,79.910004,77.620003,78.889999,378146
2023-08-24,78.57,79.279999,77.589996,79.050003,349230
2023-08-25,78.879997,80.449997,78.139999,79.830002,411409
2023-08-28,80.150002,80.870003,79.610001,80.099998,246584
2023-08-29,79.980003,81.410004,79.339996,81.160004,284168
2023-08-30,81.290001,82.050003,80.879997,81.629997,299418
2023-08-31,81.699997,83.690002,81.480003,83.629997,368848
2023-09-01,83.629997,86.059998,83.459999,85.550003,420461
2023-09-05,86.059998,88.07,85.019997,86.690002,452908
2023-09-06,86.720001,88.080002,85.93,87.540001,307115
2023-09-07,87.540001,87.739998,86.389999,86.870003,270736
2023-09-08,86.779999,87.949997,86.150002,87.510002,294437
2023-09-11,87.400002,88.150002,86.709999,87.290001,292388
2023-09-12,87.269997,89.370003,87.220001,88.839996,341137
2023-09-13,88.75,89.639999,88.290001,88.519997,345972
2023-09-14,88.809998,90.790001,88.68,90.160004,325270
2023-09-15,90.669998,91.230003,89.220001,90.769997,315003
2023-09-18,91.199997,92.43,90.75,91.480003,119258
2023-09-19,92.220001,93.739998,91.07,91.199997,94597
2023-09-20,91.550003,91.980003,89.870003,90.279999,457854
2023-09-21,89.300003,90.980003,88.370003,89.629997,351032
2023-09-22,89.620003,91.330002,89.309998,90.029999,402087
2023-09-25,90.550003,90.830002,89.029999,89.68,328369
2023-09-26,89.879997,90.739998,88.190002,90.389999,318016
2023-09-27,90.529999,94.169998,90.400002,93.68,504630
2023-09-28,93.779999,95.029999,91.389999,91.709999,406709
2023-09-29,91.760002,93.099998,90.349998,90.790001,355782
2023-10-02,90.82,91.879997,88.459999,88.82,334493
2023-10-03,88.669998,90.269997,87.760002,89.230003,350659
2023-10-04,89.419998,89.589996,84.160004,84.220001,459995
2023-10-05,84.449997,84.919998,82.150002,82.309998,465997
2023-10-06,82.279999,83.279999,81.5,82.790001,461139
2023-10-09,85.25,87.239998,84.669998,86.379997,435037
2023-10-10,86.43,86.739998,85.120003,85.970001,337654
2023-10-11,85.959999,86.510002,83.110001,83.489998,425395
2023-10-12,83.199997,85.199997,82.309998,82.910004,373492
2023-10-13,83.510002,87.830002,83.349998,87.690002,356863
2023-10-16,87.720001,88.330002,86.32,86.660004,235780
2023-10-17,87.059998,87.75,85.599998,86.660004,197124
2023-10-18,87.809998,89.879997,87.199997,88.32,92797
2023-10-19,88.239998,90.68,86.599998,89.370003,72058
2023-10-20,90.279999,90.779999,88.330002,88.75,311917
2023-10-23,88.0,88.290001,85.349998,85.489998,315517
2023-10-24,86.150002,86.300003,82.940002,83.739998,370591
2023-10-25,83.690002,85.559998,82.080002,85.389999,429459
2023-10-26,85.370003,85.589996,82.559998,83.209999,341792
2023-10-27,83.529999,85.900002,83.099998,85.540001,333760
2023-10-30,85.0,85.300003,81.82,82.309998,356928
2023-10-31,82.589996,83.370003,80.739998,81.019997,346007
2023-11-01,81.480003,83.419998,80.300003,80.440002,321592
2023-11-02,80.82,82.830002,80.220001,82.459999,307122
2023-11-03,82.580002,83.599998,80.099998,80.510002,457281
2023-11-06,81.129997,82.239998,80.660004,80.82,271131
2023-11-07,80.93,81.050003,77.089996,77.370003,396289
2023-11-08,77.120003,77.529999,74.910004,75.330002,429647
2023-11-09,75.650002,77.160004,75.209999,75.739998,303430
2023-11-10,75.589996,77.730003,75.309998,77.169998,266998
2023-11-13,77.150002,78.639999,76.209999,78.260002,262903
2023-11-14,78.529999,79.769997,77.790001,78.260002,263002
2023-11-15,78.169998,78.769997,76.309998,76.660004,282301
2023-11-16,76.599998,76.629997,72.160004,72.900002,125165
2023-11-17,72.970001,75.989998,72.75,75.889999,101484
2023-11-20,75.650002,78.220001,75.650002,77.599998,270638
2023-11-21,77.650002,77.919998,76.919998,77.769997,238629
2023-11-22,77.769997,77.970001,73.790001,77.099998,389325
2023-11-24,76.790001,77.089996,75.07,75.540001,281147
2023-11-27,75.309998,76.230003,74.059998,74.860001,289562
2023-11-28,75.07,77.019997,74.639999,76.410004,286618
2023-11-29,76.559998,78.089996,75.669998,77.860001,322170
2023-11-30,77.75,79.599998,75.050003,75.959999,559169
2023-12-01,75.589996,76.760002,73.93,74.07,358976
2023-12-04,74.580002,75.029999,72.629997,73.040001,388832
2023-12-05,73.300003,74.120003,72.019997,72.32,358703
2023-12-06,72.099998,72.599998,69.110001,69.379997,436803
2023-12-07,69.279999,70.480003,68.800003,69.339996,339000
2023-12-08,69.760002,71.629997,69.5,71.230003,302250
2023-12-11,71.150002,71.809998,70.349998,71.32,274414
2023-12-12,71.43,71.959999,68.220001,68.610001,324530
2023-12-13,68.730003,69.889999,67.709999,69.470001,306996
2023-12-14,69.849998,72.459999,69.540001,71.580002,275688
2023-12-15,71.610001,72.220001,70.300003,71.43,95513
2023-12-18,71.68,74.260002,70.639999,72.470001,73941
2023-12-19,72.480003,74.010002,71.849998,73.440002,230042
2023-12-20,74.059998,75.370003,73.599998,74.220001,273364
2023-12-21,73.809998,74.580002,72.440002,73.889999,251982
2023-12-22,73.910004,74.980003,73.389999,73.559998,222600
2023-12-26,73.559998,76.18,73.129997,75.57,208715
2023-12-27,75.32,75.660004,73.769997,74.110001,253323
2023-12-28,73.800003,74.400002,71.720001,71.769997,262748
2023-12-29,71.989998,72.620003,71.25,71.650002,214486
2024-01-02,71.709999,73.639999,70.059998,70.379997,330992
2024-01-03,70.5,73.230003,69.279999,72.699997,334861
2024-01-04,73.040001,74.0,71.059998,72.190002,344467
2024-01-05,72.400002,74.239998,72.209999,73.809998,325525
2024-01-08,73.510002,73.949997,70.129997,70.769997,392249
2024-01-09,70.910004,72.93,70.470001,72.239998,363445
2024-01-10,72.169998,73.589996,71.010002,71.370003,352772
2024-01-11,71.330002,73.809998,71.169998,72.019997,373645
2024-01-12,73.010002,75.25,72.360001,72.68,403636
2024-01-16,72.629997,73.559998,71.230003,72.400002,430437
2024-01-17,72.0,72.949997,70.5,72.559998,315679
2024-01-18,72.779999,74.379997,72.18,74.080002,86646
2024-01-19,74.080002,74.910004,73.199997,73.410004,78234
2024-01-22,73.410004,75.75,72.889999,75.190002,372284
2024-01-23,74.68,75.25,73.410004,74.370003,306060
2024-01-24,74.57,75.830002,73.940002,75.089996,323726
2024-01-25,75.300003,77.510002,75.160004,77.360001,320177
2024-01-26,77.150002,78.260002,76.059998,78.010002,365456
2024-01-29,78.900002,79.290001,76.410004,76.779999,331925
2024-01-30,77.019997,78.139999,75.849998,77.82,347242
2024-01-31,77.839996,78.110001,75.519997,75.849998,344493
2024-02-01,75.959999,76.949997,73.699997,73.82,577936
2024-02-02,73.910004,74.519997,71.790001,72.279999,467768
2024-02-05,72.75,73.279999,71.410004,72.779999,350843
2024-02-06,72.760002,73.82,72.379997,73.309998,310955
2024-02-07,73.5,74.220001,73.230003,73.860001,294955
2024-02-08,74.080002,76.589996,73.559998,76.220001,377906
2024-02-09,76.419998,77.290001,75.93,76.839996,302612
2024-02-12,76.599998,77.089996,75.540001,76.919998,248476
2024-02-13,77.029999,78.470001,76.870003,77.870003,338174
2024-02-14,77.809998,78.769997,76.379997,76.639999,296131
2024-02-15,76.599998,78.440002,75.779999,78.029999,122432
2024-02-16,78.110001,79.349998,77.220001,79.190002,113713
2024-02-20,78.980003,79.800003,77.669998,78.18,435235
2024-02-21,77.150002,78.080002,76.32,77.910004,323243
2024-02-22,78.089996,78.919998,77.230003,78.610001,330511
2024-02-23,78.370003,78.389999,76.349998,76.489998,353437
2024-02-26,76.400002,78.029999,75.839996,77.580002,274710
2024-02-27,77.620003,79.0,77.169998,78.870003,269236
2024-02-28,78.480003,79.620003,77.779999,78.540001,330043
2024-02-29,78.199997,79.279999,77.940002,78.260002,317939
2024-03-01,78.279999,80.849998,78.050003,79.970001,363417
2024-03-04,80.139999,80.410004,78.559998,78.739998,347214
2024-03-05,78.739998,79.489998,77.519997,78.150002,436521
2024-03-06,78.150002,80.669998,77.989998,79.129997,371049
2024-03-07,79.129997,79.529999,78.019997,78.93,432923
2024-03-08,79.510002,79.989998,77.559998,78.010002,347533
2024-03-11,77.800003,78.470001,76.790001,77.93,329873
2024-03-12,78.089996,78.730003,77.339996,77.559998,309922
2024-03-13,78.059998,79.900002,77.57,79.720001,316390
2024-03-14,79.629997,81.620003,79.57,81.260002,297450
2024-03-15,81.139999,81.449997,80.489998,81.040001,185078
2024-03-18,81.029999,83.089996,81.010002,82.720001,84718
2024-03-19,82.849998,83.849998,82.389999,83.470001,76814
2024-03-20,83.199997,83.209999,81.440002,81.68,351161
2024-03-21,81.489998,81.919998,80.300003,81.07,266860
2024-03-22,80.839996,81.449997,80.419998,80.629997,231101
2024-03-25,80.849998,82.480003,80.589996,81.949997,300360
2024-03-26,81.940002,82.360001,81.220001,81.620003,235845
2024-03-27,81.290001,81.739998,80.550003,81.349998,249964
2024-03-28,81.709999,83.209999,81.519997,83.169998,293774
2024-04-01,83.139999,84.489998,82.599998,83.709999,321059
2024-04-02,84.040001,85.5,83.849998,85.150002,344040
2024-04-03,85.459999,86.199997,84.849998,85.43,322549
2024-04-04,85.660004,87.220001,84.639999,86.589996,359534
2024-04-05,86.860001,87.629997,86.32,86.910004,353206
2024-04-08,86.099998,87.099998,84.690002,86.43,393734
2024-04-09,86.589996,86.980003,85.089996,85.230003,314994
2024-04-10,85.339996,86.379997,84.550003,86.209999,373939
2024-04-11,86.32,86.629997,84.839996,85.019997,388128
2024-04-12,85.599998,87.669998,85.239998,85.660004,369958
2024-04-15,85.93,86.110001,84.050003,85.410004,343894
2024-04-16,85.699997,86.18,84.75,85.360001,241343
2024-04-17,85.360001,85.510002,82.550003,82.690002,259540
2024-04-18,82.790001,83.470001,81.559998,82.730003,84468
2024-04-19,82.620003,86.279999,81.800003,83.139999,76901
2024-04-22,83.050003,83.349998,81.849998,82.849998,313914
2024-04-23,82.129997,83.43,80.879997,83.360001,355814
2024-04-24,83.400002,83.709999,82.440002,82.809998,329077
2024-04-25,82.830002,83.830002,81.989998,83.57,314116
2024-04-26,83.809998,84.459999,83.349998,83.849998,244090
2024-04-29,83.690002,83.910004,82.400002,82.629997,336984
2024-04-30,82.760002,83.300003,80.949997,81.93,400680
2024-05-01,81.480003,81.57,78.830002,79.0,441978
2024-05-02,79.150002,79.900002,78.410004,78.949997,359652
2024-05-03,79.07,79.629997,77.959999,78.110001,324438
2024-05-06,78.160004,79.089996,77.910004,78.480003,297369
2024-05-07,78.720001,79.169998,77.550003,78.379997,327593
2024-05-08,78.339996,79.269997,76.889999,78.989998,355449
2024-05-09,79.230003,79.800003,78.910004,79.260002,272712
2024-05-10,79.589996,79.959999,78.139999,78.260002,281169
2024-05-13,78.18,79.489998,77.779999,79.120003,287701
2024-05-14,79.230003,79.379997,77.68,78.019997,307410
2024-05-15,78.440002,78.919998,76.699997,78.629997,321267
2024-05-16,78.839996,79.849998,78.199997,79.230003,230277
2024-05-17,79.379997,80.139999,79.0,80.059998,94152
2024-05-20,80.010002,80.599998,79.169998,79.800003,85072
2024-05-21,79.699997,79.720001,78.080002,79.260002,371672
2024-05-22,78.209999,78.410004,77.25,77.57,314145
2024-05-23,77.290001,78.660004,76.43,76.870003,330273
2024-05-24,77.040001,78.050003,76.150002,77.720001,299075
2024-05-28,77.809998,80.290001,77.690002,79.830002,334074
2024-05-29,80.260002,80.620003,78.989998,79.230003,259594
2024-05-30,79.279999,79.419998,77.629997,77.910004,373779
2024-05-31,77.910004,78.620003,76.669998,76.989998,345120
2024-06-03,76.970001,77.519997,73.980003,74.220001,443271
2024-06-04,74.019997,74.129997,72.480003,73.25,408721
2024-06-05,72.900002,74.330002,72.82,74.07,307701
2024-06-06,74.300003,75.790001,74.059998,75.550003,291082
2024-06-07,75.669998,76.25,75.209999,75.529999,280253
2024-06-10,75.349998,78.290001,75.230003,77.739998,317031
2024-06-11,78.120003,78.360001,77.220001,77.900002,314874
2024-06-12,78.220001,79.32,77.879997,78.5,322285
2024-06-13,78.370003,78.889999,77.669998,78.620003,307638
2024-06-14,77.959999,79.150002,77.730003,78.449997,245827
2024-06-17,78.480003,80.660004,77.980003,80.330002,126733
2024-06-18,80.43,81.669998,79.769997,81.57,140709
2024-06-20,81.519997,82.410004,81.129997,82.169998,420499
2024-06-21,81.269997,81.790001,80.349998,80.730003,290500
2024-06-24,80.449997,81.779999,80.230003,81.629997,271745
2024-06-25,81.699997,81.900002,80.550003,80.830002,286038
2024-06-26,80.720001,81.629997,80.18,80.900002,308410
2024-06-27,80.860001,82.040001,80.510002,81.739998,306342
2024-06-28,81.860001,82.720001,80.970001,81.540001,260252
2024-07-01,81.449997,83.639999,81.379997,83.379997,345780
2024-07-02,83.43,84.379997,82.720001,82.809998,367787
2024-07-03,83.199997,83.93,82.459999,83.879997,289685
2024-07-05,83.599998,84.519997,83.019997,83.160004,361357
2024-07-08,83.150002,83.32,82.080002,82.330002,251774
2024-07-09,82.220001,82.480003,81.25,81.410004,297325
2024-07-10,81.809998,82.660004,80.809998,82.099998,334380
2024-07-11,82.400002,83.129997,81.629997,82.620003,324170
2024-07-12,82.860001,83.739998,82.099998,82.209999,370062
2024-07-15,82.160004,82.580002,81.470001,81.910004,296520
2024-07-16,81.919998,81.93,80.220001,80.760002,308186
2024-07-17,80.849998,83.099998,80.449997,82.849998,257437
2024-07-18,83.110001,83.82,82.040001,82.82,95704
2024-07-19,82.470001,82.879997,80.07,80.129997,83795
2024-07-22,80.389999,80.690002,79.169998,79.779999,345235
2024-07-23,78.269997,78.730003,76.400002,76.959999,417941
2024-07-24,77.449997,78.190002,76.980003,77.589996,355971
2024-07-25,77.5,78.470001,76.040001,78.279999,457288
2024-07-26,78.349998,78.599998,76.190002,77.160004,365121
2024-07-29,77.300003,77.690002,75.349998,75.809998,362635
2024-07-30,75.910004,75.970001,74.589996,74.730003,419478
2024-07-31,75.239998,78.660004,75.18,77.910004,460315
2024-08-01,78.589996,78.879997,76.239998,76.309998,383014
2024-08-02,76.870003,77.290001,72.970001,73.519997,467786
2024-08-05,74.209999,74.459999,71.669998,72.940002,500151
2024-08-06,73.860001,74.559998,72.199997,73.199997,352250
2024-08-07,72.839996,75.839996,72.580002,75.230003,427995
2024-08-08,75.470001,76.519997,74.599998,76.190002,327301
2024-08-09,76.019997,77.089996,75.849998,76.839996,263007
2024-08-12,76.989998,80.160004,76.699997,80.059998,376747
2024-08-13,79.739998,80.150002,78.160004,78.349998,370763
2024-08-14,78.730003,79.099998,76.830002,76.980003,357636
2024-08-15,77.519997,78.599998,76.93,78.160004,195122
2024-08-16,78.160004,78.160004,75.540001,76.650002,100810
2024-08-19,76.580002,76.870003,74.169998,74.370003,118172
2024-08-20,74.339996,75.029999,73.5,74.040001,329276
2024-08-21,73.120003,74.160004,71.459999,71.93,390527
2024-08-22,71.93,73.519997,71.580002,73.010002,334117
2024-08-23,72.959999,75.07,72.830002,74.830002,313764
2024-08-26,75.099998,77.599998,75.040001,77.419998,409675
2024-08-27,77.199997,77.480003,75.400002,75.529999,331162
2024-08-28,75.75,75.949997,73.82,74.519997,337361
2024-08-29,74.419998,76.910004,74.050003,75.910004,408147
2024-08-30,75.870003,76.589996,73.360001,73.550003,427273
2024-09-03,73.529999,74.410004,70.099998,70.339996,546617
2024-09-04,70.279999,71.459999,68.82,69.199997,482025
2024-09-05,69.269997,70.82,68.75,69.150002,405596
2024-09-06,69.330002,70.129997,67.169998,67.669998,351074
2024-09-09,68.129997,68.959999,67.309998,68.709999,351074
2024-09-10,68.779999,69.080002,65.269997,65.75,442855
2024-09-11,66.279999,67.970001,65.629997,67.309998,393311
2024-09-12,67.389999,69.809998,67.239998,68.970001,351976
2024-09-13,69.309998,70.32,68.470001,68.650002,308983
2024-09-16,69.160004,70.699997,68.650002,70.089996,295176
2024-09-17,70.5,71.919998,69.610001,71.190002,251629
2024-09-18,71.139999,71.480003,69.730003,70.910004,102907
2024-09-19,70.129997,72.489998,70.129997,71.949997,86630
2024-09-20,72.099998,72.400002,71.360001,71.919998,306997
2024-09-23,71.309998,71.809998,69.489998,70.370003,338267
2024-09-24,70.760002,72.400002,70.440002,71.559998,318516
2024-09-25,71.540001,71.720001,69.230003,69.690002,476237
2024-09-26,69.889999,70.010002,66.949997,67.669998,478069
2024-09-27,67.449997,68.650002,67.059998,68.18,341133
2024-09-30,68.629997,69.32,67.57,68.169998,350115
2024-10-01,68.410004,71.940002,66.330002,69.830002,668216
2024-10-02,70.800003,72.489998,69.870003,70.099998,429225
2024-10-03,70.980003,74.089996,70.519997,73.709999,460554
2024-10-04,73.949997,75.57,73.459999,74.379997,428815
2024-10-07,74.400002,77.400002,73.620003,77.139999,419018
2024-10-08,77.330002,78.459999,72.690002,73.57,496760
2024-10-09,73.839996,74.449997,71.529999,73.239998,401159
2024-10-10,73.389999,76.239998,73.260002,75.849998,321453
2024-10-11,75.739998,76.040001,74.529999,75.559998,315302
2024-10-14,75.050003,75.080002,71.809998,73.830002,273455
2024-10-15,71.510002,72.120003,69.709999,70.580002,328738
2024-10-16,70.989998,71.309998,69.639999,70.389999,222437
2024-10-17,70.68,71.110001,69.440002,70.669998,188161
2024-10-18,70.75,71.230003,68.690002,69.220001,95768
2024-10-21,69.459999,71.029999,69.0,70.559998,92584
2024-10-22,70.489998,72.660004,70.050003,72.089996,330456
2024-10-23,71.349998,71.720001,70.129997,70.769997,293835
2024-10-24,71.019997,72.339996,69.769997,70.190002,286571
2024-10-25,70.330002,71.919998,69.959999,71.779999,287189
2024-10-28,68.980003,69.0,66.919998,67.379997,419623
2024-10-29,68.019997,68.519997,66.720001,67.209999,291929
2024-10-30,67.470001,69.169998,67.279999,68.610001,284795
2024-10-31,69.099998,70.809998,68.300003,69.260002,311055
2024-11-01,70.440002,71.449997,69.32,69.489998,320572
2024-11-04,70.290001,71.809998,70.25,71.470001,286947
2024-11-05,71.620003,72.669998,71.290001,71.989998,247311
2024-11-06,72.019997,72.629997,69.739998,71.690002,388265
2024-11-07,71.870003,72.879997,70.660004,72.360001,353595
2024-11-08,72.209999,72.25,69.989998,70.379997,362038
2024-11-11,70.25,70.559998,67.919998,68.040001,364506
2024-11-12,68.150002,69.129997,67.75,68.120003,286926
2024-11-13,67.980003,68.860001,66.940002,68.43,386027
2024-11-14,68.129997,69.389999,67.919998,68.699997,232270
2024-11-15,68.620003,68.690002,66.82,67.019997,205235
2024-11-18,66.860001,69.389999,66.610001,69.160004,110375
2024-11-19,69.010002,69.690002,68.449997,69.389999,89360
2024-11-20,69.550003,70.150002,68.75,68.870003,235637
2024-11-21,69.040001,70.379997,68.860001,70.099998,283850
2024-11-22,70.18,71.510002,69.290001,71.239998,408207
2024-11-25,71.440002,71.480003,68.739998,68.940002,380922
2024-11-26,69.080002,70.300003,68.050003,68.769997,292138
2024-11-27,68.910004,69.370003,68.18,68.720001,227215
2024-11-29,68.769997,69.690002,67.870003,68.0,291408
2024-12-02,68.0,69.110001,67.709999,68.099998,264883
2024-12-03,68.160004,70.230003,67.910004,69.940002,303752
2024-12-04,70.019997,70.510002,68.489998,68.540001,325636
2024-12-05,68.739998,69.160004,67.980003,68.300003,286701
2024-12-06,68.440002,68.489998,66.980003,67.199997,341593
2024-12-09,67.150002,68.879997,67.080002,68.370003,297085
2024-12-10,68.190002,69.059998,67.720001,68.589996,286003
2024-12-11,68.5,70.529999,68.440002,70.290001,335892
2024-12-12,70.43,70.720001,69.139999,70.019997,326046
2024-12-13,70.059998,71.419998,69.870003,71.290001,230429
2024-12-16,71.440002,71.440002,70.370003,70.709999,204296
2024-12-17,70.610001,70.919998,69.18,70.080002,99604
2024-12-18,70.220001,71.379997,69.989998,70.580002,99386
2024-12-19,70.139999,71.260002,69.699997,69.910004,291660
2024-12-20,69.230003,69.849998,68.419998,69.459999,231592
2024-12-23,69.400002,69.940002,68.589996,69.239998,188843
2024-12-24,69.559998,70.43,69.360001,70.099998,122602
2024-12-26,70.199997,70.75,69.330002,69.620003,144877
2024-12-27,69.68,70.75,69.440002,70.599998,172641
2024-12-30,70.419998,71.559998,70.120003,70.989998,199296
2024-12-31,71.150002,72.019997,70.870003,71.720001,151155
2025-01-02,71.849998,73.730003,71.790001,73.129997,306498
2025-01-03,73.129997,74.349998,72.699997,73.959999,296040
2025-01-06,74.050003,74.989998,73.199997,73.559998,306042
2025-01-07,73.440002,74.529999,73.110001,74.25,277328
2025-01-08,74.519997,75.290001,73.160004,73.32,328617
2025-01-09,73.32,74.32,72.839996,73.919998,213421
2025-01-10,74.290001,77.860001,74.019997,76.57,478432
2025-01-13,76.540001,79.269997,76.540001,78.82,460942
2025-01-14,78.82,79.089996,77.410004,77.5,326729
2025-01-15,78.029999,80.769997,77.239998,80.040001,321422
2025-01-16,80.400002,80.589996,77.870003,78.68,159948
2025-01-17,78.75,79.440002,77.760002,77.879997,112409
2025-01-21,78.190002,78.470001,75.489998,75.889999,568807
2025-01-22,75.879997,76.449997,75.279999,75.440002,315333
2025-01-23,75.389999,76.0,74.139999,74.620003,350688
2025-01-24,74.300003,75.209999,74.010002,74.660004,319679
2025-01-27,74.540001,75.150002,72.379997,73.169998,334418
2025-01-28,73.150002,74.309998,72.93,73.769997,326075
2025-01-29,73.949997,74.080002,72.330002,72.620003,312733
2025-01-30,73.0,73.839996,72.019997,72.730003,336475
2025-01-31,73.199997,73.839996,71.940002,72.529999,376335
2025-02-03,74.139999,75.18,72.050003,73.160004,517853
2025-02-04,72.349998,73.349998,70.669998,72.699997,452961
2025-02-05,72.760002,72.970001,70.959999,71.029999,289902
2025-02-06,71.18,71.849998,70.43,70.610001,299037
2025-02-07,70.559998,71.410004,70.470001,71.0,273766
2025-02-10,71.0,72.540001,70.839996,72.32,255941
2025-02-11,72.489998,73.68,72.309998,73.32,266819
2025-02-12,73.199997,73.220001,71.169998,71.370003,318123
2025-02-13,71.239998,71.599998,70.220001,71.290001,278197
2025-02-14,71.519997,72.019997,70.519997,70.739998,207719
2025-02-18,70.699997,72.07,70.120003,71.849998,130937
2025-02-19,71.779999,73.040001,71.709999,72.25,69012
2025-02-20,72.18,73.25,71.849998,72.57,240060
2025-02-21,72.580002,72.769997,70.169998,70.400002,268470
2025-02-24,69.800003,70.940002,69.800003,70.699997,205468
2025-02-25,70.919998,71.260002,68.68,68.93,267310
2025-02-26,69.110001,69.279999,68.360001,68.620003,255601
2025-02-27,68.82,70.540001,68.610001,70.349998,265933
2025-02-28,70.169998,70.290001,69.139999,69.760002,250074
2025-03-03,69.949997,70.599998,67.889999,68.370003,332751
2025-03-04,68.459999,68.559998,66.769997,68.260002,386750
2025-03-05,68.080002,68.099998,65.220001,66.309998,382493
2025-03-06,66.389999,67.089996,65.589996,66.360001,341632
2025-03-07,66.339996,68.220001,66.120003,67.040001,329710
2025-03-10,67.110001,67.599998,65.800003,66.029999,249633
2025-03-11,65.949997,67.169998,65.290001,66.25,222511
2025-03-12,66.620003,67.879997,66.150002,67.68,246675
2025-03-13,67.690002,67.940002,66.370003,66.550003,268590
2025-03-14,66.779999,67.480003,66.589996,67.18,180495
2025-03-17,67.349998,68.370003,67.25,67.580002,161298
2025-03-18,67.400002,68.720001,66.559998,66.900002,110338
2025-03-19,66.720001,67.629997,66.209999,67.160004,73077
2025-03-20,67.290001,68.470001,66.879997,68.260002,283376
2025-03-21,68.349998,68.650002,67.650002,68.279999,198964
2025-03-24,68.349998,69.330002,67.949997,69.110001,247024
2025-03-25,69.160004,69.68,68.519997,69.0,258411
2025-03-26,69.160004,70.220001,69.059998,69.650002,262413
2025-03-27,69.959999,69.970001,69.120003,69.919998,211825
2025-03-28,69.910004,70.089996,68.870003,69.360001,246650
2025-03-31,69.43,71.830002,68.809998,71.480003,313087
2025-04-01,71.389999,72.099998,71.029999,71.199997,272832
2025-04-02,71.199997,72.279999,70.589996,71.709999,286501
2025-04-03,70.379997,70.410004,65.980003,66.949997,459238
2025-04-04,66.639999,66.900002,60.450001,61.990002,559638
2025-04-07,61.119999,63.900002,58.950001,60.700001,597617
2025-04-08,61.029999,61.75,57.880001,59.580002,557655
2025-04-09,58.32,62.93,55.119999,62.349998,592250
2025-04-10,62.709999,63.34,58.759998,60.07,391826
2025-04-11,60.200001,61.869999,59.43,61.5,306231
2025-04-14,61.700001,62.68,60.59,61.529999,238068
2025-04-15,61.580002,62.060001,60.880001,61.330002,197404
2025-04-16,61.540001,62.98,60.439999,62.470001,213194
2025-04-17,62.630001,64.860001,62.610001,64.68,111479
2025-04-21,64.300003,64.419998,62.450001,63.080002,82671
2025-04-22,63.43,65.089996,63.43,64.309998,297928
2025-04-23,64.0,64.870003,61.529999,62.27,397841
2025-04-24,62.34,63.310001,61.990002,62.790001,264908
2025-04-25,62.860001,63.41,61.799999,63.02,283758
2025-04-28,63.490002,63.919998,61.48,62.049999,276116
2025-04-29,61.869999,62.07,60.119999,60.419998,312373
2025-04-30,60.16,60.43,57.91,58.209999,419549
2025-05-01,58.16,59.5,56.389999,59.240002,364216
2025-05-02,58.990002,59.869999,57.740002,58.290001,322096
2025-05-05,56.759998,57.700001,55.299999,57.130001,308387
2025-05-06,57.25,59.84,57.029999,59.09,343893
2025-05-07,58.98,60.259998,57.810001,58.07,295238
2025-05-08,57.93,60.290001,57.740002,59.91,281000
2025-05-09,60.25,61.450001,59.889999,61.02,239640
2025-05-12,61.389999,63.610001,61.02,61.950001,325865
2025-05-13,62.0,63.900002,61.650002,63.669998,258795
2025-05-14,63.619999,63.68,62.75,63.150002,225626
2025-05-15,62.880001,62.91,60.470001,61.619999,258404
2025-05-16,61.700001,62.709999,61.25,62.490002,121556
2025-05-19,62.75,63.400002,61.57,62.689999,95570
2025-05-20,62.68,63.169998,62.189999,62.560001,250414
2025-05-21,62.27,64.190002,61.279999,61.57,302702
2025-05-22,61.330002,61.75,60.25,61.200001,258549
2025-05-23,60.810001,61.880001,60.02,61.529999,273392
2025-05-27,61.700001,62.139999,60.259998,60.889999,291317
2025-05-28,61.040001,62.540001,60.849998,61.84,260374
2025-05-29,61.830002,63.07,60.549999,60.939999,299859
2025-05-30,60.939999,61.720001,59.740002,60.790001,384927
2025-06-02,61.110001,63.880001,61.060001,62.52,403580
2025-06-03,63.02,63.889999,62.400002,63.41,291260
2025-06-04,63.360001,63.959999,62.169998,62.849998,321128
2025-06-05,62.759998,63.98,62.5,63.369999,232423
2025-06-06,63.330002,64.800003,62.82,64.580002,310133
2025-06-09,64.800003,65.43,64.199997,65.290001,235900
2025-06-10,65.459999,66.279999,64.57,64.980003,279021
2025-06-11,64.760002,68.370003,64.599998,68.150002,378473
2025-06-12,69.029999,69.290001,66.720001,68.040001,379394
2025-06-13,68.900002,77.620003,68.489998,72.980003,715652
2025-06-16,76.540001,77.489998,69.379997,71.769997,367312
2025-06-17,71.110001,75.540001,71.0,74.839996,154264
2025-06-18,75.610001,76.07,72.940002,75.139999,0
2025-06-20,74.599998,77.580002,74.300003,74.93,678377
2025-06-23,78.0,78.400002,66.599998,68.510002,728868
2025-06-24,67.739998,67.830002,64.0,64.370003,541475
2025-06-25,65.120003,66.029999,64.510002,64.919998,278504
2025-06-26,64.980003,66.419998,64.660004,65.239998,233771
2025-06-27,65.300003,66.089996,64.800003,65.519997,236284
2025-06-30,65.150002,65.82,64.5,65.110001,193289
2025-07-01,64.959999,65.980003,64.669998,65.449997,193162
2025-07-02,65.559998,67.580002,65.230003,67.449997,265200
2025-07-03,67.5,67.580002,66.529999,67.0,0
2025-07-04,67.129997,67.18,66.040001,66.5,0
2025-07-07,65.699997,68.32,65.400002,67.93,332949
2025-07-08,67.959999,68.910004,67.330002,68.330002,219882
2025-07-09,68.18,68.940002,67.699997,68.379997,223945
2025-07-10,68.290001,68.650002,66.449997,66.57,258654
2025-07-11,66.849998,68.769997,66.5,68.449997,226297
2025-07-14,68.68,69.650002,66.800003,66.980003,263877
2025-07-15,66.860001,67.129997,66.220001,66.519997,252724
2025-07-16,66.730003,67.010002,65.419998,66.379997,248346
2025-07-17,66.599998,67.690002,66.290001,67.540001,188802
2025-07-18,67.599998,68.959999,67.199997,67.339996,107628
2025-07-21,67.32,67.760002,66.459999,67.199997,81194
2025-07-22,67.120003,67.129997,65.989998,66.209999,269991
2025-07-23,65.489998,65.779999,64.709999,65.25,251825
2025-07-24,65.419998,66.389999,65.330002,66.029999,281209
2025-07-25,66.150002,66.739998,65.0,65.160004,234283
2025-07-28,65.150002,67.139999,65.050003,66.709999,262038
2025-07-29,67.040001,69.760002,66.529999,69.209999,329112
2025-07-30,69.339996,70.510002,68.449997,70.0,345336
2025-07-31,70.300003,70.410004,68.559998,69.260002,247031
2025-08-01,69.349998,69.580002,67.050003,67.330002,355819
2025-08-04,66.849998,67.739998,65.459999,66.290001,277375
2025-08-05,66.209999,66.389999,65.029999,65.160004,279030
2025-08-06,65.150002,66.75,63.639999,64.349998,353827
2025-08-07,64.360001,65.110001,63.700001,63.880001,300518
2025-08-08,63.849998,64.580002,62.77,63.880001,322939
2025-08-11,63.48,64.440002,63.02,63.959999,234807
2025-08-12,64.0,64.339996,63.060001,63.169998,304441
2025-08-13,63.07,63.380001,61.939999,62.650002,298939
2025-08-14,62.790001,64.099998,62.580002,63.959999,251652
2025-08-15,63.91,64.150002,62.68,62.799999,197390
2025-08-18,63.0,63.790001,62.18,63.419998,95113
2025-08-19,63.27,63.389999,62.25,62.349998,99484
2025-08-20,62.599998,63.549999,62.389999,63.209999,280663
2025-08-21,62.849998,63.669998,62.52,63.52,250166
2025-08-22,63.5,63.93,63.310001,63.66,223169
2025-08-25,63.880001,65.099998,63.529999,64.800003,185270
2025-08-26,64.75,64.760002,63.130001,63.25,199101
2025-08-27,63.310001,64.230003,62.950001,64.150002,193476
2025-08-28,63.869999,64.699997,63.349998,64.599998,208931
2025-08-29,64.260002,64.550003,63.880001,64.010002,0
2025-09-02,63.950001,66.029999,63.66,65.589996,320218
2025-09-03,65.620003,65.720001,63.720001,63.970001,298737
2025-09-04,63.82,63.84,62.720001,63.48,251689
2025-09-05,63.330002,63.490002,61.450001,61.869999,294540
2025-09-08,62.0,63.34,61.849998,62.259998,237288
2025-09-09,62.43,63.669998,62.369999,62.630001,268529
2025-09-10,62.740002,64.080002,62.720001,63.669998,260684
2025-09-11,63.799999,63.799999,62.209999,62.369999,222661
2025-09-12,62.27,63.98,61.689999,62.689999,313265
2025-09-15,62.970001,63.669998,62.52,63.299999,205560
2025-09-16,63.310001,64.760002,62.889999,64.519997,234250
2025-09-17,64.589996,64.669998,63.689999,64.050003,165427
2025-09-18,63.990002,64.550003,63.330002,63.57,82321
2025-09-19,63.59,63.650002,62.599998,62.68,87165
2025-09-22,62.740002,63.18,61.98,62.639999,223779
2025-09-23,62.330002,63.889999,61.849998,63.41,265948
2025-09-24,63.639999,65.050003,63.25,64.989998,282721
2025-09-25,64.800003,65.339996,64.059998,64.980003,258353
2025-09-26,65.199997,66.419998,64.660004,65.720001,284990
2025-09-29,65.07,65.400002,62.98,63.450001,294292
2025-09-30,63.139999,63.259998,62.029999,62.369999,271649
2025-10-01,62.459999,62.889999,61.400002,61.779999,274339
2025-10-02,61.779999,62.540001,60.400002,60.48,290507
2025-10-03,60.700001,61.380001,60.549999,60.880001,240044
2025-10-06,61.139999,62.119999,61.040001,61.689999,224682
2025-10-07,61.73,62.110001,60.720001,61.73,245121
2025-10-08,62.049999,62.919998,62.049999,62.549999,273318
2025-10-09,62.310001,62.869999,61.25,61.509998,259171
2025-10-10,61.490002,61.669998,58.220001,58.900002,339103
2025-10-13,59.0,60.169998,59.0,59.490002,339103
2025-10-14,59.580002,59.82,57.68,58.700001,259200
2025-10-15,58.599998,59.419998,58.200001,58.27,224919
2025-10-16,58.77,59.110001,57.259998,57.459999,203866
2025-10-17,57.5,57.720001,56.599998,57.540001,108748
2025-10-20,57.73,57.810001,56.349998,57.52,108146
2025-10-21,57.369999,58.279999,56.990002,57.82,314207
2025-10-22,57.59,59.830002,57.34,58.5,378637
2025-10-23,59.939999,62.200001,59.639999,61.790001,735186
2025-10-24,61.790001,62.59,61.209999,61.5,373744
2025-10-27,61.82,62.169998,60.669998,61.310001,272191
2025-10-28,61.5,61.5,59.759998,60.150002,307568
2025-10-29,60.18,61.02,59.700001,60.48,276875
2025-10-30,60.389999,60.790001,59.639999,60.57,247917
2025-10-31,60.299999,61.380001,59.990002,60.98,278598
2025-11-03,61.400002,61.5,60.509998,61.049999,0
2025-11-04,61.029999,61.029999,59.939999,60.560001,219300
2025-11-05,60.43,61.09,59.52,59.599998,292518
2025-11-06,59.68,60.509998,58.830002,59.43,277768
2025-11-07,59.650002,60.459999,59.32,59.75,259446
2025-11-10,59.869999,60.48,59.41,60.130001,222879
2025-11-11,60.07,61.279999,59.66,61.040001,264427
2025-11-12,61.049999,61.060001,58.299999,58.490002,329517
2025-11-13,58.470001,59.209999,58.119999,58.689999,247349
2025-11-14,58.709999,60.650002,58.709999,60.09,334116
2025-11-17,59.799999,60.439999,59.32,59.91,189638
2025-11-18,59.740002,60.93,59.310001,60.740002,105325
2025-11-19,60.619999,60.790001,58.77,59.439999,79622
2025-11-20,59.630001,60.330002,58.860001,59.139999,324282
2025-11-21,58.799999,58.799999,57.380001,58.060001,345014
2025-11-24,58.049999,59.060001,57.419998,58.84,238138
2025-11-25,58.889999,58.959999,57.099998,57.950001,334442
2025-11-26,58.049999,58.720001,57.66,58.650002,228285
2025-11-28,58.580002,59.639999,58.27,58.549999,153758
2025-12-01,58.959999,59.970001,58.830002,59.32,232770
2025-12-02,59.52,59.669998,58.279999,58.639999,255513
2025-12-03,58.650002,59.639999,58.369999,58.950001,260974
2025-12-04,59.09,60.02,58.810001,59.669998,264993
2025-12-05,59.700001,60.5,59.419998,60.080002,255075
2025-12-08,60.150002,60.299999,58.68,58.880001,263009
2025-12-09,58.869999,59.169998,58.119999,58.25,260206
2025-12-10,58.369999,59.049999,57.66,58.459999,256508
2025-12-11,58.91,58.939999,57.009998,57.599998,286808
2025-12-12,57.889999,58.189999,57.150002,57.439999,212806
2025-12-15,57.5,57.799999,56.400002,56.82,229310
2025-12-16,56.68,56.700001,54.98,55.27,230933
2025-12-17,55.23,56.98,55.200001,55.939999,125608
2025-12-18,56.900002,57.029999,55.880001,56.150002,85735
2025-12-19,56.029999,56.900002,55.82,56.66,209264
2025-12-22,56.630001,58.130001,56.599998,58.009998,221576
2025-12-23,57.950001,58.560001,57.740002,58.380001,183633
2025-12-24,58.470001,58.75,58.130001,58.349998,111762
2025-12-26,58.349998,58.880001,56.650002,56.740002,166669
2025-12-29,57.040001,58.299999,56.91,58.080002,178590
2025-12-30,57.810001,58.470001,57.599998,57.950001,143802
2025-12-31,57.950001,58.549999,57.200001,57.419998,157160
2026-01-02,57.41,57.93,56.599998,57.32,189503
2026-01-05,57.470001,58.509998,56.310001,58.32,301483
2026-01-06,58.34,58.869999,56.84,57.130001,292067
2026-01-07,57.0,57.169998,55.759998,55.990002,383128
2026-01-08,56.419998,58.740002,55.970001,57.759998,334134
2026-01-09,58.400002,59.77,57.610001,59.119999,360309
2026-01-12,59.0,59.91,58.450001,59.5,309700
2026-01-13,59.950001,61.5,59.470001,61.150002,411190
2026-01-14,61.119999,62.360001,59.189999,62.02,410261
2026-01-15,61.060001,61.139999,58.880001,59.189999,113642
2026-01-16,59.259998,60.18,58.939999,59.439999,113794
2026-01-20,59.009998,60.68,58.700001,60.34,499595
2026-01-21,59.57,60.889999,59.220001,60.619999,333062
2026-01-22,60.68,60.82,58.959999,59.360001,324349
2026-01-23,59.66,61.360001,59.52,61.07,283419
2026-01-26,61.220001,61.709999,60.32,60.630001,281062
2026-01-27,60.779999,62.630001,60.139999,62.389999,360208
2026-01-28,62.580002,63.57,62.07,63.209999,354864
2026-01-29,63.5,66.480003,63.279999,65.419998,560007
2026-01-30,65.519997,66.110001,63.639999,65.209999,449325
2026-02-02,64.720001,64.739998,61.389999,62.139999,414083
2026-02-03,62.279999,64.209999,61.119999,63.209999,381144
2026-02-04,63.799999,65.529999,62.860001,65.139999,446588
2026-02-05,64.489998,64.669998,62.650002,63.290001,389763
2026-02-06,63.099998,64.580002,62.200001,63.549999,448924
2026-02-09,62.990002,64.879997,62.619999,64.360001,298005
2026-02-10,64.440002,64.709999,63.650002,63.959999,276292
2026-02-11,64.199997,65.830002,64.150002,64.629997,340194
2026-02-12,64.870003,65.099998,62.389999,62.84,369303
2026-02-13,62.990002,63.259998,62.139999,62.889999,255793
2026-02-17,63.299999,64.139999,61.869999,62.330002,328727
2026-02-18,62.299999,65.559998,62.119999,65.190002,115379
2026-02-19,65.099998,66.900002,64.879997,66.43,113408
2026-02-20,66.669998,67.050003,65.940002,66.389999,351351
2026-02-23,65.889999,67.279999,65.379997,66.309998,270365
2026-02-24,66.309998,67.150002,65.550003,65.629997,312124
2026-02-25,66.07,66.599998,65.120003,65.419998,306780
2026-02-26,65.650002,66.709999,63.599998,65.209999,498542
2026-02-27,65.349998,67.830002,64.849998,67.019997,437053
2026-03-02,75.0,75.330002,69.199997,71.230003,881329
2026-03-03,71.230003,77.980003,70.410004,74.559998,1009753
2026-03-04,74.739998,77.230003,73.279999,74.660004,617822
2026-03-05,76.150002,82.160004,74.970001,81.010002,707030
2026-03-06,79.080002,92.610001,78.239998,90.900002,996251
2026-03-09,98.0,119.480003,81.190002,94.769997,1107193
2026-03-10,85.75,91.480003,76.730003,83.449997,801564
2026-03-11,86.889999,88.989998,81.790001,87.25,538020
2026-03-12,89.32,97.190002,88.610001,95.730003,548999
2026-03-13,96.739998,99.32,92.040001,98.709999,436700
2026-03-16,100.93,102.440002,92.93,93.5,455454
2026-03-17,94.410004,98.419998,93.830002,96.209999,308425
2026-03-18,96.0,100.550003,91.959999,96.32,157222
2026-03-19,99.129997,101.480003,92.800003,96.139999,118719
2026-03-20,95.0,99.669998,93.419998,98.32,461845
2026-03-23,100.510002,101.669998,84.370003,88.129997,666790
2026-03-24,88.779999,93.360001,86.339996,92.349998,420067
2026-03-25,88.489998,91.730003,86.459999,90.32,405170
2026-03-26,91.379997,95.440002,89.510002,94.480003,350768
2026-03-27,93.309998,101.239998,92.080002,99.639999,374920
2026-03-30,102.599998,105.360001,99.43,102.879997,374075
2026-03-31,105.07,106.860001,99.620003,101.379997,495395
2026-04-01,101.720001,103.309998,96.5,100.120003,434561
2026-04-02,98.919998,113.970001,97.5,111.540001,0
2026-04-06,112.959999,115.480003,108.889999,112.410004,271742
2026-04-07,112.620003,117.629997,109.199997,112.949997,429331
2026-04-08,108.739998,109.190002,91.050003,94.410004,599576
2026-04-09,96.779999,102.699997,95.25,97.870003,427201
2026-04-10,98.230003,100.419998,95.510002,96.57,314855
2026-04-13,102.0,105.629997,97.029999,99.080002,344337
2026-04-14,97.989998,98.0,91.059998,91.279999,315821
2026-04-15,92.019997,93.300003,86.959999,91.290001,240397
2026-04-16,91.470001,95.440002,90.519997,94.690002,194354
2026-04-17,93.18,94.040001,80.559998,83.849998,116624
2026-04-20,89.0,91.199997,87.019997,89.610001,115578
2026-04-21,87.889999,94.449997,87.760002,92.129997,383596
2026-04-22,90.0,93.730003,87.639999,92.959999,299675
2026-04-23,92.900002,98.389999,92.300003,95.849998,365210
2026-04-24,96.620003,97.849998,92.68,94.400002,330280
2026-04-27,95.599998,97.669998,94.589996,96.370003,219055
2026-04-28,96.669998,101.849998,96.239998,99.93,281078
2026-04-29,99.709999,108.599998,98.419998,106.879997,318841
2026-04-30,109.07,110.93,103.339996,105.07,341994
2026-05-01,105.139999,106.650002,99.300003,101.940002,268707
2026-05-04,99.730003,107.459999,99.110001,106.419998,342843
2026-05-05,104.93,105.480003,101.080002,102.269997,241150
2026-05-06,102.699997,102.699997,88.660004,95.080002,423491
2026-05-07,96.300003,97.989998,89.849998,94.809998,392091
2026-05-08,98.25,98.639999,93.82,95.419998,243423
2026-05-11,98.190002,100.370003,96.129997,98.07,256251
2026-05-12,98.389999,102.720001,98.0,102.18,231747
2026-05-13,102.160004,103.669998,100.559998,101.019997,212582
2026-05-14,101.019997,102.349998,99.389999,101.169998,173862
2026-05-15,102.059998,106.0,101.480003,105.419998,96552
2026-05-18,106.0,109.470001,102.650002,108.660004,117910
2026-05-19,107.110001,109.239998,106.760002,107.769997,206472
2026-05-20,104.120003,104.449997,96.940002,98.260002,320034
2026-05-21,98.949997,102.660004,95.760002,96.349998,345482
2026-05-22,98.0,99.43,94.730003,96.599998,261142
2026-05-26,93.879997,94.699997,89.410004,93.889999,358867
2026-05-27,93.389999,93.690002,87.769997,88.68,290948
2026-05-28,89.110001,92.519997,87.110001,88.900002,235145
2026-05-29,88.550003,89.019997,86.349998,87.360001,267803
2026-06-01,88.5,94.779999,88.449997,92.160004,322039
2026-06-02,92.449997,94.0,90.120003,93.760002,238146
2026-06-03,93.449997,97.0,93.449997,96.019997,260613
2026-06-04,95.75,95.910004,91.910004,93.040001,219500
2026-06-05,92.82,93.629997,89.68,90.540001,252903
2026-06-08,93.0,95.470001,90.389999,91.300003,278650
2026-06-09,91.279999,91.550003,85.949997,88.199997,306101
2026-06-10,89.400002,91.870003,87.389999,90.029999,291935
2026-06-11,92.25,93.639999,85.739998,87.709999,317151
2026-06-12,86.639999,87.230003,83.199997,84.879997,233924
2026-06-15,81.400002,82.419998,79.699997,80.75,208395
2026-06-16,81.099998,81.580002,75.519997,76.050003,205050
2026-06-17,76.589996,80.029999,74.589996,76.790001,100474
2026-06-18,75.529999,76.989998,73.580002,76.599998,97813
2026-06-22,78.93,78.959999,74.449997,74.82,315903
2026-06-23,74.139999,74.449997,72.480003,73.209999,203509
2026-06-24,73.129997,73.18,69.629997,70.339996,251403
2026-06-25,69.949997,72.5,68.900002,71.919998,228065
2026-06-26,71.440002,71.860001,68.559998,69.230003,249316
2026-06-29,70.5,71.150002,69.32,70.75,170488
2026-06-30,70.43,71.599998,69.220001,69.5,194279
2026-07-01,69.980003,70.190002,67.919998,68.580002,200004
2026-07-02,68.029999,68.800003,67.040001,68.690002,183635
2026-07-06,68.68,69.209999,67.82,68.550003,229909
2026-07-07,68.580002,72.510002,68.580002,70.440002,264072
2026-07-08,72.379997,76.080002,71.75,73.519997,445251
2026-07-09,74.949997,75.129997,71.419998,72.080002,264009
2026-07-10,71.860001,73.160004,70.769997,71.410004,219817
2026-07-13,73.690002,78.580002,72.610001,78.139999,327411
2026-07-14,78.040001,81.269997,77.839996,79.339996,409973
2026-07-15,79.739998,80.93,78.190002,79.599998,239855
2026-07-16,80.0,80.870003,78.580002,78.949997,188731
2026-07-17,79.57,82.760002,78.610001,82.489998,96003
2026-07-20,83.760002,85.389999,80.269997,83.230003,99783
2026-07-21,83.480003,85.800003,82.25,84.910004,298109
2026-07-22,84.690002,88.610001,84.440002,86.830002,358021
2026-07-23,87.720001,93.5,87.32,92.190002,401934
2026-07-24,92.550003,92.830002,87.68,89.309998,365438
2026-07-27,86.120003,86.199997,81.629997,82.610001,352813
2026-07-28,82.0,82.43,77.779999,79.260002,368026
2026-07-29,80.040001,85.57,79.919998,84.459999,327417
2026-07-30,84.650002,85.940002,82.970001,83.589996,235395
2026-07-31,83.919998,86.870003,81.059998,84.669998,257851
2026-08-03,80.099998,81.300003,78.43,80.339996,294823
2026-08-04,80.099998,82.330002,75.110001,75.769997,362270
2026-08-05,75.169998,76.699997,74.239998,75.220001,259965
2026-08-06,75.139999,78.510002,74.57,77.290001,246260
2026-08-07,78.169998,78.769997,76.529999,78.18,241222
2026-08-10,78.419998,82.379997,77.790001,82.129997,271132
2026-08-11,82.349998,84.610001,81.269997,83.199997,283823
2026-08-12,83.489998,84.349998,82.400002,83.269997,250779
2026-08-13,82.699997,83.300003,80.089996,81.25,245842
2026-08-14,81.269997,82.989998,80.709999,82.400002,192132
2026-08-17,82.529999,85.040001,81.5,84.5,180066
2026-08-18,84.980003,85.940002,84.57,84.940002,90110
2026-08-19,85.419998,87.190002,84.32,85.830002,98764
2026-08-20,85.800003,89.0,85.599998,87.830002,262550
2026-08-21,86.269997,87.510002,85.800003,87.059998,228718
2026-08-24,86.5,86.57,84.360001,85.010002,219422
2026-08-25,85.029999,85.839996,80.230003,82.360001,282408
2026-08-26,81.110001,83.309998,79.620003,82.230003,255920
2026-08-27,82.0,84.269997,80.650002,83.529999,220113
2026-08-28,83.669998,83.779999,82.25,83.400002,167615
2026-08-31,84.690002,86.790001,84.110001,85.760002,235761
2026-09-01,86.309998,90.970001,86.129997,90.220001,331106
2026-09-02,90.650002,92.290001,88.970001,91.010002,283450
2026-09-03,90.699997,93.139999,89.57,91.300003,324521
2026-09-04,91.669998,92.169998,88.720001,91.480003,273129
2026-09-08,92.260002,94.730003,90.870003,93.029999,435231
2026-09-09,94.309998,96.93,93.760002,96.050003,325209
2026-09-10,96.879997,104.040001,95.370003,102.480003,437382
2026-09-11,104.32,104.459999,98.480003,100.050003,399142
2026-09-14,102.25,104.949997,100.529999,101.389999,413090
2026-09-15,102.010002,106.75,101.209999,105.830002,371490
2026-09-16,105.480003,105.629997,100.970001,102.43,301167
2026-09-17,102.18,102.470001,99.099998,101.910004,265972
2026-09-18,101.059998,103.480003,99.190002,100.300003,112698
2026-09-21,101.0,101.080002,94.220001,95.779999,76449
2026-09-22,95.389999,97.419998,92.400002,94.589996,422683
2026-09-23,89.889999,93.059998,88.709999,92.160004,370714
2026-09-24,92.720001,96.779999,91.230003,94.610001,410015
2026-09-25,94.75,94.75,91.510002,92.410004,345783
2026-09-28,93.580002,96.540001,91.25,92.599998,370326
2026-09-29,93.529999,94.739998,88.779999,89.379997,335169
2026-09-30,89.0,91.959999,88.580002,90.419998,285604
2026-10-01,90.400002,93.68,88.790001,92.870003,337181
2026-10-02,93.459999,93.510002,88.059998,91.110001,355302
2026-10-05,91.769997,91.879997,88.739998,89.43,274982
2026-10-06,89.269997,90.050003,86.860001,89.440002,265937
2026-10-07,89.959999,90.980003,87.959999,88.279999,295162
2026-10-08,89.0,93.199997,88.769997,91.489998,295162
