Date,Open,High,Low,Close,Volume
2000-01-03,2.425091,2.434006,2.318101,2.335933,6741750
2000-01-04,2.295813,2.309187,2.273523,2.286897,6562125
2000-01-05,2.237859,2.358222,2.233401,2.304727,11368875
2000-01-06,2.335933,2.349307,2.309186,2.349307,6462250
2000-01-07,2.36268,2.411717,2.349306,2.398343,8321375
2000-01-10,2.380512,2.402802,2.331476,2.340391,6229125
2000-01-11,2.327017,2.335933,2.295812,2.331475,6896375
2000-01-12,2.318102,2.353765,2.30027,2.340391,5396250
2000-01-13,2.327018,2.331476,2.282439,2.286897,7481875
2000-01-14,2.30027,2.344849,2.273523,2.32256,6918875
2000-01-17,2.34039,2.34039,2.282437,2.282437,6222750
2000-01-18,2.282438,2.304728,2.242317,2.246775,6935250
2000-01-19,2.260148,2.327016,2.25569,2.318101,9893750
2000-01-20,2.327017,2.371596,2.318101,2.353764,8604625
2000-01-21,2.335933,2.349306,2.295812,2.309185,9124125
2000-01-24,2.30027,2.309185,2.269065,2.273522,5767500
2000-01-25,2.269065,2.27798,2.233402,2.273522,7197375
2000-01-26,2.269065,2.269065,2.19328,2.21557,8541625
2000-01-27,2.228943,2.242317,2.157617,2.166533,7468500
2000-01-28,2.184365,2.184365,2.13087,2.166533,7356000
2000-01-31,2.144244,2.162075,2.108581,2.157617,7514125
2000-02-01,2.153159,2.166533,2.126412,2.153159,6242125
2000-02-02,2.148702,2.170991,2.113038,2.117496,8051750
2000-02-03,2.139786,2.211112,2.117497,2.184365,7870875
2000-02-04,2.157618,2.202197,2.139786,2.188823,6808625
2000-02-07,2.175449,2.27798,2.175449,2.269064,9694875
2000-02-08,2.487501,2.491959,2.264607,2.478585,26796624
2000-02-09,2.585574,2.607864,2.393885,2.398343,24927124
2000-02-10,2.349306,2.42509,2.335932,2.358222,8595375
2000-02-11,2.344848,2.353764,2.251233,2.353764,10985000
2000-02-14,2.30027,2.340391,2.255691,2.335933,9063000
2000-02-15,2.398343,2.398343,2.335933,2.335933,11146750
2000-02-16,2.407259,2.416174,2.36268,2.407259,9673375
2000-02-17,2.389427,2.442922,2.36268,2.389427,10495875
2000-02-18,2.384969,2.402801,2.34039,2.353764,5631875
2000-02-21,2.344849,2.38497,2.304728,2.36268,5243375
2000-02-22,2.362681,2.384971,2.273523,2.291355,8530875
2000-02-23,2.273522,2.313643,2.233402,2.273522,12595000
2000-02-24,2.246775,2.260149,2.188823,2.211112,11337000
2000-02-25,2.228943,2.251232,2.220027,2.220027,4827625
2000-02-28,2.228944,2.260149,2.162075,2.188823,8607500
2000-02-29,2.184365,2.184365,2.144244,2.153159,11176375
2000-03-01,2.193281,2.246775,2.170991,2.246775,9789500
2000-03-02,2.255691,2.27798,2.197738,2.251233,9259750
2000-03-03,2.21557,2.277981,2.170991,2.228944,11196375
2000-03-06,2.206654,2.23786,2.184365,2.228944,7691125
2000-03-07,2.220028,2.228944,2.170991,2.197739,9305500
2000-03-08,2.215569,2.327017,2.211112,2.264606,18512750
2000-03-09,2.255691,2.30027,2.246775,2.273522,7937875
2000-03-10,2.273524,2.282439,2.215571,2.23786,7730000
2000-03-13,2.233401,2.27798,2.184365,2.21557,8055125
2000-03-14,2.206654,2.237859,2.188822,2.21557,6056250
2000-03-15,2.197739,2.197739,2.157618,2.188823,8385250
2000-03-16,2.224486,2.242318,2.188823,2.233402,9123375
2000-03-17,2.246775,2.264607,2.162076,2.184365,20234876
2000-03-20,2.184365,2.197739,2.15316,2.188823,7312000
2000-03-21,2.170991,2.246775,2.170991,2.246775,9682750
2000-03-22,2.246775,2.264607,2.233401,2.242317,13435000
2000-03-23,2.242317,2.246775,2.179907,2.242317,6803000
2000-03-24,2.233403,2.246776,2.211113,2.23786,5012500
2000-03-27,2.224486,2.246776,2.21557,2.233402,4554500
2000-03-28,2.242317,2.260148,2.233401,2.25569,4599875
2000-03-29,2.251234,2.309186,2.251234,2.291355,8427875
2000-03-30,2.277981,2.313644,2.269065,2.277981,8634250
2000-03-31,2.291354,2.340391,2.291354,2.331475,9045375
2000-04-03,2.344849,2.344849,2.255692,2.277981,5796125
2000-04-04,2.295813,2.313644,2.246776,2.291355,6774625
2000-04-05,2.273522,2.304727,2.242317,2.300269,6648375
2000-04-06,2.27798,2.300269,2.264606,2.300269,4268625
2000-04-07,2.277981,2.291355,2.255692,2.291355,5009875
2000-04-10,2.269065,2.273523,2.220028,2.228944,5853750
2000-04-11,2.215571,2.242318,2.197739,2.202197,5450750
2000-04-12,2.197739,2.206654,2.179907,2.188823,7083500
2000-04-13,2.224486,2.282438,2.211112,2.246775,11157750
2000-04-14,2.255692,2.282439,2.220029,2.23786,6683375
2000-04-17,2.170991,2.295811,2.170991,2.269064,11660750
2000-04-18,2.295811,2.358222,2.273522,2.358222,11201750
2000-04-19,2.34039,2.358222,2.309185,2.358222,12049625
2000-04-20,2.371596,2.371596,2.32256,2.32256,5669375
2000-04-21,2.32256,2.32256,2.32256,2.32256,0
2000-04-24,2.32256,2.32256,2.32256,2.32256,0
2000-04-25,2.318102,2.434007,2.309186,2.429549,5417875
2000-04-26,2.469669,2.496416,2.438464,2.451838,6305125
2000-04-27,2.425091,2.509791,2.389428,2.420633,10972875
2000-04-28,2.416175,2.442922,2.411717,2.438464,5361250
2000-05-01,2.438464,2.438464,2.438464,2.438464,0
2000-05-02,2.398344,2.429549,2.380512,2.420633,6352500
2000-05-03,2.411717,2.425091,2.380512,2.380512,4402500
2000-05-04,2.367138,2.416175,2.367138,2.416175,4972875
2000-05-05,2.398343,2.451838,2.393885,2.44738,6499000
2000-05-08,2.380513,2.46967,2.380513,2.46967,6407250
2000-05-09,2.442922,2.4875,2.434006,2.442922,9562375
2000-05-10,2.434006,2.540995,2.434006,2.540995,16782250
2000-05-11,2.532079,2.5722,2.500874,2.549911,17855124
2000-05-12,2.518706,2.527622,2.487501,2.500875,6858375
2000-05-15,2.487501,2.536538,2.483044,2.527622,5109625
2000-05-16,2.53208,2.572201,2.523165,2.572201,13226375
2000-05-17,2.545454,2.567744,2.523164,2.527622,6441125
2000-05-18,2.523164,2.581117,2.523164,2.576659,7104625
2000-05-19,2.590033,2.652444,2.567744,2.643528,21259876
2000-05-22,2.572201,2.625696,2.545454,2.567743,13036500
2000-05-23,2.567743,2.665817,2.567743,2.661359,11553375
2000-05-24,2.630154,2.70148,2.621238,2.643528,13619375
2000-05-25,2.665817,2.674733,2.630154,2.661359,8980500
2000-05-26,2.594491,2.652444,2.594491,2.643528,9609500
2000-05-29,2.652444,2.665817,2.634612,2.643528,5934000
2000-05-30,2.621238,2.639069,2.585575,2.607864,7092375
2000-05-31,2.576659,2.607864,2.567743,2.576659,7716875
2000-06-01,2.572201,2.607864,2.567743,2.581117,7167500
2000-06-02,2.567743,2.585574,2.527621,2.549911,9375000
2000-06-05,2.532079,2.545453,2.50979,2.50979,9881625
2000-06-06,2.50979,2.540995,2.496416,2.50979,9340375
2000-06-07,2.500875,2.607864,2.500875,2.607864,11114000
2000-06-08,2.590032,2.616779,2.540995,2.540995,9424125
2000-06-09,2.545453,2.59449,2.532079,2.549911,10738375
2000-06-12,2.536538,2.55437,2.527622,2.536538,3725250
2000-06-13,2.527622,2.563285,2.500875,2.53208,11826500
2000-06-14,2.518706,2.603406,2.518706,2.603406,9468375
2000-06-15,2.590033,2.652443,2.590033,2.630154,16165250
2000-06-16,2.652442,2.661358,2.612321,2.612321,12986250
2000-06-19,2.545454,2.572201,2.527622,2.545454,6882625
2000-06-20,2.540996,2.558827,2.523164,2.536538,4982125
2000-06-21,2.505333,2.572202,2.505333,2.558828,6897125
2000-06-22,2.572201,2.63907,2.567743,2.621238,11751375
2000-06-23,2.603407,2.688106,2.603407,2.679191,16639125
2000-06-26,2.674733,2.710396,2.665817,2.670275,14837875
2000-06-27,2.661358,2.683648,2.647985,2.665816,8096750
2000-06-28,2.656901,2.719311,2.656901,2.714854,12018500
2000-06-29,2.697022,2.719311,2.665816,2.665816,6978250
2000-06-30,2.674733,2.719312,2.670275,2.697022,5953750
2000-07-03,2.67919,2.772805,2.674732,2.759432,8719125
2000-07-04,2.7416,2.76389,2.710395,2.728227,8562125
2000-07-05,2.674732,2.683648,2.656901,2.665816,4183500
2000-07-06,2.647986,2.697023,2.643528,2.692565,7344000
2000-07-07,2.679191,2.719312,2.656902,2.719312,7414875
2000-07-10,2.70148,2.737144,2.661359,2.692565,7640750
2000-07-11,2.670274,2.688106,2.661359,2.683648,5130250
2000-07-12,2.674733,2.683649,2.652443,2.674733,5232250
2000-07-13,2.661359,2.665817,2.634611,2.647985,5354000
2000-07-14,2.634612,2.652443,2.61678,2.621238,4156250
2000-07-17,2.616779,2.621237,2.598948,2.603406,5510625
2000-07-18,2.581117,2.625696,2.558827,2.581117,5797125
2000-07-19,2.590032,2.639069,2.585574,2.612321,5458875
2000-07-20,2.603406,2.674732,2.603406,2.639069,8631250
2000-07-21,2.647984,2.665816,2.630153,2.652442,5381250
2000-07-24,2.647985,2.710396,2.639069,2.688106,7564625
2000-07-25,2.67919,2.728227,2.67919,2.683648,14221875
2000-07-26,2.679191,2.697023,2.656902,2.670275,6038375
2000-07-27,2.652443,2.705938,2.612323,2.674733,8233500
2000-07-28,2.679191,2.692564,2.647985,2.679191,5153250
2000-07-31,2.679191,2.692565,2.656902,2.692565,4886500
2000-08-01,2.67919,2.688106,2.647985,2.665816,3932375
2000-08-02,2.652443,2.754974,2.652443,2.750517,12504250
2000-08-03,2.750516,2.804011,2.746058,2.76389,15073250
2000-08-04,2.746058,2.777264,2.741601,2.741601,11573625
2000-08-07,2.72377,2.768349,2.72377,2.746951,5524000
2000-08-08,2.750516,2.786179,2.728226,2.773251,6721750
2000-08-09,2.76389,2.781722,2.750517,2.754529,6208000
2000-08-10,2.74606,2.763891,2.701481,2.713963,4746375
2000-08-11,2.692564,2.772806,2.692564,2.76389,8113875
2000-08-14,2.768348,2.781722,2.754974,2.775481,1926375
2000-08-15,2.775481,2.775481,2.775481,2.775481,0
2000-08-16,2.786179,2.875337,2.777264,2.862855,19543750
2000-08-17,2.835218,2.884254,2.835218,2.878905,10484625
2000-08-18,2.897627,2.991242,2.884253,2.972519,21766376
2000-08-21,2.93329,2.973411,2.915458,2.932398,8021625
2000-08-22,2.919915,2.95112,2.911,2.940867,7648875
2000-08-23,2.933291,3.053653,2.928833,3.053653,16575750
2000-08-24,3.031364,3.062569,2.906543,2.923038,12884250
2000-08-25,2.897627,2.928832,2.875337,2.904759,6629250
2000-08-28,2.906544,2.964496,2.861965,2.948894,6201000
2000-08-29,2.942207,2.995702,2.924375,2.940424,6444500
2000-08-30,2.924374,2.955579,2.911001,2.948001,4895250
2000-08-31,2.946663,2.977868,2.888711,2.912783,7678375
2000-09-01,2.906543,2.906543,2.844133,2.87088,9463500
2000-09-04,2.857505,2.960037,2.844132,2.945326,5698500
2000-09-05,2.942206,2.973411,2.884253,2.905206,4675625
2000-09-06,2.902085,2.977869,2.884253,2.957363,6213375
2000-09-07,2.982326,3.049195,2.951121,2.964941,18824000
2000-09-08,2.928832,2.955579,2.870879,2.893614,6819125
2000-09-11,2.853048,2.986784,2.84859,2.978315,8702750
2000-09-12,2.986785,2.986785,2.924375,2.924375,6135750
2000-09-13,2.924374,2.942206,2.893169,2.914121,4892000
2000-09-14,2.915459,2.915459,2.848591,2.855724,7573125
2000-09-15,2.853048,2.861963,2.790637,2.806685,18797750
2000-09-18,2.817385,2.893169,2.817385,2.882471,9415625
2000-09-19,2.897625,2.933288,2.879794,2.887818,7069125
2000-09-20,2.879795,2.888711,2.84859,2.876229,6312375
2000-09-21,2.87088,2.906543,2.799554,2.813373,8487750
2000-09-22,2.741602,2.87088,2.741602,2.87088,7742875
2000-09-25,2.8263,2.8263,2.737142,2.761215,6600750
2000-09-26,2.746058,2.750516,2.714853,2.721094,6272875
2000-09-27,2.732685,2.754975,2.70148,2.737143,5050875
2000-09-28,2.772806,2.772806,2.705938,2.746059,4410500
2000-09-29,2.732686,2.754975,2.665817,2.674733,5601750
2000-10-02,2.665817,2.799554,2.665817,2.770132,7416000
2000-10-03,2.795095,2.795095,2.777264,2.777264,108875
2000-10-04,2.790638,2.821843,2.76389,2.791975,4272625
2000-10-05,2.786179,2.80401,2.732684,2.759432,6055625
2000-10-06,2.759433,2.817386,2.754975,2.812928,5209500
2000-10-09,2.80847,2.848591,2.790638,2.830759,5505125
2000-10-10,2.826301,2.924374,2.821843,2.919916,9457750
2000-10-11,2.919916,2.986784,2.897627,2.922145,13617625
2000-10-12,2.897627,3.022448,2.875338,2.995701,13106750
2000-10-13,2.982327,3.035822,2.924374,2.964495,13305625
2000-10-16,2.937748,2.937748,2.879795,2.900301,7047875
2000-10-17,2.875338,2.919917,2.857507,2.865977,4659375
2000-10-18,2.857506,2.879795,2.781721,2.844578,6705000
2000-10-19,2.84859,2.84859,2.772806,2.80624,7624500
2000-10-20,2.817386,2.830759,2.781722,2.816048,6287000
2000-10-23,2.795096,2.84859,2.78618,2.815602,4953625
2000-10-24,2.830758,2.875337,2.804011,2.845915,5534625
2000-10-25,2.830759,2.888711,2.826301,2.861964,5570375
2000-10-26,2.853048,2.879796,2.844132,2.863301,5153750
2000-10-27,2.857505,2.897626,2.848589,2.857505,4965875
2000-10-30,2.853048,2.87088,2.777264,2.787517,7398500
2000-10-31,2.804012,2.848591,2.795096,2.839675,5296750
2000-11-01,2.839675,2.879796,2.799554,2.865977,3235625
2000-11-02,2.884254,2.89317,2.80847,2.836555,7632500
2000-11-03,2.836555,2.836555,2.836555,2.836555,0
2000-11-06,2.853048,2.95558,2.839674,2.942652,9820500
2000-11-07,2.946663,2.986784,2.906542,2.954241,11898125
2000-11-08,2.951121,2.986784,2.951121,2.980989,7922000
2000-11-09,2.964496,3.009075,2.964496,2.998822,8393875
2000-11-10,2.982327,3.000159,2.951122,2.97564,6919125
2000-11-13,2.942206,2.977869,2.906543,2.931507,5204625
2000-11-14,2.942206,3.071485,2.919916,3.048749,13124875
2000-11-15,3.044737,3.133895,3.044737,3.10581,20816500
2000-11-16,3.102689,3.129436,3.080399,3.116062,11914750
2000-11-17,3.107147,3.113834,3.107147,3.113834,926625
2000-11-20,3.10269,3.151727,3.10269,3.123642,7228375
2000-11-21,3.111606,3.191848,3.111606,3.18204,9170875
2000-11-22,3.191848,3.258717,3.169559,3.200764,14597250
2000-11-23,3.191847,3.245341,3.178473,3.216811,9364000
2000-11-24,3.191847,3.22751,3.174016,3.199871,7608250
2000-11-27,3.178474,3.200764,3.12498,3.145932,6620125
2000-11-28,3.129437,3.209679,3.129437,3.191847,7329625
2000-11-29,3.169558,3.245343,3.169558,3.227065,7559875
2000-11-30,3.200763,3.218595,3.084858,3.125871,6489375
2000-12-01,3.1651,3.182931,3.031363,3.059002,12999625
2000-12-04,3.044737,3.062568,2.986784,3.008628,6831500
2000-12-05,3.017989,3.0804,3.013532,3.044737,4991500
2000-12-06,3.000158,3.009074,2.861963,2.875783,14955125
2000-12-07,2.857506,2.906543,2.795096,2.888711,13362625
2000-12-08,2.888711,2.928832,2.781721,2.820951,11540125
2000-12-11,2.835216,2.853047,2.710395,2.726444,17774876
2000-12-12,2.754974,2.866421,2.723769,2.85171,18237876
2000-12-13,2.875338,2.942206,2.853049,2.915013,11248125
2000-12-14,2.884253,2.973411,2.884253,2.925712,12071750
2000-12-15,2.888711,2.924374,2.861964,2.894952,13662750
2000-12-18,2.866421,2.986784,2.853048,2.9587,8457000
2000-12-19,2.95112,3.03582,2.910999,3.031362,7653250
2000-12-20,3.031363,3.080399,2.986784,3.011302,9255000
2000-12-21,2.861964,2.9957,2.853048,2.968953,9570125
2000-12-22,2.982326,3.053652,2.964495,3.0327,3200750
2000-12-25,3.0327,3.0327,3.0327,3.0327,0
2000-12-26,3.0327,3.0327,3.0327,3.0327,0
2000-12-27,3.040279,3.075942,3.026905,3.070593,1689750
2000-12-28,3.084858,3.107147,3.044737,3.096448,2280375
2000-12-29,3.09823,3.116062,3.017988,3.031362,2003625
2001-01-01,3.031362,3.031362,3.031362,3.031362,0
2001-01-02,3.009075,3.120522,2.968954,3.016653,4977000
2001-01-03,3.035821,3.102689,3.017989,3.044737,6439375
2001-01-04,3.035821,3.071484,2.968953,2.990351,7887750
2001-01-05,2.991243,3.01799,2.928832,2.96717,5639125
2001-01-08,3.004617,3.067027,2.982327,3.055437,5294875
2001-01-09,3.040278,3.098231,2.946663,2.956916,9498625
2001-01-10,2.982327,3.01799,2.964496,2.993472,7311500
2001-01-11,3.004617,3.071485,3.000159,3.053208,6753250
2001-01-12,3.062568,3.098231,3.031363,3.05811,7408625
2001-01-15,3.089316,3.10269,3.04028,3.075943,5053250
2001-01-16,3.067026,3.075942,3.031363,3.057219,4661500
2001-01-17,3.067025,3.075941,2.964494,2.985,10908250
2001-01-18,2.995701,3.049196,2.968954,3.030918,7424625
2001-01-19,3.044737,3.067026,2.955579,2.986784,10893875
2001-01-22,3.013531,3.03582,2.97341,3.021555,4947625
2001-01-23,3.003278,3.003278,3.003278,3.003278,22875
2001-01-24,3.004615,3.040279,2.991242,3.035821,5581625
2001-01-25,3.044737,3.062569,3.031364,3.05187,4089250
2001-01-26,3.049195,3.058111,3.004616,3.041171,4542250
2001-01-29,3.035821,3.075942,3.017989,3.071484,4232625
2001-01-30,3.072821,3.072821,3.072821,3.072821,29625
2001-01-31,3.119629,3.119629,3.119629,3.119629,21500
2001-02-01,3.10269,3.1651,3.0804,3.097786,8660250
2001-02-02,3.107149,3.111607,3.075944,3.093776,4420125
2001-02-05,3.084859,3.191848,3.084859,3.185607,8591625
2001-02-06,3.187389,3.196305,3.138353,3.15128,6891625
2001-02-07,3.096896,3.096896,3.096896,3.096896,32500
2001-02-08,3.098232,3.160643,3.089316,3.142811,6218250
2001-02-09,3.138353,3.196305,3.124979,3.173124,9121750
2001-02-12,3.165101,3.236427,3.165101,3.225728,9487625
2001-02-13,3.214136,3.22751,3.14281,3.161979,8609750
2001-02-14,3.151727,3.254259,3.142812,3.247572,9374500
2001-02-15,3.120522,3.151727,3.067027,3.08263,20538376
2001-02-16,3.035821,3.0804,3.026905,3.05811,14728875
2001-02-19,3.062568,3.120521,3.053652,3.08887,5074875
2001-02-20,3.10269,3.111605,3.049195,3.062123,5165375
2001-02-21,3.071485,3.093774,2.973411,3.001942,10468750
2001-02-22,3.017991,3.04028,2.960038,3.016653,11196375
2001-02-23,3.022447,3.071484,2.973411,2.991242,9716250
2001-02-26,3.004617,3.089317,2.982327,3.053653,7449375
2001-02-27,3.0804,3.116063,3.067027,3.083075,7504750
2001-02-28,3.084859,3.169558,3.080401,3.138353,10095250
2001-03-01,3.156185,3.18739,3.10269,3.174016,13994250
2001-03-02,3.1651,3.227511,3.147269,3.1651,10064125
2001-03-05,3.18739,3.200764,3.142811,3.16733,8370875
2001-03-06,3.147267,3.165099,3.102688,3.123195,7522125
2001-03-07,3.120522,3.18739,3.111606,3.178474,8640875
2001-03-08,3.165101,3.245343,3.160643,3.233306,9142875
2001-03-09,3.223052,3.258715,3.218594,3.243559,10311375
2001-03-12,3.214137,3.254258,3.174016,3.183377,9686875
2001-03-13,3.142811,3.182932,3.098232,3.098232,10859125
2001-03-14,3.116064,3.133896,3.004617,3.106256,10360125
2001-03-15,3.0804,3.156185,3.049195,3.144148,8187500
2001-03-16,3.156185,3.178474,3.138353,3.178474,16911624
2001-03-19,3.156184,3.214136,3.147268,3.151726,6493175
2001-03-20,3.182931,3.20522,3.156184,3.197642,5275700
2001-03-21,3.187389,3.249799,3.165099,3.239992,9834325
2001-03-22,3.231969,3.236427,3.053653,3.053653,10038100
2001-03-23,3.102689,3.116062,2.977868,3.013531,11234650
2001-03-26,3.026906,3.071485,2.968953,3.038496,7844025
2001-03-27,3.062569,3.205221,3.035821,3.191847,9729400
2001-03-28,3.160643,3.231969,3.151727,3.196306,9358950
2001-03-29,3.174016,3.27209,3.160643,3.263174,8333250
2001-03-30,3.281005,3.3345,3.276547,3.298837,11331675
2001-04-02,3.276548,3.410285,3.254259,3.377742,8226800
2001-04-03,3.338958,3.401369,3.245342,3.265403,12374575
2001-04-04,3.276548,3.281006,3.200764,3.247126,9821225
2001-04-05,3.258716,3.31221,3.240884,3.240884,7444350
2001-04-06,3.263174,3.3345,3.214137,3.321126,8431950
2001-04-09,3.316669,3.387995,3.298837,3.379079,5684575
2001-04-10,3.387995,3.4192,3.370163,3.375067,8055900
2001-04-11,3.343416,3.4192,3.276548,3.285463,11830800
2001-04-12,3.276548,3.361248,3.254259,3.330489,9717800
2001-04-13,3.330489,3.330489,3.330489,3.330489,0
2001-04-16,3.330489,3.330489,3.330489,3.330489,0
2001-04-17,3.316669,3.383537,3.312211,3.332271,7039900
2001-04-18,3.3345,3.361248,3.245343,3.260945,9124300
2001-04-19,3.258715,3.307752,3.236426,3.272089,8062375
2001-04-20,3.285463,3.321126,3.231968,3.296162,8883900
2001-04-23,3.276546,3.347873,3.267631,3.327812,6180375
2001-04-24,3.343416,3.428116,3.343416,3.4192,10075125
2001-04-25,3.387993,3.477151,3.387993,3.456645,5736350
2001-04-26,3.463778,3.477152,3.39691,3.451742,8660325
2001-04-27,3.450405,3.48161,3.432574,3.454863,6441050
2001-04-30,3.432573,3.463778,3.410284,3.441489,3876450
2001-05-01,3.441489,3.441489,3.441489,3.441489,0
2001-05-02,3.4192,3.454863,3.396911,3.416526,12877425
2001-05-03,3.396911,3.401369,3.231969,3.257379,24723400
2001-05-04,3.272089,3.294378,3.169557,3.28992,28988424
2001-05-07,3.289922,3.338959,3.285464,3.330043,8339700
2001-05-08,3.31221,3.325584,3.276547,3.293933,7337550
2001-05-09,3.276547,3.321126,3.276547,3.298837,8753925
2001-05-10,3.338956,3.343414,3.294378,3.294378,6969025
2001-05-11,3.289922,3.316669,3.276548,3.30062,5957475
2001-05-14,3.281005,3.347873,3.272089,3.31221,6084550
2001-05-15,3.330043,3.347874,3.289922,3.330489,7470300
2001-05-16,3.298836,3.365704,3.298836,3.353668,6225750
2001-05-17,3.347874,3.383537,3.289922,3.305524,8876800
2001-05-18,3.281004,3.35233,3.281004,3.34074,9274000
2001-05-21,3.338959,3.347875,3.312212,3.330043,5693200
2001-05-22,3.3345,3.347874,3.312211,3.3345,6367075
2001-05-23,3.330041,3.347873,3.316667,3.327812,6678075
2001-05-24,3.36838,3.36838,3.36838,3.36838,38500
2001-05-25,3.383537,3.423657,3.352331,3.361247,8696850
2001-05-28,3.379079,3.423658,3.379079,3.399585,3031850
2001-05-29,3.401369,3.463779,3.401369,3.4192,8679875
2001-05-30,3.423657,3.445947,3.387994,3.433465,7273500
2001-05-31,3.437033,3.445949,3.365707,3.387996,6794550
2001-06-01,3.379078,3.454862,3.37462,3.438368,9484900
2001-06-04,3.454862,3.503899,3.43703,3.447284,6476475
2001-06-05,3.472695,3.490527,3.454864,3.477153,7179325
2001-06-06,3.445948,3.459321,3.379079,3.392453,12249400
2001-06-07,3.396911,3.437032,3.379079,3.423658,10190100
2001-06-08,3.437031,3.454862,3.414741,3.441489,9364325
2001-06-11,3.428116,3.481611,3.414742,3.477153,5146275
2001-06-12,3.432574,3.463779,3.428116,3.445948,6547600
2001-06-13,3.463778,3.494983,3.454862,3.468235,15024900
2001-06-14,3.477154,3.490528,3.437033,3.476708,12070000
2001-06-15,3.490527,3.494985,3.44149,3.459321,17302600
2001-06-18,3.321126,3.345644,3.2498,3.2498,27269700
2001-06-19,3.294378,3.301065,3.260944,3.288806,23676550
2001-06-20,3.287692,3.298837,3.265403,3.29215,15732150
2001-06-21,3.298837,3.301066,3.256486,3.264956,31401700
2001-06-22,3.267631,3.338958,3.265402,3.316668,20673200
2001-06-25,3.307753,3.354561,3.307753,3.339627,16582950
2001-06-26,3.336729,3.350103,3.29215,3.343416,17599450
2001-06-27,3.325584,3.350102,3.309982,3.326921,10686400
2001-06-28,3.265402,3.276547,3.189618,3.217257,25461700
2001-06-29,3.200763,3.258715,3.180702,3.212799,13809900
2001-07-02,3.252029,3.254258,3.211908,3.214137,12014100
2001-07-03,3.20745,3.209679,3.104919,3.109376,19223300
2001-07-04,3.129437,3.189619,3.109376,3.179588,15677150
2001-07-05,3.18962,3.23197,3.182933,3.214807,17548900
2001-07-06,3.227511,3.240885,3.185161,3.200764,22720700
2001-07-09,3.200764,3.209679,3.1651,3.178474,10980050
2001-07-10,3.191847,3.191847,3.111605,3.151726,21638700
2001-07-11,3.142811,3.153955,3.087087,3.10269,22821700
2001-07-12,3.12498,3.131667,3.080401,3.089317,19391150
2001-07-13,3.104918,3.111605,3.044736,3.075273,26970950
2001-07-16,3.078172,3.096003,3.058111,3.088425,10736000
2001-07-17,3.064799,3.078173,2.986786,2.996147,17744150
2001-07-18,2.964495,2.966724,2.895398,2.908772,32097700
2001-07-19,2.922144,2.982326,2.850818,2.982326,25604850
2001-07-20,2.942205,3.006845,2.908771,2.999489,26217000
2001-07-23,3.017991,3.078172,3.015762,3.04028,18698000
2001-07-24,3.042507,3.082629,3.026905,3.054544,21631800
2001-07-25,3.042508,3.082629,3.042508,3.07728,18511150
2001-07-26,3.098231,3.129436,3.035821,3.042285,21379650
2001-07-27,3.06034,3.071485,3.049195,3.057888,8273850
2001-07-30,3.064798,3.12275,3.058111,3.09734,14461300
2001-07-31,3.084858,3.133895,3.069255,3.096003,12341100
2001-08-01,3.133895,3.138353,3.10269,3.109376,9963650
2001-08-02,3.109376,3.133894,2.991242,3.021333,18011700
2001-08-03,3.035821,3.0804,3.01576,3.050755,18484150
2001-08-06,3.05811,3.151726,3.055881,3.126316,21011950
2001-08-07,3.12498,3.142811,3.073714,3.098232,17339250
2001-08-08,3.118293,3.176246,3.116064,3.16733,13904550
2001-08-09,3.147269,3.185161,3.127208,3.170895,14520450
2001-08-10,3.1651,3.194076,3.118292,3.145039,9675000
2001-08-13,3.169557,3.189618,3.147268,3.180479,5454100
2001-08-14,3.189618,3.216365,3.187389,3.207449,6698800
2001-08-15,3.207449,3.207449,3.207449,3.207449,0
2001-08-16,3.225284,3.245344,3.187392,3.230187,12624150
2001-08-17,3.243114,3.245343,3.138353,3.142811,12394150
2001-08-20,3.12275,3.140581,3.091545,3.119852,9074000
2001-08-21,3.12275,3.149498,3.098232,3.145708,10310350
2001-08-22,3.147269,3.231968,3.138353,3.211908,16467450
2001-08-23,3.216366,3.2498,3.194076,3.2498,9026050
2001-08-24,3.258716,3.276547,3.245342,3.271644,8422700
2001-08-27,3.269861,3.281006,3.254259,3.274096,11284750
2001-08-28,3.272089,3.29215,3.231968,3.254258,15381900
2001-08-29,3.243113,3.301066,3.231969,3.29215,12442450
2001-08-30,3.312209,3.330041,3.285462,3.290588,16667500
2001-08-31,3.276547,3.316668,3.236426,3.264734,9847600
2001-09-03,3.272089,3.276547,3.240884,3.267408,7648450
2001-09-04,3.285462,3.303293,3.245341,3.296383,24891300
2001-09-05,3.278776,3.327813,3.278776,3.300397,14301350
2001-09-06,3.298837,3.307753,3.231968,3.237764,13205400
2001-09-07,3.238656,3.27209,3.200764,3.239102,22322700
2001-09-10,3.238654,3.26986,3.16287,3.187389,23022000
2001-09-11,3.180703,3.321126,3.145039,3.160642,44538048
2001-09-12,3.120521,3.220823,2.931061,2.978983,33868500
2001-09-13,2.97564,3.08263,2.937748,3.029358,17184900
2001-09-14,3.015761,3.075943,2.908772,2.92482,16872100
2001-09-17,2.944434,3.017989,2.837445,2.942428,15248850
2001-09-18,2.919916,2.968953,2.857505,2.936187,16720200
2001-09-19,2.904313,2.911,2.770577,2.782613,24607800
2001-09-20,2.761661,2.777264,2.690335,2.710396,24682050
2001-09-21,2.676962,2.679191,2.485273,2.552141,69199200
2001-09-24,2.623467,2.647986,2.567744,2.632606,24078900
2001-09-25,2.603406,2.645756,2.549911,2.632382,20544850
2001-09-26,2.632383,2.779493,2.627925,2.757204,26856600
2001-09-27,2.926603,2.926603,2.888711,2.888711,12300
2001-09-28,3.026906,3.029135,2.986785,3.004616,28150
2001-10-01,3.004617,3.006846,2.886483,2.911893,19606700
2001-10-02,2.935519,3.013532,2.866422,2.991465,17873350
2001-10-03,2.946663,3.040279,2.899856,3.029134,16862750
2001-10-04,3.116064,3.116064,2.966725,3.046967,21524100
2001-10-05,3.02022,3.111606,2.931062,2.980098,22963650
2001-10-08,2.944435,3.049195,2.897627,3.018435,16691850
2001-10-09,3.013532,3.116063,3.006845,3.081069,16906750
2001-10-10,3.073714,3.205221,3.024677,3.185607,18003550
2001-10-11,3.176244,3.276547,3.138352,3.253143,17980600
2001-10-12,3.25203,3.298837,3.223053,3.283681,15049150
2001-10-15,3.256487,3.287692,3.194076,3.211908,13327700
2001-10-16,3.205222,3.227511,3.165101,3.200987,12991900
2001-10-17,3.220823,3.258715,3.205221,3.229071,13149800
2001-10-18,3.174016,3.200764,3.116064,3.130998,17149250
2001-10-19,3.127208,3.131666,2.946663,2.977869,29341300
2001-10-22,3.009075,3.073714,2.977869,3.053653,16165750
2001-10-23,3.084858,3.182932,3.06034,3.158859,18848050
2001-10-24,3.12052,3.20522,3.12052,3.158189,16850950
2001-10-25,3.191846,3.207449,3.089315,3.117845,10627250
2001-10-26,3.142811,3.209679,3.127208,3.198757,9462500
2001-10-29,3.16287,3.216365,3.160642,3.180479,9545950
2001-10-30,3.149496,3.174015,3.053652,3.10046,12935850
2001-10-31,3.078171,3.160642,3.024676,3.119852,14628050
2001-11-01,3.078171,3.113834,3.01799,3.083075,11807850
2001-11-02,3.075942,3.104919,2.984556,3.035599,11488700
2001-11-05,3.069255,3.129436,3.05811,3.122527,12377400
2001-11-06,3.127207,3.131665,3.011302,3.011302,14501950
2001-11-07,3.009074,3.044737,2.964495,3.011749,17224900
2001-11-08,3.038049,3.098231,3.026905,3.087086,17313400
2001-11-09,3.075942,3.162871,3.069256,3.121859,15008300
2001-11-12,3.131667,3.171787,2.982327,3.033593,15352700
2001-11-13,3.098231,3.133895,3.078171,3.121412,11296750
2001-11-14,3.124978,3.176244,2.957808,2.968729,27345200
2001-11-15,2.926602,2.944434,2.812926,2.830981,41820552
2001-11-16,2.855277,2.944435,2.815156,2.914567,24277500
2001-11-19,2.922146,2.964496,2.882025,2.904314,17461250
2001-11-20,2.864192,2.95335,2.828529,2.936856,27158200
2001-11-21,2.982327,3.011304,2.95558,2.973412,18571400
2001-11-22,2.977868,3.064797,2.97341,3.026905,13416100
2001-11-23,3.078172,3.080401,2.964496,2.99793,14282450
2001-11-26,3.009074,3.01576,2.888711,2.901639,14383600
2001-11-27,2.913228,2.95112,2.848589,2.893168,23170550
2001-11-28,2.895399,2.91323,2.846362,2.895176,14260250
2001-11-29,2.897628,2.966725,2.882025,2.911001,15953550
2001-11-30,2.908771,2.951121,2.861963,2.926603,16543150
2001-12-03,2.922144,2.97341,2.875337,2.963826,15109500
2001-12-04,2.993472,3.015761,2.960038,2.986339,16454550
2001-12-05,3.004616,3.049195,2.993471,3.040502,15569150
2001-12-06,3.060339,3.082629,2.986784,3.055881,14922500
2001-12-07,3.024678,3.038051,2.964496,3.002388,12476200
2001-12-10,2.975641,3.013533,2.942206,2.946218,8300200
2001-12-11,2.944435,2.986785,2.928832,2.968507,8243100
2001-12-12,2.980099,2.982328,2.919917,2.925044,11300450
2001-12-13,2.928833,2.951122,2.864193,2.900079,13115000
2001-12-14,2.875338,2.917688,2.859735,2.864193,11644800
2001-12-17,2.877566,2.982326,2.859735,2.962266,12277500
2001-12-18,2.962266,2.980098,2.924374,2.939976,10069400
2001-12-19,2.937747,2.962265,2.904313,2.920361,12796450
2001-12-20,2.917688,3.004616,2.91323,3.004616,14168150
2001-12-21,2.989014,3.087087,2.953351,3.075051,25162550
2001-12-24,3.075051,3.075051,3.075051,3.075051,0
2001-12-25,3.075051,3.075051,3.075051,3.075051,0
2001-12-26,3.075051,3.075051,3.075051,3.075051,0
2001-12-27,3.093774,3.133895,3.087087,3.12966,8298500
2001-12-28,3.12498,3.153956,3.116064,3.138353,6934100
2001-12-31,3.138353,3.138353,3.138353,3.138353,0
2002-01-01,3.138353,3.138353,3.138353,3.138353,0
2002-01-02,3.116064,3.133896,3.049196,3.060563,8789500
2002-01-03,3.078171,3.151726,3.078171,3.136124,11019100
2002-01-04,3.136123,3.169558,3.102689,3.104918,13337500
2002-01-07,3.069255,3.160642,3.069255,3.073936,13782200
2002-01-08,3.069256,3.149497,3.067027,3.109376,15361250
2002-01-09,3.116062,3.116062,3.067026,3.067026,17363350
2002-01-10,3.053652,3.078171,3.011302,3.011302,15916550
2002-01-11,3.040278,3.116062,3.011302,3.116062,16354150
2002-01-14,3.080401,3.098232,3.04028,3.049642,10210073
2002-01-15,3.071485,3.169558,3.06034,3.147269,22540370
2002-01-16,3.133895,3.140582,3.089316,3.110937,17208812
2002-01-17,3.127208,3.167329,3.107148,3.158413,15496069
2002-01-18,3.149497,3.256486,3.147268,3.2498,25458284
2002-01-21,3.229739,3.231968,3.18516,3.194299,12196071
2002-01-22,3.194076,3.263174,3.194076,3.243113,19131164
2002-01-23,3.231968,3.338958,3.218595,3.338958,21098034
2002-01-24,3.314439,3.3345,3.274318,3.305747,19202488
2002-01-25,3.292148,3.365703,3.28769,3.365703,15246238
2002-01-28,3.367934,3.403598,3.365706,3.381308,12669063
2002-01-29,3.381308,3.390224,3.330043,3.334946,12934174
2002-01-30,3.314439,3.370163,3.309982,3.348096,16900446
2002-01-31,3.370162,3.394681,3.347873,3.367933,13375077
2002-02-01,3.37908,3.416972,3.361249,3.405828,15788935
2002-02-04,3.392453,3.396911,3.372392,3.381308,12568798
2002-02-05,3.379079,3.383537,3.318897,3.344753,13719350
2002-02-06,3.363476,3.379079,3.309981,3.358572,17675430
2002-02-07,3.354559,3.356788,3.245341,3.276101,22446228
2002-02-08,3.254259,3.314441,3.245344,3.314441,14561421
2002-02-11,3.330042,3.341186,3.289921,3.305969,13481864
2002-02-12,3.334499,3.365705,3.33227,3.359018,17356680
2002-02-13,3.350102,3.392452,3.330041,3.385765,15520498
2002-02-14,3.390225,3.461551,3.376851,3.457762,18389172
2002-02-15,3.461549,3.488297,3.437031,3.448176,15485414
2002-02-18,3.44149,3.450406,3.405827,3.410285,8035028
2002-02-19,3.390224,3.403598,3.367935,3.379079,10471435
2002-02-20,3.376849,3.410283,3.350102,3.400253,20998422
2002-02-21,3.410284,3.452633,3.39691,3.452633,21518532
2002-02-22,3.434803,3.477153,3.405826,3.411399,13780218
2002-02-25,3.437031,3.488296,3.401368,3.479826,15039060
2002-02-26,3.508356,3.510585,3.457091,3.486067,13424259
2002-02-27,3.499442,3.617576,3.488297,3.617576,30394964
2002-02-28,3.570767,3.577454,3.508357,3.530646,38336416
2002-03-01,3.517272,3.532875,3.466007,3.498326,23215178
2002-03-04,3.535104,3.555165,3.515044,3.539562,18612328
2002-03-05,3.546249,3.561852,3.52396,3.532876,22281756
2002-03-06,3.532876,3.557394,3.515044,3.535105,57550460
2002-03-07,3.537334,3.581912,3.490526,3.5039,19041704
2002-03-08,3.539562,3.639864,3.539562,3.601972,24277010
2002-03-11,3.617575,3.71342,3.599744,3.700047,25192348
2002-03-12,3.686674,3.717879,3.642094,3.649004,16990832
2002-03-13,3.659925,3.688901,3.644322,3.655467,13883412
2002-03-14,3.655468,3.688902,3.642094,3.662155,13606227
2002-03-15,3.677757,3.778059,3.648781,3.778059,30385811
2002-03-18,3.711191,3.789204,3.617575,3.626714,20856372
2002-03-19,3.65101,3.679986,3.615347,3.633178,17410975
2002-03-20,3.644323,3.682216,3.613118,3.675529,10092697
2002-03-21,3.671071,3.682215,3.648781,3.664829,11370944
2002-03-22,3.67107,3.700047,3.648781,3.680655,10822282
2002-03-25,3.664382,3.702274,3.615345,3.625153,11889948
2002-03-26,3.635407,3.657696,3.537334,3.575894,19595136
2002-03-27,3.599745,3.704506,3.584143,3.677758,28021335
2002-03-28,3.708962,3.751312,3.695588,3.744625,21265608
2002-03-29,3.744625,3.744625,3.744625,3.744625,0
2002-04-01,3.744625,3.744625,3.744625,3.744625,0
2002-04-02,3.786976,3.804807,3.733481,3.790319,14454037
2002-04-03,3.79812,3.800349,3.760228,3.800349,24518838
2002-04-04,3.786975,3.800349,3.702275,3.704504,41738866
2002-04-05,3.722335,3.729022,3.675527,3.708961,12188217
2002-04-08,3.688901,3.729022,3.655467,3.66728,13559316
2002-04-09,3.688901,3.726794,3.666612,3.705396,24182744
2002-04-10,3.688901,3.744625,3.67107,3.729691,13468792
2002-04-11,3.729023,3.729023,3.675528,3.688902,10638847
2002-04-12,3.695588,3.704504,3.630949,3.634738,12729058
2002-04-15,3.642094,3.686673,3.599744,3.664384,12227837
2002-04-16,3.67107,3.737938,3.668841,3.737938,12681094
2002-04-17,3.744625,3.749083,3.679986,3.687788,13755871
2002-04-18,3.708962,3.780288,3.706733,3.746854,15986807
2002-04-19,3.755769,3.793661,3.742396,3.782516,14167397
2002-04-22,3.784746,3.822638,3.778059,3.811493,13251566
2002-04-23,3.807035,3.815951,3.757999,3.789204,20291036
2002-04-24,3.786975,3.853843,3.784746,3.821523,16292591
2002-04-25,3.811493,3.811493,3.715648,3.75889,12336819
2002-04-26,3.757998,3.773601,3.733479,3.74507,12201142
2002-04-29,3.711191,3.737939,3.695589,3.732812,11544023
2002-04-30,3.720107,3.833784,3.717878,3.797897,23251608
2002-05-01,3.797897,3.797897,3.797897,3.797897,0
2002-05-02,3.791434,3.849386,3.766915,3.777837,14280936
2002-05-03,3.766915,3.831555,3.762457,3.779397,11786270
2002-05-06,3.749084,3.769145,3.724566,3.754211,9299517
2002-05-07,3.722335,3.762456,3.697816,3.74507,14654599
2002-05-08,3.749083,3.807036,3.724565,3.732812,13255772
2002-05-09,3.749083,3.749083,3.646552,3.662377,15500279
2002-05-10,3.675528,3.688902,3.604202,3.613341,15107420
2002-05-13,3.590827,3.662153,3.58414,3.639864,14960686
2002-05-14,3.666613,3.704505,3.646552,3.687788,20699984
2002-05-15,3.700047,3.702276,3.664384,3.694921,7992599
2002-05-16,3.675528,3.742397,3.662155,3.727686,8050365
2002-05-17,3.726794,3.760228,3.659925,3.669287,10718617
2002-05-20,3.67107,3.729023,3.644323,3.680655,8578329
2002-05-21,3.67107,3.729022,3.653238,3.704058,9989676
2002-05-22,3.688903,3.708963,3.664384,3.698487,31615652
2002-05-23,3.702275,3.786974,3.700046,3.763348,18761062
2002-05-24,3.762457,3.771373,3.717878,3.728132,16144861
2002-05-27,3.740167,3.769143,3.729022,3.737046,14054008
2002-05-28,3.757999,3.786975,3.688902,3.699824,23032976
2002-05-29,3.688902,3.722337,3.684445,3.694921,16490127
2002-05-30,3.693361,3.697818,3.622034,3.637637,20125904
2002-05-31,3.633178,3.686673,3.615347,3.633178,18889824
2002-06-03,3.637636,3.67107,3.60866,3.614901,9976975
2002-06-04,3.595286,3.597515,3.519502,3.537779,20221344
2002-06-05,3.519502,3.579683,3.497212,3.522622,23249480
2002-06-06,3.54402,3.575226,3.483839,3.499665,25342868
2002-06-07,3.488296,3.499441,3.457091,3.488742,16912752
2002-06-10,3.494983,3.515043,3.434801,3.468235,25788846
2002-06-11,3.479381,3.597515,3.479381,3.568093,32234936
2002-06-12,3.537335,3.581914,3.523961,3.557618,20932792
2002-06-13,3.555165,3.595285,3.535104,3.555833,25281220
2002-06-14,3.564081,3.586371,3.5039,3.534882,36690064
2002-06-17,3.550708,3.659926,3.519502,3.644769,51394372
2002-06-18,3.666613,3.700047,3.644324,3.664607,26247340
2002-06-19,3.644323,3.69113,3.622033,3.673745,22627780
2002-06-20,3.657696,3.677757,3.588599,3.592611,27218852
2002-06-21,3.566311,3.655469,3.546251,3.564528,44798168
2002-06-24,3.535996,3.622525,3.451806,3.608026,80975960
2002-06-25,3.657605,3.720747,3.622525,3.70999,40079912
2002-06-26,3.650587,3.723084,3.568735,3.709286,26569520
2002-06-27,3.741794,3.765181,3.629541,3.653161,22566224
2002-06-28,3.718406,3.783888,3.688005,3.761671,27301392
2002-07-01,3.751149,3.854048,3.746472,3.817098,15420244
2002-07-02,3.80026,3.893804,3.695022,3.759568,30019208
2002-07-03,3.779212,3.797921,3.706715,3.727763,48709104
2002-07-04,3.74881,3.795582,3.727762,3.77851,19276040
2002-07-05,3.80026,3.9359,3.80026,3.923038,22098776
2002-07-08,3.914852,3.95227,3.870418,3.920698,15858068
2002-07-09,3.931222,3.940577,3.863402,3.899651,19207416
2002-07-10,3.858725,3.907836,3.795582,3.81663,28797920
2002-07-11,3.76518,3.783889,3.699699,3.731738,21115656
2002-07-12,3.774535,3.80026,3.66462,3.703207,15856726
2002-07-15,3.695023,3.725425,3.468176,3.479869,20329526
2002-07-16,3.535995,3.540673,3.276409,3.415089,32372248
2002-07-17,3.379308,3.503255,3.355922,3.369019,28789556
2002-07-18,3.369953,3.538334,3.362937,3.442216,31353908
2002-07-19,3.402694,3.435435,3.269393,3.354519,110799168
2002-07-22,3.267055,3.27407,3.089319,3.089319,22801800
2002-07-23,3.145445,3.22262,3.056578,3.084173,28494752
2002-07-24,3.115044,3.199234,2.988758,3.14264,29641968
2002-07-25,3.25536,3.318503,3.199234,3.253489,20062520
2002-07-26,3.243668,3.304472,3.157139,3.267054,21298216
2002-07-29,3.281086,3.437774,3.278748,3.423508,17419520
2002-07-30,3.465838,3.535997,3.437775,3.512143,19524356
2002-07-31,3.554705,3.671636,3.470514,3.585809,23687868
2002-08-01,3.613171,3.671636,3.465838,3.479869,18079488
2002-08-02,3.451806,3.56406,3.451806,3.519626,15353054
2002-08-05,3.486884,3.552366,3.442451,3.506763,12524790
2002-08-06,3.402694,3.662281,3.400355,3.618548,19266140
2002-08-07,3.650587,3.716068,3.580428,3.598436,22597018
2002-08-08,3.669297,3.713731,3.606154,3.696425,15186595
2002-08-09,3.709054,3.748811,3.603816,3.725191,22123548
2002-08-12,3.718407,3.737116,3.671635,3.688941,11553243
2002-08-13,3.713731,3.774535,3.659942,3.7591,14734485
2002-08-14,3.711392,3.774535,3.624863,3.635153,13345988
2002-08-15,3.635153,3.635153,3.635153,3.635153,0
2002-08-16,3.748811,3.776874,3.645911,3.737117,18292552
2002-08-19,3.706714,3.837676,3.702036,3.825984,15380525
2002-08-20,3.767519,3.804937,3.673974,3.706715,18079684
2002-08-21,3.704377,3.734779,3.629541,3.659943,20123482
2002-08-22,3.659943,3.6997,3.606155,3.671637,17267810
2002-08-23,3.678649,3.720745,3.629539,3.657602,12268829
2002-08-26,3.643573,3.718409,3.643573,3.671637,7511469
2002-08-27,3.68099,3.795582,3.68099,3.790905,14377581
2002-08-28,3.76518,3.767519,3.585106,3.585106,15708641
2002-08-29,3.580429,3.5968,3.479869,3.512609,17511942
2002-08-30,3.540673,3.631879,3.524303,3.610831,14347394
2002-09-02,3.573412,3.643571,3.54301,3.57809,8433661
2002-09-03,3.571075,3.571075,3.40971,3.40971,17758865
2002-09-04,3.433097,3.517287,3.405033,3.517287,20339830
2002-09-05,3.547689,3.571076,3.435435,3.554705,18475931
2002-09-06,3.571075,3.669297,3.519626,3.662282,15434796
2002-09-09,3.636557,3.678652,3.608494,3.61551,10780658
2002-09-10,3.671635,3.741794,3.671635,3.741794,11914822
2002-09-11,3.741794,3.762842,3.685667,3.730101,15535984
2002-09-12,3.713731,3.713731,3.610831,3.627202,13668819
2002-09-13,3.61317,3.657604,3.510271,3.573413,15249931
2002-09-16,3.56172,3.636556,3.514948,3.594461,12763326
2002-09-17,3.566397,3.608492,3.463498,3.503254,16597964
2002-09-18,3.426081,3.500917,3.400356,3.407372,21111488
2002-09-19,3.407373,3.484547,3.330198,3.374632,16701002
2002-09-20,3.339551,3.470514,3.173509,3.27407,61132188
2002-09-23,3.297456,3.309149,3.005129,3.030853,41311719
2002-09-24,3.08698,3.248345,3.040208,3.157139,20
2002-09-25,3.147785,3.297457,3.115044,3.255361,26739107
2002-09-26,3.332534,3.355921,3.248344,3.355921,20001605
2002-09-27,3.320842,3.395678,3.318504,3.379308,16550367
2002-09-30,3.27407,3.276409,3.192218,3.246007,21309584
2002-10-01,3.27407,3.34189,3.215604,3.281085,17088034
2002-10-02,3.365276,3.379308,3.260038,3.379308,20587455
2002-10-03,3.332536,3.479869,3.332536,3.400356,19384566
2002-10-04,3.414387,3.461159,3.346567,3.369953,20774516
2002-10-07,3.30681,3.440112,3.299794,3.339551,15857511
2002-10-08,3.402694,3.407371,3.241329,3.267054,26711759
2002-10-09,3.246005,3.278746,3.196894,3.23899,15182989
2002-10-10,3.224958,3.341889,3.175847,3.325519,18125207
2002-10-11,3.355921,3.376969,3.311488,3.376969,16025635
2002-10-14,3.381646,3.414387,3.309148,3.332535,9012420
2002-10-15,3.367615,3.500917,3.365277,3.498578,19724205
2002-10-16,3.472852,3.589783,3.44245,3.486884,19314565
2002-10-17,3.557043,3.596799,3.454143,3.52664,18079041
2002-10-18,3.51261,3.51261,3.372292,3.454144,19130411
2002-10-21,3.449468,3.489224,3.3606,3.430759,17040239
2002-10-22,3.435434,3.435434,3.224958,3.23899,28855350
2002-10-23,3.250683,3.302133,3.159477,3.17117,20959732
2002-10-24,3.22262,3.313826,3.215604,3.288102,21986145
2002-10-25,3.250684,3.292779,3.192218,3.227298,15188860
2002-10-28,3.27407,3.313826,3.159477,3.178186,16570117
2002-10-29,3.166493,3.210927,3.079964,3.08698,26116288
2002-10-30,3.115044,3.227298,3.101012,3.227298,18234633
2002-10-31,3.227298,3.292779,3.203912,3.278748,20005954
2002-11-01,3.253021,3.262376,3.180524,3.213265,0
2002-11-04,3.271732,3.283425,3.199235,3.262378,16568225
2002-11-05,3.253022,3.271731,3.175848,3.192218,18229373
2002-11-06,3.215604,3.22262,3.124398,3.164155,19634723
2002-11-07,3.192218,3.208588,3.124398,3.136091,18786397
2002-11-08,3.101012,3.255361,3.101012,3.210927,21256405
2002-11-11,3.220281,3.313826,3.175847,3.257699,24897973
2002-11-12,3.313826,3.327857,3.243667,3.257699,19343461
2002-11-13,3.241329,3.29044,3.208589,3.234313,20290664
2002-11-14,3.22262,3.302134,3.192218,3.297457,15778082
2002-11-15,3.337214,3.337214,3.24133,3.260507,15622356
2002-11-18,3.283425,3.334874,3.283425,3.323883,12452420
2002-11-19,3.316165,3.355921,3.295117,3.334874,11304863
2002-11-20,3.376969,3.383985,3.278747,3.316398,17385368
2002-11-21,3.367615,3.388662,3.332535,3.364574,14143016
2002-11-22,3.344229,3.37697,3.278748,3.320375,15177714
2002-11-25,3.353583,3.360599,3.306811,3.322011,13127379
2002-11-26,3.285762,3.365276,3.264715,3.322245,16755722
2002-11-27,3.297456,3.388662,3.297456,3.379308,12971794
2002-11-28,3.379309,3.398018,3.348907,3.386325,9049538
2002-11-29,3.391001,3.430758,3.351245,3.413686,11711489
2002-12-02,3.419065,3.447128,3.367615,3.382582,13759027
2002-12-03,3.383984,3.414386,3.33955,3.353816,11458998
2002-12-04,3.37463,3.393339,3.334874,3.351478,10068736
2002-12-05,3.365275,3.402693,3.274069,3.287165,15541102
2002-12-06,3.278747,3.365276,3.262377,3.343995,13562369
2002-12-09,3.367614,3.381646,3.274069,3.28015,10890063
2002-12-10,3.264716,3.365277,3.264716,3.358729,13107019
2002-12-11,3.381647,3.421404,3.339552,3.364341,13921699
2002-12-12,3.367615,3.388662,3.299795,3.314294,13340731
2002-12-13,3.313827,3.337214,3.264716,3.299094,14654390
2002-12-16,3.320842,3.437773,3.299795,3.434733,21914006
2002-12-17,3.442449,3.493899,3.430756,3.447361,23322678
2002-12-18,3.447128,3.458822,3.362938,3.370656,16413249
2002-12-19,3.391001,3.435435,3.376969,3.389598,21439350
2002-12-20,3.405032,3.519625,3.381646,3.50419,49666224
2002-12-23,3.507932,3.589784,3.507932,3.575518,11849212
2002-12-24,3.575518,3.575518,3.575518,3.575518,0
2002-12-25,3.575518,3.575518,3.575518,3.575518,0
2002-12-26,3.575518,3.575518,3.575518,3.575518,0
2002-12-27,3.601478,3.603817,3.475193,3.485015,7696422
2002-12-30,3.458821,3.564059,3.458821,3.543011,6624058
2002-12-31,3.543011,3.543011,3.543011,3.543011,0
2003-01-01,3.543011,3.543011,3.543011,3.543011,0
2003-01-02,3.543012,3.702038,3.543012,3.682394,18593792
2003-01-03,3.671635,3.676312,3.587445,3.635854,12954230
2003-01-06,3.648249,3.692683,3.603816,3.634452,14226912
2003-01-07,3.638895,3.645911,3.526641,3.5526,20862648
2003-01-08,3.54535,3.566398,3.42608,3.463498,18631876
2003-01-09,3.484545,3.503254,3.416725,3.49694,15662020
2003-01-10,3.505593,3.517286,3.428419,3.467474,19535984
2003-01-13,3.458821,3.507932,3.369953,3.394743,16602584
2003-01-14,3.412049,3.447128,3.367615,3.386558,16696303
2003-01-15,3.414388,3.451806,3.407372,3.417662,17682530
2003-01-16,3.42608,3.484546,3.421403,3.444789,16848904
2003-01-17,3.437774,3.447128,3.353584,3.379776,35696936
2003-01-20,3.386324,3.386324,3.281086,3.285529,14820554
2003-01-21,3.297457,3.337214,3.248346,3.256531,21041440
2003-01-22,3.236652,3.302134,3.178187,3.200404,20489100
2003-01-23,3.243667,3.243667,3.180525,3.207419,15514678
2003-01-24,3.194557,3.255361,3.12206,3.149656,16034599
2003-01-27,3.105689,3.112705,3.054239,3.061957,22278994
2003-01-28,3.101012,3.1548,3.082303,3.126737,22664856
2003-01-29,3.115043,3.236652,3.054239,3.211395,28695526
2003-01-30,3.250683,3.281085,3.210927,3.254425,19720688
2003-01-31,3.189879,3.295117,3.182863,3.289037,18532156
2003-02-03,3.318504,3.327858,3.229636,3.247644,14249506
2003-02-04,3.243668,3.243668,3.168832,3.183098,17878858
2003-02-05,3.187542,3.203912,3.136092,3.185905,22701984
2003-02-06,3.182863,3.201572,3.108027,3.118317,21780364
2003-02-07,3.117382,3.147784,3.082302,3.09727,15221631
2003-02-10,3.086981,3.171171,3.051901,3.131648,22101800
2003-02-11,3.168832,3.203912,3.157139,3.190581,13475845
2003-02-12,3.171171,3.192218,3.129076,3.144511,15942041
2003-02-13,3.12206,3.150124,3.091658,3.113407,20780324
2003-02-14,3.133752,3.215604,3.110366,3.155969,14554325
2003-02-17,3.203911,3.203911,3.122059,3.15059,11619344
2003-02-18,3.147785,3.236652,3.145446,3.211863,15298593
2003-02-19,3.220282,3.227298,3.126737,3.144277,14397624
2003-02-20,3.152461,3.215604,3.145445,3.163219,31429398
2003-02-21,3.161816,3.269392,3.147784,3.252086,15550193
2003-02-24,3.27407,3.316165,3.253022,3.27407,15521640
2003-02-25,3.250684,3.309149,3.208589,3.263312,32527484
2003-02-26,3.27407,3.288102,3.20625,3.238055,30080288
2003-02-27,3.274069,3.344228,3.241328,3.317334,21013348
2003-02-28,3.283424,3.283424,3.143107,3.210226,34728284
2003-03-03,3.227297,3.229636,3.084641,3.112705,40390539
2003-03-04,3.115044,3.164155,3.091658,3.152462,27251819
2003-03-05,3.164154,3.18754,3.115043,3.129075,21490851
2003-03-06,3.145445,3.17117,3.065932,3.074117,15342314
2003-03-07,3.047223,3.077625,3.014483,3.034127,29008388
2003-03-10,3.021499,3.051901,2.925616,2.944559,22041824
2003-03-11,2.939647,2.974727,2.892875,2.917898,22227972
2003-03-12,2.925615,2.927954,2.76425,2.778516,25936950
2003-03-13,2.794652,2.89989,2.757235,2.894044,21734088
2003-03-14,2.930292,2.941985,2.792313,2.918833,34156680
2003-03-17,2.839087,3.03787,2.839087,3.02337,24859616
2003-03-18,3.047224,3.047224,2.918599,2.934736,28967656
2003-03-19,2.911584,3.056578,2.911584,3.032724,25722436
2003-03-20,3.016822,3.061256,2.965372,3.01004,19209540
2003-03-21,3.058917,3.07061,3.021499,3.039273,34168440
2003-03-24,3.012144,3.014483,2.923276,2.929824,19458940
2003-03-25,2.93731,3.0215,2.867151,3.007936,21383056
2003-03-26,2.998113,3.01916,2.95134,2.963033,36373776
2003-03-27,2.93497,2.946663,2.857795,2.911116,28698544
2003-03-28,2.939647,2.963033,2.871827,2.94409,32715158
2003-03-31,2.881181,2.902229,2.841425,2.857561,23920504
2003-04-01,2.881182,2.937309,2.876505,2.920938,28420304
2003-04-02,2.97005,3.033193,2.906907,3.020564,22378456
2003-04-03,2.986419,3.124398,2.986419,3.08698,41575946
2003-04-04,3.089319,3.157139,3.056579,3.131648,51142472
2003-04-07,3.20625,3.220282,3.161817,3.177252,47023944
2003-04-08,3.159478,3.213266,3.13843,3.193154,18402172
2003-04-09,3.157138,3.213265,3.138429,3.166493,44942780
2003-04-10,3.1548,3.1548,3.108027,3.108027,46773668
2003-04-11,3.143107,3.145446,3.077626,3.120423,17443408
2003-04-14,3.110366,3.115043,3.072948,3.108027,22439298
2003-04-15,3.133752,3.150122,3.108027,3.11972,29766774
2003-04-16,3.157138,3.164154,3.061254,3.079028,18659480
2003-04-17,3.108028,3.12206,3.082303,3.098673,25408891
2003-04-18,3.098673,3.098673,3.098673,3.098673,0
2003-04-21,3.098673,3.098673,3.098673,3.098673,0
2003-04-22,3.105689,3.124398,3.065933,3.089787,10176106
2003-04-23,3.117383,3.119721,3.049563,3.068272,27366670
2003-04-24,3.0519,3.093995,3.021497,3.03132,13830081
2003-04-25,3.026176,3.03553,2.911584,2.925381,29705348
2003-04-28,2.941986,3.05424,2.941986,3.04582,52301216
2003-04-29,3.0519,3.0519,2.981742,2.992733,25104328
2003-04-30,2.979403,3.030853,2.979403,2.990629,29765628
2003-05-01,2.990629,2.990629,2.990629,2.990629,0
2003-05-02,3.014482,3.01916,2.95134,3.011676,20967838
2003-05-05,3.035531,3.068271,3.023838,3.053538,31208060
2003-05-06,3.077626,3.110367,3.047224,3.103117,14896492
2003-05-07,3.091657,3.13843,3.08698,3.127204,30017496
2003-05-08,3.112706,3.126738,3.075288,3.090723,19242100
2003-05-09,3.082304,3.126737,3.05424,3.106625,21401824
2003-05-12,3.115043,3.13843,3.044885,3.079262,18134220
2003-05-13,3.086979,3.089318,3.037868,3.049094,16567853
2003-05-14,3.051901,3.082303,3.03553,3.055408,15278957
2003-05-15,3.042546,3.119721,3.042546,3.107326,22398724
2003-05-16,3.122059,3.136091,3.110366,3.121123,27239638
2003-05-19,3.096335,3.129075,3.058917,3.072948,15558051
2003-05-20,3.054239,3.079964,3.040207,3.067335,15117103
2003-05-21,3.05424,3.075288,3.033193,3.067102,17524292
2003-05-22,3.077627,3.154801,3.077627,3.145447,19533570
2003-05-23,3.154801,3.178187,3.124399,3.162752,14490909
2003-05-26,3.157137,3.18754,3.147783,3.153863,11566479
2003-05-27,3.140768,3.199233,3.112704,3.195491,19936708
2003-05-28,3.215604,3.236652,3.194556,3.227063,19434196
2003-05-29,3.210927,3.246007,3.210927,3.234548,11963410
2003-05-30,3.227297,3.253022,3.192218,3.208588,18561451
2003-06-02,3.238991,3.238991,3.208589,3.232677,14387670
2003-06-03,3.23899,3.246006,3.201572,3.231974,26271420
2003-06-04,3.234313,3.299794,3.231974,3.282956,32139622
2003-06-05,3.299795,3.299795,3.236652,3.259337,51449836
2003-06-06,3.271732,3.302134,3.2577,3.272434,28462180
2003-06-09,3.269392,3.271731,3.201572,3.211395,42738964
2003-06-10,3.203912,3.248345,3.203912,3.221919,41224596
2003-06-11,3.234314,3.269393,3.220282,3.239926,39591312
2003-06-12,3.255362,3.288103,3.250685,3.280619,28007530
2003-06-13,3.288101,3.332535,3.274069,3.288569,16557885
2003-06-16,3.27407,3.348906,3.271731,3.340487,24443378
2003-06-17,3.372291,3.376969,3.304471,3.316398,28019248
2003-06-18,3.316165,3.34189,3.292778,3.32131,30345164
2003-06-19,3.313825,3.332534,3.246006,3.248344,53202369
2003-06-20,3.262377,3.292779,3.260038,3.276642,55475792
2003-06-23,3.244275,3.301106,3.226979,3.288751,49461794
2003-06-24,3.308516,3.357934,3.286278,3.338167,67956848
2003-06-25,3.335696,3.372759,3.335696,3.363123,153534768
2003-06-26,3.338167,3.380172,3.323341,3.326306,18305172
2003-06-27,3.340639,3.340639,3.291221,3.301599,13380168
2003-06-30,3.293693,3.34064,3.254159,3.254653,23577728
2003-07-01,3.26157,3.278866,3.155322,3.167429,25828936
2003-07-02,3.189914,3.224506,3.155321,3.16817,24742162
2003-07-03,3.204739,3.217093,3.160263,3.172617,31967904
2003-07-04,3.175088,3.249215,3.167676,3.23439,17929760
2003-07-07,3.231919,3.313458,3.231919,3.296162,23615281
2003-07-08,3.291222,3.328285,3.266513,3.276643,21427148
2003-07-09,3.281337,3.296162,3.26157,3.272442,20131756
2003-07-10,3.268984,3.271455,3.219566,3.241804,17123536
2003-07-11,3.241802,3.286278,3.229448,3.279113,13012710
2003-07-14,3.293692,3.325813,3.268983,3.320872,15851905
2003-07-15,3.320872,3.320872,3.278867,3.294433,18350268
2003-07-16,3.293691,3.301104,3.231919,3.254157,25790739
2003-07-17,3.271453,3.283808,3.246744,3.276395,19663308
2003-07-18,3.264041,3.303575,3.264041,3.288008,101107760
2003-07-21,3.308517,3.310988,3.249216,3.256876,16866012
2003-07-22,3.266512,3.286279,3.241803,3.276395,16678915
2003-07-23,3.286278,3.288749,3.226977,3.234637,35571920
2003-07-24,3.244274,3.273925,3.222036,3.267006,15863654
2003-07-25,3.251686,3.271453,3.231919,3.242297,37306980
2003-07-28,3.268983,3.298633,3.26157,3.272195,25827164
2003-07-29,3.273925,3.298634,3.244274,3.256876,16362740
2003-07-30,3.259099,3.278866,3.246744,3.25984,12927348
2003-07-31,3.276396,3.293692,3.207211,3.238592,33269352
2003-08-01,3.249215,3.251686,3.194856,3.206469,19322762
2003-08-04,3.229448,3.23439,3.165205,3.1741,16600954
2003-08-05,3.187444,3.222036,3.17509,3.208941,16035336
2003-08-06,3.192385,3.197327,3.170147,3.189667,15019637
2003-08-07,3.20474,3.23439,3.182502,3.225742,16772779
2003-08-08,3.244274,3.338167,3.236861,3.320377,47345320
2003-08-11,3.330755,3.422178,3.323342,3.406611,27428416
2003-08-12,3.402411,3.412294,3.382643,3.400928,14376080
2003-08-13,3.419707,3.419707,3.367819,3.387092,15720087
2003-08-14,3.397469,3.45677,3.394998,3.454299,15993973
2003-08-15,3.454299,3.454299,3.454299,3.454299,0
2003-08-18,3.461712,3.488892,3.451829,3.484939,15327382
2003-08-19,3.491363,3.496304,3.464183,3.477031,12568000
2003-08-20,3.476538,3.476538,3.404882,3.420943,13697644
2003-08-21,3.429589,3.466652,3.424647,3.429836,10688256
2003-08-22,3.424649,3.459241,3.422178,3.451829,8935275
2003-08-25,3.434532,3.451828,3.417236,3.434532,6834469
2003-08-26,3.437002,3.454298,3.397468,3.414764,11439960
2003-08-27,3.422177,3.422177,3.392526,3.414764,9174944
2003-08-28,3.422179,3.456771,3.412295,3.456771,12578611
2003-08-29,3.466653,3.469124,3.39994,3.39994,13745268
2003-09-01,3.407351,3.441944,3.407351,3.414764,9339190
2003-09-02,3.414764,3.42959,3.392526,3.419706,14383186
2003-09-03,3.419708,3.446888,3.417237,3.429591,20397209
2003-09-04,3.429592,3.471597,3.419709,3.471597,14683783
2003-09-05,3.461712,3.476538,3.432062,3.449358,14727146
2003-09-08,3.451828,3.466654,3.434532,3.464183,12328815
2003-09-09,3.471597,3.471597,3.422179,3.429591,14208948
2003-09-10,3.429589,3.446885,3.40241,3.40241,15615220
2003-09-11,3.414765,3.439474,3.385114,3.434532,14745727
2003-09-12,3.434531,3.454298,3.397468,3.414764,15615839
2003-09-15,3.424648,3.424648,3.355463,3.365347,18361441
2003-09-16,3.367819,3.380173,3.348052,3.37276,13158948
2003-09-17,3.385115,3.385115,3.338168,3.362877,18984374
2003-09-18,3.355465,3.360407,3.328285,3.355465,31851318
2003-09-19,3.365347,3.382644,3.348051,3.370289,33718873
2003-09-22,3.34558,3.365347,3.271454,3.301104,21875421
2003-09-23,3.301104,3.318401,3.266512,3.310988,19274319
2003-09-24,3.315929,3.367818,3.293691,3.338167,22285614
2003-09-25,3.298634,3.340639,3.296163,3.320872,21190698
2003-09-26,3.310988,3.320872,3.268983,3.278867,16022687
2003-09-29,3.273925,3.301104,3.26157,3.266512,12561487
2003-09-30,3.276396,3.278867,3.212153,3.241804,18325046
2003-10-01,3.254157,3.34558,3.239332,3.34558,26220369
2003-10-02,3.352994,3.362878,3.303576,3.323344,22831279
2003-10-03,3.330755,3.348051,3.301104,3.348051,24052209
2003-10-06,3.352994,3.352994,3.31346,3.323344,14358760
2003-10-07,3.330754,3.333225,3.283807,3.325813,15518781
2003-10-08,3.308516,3.365347,3.306046,3.325813,26862211
2003-10-09,3.34558,3.394998,3.310987,3.375231,25462834
2003-10-10,3.380172,3.40488,3.362875,3.394997,17961031
2003-10-13,3.397468,3.437002,3.397468,3.422177,16671847
2003-10-14,3.434532,3.437003,3.404881,3.412294,13305249
2003-10-15,3.427119,3.444415,3.404881,3.434532,19233140
2003-10-16,3.422179,3.441946,3.414766,3.424649,15107999
2003-10-17,3.446887,3.45677,3.394998,3.409824,17367481
2003-10-20,3.409822,3.417235,3.37523,3.394997,12616550
2003-10-21,3.404881,3.417236,3.377702,3.404881,13318619
2003-10-22,3.392527,3.404882,3.352993,3.362877,12679938
2003-10-23,3.335696,3.343109,3.288749,3.325813,23749005
2003-10-24,3.3184,3.335696,3.298633,3.315929,13970404
2003-10-27,3.330755,3.360406,3.328284,3.34558,15282671
2003-10-28,3.348051,3.385115,3.348051,3.385115,15638124
2003-10-29,3.397469,3.397469,3.348052,3.37276,15341551
2003-10-30,3.360406,3.422178,3.348051,3.385115,20653696
2003-10-31,3.37276,3.385114,3.355463,3.375231,19769968
2003-11-03,3.380172,3.441944,3.380172,3.441944,17168700
2003-11-04,3.434531,3.451827,3.424648,3.441944,14142348
2003-11-05,3.432061,3.441945,3.387585,3.404881,15230810
2003-11-06,3.404882,3.446888,3.382644,3.429591,19680539
2003-11-07,3.437003,3.454299,3.424649,3.451829,14102216
2003-11-10,3.441944,3.446886,3.422177,3.422177,8198552
2003-11-11,3.417235,3.422177,3.40488,3.414764,9487460
2003-11-12,3.424648,3.437003,3.385114,3.404881,13359808
2003-11-13,3.414764,3.42959,3.390056,3.407352,12844676
2003-11-14,3.412294,3.48395,3.407352,3.481479,22157900
2003-11-17,3.464182,3.471595,3.422177,3.422177,18836525
2003-11-18,3.427119,3.444415,3.407352,3.422177,14721038
2003-11-19,3.39747,3.429591,3.385115,3.417237,17937365
2003-11-20,3.424649,3.437004,3.385115,3.417237,16126994
2003-11-21,3.412293,3.424647,3.385113,3.40241,10198706
2003-11-24,3.414766,3.469126,3.407353,3.456771,13278592
2003-11-25,3.461712,3.491362,3.459241,3.481479,19219987
2003-11-26,3.486421,3.518543,3.48395,3.48395,16095011
2003-11-27,3.488892,3.503718,3.479009,3.496305,6807463
2003-11-28,3.501246,3.530896,3.466653,3.5136,16188933
2003-12-01,3.521013,3.577843,3.521013,3.570431,12495341
2003-12-02,3.577843,3.582785,3.545722,3.560547,14384658
2003-12-03,3.563018,3.575373,3.535839,3.548193,18476376
2003-12-04,3.553135,3.555606,3.503718,3.528426,15438428
2003-12-05,3.525955,3.553134,3.518542,3.538309,12720872
2003-12-08,3.548193,3.548193,3.518542,3.518542,0
2003-12-09,3.555606,3.605024,3.53831,3.59514,43303091
2003-12-10,3.59267,3.600082,3.572903,3.585257,17420336
2003-12-11,3.602553,3.637145,3.590198,3.632203,14666186
2003-12-12,3.637145,3.661853,3.634674,3.637145,13969319
2003-12-15,3.666795,3.686562,3.634673,3.634673,18011696
2003-12-16,3.634674,3.676679,3.624791,3.666796,13053171
2003-12-17,3.669266,3.693975,3.65197,3.676679,14501113
2003-12-18,3.684092,3.721155,3.674208,3.721155,24567450
2003-12-19,3.743392,3.760688,3.718683,3.753276,31727688
2003-12-22,3.73845,3.768101,3.711271,3.723625,11841116
2003-12-23,3.701388,3.735981,3.681621,3.691505,9214442
2003-12-24,3.691505,3.691505,3.691505,3.691505,9214442
2003-12-25,3.691505,3.691505,3.691505,3.691505,0
2003-12-26,3.691505,3.691505,3.691505,3.691505,0
2003-12-29,3.718683,3.726096,3.689032,3.726096,6589739
2003-12-30,3.73598,3.760689,3.696446,3.696446,9136246
2003-12-31,3.696446,3.696446,3.696446,3.696446,0
2004-01-01,3.696446,3.696446,3.696446,3.696446,0
2004-01-02,3.718684,3.805165,3.713742,3.805165,9341510
2004-01-05,3.81752,3.822462,3.785398,3.822462,10511081
2004-01-06,3.805165,3.812577,3.773043,3.805165,0
2004-01-07,3.790338,3.79528,3.671736,3.689032,27037656
2004-01-08,3.703858,3.721154,3.664324,3.703858,16663582
2004-01-09,3.708801,3.708801,3.612437,3.642087,26789138
2004-01-12,3.642087,3.661854,3.624791,3.642087,15726990
2004-01-13,3.651972,3.676681,3.642088,3.67421,14087662
2004-01-14,3.659383,3.666796,3.629732,3.639616,13598479
2004-01-15,3.629732,3.671737,3.617378,3.666796,13089929
2004-01-16,3.65197,3.669267,3.639616,3.666796,13763472
2004-01-19,3.671738,3.718685,3.666796,3.713743,13139370
2004-01-20,3.716214,3.76069,3.703859,3.713743,16373156
2004-01-21,3.73104,3.780457,3.723627,3.777987,17362892
2004-01-22,3.787869,3.79034,3.73351,3.740922,14903956
2004-01-23,3.743394,3.763161,3.718685,3.745865,12395267
2004-01-26,3.748334,3.750805,3.716212,3.726096,10103189
2004-01-27,3.726097,3.750806,3.686563,3.691505,25123242
2004-01-28,3.654442,3.723626,3.654442,3.713743,18989420
2004-01-29,3.701389,3.723627,3.693977,3.706331,14697661
2004-01-30,3.711271,3.723626,3.674208,3.693975,15168402
2004-02-02,3.708802,3.728569,3.686564,3.706331,13935972
2004-02-03,3.701387,3.723625,3.679149,3.703858,14995508
2004-02-04,3.703858,3.718684,3.686562,3.701387,13934420
2004-02-05,3.70633,3.731039,3.679151,3.686563,17684506
2004-02-06,3.691506,3.706331,3.666797,3.706331,15904105
2004-02-09,3.698917,3.740922,3.698917,3.73598,10613295
2004-02-10,3.723625,3.726096,3.698916,3.726096,12403598
2004-02-11,3.731039,3.750806,3.718684,3.748335,12231592
2004-02-12,3.750806,3.770573,3.711272,3.728568,16451209
2004-02-13,3.711273,3.735982,3.67421,3.67421,15648614
2004-02-16,3.684091,3.711271,3.67915,3.701387,16989835
2004-02-17,3.701387,3.726096,3.691503,3.726096,21191313
2004-02-18,3.721155,3.738451,3.716213,3.73598,16632245
2004-02-19,3.743393,3.777986,3.726097,3.768102,17778523
2004-02-20,3.763159,3.822461,3.763159,3.773043,25030502
2004-02-23,3.787868,3.849641,3.787868,3.849641,20179305
2004-02-24,3.84717,3.884233,3.81999,3.829874,28752990
2004-02-25,3.837286,3.87682,3.812577,3.857053,21368682
2004-02-26,3.876821,3.933652,3.861996,3.913885,35554550
2004-02-27,3.938592,3.950947,3.884233,3.896587,34622129
2004-03-01,3.938593,3.995424,3.92871,3.995424,28056922
2004-03-02,4.007777,4.025073,3.995423,4.020132,20780349
2004-03-03,4.002836,4.022603,3.983069,3.997895,25257036
2004-03-04,3.990482,4.002836,3.965773,3.995424,20300614
2004-03-05,4.002836,4.002836,3.941064,3.980598,39387341
2004-03-08,3.98801,4.039899,3.980598,4.039899,15380012
2004-03-09,4.015191,4.044842,4.015191,4.027545,13697267
2004-03-10,4.017662,4.121439,4.005307,4.111555,26778787
2004-03-11,4.086846,4.086846,4.002836,4.010249,31237778
2004-03-12,3.98801,3.98801,3.894116,3.965772,31046779
2004-03-15,3.973185,4.012719,3.901529,3.965772,30534733
2004-03-16,3.948477,3.978128,3.921297,3.948477,22873763
2004-03-17,3.936121,3.963301,3.894116,3.963301,28029821
2004-03-18,3.965772,3.995422,3.938592,3.963301,32495763
2004-03-19,4.007778,4.062137,3.997894,4.039899,38496260
2004-03-22,4.020131,4.04484,3.958359,3.965772,21463947
2004-03-23,3.948477,3.978128,3.908943,3.921297,19513812
2004-03-24,3.921297,3.950947,3.896588,3.936122,29820952
2004-03-25,3.953418,3.953418,3.871879,3.901529,24283381
2004-03-26,3.904,3.968243,3.859524,3.965772,35217515
2004-03-29,3.965773,4.017662,3.946006,4.015191,12637446
2004-03-30,4.01766,4.037427,3.995422,4.030015,15027215
2004-03-31,4.044841,4.096729,4.030015,4.04237,17681956
2004-04-01,4.057196,4.062138,3.98554,4.057196,18660823
2004-04-02,4.04484,4.151088,4.030015,4.138734,19928361
2004-04-05,4.148618,4.18321,4.136263,4.153559,18063638
2004-04-06,4.163443,4.205448,4.146147,4.173326,30838637
2004-04-07,4.175798,4.198036,4.067079,4.067079,26080418
2004-04-08,4.096729,4.165914,4.094258,4.151089,17830922
2004-04-09,4.151089,4.151089,4.151089,4.151089,0
2004-04-12,4.151089,4.151089,4.151089,4.151089,0
2004-04-13,4.200508,4.267222,4.195566,4.254867,21102063
2004-04-14,4.225216,4.247454,4.185682,4.222745,30175066
2004-04-15,4.220273,4.284517,4.207919,4.257337,24536989
2004-04-16,4.257337,4.299342,4.227687,4.299342,25263510
2004-04-19,4.274633,4.299342,4.257337,4.2944,18045250
2004-04-20,4.299343,4.311698,4.279576,4.28946,28722922
2004-04-21,4.272162,4.289458,4.257336,4.277103,26543886
2004-04-22,4.282046,4.2944,4.215332,4.274633,25076144
2004-04-23,4.296871,4.316638,4.26722,4.282045,14931535
2004-04-26,4.279575,4.311697,4.274633,4.286988,10971616
2004-04-27,4.296873,4.299343,4.269693,4.28946,11421982
2004-04-28,4.304284,4.306755,4.249925,4.249925,16348399
2004-04-29,4.247455,4.267222,4.180741,4.188154,20235922
2004-04-30,4.175797,4.190622,4.153559,4.190622,13712358
2004-05-03,4.158502,4.23757,4.158502,4.227687,11439573
2004-05-04,4.23757,4.26475,4.205449,4.244983,12938423
2004-05-05,4.244982,4.304284,4.237569,4.2944,20349969
2004-05-06,4.296872,4.311698,4.230158,4.2351,23109227
2004-05-07,4.230157,4.244982,4.168385,4.202977,20019899
2004-05-10,4.158502,4.168386,4.057196,4.089317,23962658
2004-05-11,4.106615,4.114027,4.054726,4.104144,20642327
2004-05-12,4.101671,4.141205,4.067078,4.091787,16768414
2004-05-13,4.091788,4.133793,4.081905,4.111555,16429619
2004-05-14,4.099201,4.121439,4.057196,4.114027,18230252
2004-05-17,4.076962,4.089317,4.027544,4.06955,13539224
2004-05-18,4.074492,4.076962,4.020132,4.034957,17317441
2004-05-19,4.044841,4.064609,4.010249,4.059667,18125296
2004-05-20,4.037427,4.094257,4.030014,4.072019,18459563
2004-05-21,4.121438,4.121438,4.042369,4.04484,32530814
2004-05-24,4.052253,4.079433,4.037428,4.067079,22657672
2004-05-25,4.054725,4.158502,4.052254,4.116497,24979774
2004-05-26,4.151088,4.18321,4.136263,4.138734,24248018
2004-05-27,4.138735,4.193094,4.116497,4.12638,32423490
2004-05-28,4.123909,4.138734,4.104142,4.123909,18161925
2004-05-31,4.128853,4.178271,4.118969,4.14862,6935609
2004-06-01,4.170854,4.170854,4.118965,4.141203,36187195
2004-06-02,4.163443,4.18074,4.146147,4.151089,0
2004-06-03,4.148619,4.165915,4.12391,4.158503,32713044
2004-06-04,4.146148,4.178269,4.131322,4.175798,25535422
2004-06-07,4.200507,4.227687,4.183211,4.215333,33100554
2004-06-08,4.23757,4.26475,4.225216,4.244983,35315416
2004-06-09,4.23757,4.252395,4.202977,4.217803,29730678
2004-06-10,4.207919,4.259808,4.195564,4.252395,38328050
2004-06-11,4.267221,4.29193,4.254866,4.267221,64256777
2004-06-14,4.274633,4.277104,4.227686,4.247453,66808610
2004-06-15,4.249925,4.341347,4.242512,4.331464,80009819
2004-06-16,4.338875,4.405589,4.338875,4.38088,56300786
2004-06-17,4.368526,4.422885,4.368526,4.413002,51875565
2004-06-18,4.422887,4.442654,4.383352,4.442654,59358159
2004-06-21,4.434918,4.44781,4.409134,4.440075,19783827
2004-06-22,4.414292,4.434919,4.360144,4.391086,44203068
2004-06-23,4.39882,4.419447,4.347251,4.357565,27409304
2004-06-24,4.391084,4.393662,4.34725,4.365299,52974073
2004-06-25,4.344673,4.775273,4.324046,4.362722,60029612
2004-06-28,4.344674,4.357566,4.305997,4.324046,14471333
2004-06-29,4.316309,4.316309,4.241535,4.269897,19305460
2004-06-30,4.275056,4.275056,4.187389,4.208016,22867124
2004-07-01,4.236377,4.272475,4.189965,4.195122,25815703
2004-07-02,4.197702,4.220908,4.192545,4.202858,20715175
2004-07-05,4.223486,4.267319,4.223486,4.257006,9397434
2004-07-06,4.269898,4.313731,4.231221,4.303418,22923660
2004-07-07,4.321467,4.321467,4.267319,4.267319,17062322
2004-07-08,4.303415,4.313729,4.244111,4.313729,17751091
2004-07-09,4.300839,4.370457,4.300839,4.370457,18498349
2004-07-12,4.357562,4.388504,4.31115,4.313729,19984633
2004-07-13,4.318889,4.329203,4.28537,4.290526,11374053
2004-07-14,4.280212,4.318888,4.246692,4.31631,16759138
2004-07-15,4.303418,4.352408,4.285369,4.285369,11935444
2004-07-16,4.308575,4.336938,4.298262,4.321468,107242076
2004-07-19,4.326623,4.334358,4.290525,4.311152,13655257
2004-07-20,4.313731,4.321467,4.28279,4.308574,13813454
2004-07-21,4.331782,4.331782,4.277635,4.298262,13899745
2004-07-22,4.275055,4.275055,4.226065,4.246692,10964343
2004-07-23,4.259584,4.277633,4.2338,4.257006,18258601
2004-07-26,4.262164,4.280213,4.192546,4.205438,17626795
2004-07-27,4.197702,4.215751,4.164182,4.215751,20626626
2004-07-28,4.231222,4.254428,4.208016,4.231222,12412648
2004-07-29,4.241535,4.342094,4.238957,4.334359,19503926
2004-07-30,4.360143,4.429761,4.334359,4.409134,24395185
2004-08-02,4.396242,4.401399,4.352408,4.375614,11878057
2004-08-03,4.385928,4.427183,4.383349,4.409134,16056637
2004-08-04,4.396241,4.424604,4.34983,4.378192,14943193
2004-08-05,4.3653,4.388506,4.324045,4.334359,12648028
2004-08-06,4.305996,4.362721,4.259584,4.269897,18171132
2004-08-09,4.272477,4.290526,4.213173,4.262164,15243904
2004-08-10,4.262165,4.336939,4.262165,4.329204,12774781
2004-08-11,4.326625,4.326625,4.264742,4.280213,19666852
2004-08-12,4.303415,4.3292,4.269895,4.313729,17836761
2004-08-13,4.290527,4.33436,4.275056,4.298262,11480436
2004-08-16,4.305996,4.334359,4.28279,4.334359,7544358
2004-08-17,4.308575,4.339516,4.269898,4.272477,10683740
2004-08-18,4.275056,4.30084,4.244114,4.280213,8769599
2004-08-19,4.316311,4.326625,4.277634,4.287948,16507874
2004-08-20,4.303418,4.311153,4.26732,4.282791,12600226
2004-08-23,4.31115,4.331778,4.290523,4.313729,9865121
2004-08-24,4.290525,4.305996,4.264741,4.275054,9334413
2004-08-25,4.28537,4.305997,4.262164,4.287948,7620908
2004-08-26,4.311154,4.324046,4.280213,4.287948,9545758
2004-08-27,4.290525,4.360143,4.290525,4.357565,13512698
2004-08-30,4.365301,4.388507,4.342095,4.360144,9070400
2004-08-31,4.347251,4.370457,4.33178,4.334359,10129751
2004-09-01,4.357564,4.411712,4.352407,4.396241,17264556
2004-09-02,4.411711,4.483907,4.401397,4.471015,18193075
2004-09-03,4.46586,4.550948,4.463281,4.535478,18339117
2004-09-06,4.538057,4.540636,4.491645,4.499381,11699042
2004-09-07,4.507115,4.530321,4.491644,4.51485,12609460
2004-09-08,4.496799,4.517426,4.47875,4.509691,12416398
2004-09-09,4.494224,4.514851,4.471018,4.499381,11983536
2004-09-10,4.514851,4.538057,4.504537,4.527743,9461684
2004-09-13,4.535477,4.548369,4.483908,4.532899,12221625
2004-09-14,4.530318,4.530318,4.496799,4.509691,9115545
2004-09-15,4.514849,4.548369,4.499379,4.501957,13609863
2004-09-16,4.504536,4.51485,4.476174,4.489066,10193741
2004-09-17,4.509693,4.561262,4.476174,4.535478,34157724
2004-09-20,4.527742,4.581889,4.527742,4.532899,12101449
2004-09-21,4.54837,4.625724,4.54837,4.612831,17323725
2004-09-22,4.6283,4.654084,4.610251,4.617986,18662857
2004-09-23,4.628303,4.68245,4.617989,4.625724,21487676
2004-09-24,4.648929,4.690184,4.633458,4.67987,19296574
2004-09-27,4.67987,4.746909,4.666978,4.72886,28779634
2004-09-28,4.744332,4.811372,4.734019,4.795901,22303761
2004-09-29,4.795901,4.819107,4.726283,4.726283,28647381
2004-09-30,4.736597,4.752068,4.64893,4.651509,25947069
2004-10-01,4.666978,4.775273,4.651508,4.770116,28538601
2004-10-04,4.767537,4.839733,4.757223,4.767537,30455560
2004-10-05,4.73144,4.816528,4.726283,4.81395,24363360
2004-10-06,4.821684,4.826841,4.788164,4.808792,14531265
2004-10-07,4.821684,4.850046,4.790742,4.834576,20841910
2004-10-08,4.834577,4.870675,4.777852,4.777852,21867776
2004-10-11,4.793322,4.808792,4.76238,4.785586,11687004
2004-10-12,4.790743,4.790743,4.71339,4.71339,15694368
2004-10-13,4.731439,4.744331,4.610252,4.641193,25570049
2004-10-14,4.615409,4.666978,4.61283,4.641193,19077626
2004-10-15,4.656665,4.656665,4.61541,4.651509,12702288
2004-10-18,4.661821,4.692763,4.628302,4.636037,10175564
2004-10-19,4.636036,4.677291,4.623144,4.641193,18074151
2004-10-20,4.615409,4.615409,4.581889,4.610252,14384319
2004-10-21,4.633458,4.659242,4.610252,4.654085,10806569
2004-10-22,4.6644,4.672136,4.628302,4.659243,12517684
2004-10-25,4.579312,4.592204,4.563841,4.563841,15287468
2004-10-26,4.576732,4.581889,4.53032,4.553526,12565670
2004-10-27,4.576734,4.669558,4.576734,4.648931,20160074
2004-10-28,4.630879,4.654085,4.589624,4.654085,22029748
2004-10-29,4.623144,4.641193,4.584467,4.589624,19125290
2004-11-01,4.602517,4.659243,4.59736,4.636037,0
2004-11-02,4.641195,4.669558,4.633459,4.651509,12509327
2004-11-03,4.685029,4.71597,4.672137,4.68245,18280768
2004-11-04,4.700499,4.757225,4.700499,4.757225,16906687
2004-11-05,4.767538,4.772695,4.713391,4.762381,22727113
2004-11-08,4.764959,4.775273,4.710812,4.734018,13272736
2004-11-09,4.721126,4.757224,4.708234,4.734018,12494901
2004-11-10,4.736597,4.764959,4.687606,4.718547,18608714
2004-11-11,4.721125,4.790743,4.721125,4.790743,13802796
2004-11-12,4.770116,4.78043,4.726283,4.775273,15039928
2004-11-15,4.783008,4.808793,4.723704,4.736597,14153566
2004-11-16,4.744331,4.744331,4.677291,4.67987,17527655
2004-11-17,4.692763,4.718547,4.672136,4.718547,13201046
2004-11-18,4.728861,4.752067,4.713391,4.718547,13843948
2004-11-19,4.736597,4.772695,4.713391,4.734018,13277138
2004-11-22,4.744332,4.746911,4.713391,4.726283,10700488
2004-11-23,4.721126,4.739175,4.690185,4.718547,11458128
2004-11-24,4.739175,4.757225,4.726283,4.726283,9781100
2004-11-25,4.752066,4.839733,4.749488,4.826841,17619478
2004-11-26,4.824263,4.839734,4.775273,4.811371,9548290
2004-11-29,4.816528,4.850048,4.762381,4.762381,11682465
2004-11-30,4.772695,4.798479,4.744332,4.762381,13922197
2004-12-01,4.759801,4.803634,4.749487,4.780429,13555035
2004-12-02,4.754645,4.759802,4.687606,4.705655,26598540
2004-12-03,4.692763,4.715969,4.643773,4.666979,20463825
2004-12-06,4.656664,4.690184,4.630879,4.690184,12721876
2004-12-07,4.692762,4.697918,4.648928,4.672134,17676636
2004-12-08,4.641193,4.641193,4.605095,4.641193,0
2004-12-09,4.656664,4.672135,4.620566,4.643772,13124638
2004-12-10,4.659242,4.692762,4.64635,4.692762,11960754
2004-12-13,4.674713,4.687605,4.638615,4.674713,14003704
2004-12-14,4.682448,4.700497,4.669556,4.690184,13376230
2004-12-15,4.682449,4.69792,4.646351,4.666979,13168550
2004-12-16,4.677291,4.705654,4.664399,4.685026,17210251
2004-12-17,4.721126,4.723704,4.641194,4.659243,40418502
2004-12-20,4.672135,4.746909,4.669556,4.723703,18071140
2004-12-21,4.726281,4.767536,4.723703,4.731438,13318375
2004-12-22,4.726282,4.798479,4.726282,4.790743,17622292
2004-12-23,4.777851,4.819106,4.772694,4.803635,9980029
2004-12-24,4.803635,4.803635,4.803635,4.803635,0
2004-12-27,4.808792,4.811371,4.785586,4.790743,6263741
2004-12-28,4.780429,4.790743,4.749488,4.783007,10114972
2004-12-29,4.785586,4.788164,4.754645,4.767537,5365361
2004-12-30,4.777851,4.785586,4.741753,4.749488,6702679
2004-12-31,4.749488,4.749488,4.749488,4.749488,0
2005-01-03,4.746911,4.770117,4.705656,4.721127,13515586
2005-01-04,4.708233,4.72886,4.67987,4.72886,14104027
2005-01-05,4.72886,4.734017,4.692762,4.692762,12535167
2005-01-06,4.718548,4.718548,4.674714,4.708234,0
2005-01-07,4.713391,4.723704,4.690185,4.700498,12988663
2005-01-10,4.700497,4.72886,4.697919,4.723703,10033781
2005-01-11,4.715969,4.715969,4.656665,4.661822,14453032
2005-01-12,4.659244,4.666979,4.59994,4.625724,19161924
2005-01-13,4.648929,4.705654,4.643772,4.703076,15448918
2005-01-14,4.687607,4.752068,4.679872,4.746911,15720705
2005-01-17,4.754646,4.775273,4.739175,4.762381,8719956
2005-01-18,4.762382,4.801059,4.739176,4.788167,15250298
2005-01-19,4.788165,4.798479,4.757224,4.777852,13797365
2005-01-20,4.749488,4.76238,4.734018,4.749488,14994144
2005-01-21,4.741753,4.793322,4.723704,4.777852,17500223
2005-01-24,4.780429,4.831997,4.746909,4.819105,21022027
2005-01-25,4.819106,4.831998,4.788164,4.826841,15904249
2005-01-26,4.813949,4.824263,4.78043,4.806214,16298940
2005-01-27,4.808792,4.819106,4.775272,4.808792,14259965
2005-01-28,4.81137,4.813948,4.772693,4.780429,11927999
2005-01-31,4.775273,4.816528,4.775273,4.806214,12652085
2005-02-01,4.795901,4.837156,4.78043,4.837156,20179218
2005-02-02,4.824262,4.837155,4.798478,4.816527,19127901
2005-02-03,4.826842,4.834577,4.795901,4.821685,15774281
2005-02-04,4.831997,4.948027,4.82684,4.937713,33589692
2005-02-07,4.958342,5.002176,4.948029,4.976391,21736344
2005-02-08,4.96092,4.968655,4.89388,4.917086,23195897
2005-02-09,4.914507,4.914507,4.878409,4.878409,27823569
2005-02-10,4.886144,4.917085,4.865517,4.90935,25436580
2005-02-11,4.924822,4.950606,4.919665,4.945449,17617472
2005-02-14,4.932557,4.940292,4.904194,4.940292,11159246
2005-02-15,4.94545,4.971234,4.940293,4.963499,12541145
2005-02-16,4.971235,4.971235,4.924823,4.948029,19609936
2005-02-17,4.971234,5.033116,4.971234,4.991861,22093818
2005-02-18,5.002174,5.053743,4.991861,5.033116,22851041
2005-02-21,5.040852,5.046009,4.96092,5.002175,20255193
2005-02-22,5.002176,5.007333,4.909353,4.942872,24707431
2005-02-23,4.904194,4.924822,4.87841,4.906773,27931474
2005-02-24,4.924822,4.937714,4.883567,4.927401,18713436
2005-02-25,4.953184,4.986704,4.937713,4.986704,20700424
2005-02-28,4.981547,5.079528,4.981547,5.079528,31620145
2005-03-01,5.071792,5.159459,5.071792,5.094998,41375502
2005-03-02,5.10789,5.187822,5.094998,5.187822,29954669
2005-03-03,5.190401,5.265176,5.187823,5.205872,29116829
2005-03-04,5.244547,5.285802,5.22392,5.280645,24521451
2005-03-07,5.301276,5.321903,5.236814,5.257442,18646456
2005-03-08,5.257442,5.257442,5.192981,5.234236,20009450
2005-03-09,5.239392,5.262598,5.185245,5.200715,19213204
2005-03-10,5.162038,5.172351,5.089841,5.094998,32589023
2005-03-11,5.11047,5.123363,5.084686,5.102735,23869774
2005-03-14,5.097578,5.15946,5.097578,5.123362,21297856
2005-03-15,5.149147,5.169775,5.133677,5.154304,21322031
2005-03-16,5.133677,5.143991,5.087265,5.087265,26500800
2005-03-17,5.097577,5.136254,5.094999,5.105312,15841055
2005-03-18,5.131098,5.203294,5.123363,5.203294,27778820
2005-03-21,5.195559,5.218765,5.172353,5.182667,11678540
2005-03-22,5.185245,5.19298,5.089843,5.169774,23894846
2005-03-23,5.118205,5.14399,5.097578,5.115627,24392401
2005-03-24,5.110469,5.115626,5.069214,5.10789,15142833
2005-03-25,5.10789,5.10789,5.10789,5.10789,0
2005-03-28,5.10789,5.10789,5.10789,5.10789,0
2005-03-29,5.092422,5.138834,5.076951,5.138834,15728526
2005-03-30,5.107892,5.169775,5.105314,5.138834,15627597
2005-03-31,5.17751,5.21103,5.164618,5.164618,18135500
2005-04-01,5.182667,5.26002,5.182667,5.236814,17017401
2005-04-04,5.254861,5.267753,5.195557,5.244547,20332984
2005-04-05,5.267755,5.267755,5.182667,5.241971,19492514
2005-04-06,5.211028,5.244548,5.195558,5.231656,15870014
2005-04-07,5.244548,5.363156,5.234234,5.363156,24983025
2005-04-08,5.358001,5.358001,5.267755,5.288383,24640722
2005-04-11,5.244549,5.270334,5.211029,5.252285,15060868
2005-04-12,5.262597,5.301274,5.239391,5.262597,20120982
2005-04-13,5.265176,5.283225,5.221342,5.229078,21524529
2005-04-14,5.203293,5.236812,5.169773,5.221342,23843219
2005-04-15,5.216187,5.216187,5.087265,5.087265,25810558
2005-04-18,5.02796,5.02796,4.91193,4.963499,35564036
2005-04-19,4.989283,5.002175,4.958342,4.973813,28627141
2005-04-20,4.997017,5.012488,4.935134,4.968654,34666630
2005-04-21,4.950609,5.046011,4.94803,5.01507,38399925
2005-04-22,5.053746,5.066638,5.015069,5.035697,16749529
2005-04-25,5.040852,5.084685,5.035695,5.058901,0
2005-04-26,5.058901,5.100156,5.040851,5.071793,17455624
2005-04-27,5.071795,5.087266,5.009912,5.035697,33431444
2005-04-28,5.035695,5.053744,4.96092,4.997018,41457664
2005-04-29,4.997017,5.046008,4.960919,5.030537,40063088
2005-05-02,5.048586,5.056322,5.020223,5.033116,10703528
2005-05-03,5.033116,5.076949,5.027959,5.030537,27334706
2005-05-04,5.030538,5.040851,5.002175,5.017645,13497552
2005-05-05,5.04601,5.100158,5.03054,5.084687,15511530
2005-05-06,5.07695,5.120784,5.053744,5.120784,13918381
2005-05-09,5.131099,5.131099,5.058903,5.084687,26514793
2005-05-10,5.097578,5.107891,5.046009,5.064058,17476854
2005-05-11,5.046008,5.102734,5.027959,5.033116,25535897
2005-05-12,5.053746,5.118207,5.04601,5.084687,26853820
2005-05-13,5.007333,5.040853,4.97897,5.040853,24558352
2005-05-16,5.074373,5.074373,4.966078,4.984127,41998201
2005-05-17,5.002176,5.020225,4.984127,4.999598,19588397
2005-05-18,5.020225,5.141412,5.020225,5.113049,27127804
2005-05-19,5.107891,5.190401,5.094999,5.180087,21058817
2005-05-20,5.174932,5.26002,5.172353,5.21103,38953901
2005-05-23,5.236815,5.241972,5.177511,5.234236,29931343
2005-05-24,5.249706,5.283225,5.229078,5.270333,21555684
2005-05-25,5.265177,5.337374,5.265177,5.314167,25121115
2005-05-26,5.332216,5.412148,5.329638,5.373471,23094898
2005-05-27,5.383784,5.386363,5.329637,5.376049,16112065
2005-05-30,5.376048,5.399254,5.352842,5.399254,14787281
2005-05-31,5.404411,5.404411,5.337372,5.352842,32302763
2005-06-01,5.37347,5.453401,5.368313,5.453401,40934785
2005-06-02,5.453403,5.50755,5.448246,5.489501,0
2005-06-03,5.486923,5.507551,5.445668,5.461139,22062931
2005-06-06,5.468873,5.541069,5.455981,5.471451,43834403
2005-06-07,5.486923,5.523021,5.47403,5.510129,54244167
2005-06-08,5.502392,5.543647,5.474029,5.525598,74008461
2005-06-09,5.502393,5.528177,5.468873,5.520442,57037443
2005-06-10,5.556541,5.579747,5.543649,5.55912,87736102
2005-06-13,5.559118,5.651942,5.543648,5.636472,74412544
2005-06-14,5.667413,5.67257,5.621001,5.667413,78155807
2005-06-15,5.633893,5.65452,5.608108,5.626157,60850144
2005-06-16,5.644207,5.651942,5.59006,5.641628,48589328
2005-06-17,5.67257,5.72156,5.654521,5.690619,43399609
2005-06-20,5.752443,5.790076,5.712122,5.725562,27625850
2005-06-21,5.712124,5.739005,5.687932,5.706748,33420927
2005-06-22,5.685244,5.728252,5.658363,5.706748,59880634
2005-06-23,5.709435,5.773949,5.698683,5.773949,64595975
2005-06-24,5.752444,5.808894,5.736316,5.739004,36468739
2005-06-27,5.72019,5.73363,5.644924,5.671804,42162464
2005-06-28,5.698683,5.782013,5.690619,5.773949,41213450
2005-06-29,5.749756,5.760509,5.695995,5.704059,35953808
2005-06-30,5.706749,5.730941,5.679868,5.728253,24745718
2005-07-01,5.728252,5.760509,5.712124,5.760509,30039100
2005-07-04,5.81427,5.902976,5.798142,5.894912,60723741
2005-07-05,5.902974,5.940607,5.859965,5.905662,31105616
2005-07-06,5.945986,6.056196,5.932545,6.037379,40062182
2005-07-07,6.037378,6.040067,5.725564,5.99437,83489611
2005-07-08,6.045443,6.190598,6.034691,6.190598,30243887
2005-07-11,6.169095,6.236296,6.126086,6.163719,29610454
2005-07-12,6.15834,6.161028,6.088451,6.107267,22836050
2005-07-13,6.144901,6.204038,6.144901,6.190598,24799384
2005-07-14,6.17447,6.241671,6.169094,6.222855,26359037
2005-07-15,6.169095,6.169095,6.061572,6.131462,77451202
2005-07-18,6.152966,6.177159,6.109957,6.152966,21481730
2005-07-19,6.142213,6.209414,6.139525,6.209414,28897833
2005-07-20,6.187912,6.26049,6.147591,6.158343,29619466
2005-07-21,6.187911,6.187911,6.088453,6.128774,33831924
2005-07-22,6.09114,6.166405,6.077699,6.150277,21521933
2005-07-25,6.209415,6.311561,6.193287,6.279305,26776709
2005-07-26,6.271238,6.300807,6.236294,6.26855,17120338
2005-07-27,6.263172,6.292741,6.228228,6.265861,15263209
2005-07-28,6.263175,6.349193,6.24167,6.335752,22442419
2005-07-29,6.357258,6.384139,6.268552,6.298121,24062754
2005-08-01,6.284682,6.327691,6.222856,6.247049,33475096
2005-08-02,6.276615,6.386825,6.247046,6.384137,20857455
2005-08-03,6.392201,6.421769,6.376072,6.402953,21609671
2005-08-04,6.376075,6.386828,6.308874,6.316938,19157551
2005-08-05,6.276618,6.316938,6.244361,6.247049,21651833
2005-08-08,6.265865,6.359947,6.260489,6.359947,15756161
2005-08-09,6.370696,6.427145,6.359944,6.402953,17335030
2005-08-10,6.416395,6.472844,6.402955,6.46478,16900055
2005-08-11,6.478224,6.531985,6.467471,6.499728,17745729
2005-08-12,6.556177,6.556177,6.480912,6.499728,14676095
2005-08-15,6.499728,6.499728,6.499728,6.499728,0
2005-08-16,6.494347,6.494347,6.386825,6.413706,15614188
2005-08-17,6.394892,6.405644,6.330379,6.3707,15855997
2005-08-18,6.32231,6.324998,6.257797,6.273925,16363922
2005-08-19,6.292743,6.427145,6.290054,6.427145,20942169
2005-08-22,6.432523,6.483596,6.432523,6.443275,13088635
2005-08-23,6.413708,6.421772,6.303498,6.303498,23598494
2005-08-24,6.290055,6.416394,6.284679,6.413706,28118369
2005-08-25,6.381449,6.432522,6.314247,6.314247,26426878
2005-08-26,6.316935,6.392201,6.236294,6.236294,20594363
2005-08-29,6.252424,6.316937,6.252424,6.292745,19273802
2005-08-30,6.316937,6.316937,6.241671,6.298121,20134781
2005-08-31,6.325003,6.451341,6.325003,6.451341,28219810
2005-09-01,6.454028,6.515853,6.432524,6.497037,24667683
2005-09-02,6.488971,6.542732,6.454026,6.475531,20795259
2005-09-05,6.448653,6.497038,6.427149,6.451341,33908905
2005-09-06,6.432522,6.478219,6.397577,6.475531,39970382
2005-09-07,6.475534,6.497039,6.419085,6.45403,36789604
2005-09-08,6.429836,6.486285,6.419083,6.478221,47344951
2005-09-09,6.507787,6.523916,6.456715,6.5051,19608904
2005-09-12,6.545423,6.545423,6.459405,6.459405,14259581
2005-09-13,6.445962,6.445962,6.362633,6.411018,21852268
2005-09-14,6.42446,6.478222,6.416396,6.462093,17986847
2005-09-15,6.486286,6.566928,6.470157,6.537359,21048110
2005-09-16,6.583051,6.650252,6.577675,6.634124,49278804
2005-09-19,6.612623,6.717457,6.593806,6.690576,17992102
2005-09-20,6.733585,6.76853,6.655631,6.693264,39740010
2005-09-21,6.693264,6.760465,6.64219,6.655631,50837309
2005-09-22,6.690577,6.70133,6.601871,6.620687,30279250
2005-09-23,6.612625,6.63413,6.515855,6.57768,23363845
2005-09-26,6.583053,6.655631,6.572301,6.655631,21573115
2005-09-27,6.679825,6.725522,6.652944,6.666384,19388516
2005-09-28,6.704017,6.720145,6.644879,6.690576,22380623
2005-09-29,6.706705,6.720146,6.669072,6.709393,23379867
2005-09-30,6.733588,6.733588,6.63413,6.642194,22298346
2005-10-03,6.636816,6.663697,6.60456,6.658321,40607023
2005-10-04,6.628751,6.628751,6.475532,6.488972,40383054
2005-10-05,6.397575,6.402951,6.273925,6.273925,61673096
2005-10-06,6.182535,6.233608,6.056196,6.17447,55280638
2005-10-07,6.120708,6.222854,6.115332,6.136836,45603321
2005-10-10,6.193285,6.276615,6.17178,6.17178,50364939
2005-10-11,6.206725,6.24167,6.177156,6.236294,53579622
2005-10-12,6.228231,6.29812,6.179846,6.182534,45991982
2005-10-13,6.185222,6.195974,5.98093,6.029315,88115803
2005-10-14,6.088451,6.120708,5.919103,6.013186,69477183
2005-10-17,6.142214,6.182535,6.109957,6.128774,90931710
2005-10-18,6.222855,6.225543,5.999746,6.010499,155216103
2005-10-19,5.945985,5.967489,5.822334,5.825022,83818141
2005-10-20,5.940608,5.956737,5.806205,5.859966,72647221
2005-10-21,5.80083,5.854592,5.765886,5.838463,51172250
2005-10-24,5.865911,5.975708,5.852186,5.972963,23684584
2005-10-25,6.038843,6.038843,5.956495,5.96473,59099361
2005-10-26,6.052567,6.13766,6.041588,6.093741,78794120
2005-10-27,6.06629,6.09374,5.915319,5.945513,52204963
2005-10-28,5.929043,6.04433,5.896104,6.014136,56138924
2005-10-31,6.080015,6.173342,6.06629,6.137659,45672934
2005-11-01,6.101975,6.107465,6.060802,6.085506,0
2005-11-02,6.096484,6.143148,6.030606,6.134913,36215758
2005-11-03,6.178834,6.233732,6.101976,6.233732,27183128
2005-11-04,6.258437,6.277651,6.176089,6.209028,22029846
2005-11-07,6.195302,6.220007,6.112955,6.176088,21842071
2005-11-08,6.176089,6.192558,6.066292,6.13217,21945277
2005-11-09,6.126678,6.263924,6.107463,6.21726,29113013
2005-11-10,6.230989,6.230989,6.041588,6.082762,35868164
2005-11-11,6.13766,6.13766,6.030607,6.129425,28117462
2005-11-14,6.134915,6.217262,6.09923,6.162364,30903265
2005-11-15,6.184324,6.277652,6.17609,6.266672,33386584
2005-11-16,6.22275,6.263924,6.170596,6.247455,29077119
2005-11-17,6.299613,6.362746,6.285888,6.335297,21178977
2005-11-18,6.395682,6.403917,6.327059,6.349018,42265318
2005-11-21,6.387448,6.456072,6.349019,6.442347,25158441
2005-11-22,6.467054,6.513718,6.44235,6.494503,17997403
2005-11-23,6.508226,6.508226,6.412154,6.464307,20015096
2005-11-24,6.480775,6.486265,6.414897,6.434112,12717240
2005-11-25,6.445094,6.483524,6.43137,6.483524,9029262
2005-11-28,6.508226,6.508226,6.34902,6.36,17251436
2005-11-29,6.313335,6.417642,6.3051,6.379213,22917858
2005-11-30,6.340782,6.376466,6.307843,6.313333,15813343
2005-12-01,6.349019,6.420387,6.349019,6.417642,16432523
2005-12-02,6.450582,6.486266,6.431368,6.464307,14390548
2005-12-05,6.48352,6.560378,6.469795,6.521949,18923304
2005-12-06,6.530183,6.565867,6.499989,6.541162,16807640
2005-12-07,6.56038,6.57136,6.478032,6.505482,16366795
2005-12-08,6.472544,6.483524,6.43137,6.483524,0
2005-12-09,6.502733,6.513712,6.40117,6.453324,15026625
2005-12-12,6.469795,6.491754,6.420386,6.45058,16519053
2005-12-13,6.47254,6.576847,6.47254,6.549398,22570098
2005-12-14,6.554888,6.554888,6.519204,6.549398,14004627
2005-12-15,6.554887,6.560377,6.502734,6.532928,16052969
2005-12-16,6.497244,6.593316,6.494499,6.532928,60883700
2005-12-19,6.497244,6.510969,6.412152,6.428621,16829051
2005-12-20,6.428622,6.439601,6.365488,6.434112,17394577
2005-12-21,6.450584,6.499993,6.442349,6.483524,13061287
2005-12-22,6.472539,6.489009,6.44509,6.45607,9121835
2005-12-23,6.480775,6.505479,6.458815,6.47803,7247248
2005-12-26,6.47803,6.47803,6.47803,6.47803,0
2005-12-27,6.478028,6.505478,6.445089,6.453324,5201190
2005-12-28,6.425878,6.442347,6.387449,6.420388,8959345
2005-12-29,6.450579,6.480773,6.445089,6.453324,7711301
2005-12-30,6.450581,6.464305,6.420386,6.431366,7970309
2006-01-02,6.458819,6.516462,6.436859,6.508227,7305650
2006-01-03,6.530184,6.604296,6.527439,6.574102,19141521
2006-01-04,6.615279,6.637238,6.53293,6.557635,21271819
2006-01-05,6.565871,6.58234,6.489012,6.508227,19258131
2006-01-06,6.508224,6.585082,6.508224,6.582337,0
2006-01-09,6.607042,6.67841,6.601552,6.615277,20787030
2006-01-10,6.601552,6.629001,6.582337,6.582337,14494941
2006-01-11,6.623512,6.659196,6.587828,6.659196,15453582
2006-01-12,6.683902,6.821148,6.681157,6.807423,22238860
2006-01-13,6.774482,6.774482,6.694878,6.708603,21147492
2006-01-16,6.714095,6.826638,6.714095,6.807423,15722698
2006-01-17,6.801933,6.815657,6.760759,6.779974,16800050
2006-01-18,6.752523,6.752523,6.67292,6.697624,19118958
2006-01-19,6.71135,6.71684,6.653706,6.675666,15384640
2006-01-20,6.716839,6.804677,6.66743,6.66743,20793353
2006-01-23,6.667431,6.686646,6.612533,6.659196,14325895
2006-01-24,6.667429,6.705858,6.604296,6.609786,15916412
2006-01-25,6.623511,6.642726,6.552143,6.574102,18534454
2006-01-26,6.519205,6.639982,6.508225,6.629002,23034007
2006-01-27,6.670175,6.760758,6.659196,6.722329,18579510
2006-01-30,6.74429,6.840363,6.733311,6.790954,17659205
2006-01-31,6.821146,6.914474,6.821146,6.829381,24073854
2006-02-01,6.818401,6.83487,6.771737,6.829381,19362273
2006-02-02,6.796445,6.821149,6.716842,6.716842,18138630
2006-02-03,6.716839,6.758013,6.639981,6.697624,21455627
2006-02-06,6.697623,6.774481,6.689389,6.752522,15226547
2006-02-07,6.725075,6.749779,6.631747,6.642727,21225815
2006-02-08,6.563121,6.629,6.538417,6.596061,18896656
2006-02-09,6.648214,6.708603,6.637235,6.686644,14680862
2006-02-10,6.631748,6.664687,6.563124,6.565869,19186164
2006-02-13,6.571357,6.65645,6.568612,6.65645,13143829
2006-02-14,6.631747,6.637237,6.543909,6.571359,16786095
2006-02-15,6.571359,6.615277,6.524695,6.571359,18754991
2006-02-16,6.549399,6.585082,6.519204,6.568613,18860795
2006-02-17,6.618023,6.618023,6.52744,6.54391,22130575
2006-02-20,6.576847,6.612532,6.568613,6.607042,12457317
2006-02-21,6.609788,6.667432,6.609788,6.648217,18412356
2006-02-22,6.648218,6.675667,6.604299,6.653708,17190946
2006-02-23,6.637235,6.637235,6.579591,6.598806,18061956
2006-02-24,6.587825,6.61802,6.57959,6.604295,14725348
2006-02-27,6.626257,6.686646,6.620768,6.650961,14292435
2006-02-28,6.656451,6.656451,6.543909,6.576848,18082759
2006-03-01,6.609789,6.653708,6.362745,6.425879,53659199
2006-03-02,6.450583,6.486267,6.34902,6.36,31867109
2006-03-03,6.392938,6.456072,6.346274,6.387448,20468508
2006-03-06,6.414896,6.420386,6.329803,6.362742,14563557
2006-03-07,6.329804,6.379213,6.288631,6.368234,19461306
2006-03-08,6.381959,6.436858,6.291376,6.420388,26565393
2006-03-09,6.439602,6.445092,6.368234,6.381958,17779773
2006-03-10,6.340785,6.398429,6.329805,6.370979,15850234
2006-03-13,6.398427,6.439601,6.370978,6.436856,13108505
2006-03-14,6.439601,6.48901,6.420386,6.469795,17320503
2006-03-15,6.489011,6.513716,6.456073,6.499991,14959607
2006-03-16,6.505482,6.530186,6.480777,6.505482,12859621
2006-03-17,6.546653,6.587827,6.428621,6.436856,25217506
2006-03-20,6.464306,6.491756,6.401173,6.439602,16754429
2006-03-21,6.420387,6.420387,6.32157,6.379213,22542800
2006-03-22,6.362743,6.401172,6.349018,6.384703,19035290
2006-03-23,6.401171,6.401171,6.313334,6.321568,26461672
2006-03-24,6.365488,6.453326,6.332549,6.436856,28268166
2006-03-27,6.436856,6.453325,6.340783,6.340783,14605043
2006-03-28,6.36549,6.379214,6.329805,6.351765,27570135
2006-03-29,6.373724,6.480777,6.346275,6.464307,23399351
2006-03-30,6.499989,6.530183,6.469794,6.524693,17056131
2006-03-31,6.532929,6.554888,6.428622,6.445091,26027269
2006-04-03,6.469798,6.505482,6.417644,6.491757,17863152
2006-04-04,6.46705,6.491755,6.401172,6.414897,16665508
2006-04-05,6.417641,6.45607,6.381957,6.45607,16741917
2006-04-06,6.475285,6.499989,6.458815,6.46156,16630569
2006-04-07,6.469797,6.634493,6.469797,6.499991,35235368
2006-04-10,6.516458,6.65645,6.513713,6.65645,24583172
2006-04-11,6.650962,6.71135,6.615278,6.637237,28283799
2006-04-12,6.650961,6.659196,6.554888,6.593318,20939973
2006-04-13,6.590574,6.590574,6.519206,6.579594,15030389
2006-04-18,6.639982,6.648216,6.601552,6.623512,20444555
2006-04-19,6.667431,6.70037,6.620767,6.70037,24560254
2006-04-20,6.725073,6.815656,6.697624,6.719583,29086874
2006-04-21,6.725076,6.785465,6.703117,6.768995,21763787
2006-04-24,6.760758,6.865066,6.755269,6.801933,20449187
2006-04-25,6.796442,6.865065,6.758013,6.774482,0
2006-04-26,6.785461,6.818401,6.768992,6.777227,13690852
2006-04-27,6.752523,6.760758,6.637236,6.692134,23294917
2006-04-28,6.656451,6.675666,6.612533,6.642727,16896704
2006-05-02,6.694878,6.747032,6.681153,6.744287,14886339
2006-05-03,6.779972,6.788207,6.65645,6.66743,16997784
2006-05-04,6.672922,6.730566,6.623513,6.703116,16566263
2006-05-05,6.708605,6.738799,6.659196,6.738799,11809305
2006-05-08,6.752522,6.796441,6.642725,6.670174,20242276
2006-05-09,6.692136,6.705861,6.648217,6.705861,20125395
2006-05-10,6.67292,6.697624,6.609787,6.620767,16705886
2006-05-11,6.656451,6.692134,6.615277,6.615277,12522851
2006-05-12,6.612531,6.642725,6.532927,6.538417,22225393
2006-05-15,6.52195,6.549399,6.450582,6.475286,26548733
2006-05-16,6.486264,6.527439,6.439601,6.480775,27986851
2006-05-17,6.513714,6.519204,6.29961,6.29961,22847002
2006-05-18,6.327058,6.379212,6.26118,6.321568,25438775
2006-05-19,6.302355,6.379214,6.294121,6.32706,38689179
2006-05-22,6.313334,6.332549,6.151383,6.176088,32144606
2006-05-23,6.23922,6.401171,6.209026,6.354507,27096444
2006-05-24,6.33255,6.381959,6.250202,6.277652,31298501
2006-05-25,6.296865,6.365489,6.200793,6.365489,33371981
2006-05-26,6.409408,6.461562,6.379214,6.458817,26719419
2006-05-29,6.436857,6.48901,6.420387,6.442347,7125373
2006-05-30,6.469797,6.489011,6.346275,6.351765,27078636
2006-05-31,6.346275,6.450582,6.310591,6.447837,33045620
2006-06-01,6.450582,6.494501,6.357255,6.447837,43017023
2006-06-02,6.491754,6.497244,6.392937,6.403916,0
2006-06-05,6.44509,6.530183,6.401172,6.46156,35032878
2006-06-06,6.412153,6.436857,6.318825,6.346274,67703506
2006-06-07,6.406663,6.406663,6.321571,6.351765,62342990
2006-06-08,6.28314,6.28314,6.156874,6.156874,65450559
2006-06-09,6.280396,6.280396,6.178834,6.244712,61302325
2006-06-12,6.296865,6.310589,6.217262,6.252946,107071742
2006-06-13,6.206282,6.280395,6.123934,6.280395,140445952
2006-06-14,6.230988,6.230988,6.069037,6.104721,71739084
2006-06-15,6.143149,6.220007,6.107465,6.220007,46093190
2006-06-16,6.285885,6.29412,6.181578,6.230987,54574981
2006-06-19,6.287505,6.293157,6.106651,6.168819,27072152
2006-06-20,6.146211,6.24229,6.081217,6.239464,61609415
2006-06-21,6.262072,6.27055,6.140561,6.245117,52470977
2006-06-22,6.321413,6.324238,6.177295,6.222508,54152312
2006-06-23,6.270549,6.352498,6.236638,6.321414,77000570
2006-06-26,6.397711,6.397711,6.273374,6.293155,86874167
2006-06-27,6.366626,6.425969,6.318587,6.318587,86042648
2006-06-28,6.335545,6.383584,6.31859,6.346848,23264961
2006-06-29,6.386408,6.448576,6.341195,6.431622,20323466
2006-06-30,6.510745,6.513571,6.451402,6.507919,28801240
2006-07-03,6.541831,6.620954,6.52205,6.598348,17752693
2006-07-04,6.584217,6.592694,6.530526,6.589869,18614139
2006-07-05,6.570088,6.584217,6.485313,6.496616,20513385
2006-07-06,6.55596,6.609651,6.550308,6.578567,20303209
2006-07-07,6.572913,6.640733,6.527699,6.620952,23260694
2006-07-10,6.598349,6.66617,6.55031,6.649215,13118102
2006-07-11,6.64356,6.683121,6.609649,6.615301,21976376
2006-07-12,6.640733,6.666166,6.598346,6.640733,16338967
2006-07-13,6.649212,6.649212,6.547482,6.553133,26669455
2006-07-14,6.5277,6.615301,6.516396,6.516396,17391656
2006-07-17,6.550308,6.561611,6.47401,6.502268,16091400
2006-07-18,6.496615,6.496615,6.39206,6.437273,18334572
2006-07-19,6.437273,6.507919,6.37793,6.507919,20130158
2006-07-20,6.502268,6.533352,6.411841,6.476835,16601828
2006-07-21,6.440098,6.536176,6.420316,6.49944,20486987
2006-07-24,6.513572,6.558786,6.45423,6.558786,15158412
2006-07-25,6.578565,6.620953,6.553133,6.589869,15528641
2006-07-26,6.578566,6.666167,6.578566,6.646386,14194059
2006-07-27,6.668995,6.770725,6.668995,6.736815,16734735
2006-07-28,6.72551,6.790504,6.714207,6.790504,15456417
2006-07-31,6.790504,6.801807,6.756594,6.784853,10634907
2006-08-01,6.83572,6.847023,6.725511,6.736815,16955991
2006-08-02,6.767898,6.815937,6.75942,6.796156,15362994
2006-08-03,6.807461,6.807461,6.694427,6.736815,17387214
2006-08-04,6.73964,6.782028,6.691601,6.782028,15024958
2006-08-07,6.728335,6.75942,6.702903,6.714206,12640014
2006-08-08,6.753768,6.776375,6.719858,6.745291,11362907
2006-08-09,6.753768,6.844195,6.725509,6.838543,17018788
2006-08-10,6.796155,6.844194,6.739638,6.830065,23342924
2006-08-11,6.838543,6.883757,6.818762,6.866801,17596315
2006-08-14,6.869629,6.883758,6.818764,6.869629,10851837
2006-08-16,6.917666,6.926144,6.84702,6.906363,17067810
2006-08-17,6.880931,6.880931,6.782026,6.838543,17939012
2006-08-18,6.84137,6.909191,6.835719,6.869629,17869353
2006-08-21,6.883758,6.917668,6.861152,6.863977,12183027
2006-08-22,6.903538,6.903538,6.835718,6.900712,13717494
2006-08-23,6.895061,6.906364,6.82724,6.852673,12877816
2006-08-24,6.810285,6.86115,6.79333,6.841369,13218341
2006-08-25,6.84137,6.883758,6.804634,6.863977,10927213
2006-08-28,6.824415,6.878107,6.815938,6.878107,7762540
2006-08-29,6.861149,6.889407,6.773548,6.807458,16293672
2006-08-30,6.810283,6.810283,6.733985,6.779199,18154137
2006-08-31,6.79333,6.813111,6.739639,6.753768,16198706
2006-09-01,6.725509,6.787678,6.725509,6.745291,12116851
2006-09-04,6.773549,6.773549,6.697252,6.72551,15202341
2006-09-05,6.73116,6.759419,6.69725,6.748115,16697458
2006-09-06,6.748115,6.767896,6.635081,6.640733,26049312
2006-09-07,6.598347,6.618127,6.524875,6.567262,25382908
2006-09-08,6.570088,6.612476,6.547482,6.587043,14391956
2006-09-11,6.530527,6.54183,6.4401,6.482487,30054299
2006-09-12,6.493791,6.499443,6.420319,6.459881,31540517
2006-09-13,6.474009,6.496616,6.434447,6.465531,18419681
2006-09-14,6.490964,6.539003,6.471183,6.474009,24351182
2006-09-15,6.468356,6.476834,6.389233,6.389233,46721944
2006-09-18,6.428794,6.457052,6.389232,6.400535,25122742
2006-09-19,6.462705,6.5277,6.442924,6.442924,30162487
2006-09-20,6.420317,6.510744,6.403362,6.493789,29708288
2006-09-21,6.471183,6.5277,6.459879,6.516396,20125392
2006-09-22,6.479662,6.519224,6.403364,6.423145,17404103
2006-09-25,6.437273,6.437273,6.335542,6.392059,20409034
2006-09-26,6.431622,6.499442,6.411841,6.482487,24958475
2006-09-27,6.5277,6.564436,6.496615,6.51357,28934994
2006-09-28,6.558785,6.626606,6.547482,6.598348,38563984
2006-09-29,6.592696,6.637909,6.575741,6.604,20726306
2006-10-02,6.637908,6.657688,6.598346,6.62943,18219854
2006-10-03,6.587043,6.601172,6.502268,6.536178,49360175
2006-10-04,6.47966,6.553132,6.462705,6.527699,32217005
2006-10-05,6.581393,6.626606,6.564437,6.598348,37464617
2006-10-06,6.609648,6.635081,6.595519,6.620952,35959023
2006-10-09,6.635083,6.694426,6.62378,6.67182,38815285
2006-10-10,6.685948,6.685948,6.615302,6.654863,66795271
2006-10-11,6.64356,6.694425,6.618127,6.674644,38434590
2006-10-12,6.666168,6.717033,6.640735,6.717033,74454836
2006-10-13,6.733988,6.77355,6.708556,6.728336,70149636
2006-10-16,6.779201,6.801807,6.745291,6.762246,75867868
2006-10-17,6.796157,6.838545,6.779202,6.801808,64141342
2006-10-18,6.832891,6.84702,6.76507,6.807458,64042500
2006-10-19,6.762245,6.849846,6.759419,6.841369,36001202
2006-10-20,6.897886,6.897886,6.841369,6.866801,30803770
2006-10-23,6.887084,6.907366,6.794368,6.863905,21618200
2006-10-24,6.829136,6.878391,6.820444,6.858109,53361829
2006-10-25,6.866801,6.968209,6.863904,6.930543,78632973
2006-10-26,6.979799,6.988491,6.910262,6.930543,92143522
2006-10-27,6.918955,6.945031,6.861008,6.878392,32785682
2006-10-30,6.843621,6.875492,6.814647,6.875492,38500268
2006-10-31,6.855211,6.87839,6.829134,6.846519,71270465
2006-11-01,6.863908,6.869702,6.814652,6.852318,0
2006-11-02,6.817548,6.82624,6.727729,6.779882,33148872
2006-11-03,6.814652,6.86101,6.791473,6.852318,38580849
2006-11-06,6.863903,6.939235,6.863903,6.939235,30196201
2006-11-07,6.947929,6.976903,6.930545,6.965314,20363783
2006-11-08,6.936338,7.031951,6.927645,7.01167,31731399
2006-11-09,7.040647,7.058032,7.008776,7.043545,17111136
2006-11-10,7.04644,7.205796,7.040645,7.185514,47549955
2006-11-13,7.21159,7.226078,7.130464,7.15654,22778481
2006-11-14,7.17972,7.205796,7.130464,7.194206,25578546
2006-11-15,7.228977,7.255053,7.191311,7.234771,26018416
2006-11-16,7.234772,7.29272,7.211593,7.272438,22312985
2006-11-17,7.208691,7.208691,7.118872,7.153641,29241445
2006-11-20,7.118874,7.194206,7.0899,7.188411,21763725
2006-11-21,7.165233,7.211591,7.159438,7.17972,14386604
2006-11-22,7.223181,7.249257,7.147849,7.16813,18045165
2006-11-23,7.176823,7.205797,7.130465,7.16813,14125586
2006-11-24,7.147848,7.171027,7.092798,7.142053,17468153
2006-11-27,7.171026,7.217384,7.095694,7.095694,25441602
2006-11-28,7.139157,7.150747,7.081209,7.107286,23084737
2006-11-29,7.15654,7.228974,7.130463,7.217384,27661990
2006-11-30,7.257951,7.315898,7.162337,7.162337,32974416
2006-12-01,7.200001,7.231872,7.063824,7.110182,22786044
2006-12-04,7.142054,7.162335,7.052235,7.10149,22223907
2006-12-05,7.136257,7.18841,7.110181,7.176821,19063145
2006-12-06,7.185515,7.220284,7.150747,7.2029,21519447
2006-12-07,7.18841,7.2,7.156539,7.182616,16517359
2006-12-08,7.185513,7.191308,7.127566,7.159437,0
2006-12-11,7.200003,7.208694,7.150747,7.208694,13693152
2006-12-12,7.208694,7.23477,7.188412,7.226079,18350235
2006-12-13,7.214489,7.281128,7.19131,7.281128,21237217
2006-12-14,7.29272,7.376743,7.263746,7.359359,23612306
2006-12-15,7.382537,7.45787,7.365153,7.45787,32903993
2006-12-18,7.454971,7.498432,7.391229,7.414408,18814058
2006-12-19,7.373845,7.446279,7.341973,7.402818,19397098
2006-12-20,7.446278,7.460764,7.428893,7.437585,12965849
2006-12-21,7.423099,7.440483,7.38833,7.41151,13052820
2006-12-22,7.388332,7.388332,7.301411,7.301411,12800697
2006-12-27,7.359356,7.425996,7.330382,7.423099,9975462
2006-12-28,7.420203,7.423101,7.394127,7.414408,8714033
2006-12-29,7.408613,7.43469,7.365153,7.382537,8424113
2007-01-02,7.443382,7.469459,7.428895,7.452074,8555281
2007-01-03,7.469458,7.475253,7.362255,7.388331,17452257
2007-01-04,7.344871,7.344871,7.260846,7.307204,24866078
2007-01-05,7.272438,7.272438,7.205799,7.223183,24067713
2007-01-08,7.257949,7.278231,7.16813,7.171028,21965881
2007-01-09,7.179718,7.179718,7.092796,7.115975,31225594
2007-01-10,7.101491,7.110184,7.049338,7.049338,25076038
2007-01-11,7.075414,7.185514,7.060927,7.17972,27793190
2007-01-12,7.153644,7.208694,7.110184,7.127568,26641706
2007-01-15,7.202901,7.237669,7.194208,7.21449,14728704
2007-01-16,7.205796,7.217385,7.144951,7.15654,17937896
2007-01-17,7.173926,7.194208,7.026159,7.058031,35194028
2007-01-18,7.110181,7.165231,7.055131,7.087002,31654578
2007-01-19,7.075413,7.15654,7.043542,7.15654,24983759
2007-01-22,7.185514,7.220283,7.144951,7.144951,24003055
2007-01-23,7.168129,7.2,7.127565,7.182616,21028527
2007-01-24,7.231874,7.266643,7.21449,7.243464,22064343
2007-01-25,7.27823,7.27823,7.208692,7.220282,18052142
2007-01-26,7.191309,7.255052,7.16813,7.191309,20276350
2007-01-29,7.228975,7.23477,7.142054,7.17972,15720008
2007-01-30,7.150744,7.2,7.130463,7.176821,18355681
2007-01-31,7.21159,7.22318,7.139156,7.15654,24242322
2007-02-01,7.200001,7.228975,7.182617,7.200001,20648530
2007-02-02,7.217385,7.22318,7.133362,7.139156,22097352
2007-02-05,7.165232,7.243461,7.14495,7.220282,18447122
2007-02-06,7.231873,7.237668,7.162335,7.191309,17994399
2007-02-07,7.191309,7.211591,7.173925,7.17972,12542899
2007-02-08,7.176822,7.176822,7.104388,7.139156,14983872
2007-02-09,7.173925,7.200001,7.118874,7.142053,16096457
2007-02-12,7.113078,7.127565,7.084105,7.095694,16021271
2007-02-13,7.107283,7.153641,7.066719,7.153641,22913562
2007-02-14,7.17972,7.188412,7.095696,7.11308,20584912
2007-02-15,7.121769,7.133359,7.072514,7.118872,15626205
2007-02-16,7.113081,7.118876,7.052236,7.060929,21405209
2007-02-19,7.072515,7.098592,7.058028,7.095694,11458382
2007-02-20,7.063825,7.089901,6.942134,6.962417,29848903
2007-02-21,6.965314,6.988493,6.895776,6.933442,27026833
2007-02-22,6.953724,7.034851,6.927647,6.953724,24183473
2007-02-23,7.00008,7.00008,6.869697,6.881287,40350527
2007-02-26,6.895776,7.029056,6.889982,7.014569,26404675
2007-02-27,6.968209,6.968209,6.832032,6.846519,32209390
2007-02-28,6.779878,6.878389,6.692957,6.707443,40111608
2007-03-01,6.721931,6.823339,6.510422,6.710341,46599351
2007-03-02,6.713243,6.762498,6.588655,6.70455,42993916
2007-03-05,6.577063,6.733522,6.545192,6.698753,37626860
2007-03-06,6.762497,6.823341,6.72483,6.753804,36068759
2007-03-07,6.782778,6.832033,6.713241,6.788573,35277689
2007-03-08,6.849418,6.863905,6.805957,6.843623,22959424
2007-03-09,6.832036,6.852318,6.759602,6.852318,33620441
2007-03-12,6.849417,6.849417,6.753803,6.776982,18083401
2007-03-13,6.753803,6.800161,6.719034,6.730624,18876606
2007-03-14,6.663984,6.692958,6.579959,6.594447,31707587
2007-03-15,6.684267,6.687165,6.577064,6.687165,29639053
2007-03-16,6.692958,6.695855,6.629215,6.681368,33520033
2007-03-19,6.690063,6.733524,6.617629,6.733524,22226294
2007-03-20,6.707446,6.710344,6.635012,6.687165,20030639
2007-03-21,6.675575,6.721934,6.652396,6.719036,17303685
2007-03-22,6.779881,6.84652,6.742215,6.840726,26369274
2007-03-23,6.811753,6.974007,6.808856,6.968212,29736159
2007-03-26,6.974005,7.014568,6.869699,6.898673,26472420
2007-03-27,6.92475,6.959519,6.887084,6.887084,19279715
2007-03-28,6.939237,7.011672,6.92475,6.953724,32681769
2007-03-29,6.997184,7.026158,6.976903,7.026158,20034578
2007-03-30,7.052236,7.084107,7.011672,7.058031,24755676
2007-04-02,7.011671,7.03485,6.956621,7.000082,18458245
2007-04-03,7.023259,7.029054,6.968208,7.01167,20170612
2007-04-04,7.011671,7.037748,6.959518,6.997184,21884297
2007-04-05,7.002977,7.031951,6.985593,7.031951,11141124
2007-04-10,7.026155,7.089897,7.000078,7.081205,17045255
2007-04-11,7.089901,7.153644,7.084106,7.10149,23895676
2007-04-12,7.095696,7.118875,7.063825,7.089901,15854671
2007-04-13,7.115975,7.159436,7.115975,7.153641,19868488
2007-04-16,7.162337,7.168132,7.113081,7.162337,19221023
2007-04-17,7.162334,7.2,7.136257,7.176821,15349397
2007-04-18,7.176823,7.176823,7.098594,7.127568,19327003
2007-04-19,7.066722,7.078312,7.008775,7.037749,19873268
2007-04-20,7.089899,7.089899,7.031952,7.084105,20745268
2007-04-23,7.089899,7.118873,7.06672,7.095694,14872773
2007-04-24,7.084105,7.136258,7.040644,7.069618,21727672
2007-04-25,7.078312,7.130465,7.072517,7.127568,0
2007-04-26,7.176823,7.176823,7.098594,7.107286,18621080
2007-04-27,7.078313,7.098594,7.011673,7.055134,17593678
2007-04-30,7.04644,7.115977,7.04644,7.078311,13062796
2007-05-02,7.095694,7.194205,7.072515,7.176821,21915043
2007-05-03,7.214487,7.272435,7.173924,7.231871,27996321
2007-05-04,7.231873,7.286923,7.223181,7.281128,20655099
2007-05-07,7.263745,7.26954,7.197105,7.260848,10499025
2007-05-08,7.246359,7.252154,7.118874,7.200001,41542405
2007-05-09,7.214489,7.240566,7.188413,7.2029,16709424
2007-05-10,7.2,7.220282,7.084105,7.084105,21383618
2007-05-11,7.087003,7.214488,7.084106,7.211591,28693087
2007-05-14,7.234771,7.255053,7.197105,7.237669,15551427
2007-05-15,7.220283,7.35646,7.217386,7.330384,30126760
2007-05-16,7.321693,7.373846,7.298514,7.356462,19491626
2007-05-17,7.373843,7.437585,7.353561,7.437585,20332187
2007-05-18,7.460764,7.556378,7.452072,7.556378,36976318
2007-05-21,7.55638,7.698351,7.55638,7.637506,26968804
2007-05-22,7.660686,7.692557,7.623019,7.643301,29449078
2007-05-23,7.620122,7.707044,7.591149,7.707044,28004663
2007-05-24,7.663585,7.692558,7.594047,7.594047,27741706
2007-05-25,7.544791,7.666481,7.533202,7.620123,18804109
2007-05-28,7.614329,7.663584,7.463664,7.620123,28791990
2007-05-29,7.594044,7.637505,7.527405,7.562173,46870337
2007-05-30,7.51002,7.559276,7.475251,7.559276,44252487
2007-05-31,7.605637,7.649097,7.59115,7.614329,22312799
2007-06-01,7.628814,7.683865,7.602738,7.628814,37634955
2007-06-04,7.620122,7.646199,7.541893,7.56797,31163419
2007-06-05,7.608531,7.678068,7.585352,7.654889,69326817
2007-06-06,7.663586,7.709944,7.582459,7.585356,73419915
2007-06-07,7.649094,7.701247,7.596941,7.623017,112730965
2007-06-08,7.628816,7.744711,7.576663,7.594047,153670726
2007-06-11,7.663582,7.663582,7.547686,7.611429,41032823
2007-06-12,7.614329,7.657789,7.591149,7.620123,148047700
2007-06-13,7.591147,7.680966,7.567968,7.654889,96184240
2007-06-14,7.707041,7.875089,7.692554,7.85191,42032368
2007-06-15,7.877989,7.918553,7.814247,7.860605,66034291
2007-06-18,7.908101,7.964502,7.875447,7.896227,22292222
2007-06-19,7.937785,8.080273,7.928879,8.029808,86682864
2007-06-20,8.047622,8.089181,7.985283,8.006063,52952008
2007-06-21,7.937785,8.011998,7.931848,7.940754,57818644
2007-06-22,7.955598,7.976378,7.884354,7.890291,56595211
2007-06-25,7.875446,7.90513,7.819044,7.88732,59660028
2007-06-26,7.851699,7.896226,7.765612,7.824982,80127771
2007-06-27,7.795297,7.807171,7.735927,7.756706,25714421
2007-06-28,7.813111,7.902166,7.792331,7.881386,24959729
2007-06-29,7.928883,8.000128,7.919978,7.985285,22171571
2007-07-02,7.964503,8.112929,7.937787,8.104023,23150047
2007-07-03,8.160421,8.213854,8.118862,8.154484,26687933
2007-07-04,8.154487,8.187141,8.08918,8.101054,15042212
2007-07-05,8.133706,8.14558,8.023871,8.080273,30465738
2007-07-06,8.071371,8.237607,8.056528,8.237607,24005791
2007-07-09,8.243542,8.424621,8.225731,8.409779,38491554
2007-07-10,8.406812,8.593828,8.353378,8.353378,51645094
2007-07-11,8.320724,8.394936,8.24948,8.291039,37672597
2007-07-12,8.335565,8.368218,8.201982,8.368218,30965609
2007-07-13,8.427589,8.439463,8.276195,8.374156,25360029
2007-07-16,8.383063,8.400874,8.30885,8.377126,24138169
2007-07-17,8.350409,8.350409,8.213858,8.296976,41387222
2007-07-18,8.228697,8.270257,8.190107,8.204949,30192663
2007-07-19,8.273226,8.276194,8.213856,8.261352,15418498
2007-07-20,8.264322,8.32666,8.053558,8.071369,42296895
2007-07-23,8.071369,8.175267,8.017936,8.166361,22319704
2007-07-24,8.166361,8.193078,8.017936,8.017936,23633280
2007-07-25,7.97341,8.023874,7.81311,7.89326,22848050
2007-07-26,7.93185,8.012,7.75374,7.75374,32714621
2007-07-27,7.673589,7.765612,7.548911,7.578597,37943948
2007-07-30,7.599376,7.682494,7.51032,7.557817,29073136
2007-07-31,7.599375,7.655777,7.525162,7.652808,29892052
2007-08-01,7.501415,7.617186,7.447982,7.522194,29111376
2007-08-02,7.525167,7.525167,7.355963,7.415332,31174672
2007-08-03,7.415326,7.418294,7.257995,7.299554,21090152
2007-08-06,7.237218,7.338147,7.21347,7.255029,22686283
2007-08-07,7.335179,7.459857,7.296589,7.456889,24937882
2007-08-08,7.462823,7.605312,7.347052,7.584532,26190427
2007-08-09,7.525164,7.540006,7.37377,7.409392,30816336
2007-08-10,7.29065,7.317367,7.09176,7.127383,42009734
2007-08-13,7.222376,7.311431,7.142226,7.275809,20620054
2007-08-14,7.243156,7.287684,7.127385,7.177849,16356181
2007-08-16,7.065044,7.085824,6.892871,6.919588,35414748
2007-08-17,6.866155,7.118478,6.824596,7.070982,40646250
2007-08-20,7.136291,7.154101,7.070983,7.0977,21579044
2007-08-21,7.118482,7.127387,6.990836,7.023489,26065864
2007-08-22,7.053173,7.243157,7.053173,7.228315,29098017
2007-08-23,7.278777,7.314398,7.237217,7.266902,18674898
2007-08-24,7.207533,7.415328,7.195659,7.379706,18886772
2007-08-27,7.358929,7.373771,7.263936,7.302527,16779670
2007-08-28,7.299557,7.33221,7.171911,7.189722,20783160
2007-08-29,7.151129,7.332208,7.136287,7.299554,22635992
2007-08-30,7.358928,7.480637,7.317368,7.409392,31942750
2007-08-31,7.474701,7.557819,7.442047,7.53407,23508352
2007-09-03,7.519225,7.534067,7.439075,7.486571,10669900
2007-09-04,7.477669,7.486574,7.394551,7.480638,18398756
2007-09-05,7.507353,7.548912,7.367833,7.37377,26995773
2007-09-06,7.421267,7.531102,7.373771,7.513291,28675238
2007-09-07,7.522195,7.584534,7.361896,7.364864,24997076
2007-09-10,7.418297,7.498447,7.323305,7.385643,19533115
2007-09-11,7.468763,7.489543,7.412362,7.462826,36866520
2007-09-12,7.486575,7.513291,7.394551,7.495481,25525936
2007-09-13,7.51032,7.56969,7.459855,7.554848,25391364
2007-09-14,7.540005,7.572659,7.447982,7.522194,27728840
2007-09-17,7.483605,7.516259,7.409393,7.421267,15218106
2007-09-18,7.427203,7.569691,7.403455,7.557817,19524260
2007-09-19,7.71515,7.836858,7.661716,7.7953,34120172
2007-09-20,7.756707,7.839825,7.738896,7.786392,19916699
2007-09-21,7.804204,7.839826,7.741866,7.75374,24852053
2007-09-24,7.694369,7.863574,7.685464,7.789361,14095785
2007-09-25,7.7478,7.777486,7.664682,7.685462,17451700
2007-09-26,7.712179,7.792329,7.694368,7.759675,16084606
2007-09-27,7.801238,7.807174,7.753741,7.768584,15351295
2007-09-28,7.78639,7.801233,7.682492,7.715146,17574762
2007-10-01,7.688431,7.777487,7.649841,7.777487,16877849
2007-10-02,7.83389,7.83389,7.65578,7.688433,27870662
2007-10-03,7.697334,7.732955,7.578594,7.620152,25095338
2007-10-04,7.584534,7.646873,7.486573,7.626093,31830194
2007-10-05,7.655778,7.724053,7.646872,7.706242,32254999
2007-10-08,7.718118,7.744835,7.676559,7.688433,42296223
2007-10-09,7.697339,7.810142,7.682496,7.783425,98011376
2007-10-10,7.765614,7.783424,7.709212,7.765614,53028142
2007-10-11,7.792327,7.863571,7.777485,7.836854,81434603
2007-10-12,7.813108,7.857635,7.786391,7.851698,90400064
2007-10-15,7.727022,7.94966,7.715148,7.866542,73916960
2007-10-16,7.91107,7.967472,7.866543,7.905133,139427134
2007-10-17,7.902163,7.911068,7.801234,7.851698,77261365
2007-10-18,7.866543,7.866543,7.706243,7.729992,32715680
2007-10-19,7.744832,7.824982,7.667651,7.700305,20818312
2007-10-22,7.590909,7.612181,7.508862,7.548367,25243762
2007-10-23,7.606105,7.606105,7.502786,7.521019,93577312
2007-10-24,7.551405,7.569637,7.426814,7.514939,54791684
2007-10-25,7.566599,7.590909,7.499746,7.536211,103210224
2007-10-26,7.600028,7.675997,7.569639,7.639532,45205416
2007-10-29,7.721576,7.748925,7.645606,7.700305,37052733
2007-10-30,7.736771,7.779315,7.642569,7.651685,49621647
2007-10-31,7.627376,7.672958,7.51494,7.657764,47161949
2007-11-01,7.657763,7.721578,7.48759,7.536211,0
2007-11-02,7.502782,7.524054,7.451123,7.50886,22955752
2007-11-05,7.460241,7.545328,7.417698,7.429854,16596182
2007-11-06,7.46328,7.46328,7.38731,7.420737,27157668
2007-11-07,7.472398,7.606105,7.472398,7.578756,33611760
2007-11-08,7.517979,7.560522,7.372117,7.384272,38264653
2007-11-09,7.396427,7.396427,7.165479,7.265759,32365312
2007-11-12,7.174596,7.198906,7.034811,7.110781,29097128
2007-11-13,7.050003,7.086468,6.9558,7.086468,33345526
2007-11-14,7.144208,7.204983,7.031772,7.165479,26072380
2007-11-15,7.192829,7.223217,7.129014,7.159402,23453555
2007-11-16,7.135087,7.372113,7.125971,7.353881,40080172
2007-11-19,7.356921,7.426814,7.223215,7.274874,22210340
2007-11-20,7.329574,7.350846,7.241449,7.31438,20716608
2007-11-21,7.235371,7.38731,7.235371,7.329574,25508416
2007-11-22,7.329574,7.411621,7.28703,7.323496,11805339
2007-11-23,7.317418,7.344768,7.235371,7.293108,16128331
2007-11-26,7.308302,7.353885,7.217139,7.23841,14160041
2007-11-27,7.201942,7.217136,7.074313,7.153321,20727682
2007-11-28,7.15636,7.229292,7.086468,7.20802,21414415
2007-11-29,7.183712,7.347807,7.156363,7.31438,21330966
2007-11-30,7.323496,7.423776,7.277914,7.405543,20298840
2007-12-03,7.381233,7.41162,7.314379,7.344767,14336355
2007-12-04,7.338689,7.405543,7.320456,7.372116,18931721
2007-12-05,7.414659,7.581794,7.384271,7.554444,23146088
2007-12-06,7.56964,7.61826,7.508864,7.615222,18467524
2007-12-07,7.633455,7.651687,7.596989,7.615222,15669417
2007-12-10,7.575716,7.609143,7.511901,7.545328,15257255
2007-12-11,7.545325,7.545325,7.451123,7.50886,16026551
2007-12-12,7.445047,7.609142,7.420736,7.551404,20568487
2007-12-13,7.514939,7.533172,7.396426,7.408581,22443416
2007-12-14,7.429855,7.499747,7.408583,7.475437,11958450
2007-12-17,7.417697,7.463279,7.372116,7.372116,14937991
2007-12-18,7.366038,7.460241,7.341728,7.350844,15136150
2007-12-19,7.323496,7.490629,7.293108,7.396427,35976570
2007-12-20,7.429852,7.539248,7.420736,7.493667,20559512
2007-12-21,7.551403,7.627373,7.490627,7.502783,27788707
2007-12-27,7.615221,7.621299,7.539251,7.596988,9595410
2007-12-28,7.59395,7.679037,7.566601,7.612183,9965700
2008-01-02,7.584833,7.669919,7.560522,7.596988,12451835
2008-01-03,7.621299,7.761084,7.603066,7.715501,18952506
2008-01-04,7.703344,7.78843,7.621297,7.648646,18995750
2008-01-07,7.581792,7.788429,7.581792,7.773235,18852792
2008-01-08,7.748926,7.858322,7.721576,7.739809,17427166
2008-01-09,7.709423,7.736772,7.654725,7.712461,18134496
2008-01-10,7.697269,7.721579,7.633454,7.639532,18884880
2008-01-11,7.624337,7.69423,7.572678,7.596988,22890208
2008-01-14,7.64257,7.679036,7.59091,7.596988,15806289
2008-01-15,7.569637,7.593947,7.414659,7.414659,20893267
2008-01-16,7.393386,7.438968,7.217136,7.262718,30352291
2008-01-17,7.23233,7.3083,7.074313,7.086468,26312644
2008-01-18,7.122931,7.171552,7.046961,7.05,29332576
2008-01-21,7.022653,7.059119,6.624571,6.691425,38727888
2008-01-22,6.436165,6.715734,6.381467,6.661036,43552792
2008-01-23,6.700545,6.700545,6.290308,6.345006,40934097
2008-01-24,6.566835,6.657999,6.463516,6.639766,29016872
2008-01-25,6.749161,6.82817,6.654959,6.673192,22783237
2008-01-28,6.572912,6.633688,6.481748,6.615455,20523596
2008-01-29,6.673192,6.70358,6.585067,6.691425,19955732
2008-01-30,6.657997,6.688385,6.506058,6.533407,20825768
2008-01-31,6.542524,6.588106,6.442244,6.560757,21497823
2008-02-01,6.615455,6.667114,6.527329,6.612416,24911335
2008-02-04,6.657999,6.752202,6.633689,6.712698,14819776
2008-02-05,6.682309,6.812977,6.47871,6.50302,24055426
2008-02-06,6.442243,6.603299,6.442243,6.533407,22549120
2008-02-07,6.50606,6.53037,6.37843,6.424012,21251720
2008-02-08,6.463517,6.515177,6.427051,6.469595,14181337
2008-02-11,6.424011,6.539486,6.420972,6.454399,21083824
2008-02-12,6.542526,6.746125,6.518216,6.746125,28312960
2008-02-13,6.694467,6.740048,6.612419,6.697505,21248624
2008-02-14,6.712698,6.882871,6.673194,6.797785,24088202
2008-02-15,6.852481,6.919335,6.624571,6.800821,30495221
2008-02-18,6.849444,6.940608,6.846405,6.901103,12800480
2008-02-19,6.891985,7.089506,6.879829,7.034808,28400040
2008-02-20,7.019615,7.122934,6.910218,6.928451,22891574
2008-02-21,7.001383,7.065197,6.882869,6.898064,23199026
2008-02-22,6.858559,6.977072,6.797783,6.898064,18160364
2008-02-25,6.96188,7.077355,6.940609,7.031772,16163146
2008-02-26,7.089508,7.089508,6.937568,7.046965,21841656
2008-02-27,7.077353,7.119896,6.974034,7.092547,17554000
2008-02-28,7.062157,7.122933,7.007458,7.034808,17534568
2008-02-29,7.019617,7.074315,6.901103,6.964918,22111604
2008-03-03,6.895025,6.958839,6.849443,6.873753,21912520
2008-03-04,6.891987,6.931491,6.785629,6.828172,26581958
2008-03-05,6.852482,7.095586,6.840327,7.095586,25097258
2008-03-06,7.156359,7.174593,6.974032,7.001381,27304028
2008-03-07,6.95884,7.016577,6.849444,6.864637,20723435
2008-03-10,6.834248,6.87983,6.752201,6.800821,22015313
2008-03-11,6.819055,6.967956,6.812977,6.934529,17080004
2008-03-12,6.977073,7.016577,6.822095,6.849444,21102970
2008-03-13,6.75524,6.761317,6.642805,6.737007,20486520
2008-03-14,6.712698,6.822094,6.624572,6.718775,17817838
2008-03-17,6.533409,6.694466,6.515177,6.515177,23355416
2008-03-18,6.624571,6.694464,6.594184,6.685348,17969098
2008-03-19,6.730931,6.75828,6.55772,6.588108,25075793
2008-03-20,6.53341,6.53341,6.341966,6.341966,38322252
2008-03-25,6.305499,6.484788,6.290305,6.484788,24286824
2008-03-26,6.472633,6.521254,6.393625,6.50606,14994008
2008-03-27,6.518213,6.62457,6.506058,6.57595,16426105
2008-03-28,6.566834,6.65192,6.518214,6.560757,11315053
2008-03-31,6.493905,6.603302,6.451362,6.563797,13708415
2008-04-01,6.506059,6.636727,6.490865,6.63065,16805758
2008-04-02,6.685349,6.767397,6.591147,6.727892,17355108
2008-04-03,6.78259,6.864638,6.73397,6.785629,17627048
2008-04-04,6.822091,6.858557,6.752199,6.846402,13333929
2008-04-07,6.898063,6.946684,6.825132,6.928451,12928890
2008-04-08,6.879832,7.004423,6.879832,6.96188,18366484
2008-04-09,6.974035,7.107741,6.961879,7.040888,19944410
2008-04-10,7.065201,7.107744,7.004425,7.098628,17160832
2008-04-11,7.132052,7.147246,6.96188,7.016578,18707520
2008-04-14,6.958842,6.98923,6.895027,6.93757,12131550
2008-04-15,7.0105,7.08647,6.943647,6.98619,18384794
2008-04-16,7.043926,7.13205,6.998344,7.119895,15991172
2008-04-17,7.144205,7.180671,7.062158,7.129011,14872990
2008-04-18,7.153324,7.250565,7.141169,7.244488,17491524
2008-04-21,7.247525,7.390348,7.232331,7.299185,30170956
2008-04-22,7.308299,7.414656,7.308299,7.353881,23578488
2008-04-23,7.372117,7.472397,7.271837,7.39035,27881880
2008-04-24,7.372116,7.426815,7.277914,7.375155,31036776
2008-04-25,7.423776,7.496707,7.375156,7.451126,13986157
2008-04-28,7.487589,7.527094,7.457201,7.457201,18159530
2008-04-29,7.499747,7.596989,7.460243,7.496708,33519457
2008-04-30,7.514942,7.572679,7.463282,7.517981,55338527
2008-05-02,7.572676,7.663839,7.505823,7.627374,44644364
2008-05-05,7.624335,7.71246,7.596986,7.675994,15099003
2008-05-06,7.700307,7.715501,7.654725,7.688152,29891169
2008-05-07,7.727657,7.827937,7.712463,7.779316,89554720
2008-05-08,7.791468,7.83705,7.73677,7.773235,73438620
2008-05-09,7.761085,7.818821,7.691192,7.718541,70834851
2008-05-12,7.7702,7.803627,7.697269,7.715501,75932912
2008-05-13,7.697266,7.758042,7.596986,7.694227,102910119
2008-05-14,7.736769,7.909981,7.724614,7.897825,94797193
2008-05-15,7.891748,7.925174,7.867437,7.897825,42771888
2008-05-16,7.922139,8.098389,7.922139,8.098389,39539712
2008-05-19,8.154558,8.232577,8.098385,8.223215,22665356
2008-05-20,8.201373,8.273151,8.145199,8.160803,20177234
2008-05-21,8.241941,8.422946,8.179526,8.39798,53431425
2008-05-22,8.363655,8.538418,8.348051,8.391742,49937683
2008-05-23,8.382375,8.391737,8.213853,8.216974,48252564
2008-05-26,8.220097,8.294995,8.216976,8.241942,22292252
2008-05-27,8.232578,8.307477,7.99228,8.092144,55099681
2008-05-28,8.095268,8.107751,7.954833,8.076543,60029692
2008-05-29,8.129595,8.220098,8.110871,8.160803,35333240
2008-05-30,8.110873,8.204497,8.067183,8.170168,34337640
2008-06-02,8.204492,8.223217,8.020367,8.095265,10716986
2008-06-03,8.10463,8.132717,8.029731,8.098389,37555895
2008-06-04,8.039095,8.039095,7.858091,7.89554,19536736
2008-06-05,7.851847,7.995403,7.845606,7.94235,20529292
2008-06-06,8.004766,8.070302,7.851848,7.867452,16618995
2008-06-09,7.833123,8.045335,7.833123,8.023489,16268283
2008-06-10,7.995402,8.011005,7.82688,7.82688,24149012
2008-06-11,7.830002,7.929867,7.689568,7.689568,24036592
2008-06-12,7.711414,7.792554,7.592825,7.642757,16385720
2008-06-13,7.692689,7.695809,7.546013,7.636515,21630372
2008-06-16,7.608428,7.764466,7.567858,7.723897,24827681
2008-06-17,7.705172,7.851848,7.673964,7.705172,15430714
2008-06-18,7.636514,7.689567,7.530408,7.567857,25205536
2008-06-19,7.564735,7.677083,7.508561,7.511682,28742799
2008-06-20,7.477357,7.542893,7.343164,7.343164,29937014
2008-06-23,7.321316,7.474234,7.290109,7.45863,19270280
2008-06-24,7.499203,7.539773,7.333803,7.389977,15638503
2008-06-25,7.455508,7.492958,7.365007,7.386852,17713547
2008-06-26,7.352523,7.424301,7.305712,7.305712,14420179
2008-06-27,7.308836,7.414942,7.255783,7.296352,14864845
2008-06-30,7.258903,7.44927,7.243299,7.396217,17183001
2008-07-01,7.377489,7.46487,7.246416,7.280745,17672281
2008-07-02,7.308836,7.380613,7.218333,7.296352,14283490
2008-07-03,7.240176,7.280746,7.140311,7.227693,18883066
2008-07-04,7.227694,7.268264,7.165278,7.165278,9522202
2008-07-07,7.224573,7.336921,7.20897,7.318197,10043414
2008-07-08,7.196488,7.233938,7.115348,7.159039,18014888
2008-07-09,7.174641,7.205849,7.124709,7.184004,11891325
2008-07-10,7.099743,7.121589,6.984275,7.021724,13772861
2008-07-11,7.084139,7.155917,6.981154,6.990516,15533919
2008-07-14,6.987396,7.08414,6.987396,7.018603,10607480
2008-07-15,6.949947,7.08414,6.865686,6.887531,16072659
2008-07-16,6.896893,6.92498,6.625386,6.709647,20380332
2008-07-17,6.68156,6.815753,6.597299,6.803269,17745964
2008-07-18,6.768943,6.806392,6.656596,6.806392,15342733
2008-07-21,6.821995,6.949947,6.781425,6.818874,11583415
2008-07-22,6.834477,6.987395,6.834477,6.949946,17127821
2008-07-23,6.981154,7.018603,6.915618,6.959309,14611690
2008-07-24,6.915615,6.921857,6.778301,6.793905,14675188
2008-07-25,6.834478,6.937463,6.750217,6.88441,21660768
2008-07-28,6.850082,6.956188,6.837599,6.912497,11564543
2008-07-29,6.940584,7.037328,6.859444,6.878169,14484151
2008-07-30,6.900014,6.949947,6.775183,6.878169,16431819
2008-07-31,6.984272,7.002997,6.756456,6.784543,19806996
2008-08-01,6.706526,6.731492,6.625386,6.64099,17890960
2008-08-04,6.625389,6.740857,6.544249,6.569215,12620000
2008-08-05,6.522402,6.556731,6.466228,6.544248,21662422
2008-08-06,6.569212,6.669077,6.506797,6.619144,17580204
2008-08-07,6.675318,6.80639,6.631627,6.740854,19185034
2008-08-08,6.719009,6.747096,6.538005,6.581696,17511208
2008-08-11,6.625384,6.731491,6.625384,6.72837,11081413
2008-08-12,6.709645,6.743973,6.65035,6.703403,12111412
2008-08-13,6.703408,6.812635,6.66908,6.66908,16953222
2008-08-14,6.750217,6.834478,6.734614,6.750217,16542394
2008-08-18,6.709649,6.8376,6.687804,6.759581,14187910
2008-08-19,6.700286,6.790788,6.662837,6.665958,12172006
2008-08-20,6.743973,6.818872,6.73149,6.784543,14366517
2008-08-21,6.784543,6.85632,6.712765,6.793905,13331875
2008-08-22,6.825116,6.837599,6.712768,6.778304,11460870
2008-08-25,6.725252,6.79391,6.71277,6.759581,5957937
2008-08-26,6.734614,6.793908,6.609783,6.778304,13426900
2008-08-27,6.800148,6.912495,6.759577,6.859442,13976059
2008-08-28,6.875048,6.92186,6.80327,6.896894,11177382
2008-08-29,6.912496,6.96867,6.862564,6.937462,31228936
2008-09-01,6.959307,6.999877,6.828235,6.840718,13058260
2008-09-02,6.803271,6.803271,6.67532,6.731493,42014992
2008-09-03,6.719008,6.775182,6.64411,6.650351,44313068
2008-09-04,6.684681,6.778304,6.488073,6.503677,42193099
2008-09-05,6.500556,6.547368,6.300828,6.319552,33482188
2008-09-08,6.484951,6.519279,6.416294,6.469347,26089688
2008-09-09,6.491193,6.494313,6.257135,6.328913,84951744
2008-09-10,6.425657,6.425657,6.204082,6.238411,124614568
2008-09-11,6.332034,6.388208,6.254015,6.303947,141503881
2008-09-12,6.406933,6.531764,6.391329,6.522401,60772864
2008-09-15,6.350761,6.413176,6.116703,6.213447,101753528
2008-09-16,6.11046,6.163513,5.885765,5.913852,116608988
2008-09-17,5.979386,6.03556,5.898246,5.941937,114007320
2008-09-18,5.960663,6.010595,5.695398,5.695398,70606427
2008-09-19,5.913852,6.303947,5.795262,6.303947,66933924
2008-09-22,6.410355,6.458724,6.207211,6.229782,51047840
2008-09-23,6.316845,6.326519,6.129823,6.207211,115860286
2008-09-24,6.062109,6.278152,6.013741,6.239458,106072928
2008-09-25,6.262029,6.371663,6.174967,6.352316,117321033
2008-09-26,6.25558,6.284601,6.136273,6.22011,34737904
2008-09-29,6.223334,6.226559,5.936352,5.936352,64951432
2008-09-30,5.836391,6.094352,5.762227,5.997617,44429612
2008-10-01,6.052433,6.110474,5.86541,5.968595,35462124
2008-10-02,5.981495,6.110476,5.771901,5.829942,28026116
2008-10-03,5.829942,6.010515,5.649369,5.929902,32355272
2008-10-06,5.67839,5.739655,5.291446,5.359162,41344224
2008-10-07,5.488144,5.639696,5.34304,5.443,38813639
2008-10-08,5.181813,5.481694,4.923851,4.923851,54475744
2008-10-09,5.027035,5.181813,4.762624,4.788421,40998350
2008-10-10,4.398252,4.630418,4.243475,4.436946,60758104
2008-10-13,4.756175,5.046382,4.65299,4.988341,39805296
2008-10-14,5.175363,5.491367,5.126995,5.188261,47447600
2008-10-15,5.133444,5.233404,4.810992,4.885156,28045632
2008-10-16,4.611071,4.891605,4.449845,4.504662,37745168
2008-10-17,4.649766,5.159241,4.488539,5.159241,62918608
2008-10-20,5.223732,5.37206,5.03026,5.33659,35860056
2008-10-21,5.404304,5.449448,5.217282,5.281772,22833932
2008-10-22,5.11732,5.191485,4.965768,5.120545,26607417
2008-10-23,5.159241,5.355937,4.936749,5.26565,31192748
2008-10-24,5.007687,5.117321,4.762623,4.968993,37105784
2008-10-27,4.733603,5.052831,4.623969,4.927074,24399010
2008-10-28,5.097976,5.149568,4.756176,4.914177,34274160
2008-10-29,5.226955,5.775125,5.162465,5.775125,35901268
2008-10-30,5.855739,5.855739,5.497816,5.726758,30305308
2008-10-31,5.726756,5.975045,5.559081,5.975045,25971479
2008-11-03,6.023413,6.071781,5.881534,5.958922,18103624
2008-11-04,5.981496,6.239458,5.904107,6.239458,24916086
2008-11-05,6.27815,6.27815,5.997617,5.997617,22086890
2008-11-06,5.842841,5.923454,5.552633,5.552633,28115532
2008-11-07,5.575205,5.794472,5.520388,5.739655,24370444
2008-11-10,5.878311,6.052435,5.858964,5.878311,17472070
2008-11-11,5.820268,5.820268,5.581654,5.581654,16954240
2008-11-12,5.675165,5.710634,5.397856,5.40108,17535149
2008-11-13,5.323691,5.562306,5.23018,5.510714,19320780
2008-11-14,5.765452,5.875086,5.626798,5.817045,22250240
2008-11-17,5.804146,5.858963,5.575205,5.575205,19970099
2008-11-18,5.675164,5.836391,5.517163,5.736431,19530524
2008-11-19,5.691286,5.823491,5.626796,5.626796,16783900
2008-11-20,5.488142,5.546183,5.236629,5.375283,22072681
2008-11-21,5.433326,5.497816,5.010913,5.117322,24954405
2008-11-24,5.349488,5.865413,5.223732,5.865413,24050717
2008-11-25,5.762228,6.039537,5.630022,5.871861,30535597
2008-11-26,5.820268,5.929902,5.649369,5.84284,19403814
2008-11-27,5.929904,5.962149,5.839617,5.88476,12302843
2008-11-28,5.87831,5.884759,5.617124,5.717084,18080477
2008-12-01,5.717083,5.733206,5.307569,5.307569,19384337
2008-12-02,5.268875,5.50749,5.194711,5.481694,20519868
2008-12-03,5.510714,5.510714,5.239854,5.426877,18908169
2008-12-04,5.381732,5.539734,5.281771,5.455896,17952668
2008-12-05,5.32369,5.333364,4.939972,4.962543,26355054
2008-12-08,5.320467,5.668716,5.320467,5.668716,0
2008-12-09,5.559083,5.826718,5.497817,5.723534,23712614
2008-12-10,5.771901,5.846065,5.675165,5.807371,16569477
2008-12-11,5.759004,5.933128,5.746106,5.88476,16758183
2008-12-12,5.617123,5.829942,5.46557,5.736431,22731725
2008-12-15,5.855741,5.871863,5.671943,5.768679,16727896
2008-12-16,5.707411,5.826718,5.591328,5.826718,17011332
2008-12-17,5.839616,5.891208,5.691287,5.875085,23677453
2008-12-18,5.846065,5.87831,5.720308,5.784799,18111502
2008-12-19,5.659042,5.662266,5.352712,5.352712,36101125
2008-12-22,5.378509,5.442999,5.281772,5.320467,17796709
2008-12-23,5.349486,5.375282,5.226954,5.226954,9093616
2008-12-29,5.255977,5.346264,5.226956,5.255977,9466378
2008-12-30,5.30112,5.397855,5.262425,5.397855,8048200
2009-01-02,5.449447,5.626796,5.355936,5.626796,9669609
2009-01-05,5.675164,5.697736,5.604224,5.688062,13900169
2009-01-06,5.70741,5.849289,5.675164,5.736431,15139835
2009-01-07,5.717083,5.791247,5.584878,5.64292,15611245
2009-01-08,5.562307,5.759003,5.549408,5.749329,22755538
2009-01-09,5.771902,5.771902,5.571981,5.652595,15558782
2009-01-12,5.626799,5.668718,5.52039,5.52039,11827488
2009-01-13,5.481694,5.510715,5.388182,5.47202,26558239
2009-01-14,5.530062,5.539736,5.246304,5.47202,20109932
2009-01-15,5.281773,5.375284,5.214058,5.243079,19533609
2009-01-16,5.365611,5.459122,5.307569,5.413979,22987184
2009-01-19,5.462346,5.523611,5.349487,5.384957,15984788
2009-01-20,5.372059,5.504264,5.346263,5.384957,23418599
2009-01-21,5.368833,5.407527,5.185035,5.226954,28490858
2009-01-22,5.314019,5.394632,5.204385,5.252753,19158999
2009-01-23,5.236629,5.323692,5.09475,5.320467,22741859
2009-01-26,5.304343,5.513937,5.255975,5.513937,21815840
2009-01-27,5.533286,5.546184,5.368835,5.488142,21641434
2009-01-28,5.526835,5.552631,5.439773,5.484916,20584078
2009-01-29,5.46557,5.562305,5.439774,5.546183,24194496
2009-01-30,5.526834,5.530059,5.336587,5.365608,26721968
2009-02-02,5.30112,5.394631,5.233405,5.359162,17151810
2009-02-03,5.368834,5.4301,5.262425,5.4301,17058112
2009-02-04,5.423651,5.591327,5.391406,5.53651,23806151
2009-02-05,5.459122,5.588103,5.413979,5.588103,29746858
2009-02-06,5.626798,5.649369,5.533286,5.649369,23190961
2009-02-09,5.588103,5.717084,5.530061,5.684838,19464160
2009-02-10,5.604224,5.652592,5.491366,5.513937,20226582
2009-02-11,5.46557,5.578428,5.442998,5.507488,16947313
2009-02-12,5.481692,5.481692,5.33014,5.423651,20469247
2009-02-13,5.513939,5.601001,5.494592,5.555858,22317420
2009-02-16,5.562307,5.684839,5.526837,5.617124,20242255
2009-02-17,5.552633,5.60745,5.449449,5.449449,19975803
2009-02-18,5.481693,5.494591,5.320467,5.439775,23883536
2009-02-19,5.436551,5.481694,5.355938,5.443,20245657
2009-02-20,5.368835,5.384958,5.152792,5.152792,30073483
2009-02-23,5.272099,5.272099,5.078627,5.09475,24584125
2009-02-24,5.017361,5.114096,4.994789,5.078627,25421438
2009-02-25,5.133446,5.17214,5.017363,5.075404,26879897
2009-02-26,5.133445,5.172139,5.014137,5.139894,31059336
2009-02-27,5.078626,5.149565,5.027033,5.114095,27751180
2009-03-02,5.004463,5.039933,4.720705,4.720705,26552004
2009-03-03,4.756176,4.785197,4.504663,4.517561,31160629
2009-03-04,4.540132,4.669113,4.356334,4.549806,53894040
2009-03-05,4.462743,4.478866,4.178985,4.208005,41109166
2009-03-06,4.169312,4.391804,3.933922,3.966167,50865055
2009-03-09,4.027432,4.053229,3.811389,4.04678,43846139
2009-03-10,4.050004,4.411151,4.004861,4.388579,43588541
2009-03-11,4.353109,4.456294,4.249925,4.28217,30309289
2009-03-12,4.237027,4.411151,4.162863,4.372457,31083865
2009-03-13,4.433723,4.565928,4.424049,4.372457,25455840
2009-03-16,4.549805,4.614296,4.38213,4.443396,35575584
2009-03-17,4.449846,4.456295,4.269272,4.349885,25066848
2009-03-18,4.4176,4.427273,4.275721,4.356334,22922054
2009-03-19,4.369232,4.546581,4.291844,4.536908,33571128
2009-03-20,4.504662,4.701358,4.485315,4.607847,32904200
2009-03-23,4.68846,4.746502,4.620745,4.743277,20275490
2009-03-24,4.746502,4.791645,4.682011,4.711032,23386142
2009-03-25,4.772296,4.956094,4.772296,4.907726,30058722
2009-03-26,4.901279,4.949647,4.840013,4.914177,22816823
2009-03-27,4.917401,4.939973,4.814216,4.827115,19281342
2009-03-30,4.730378,4.749725,4.562702,4.562702,16774383
2009-03-31,4.588499,4.714256,4.575601,4.714256,17576705
2009-04-01,4.711032,4.714256,4.607847,4.691685,21804315
2009-04-02,4.814216,4.930299,4.756175,4.927074,25349957
2009-04-03,4.865809,4.923851,4.740052,4.772298,21318637
2009-04-06,4.781972,4.849687,4.704583,4.711032,18164021
2009-04-07,4.743277,4.785196,4.627194,4.743277,23267766
2009-04-08,4.669113,4.762624,4.659439,4.740052,21743432
2009-04-09,4.785198,4.794871,4.711034,4.759402,21077582
2009-04-14,4.785196,4.79487,4.678787,4.717481,22995540
2009-04-15,4.714257,4.727155,4.656215,4.685236,22834668
2009-04-16,4.740053,4.810992,4.665889,4.756176,25067710
2009-04-17,4.82389,4.865809,4.714256,4.827115,27422761
2009-04-20,4.794869,4.827114,4.675561,4.678786,20142418
2009-04-21,4.798094,4.798094,4.620745,4.717481,25038123
2009-04-22,4.727155,4.804543,4.68846,4.778747,29025919
2009-04-23,4.769074,4.885156,4.743277,4.778747,30302456
2009-04-24,4.917402,5.120548,4.888382,5.075404,43385863
2009-04-27,5.004464,5.085077,4.968994,5.046383,26148562
2009-04-28,4.988339,5.18826,4.949645,5.120545,43075683
2009-04-29,5.185037,5.249528,5.126995,5.223732,34968442
2009-04-30,5.281773,5.378509,5.265651,5.304345,45890943
2009-05-04,5.404305,5.475245,5.384958,5.459122,49061674
2009-05-05,5.45912,5.49459,5.320465,5.365608,60261501
2009-05-06,5.323692,5.452673,5.294671,5.413979,71770573
2009-05-07,5.423652,5.542959,5.378509,5.378509,78143081
2009-05-08,5.494592,5.581654,5.452673,5.565531,107011868
2009-05-11,5.578429,5.578429,5.391406,5.439775,126034754
2009-05-12,5.394631,5.584878,5.394631,5.568756,102843137
2009-05-13,5.594552,5.668716,5.468795,5.488142,73031161
2009-05-14,5.481694,5.484918,5.326917,5.413979,49818606
2009-05-15,5.481693,5.504265,5.397855,5.50104,31817986
2009-05-18,5.464165,5.638483,5.380359,5.638483,29924969
2009-05-19,5.702177,5.712234,5.561382,5.594905,52098895
2009-05-20,5.581495,5.749108,5.581495,5.745755,53198234
2009-05-21,5.682062,5.695471,5.568085,5.588199,85782568
2009-05-22,5.598256,5.702175,5.571438,5.618369,103996237
2009-05-25,5.631778,5.641835,5.514449,5.598256,45485581
2009-05-26,5.581494,5.782629,5.527858,5.782629,92826593
2009-05-27,5.782629,5.789333,5.708879,5.735697,55981438
2009-05-28,5.695473,5.782631,5.672007,5.775927,30453989
2009-05-29,5.839619,5.85638,5.718938,5.718938,26851974
2009-06-01,5.806094,5.960297,5.806094,5.943536,19483709
2009-06-02,5.886549,5.987117,5.876493,5.940185,17088775
2009-06-03,5.967004,5.973709,5.775926,5.802744,21862244
2009-06-04,5.779277,5.926776,5.779277,5.866436,17985223
2009-06-05,5.866436,6.010583,5.866436,5.933482,18652245
2009-06-08,5.876493,5.896606,5.796039,5.886549,16130775
2009-06-09,5.93348,5.973707,5.893253,5.913366,16345175
2009-06-10,5.99047,6.054163,5.99047,6.017288,19044321
2009-06-11,6.023991,6.154729,6.00723,6.151377,19599180
2009-06-12,6.168139,6.168139,6.027345,6.047459,14830950
2009-06-15,6.017287,6.017287,5.869788,5.899958,18327821
2009-06-16,5.896606,5.950242,5.836265,5.866436,20811910
2009-06-17,5.84297,5.859731,5.745755,5.779277,19157900
2009-06-18,5.792686,5.846322,5.705527,5.822856,16808379
2009-06-19,5.849675,5.859731,5.718937,5.859731,77654432
2009-06-22,5.816152,5.846323,5.665301,5.859731,18895376
2009-06-23,5.635132,5.675359,5.547973,5.57144,19840015
2009-06-24,5.591551,5.732346,5.558028,5.732346,14822784
2009-06-25,5.698823,5.698823,5.534563,5.611665,19591413
2009-06-26,5.668653,5.712232,5.571438,5.618369,18072940
2009-06-29,5.578143,5.692119,5.537916,5.645188,16380057
2009-06-30,5.665301,5.728994,5.5882,5.64854,21140054
2009-07-01,5.64854,5.839618,5.64854,5.806096,21501097
2009-07-02,5.775925,5.78263,5.692119,5.692119,18094755
2009-07-03,5.69547,5.708879,5.608311,5.655243,10512219
2009-07-06,5.598256,5.598256,5.474222,5.504393,19308987
2009-07-07,5.534562,5.558028,5.373654,5.373654,19019984
2009-07-08,5.346839,5.43735,5.296555,5.340135,17558864
2009-07-09,5.383712,5.433995,5.346837,5.366951,15501798
2009-07-10,5.363599,5.363599,5.279792,5.320019,13639006
2009-07-13,5.27644,5.390417,5.232861,5.390417,15113255
2009-07-14,5.413882,5.430643,5.33678,5.393768,15338153
2009-07-15,5.437348,5.618369,5.430644,5.611665,17739261
2009-07-16,5.611664,5.728993,5.588199,5.658596,16195763
2009-07-17,5.678709,5.715583,5.641834,5.661947,15912201
2009-07-20,5.715583,5.799389,5.682061,5.765867,11584691
2009-07-21,5.782629,5.876492,5.752459,5.832912,13817057
2009-07-22,5.785983,5.839619,5.688768,5.79604,13817473
2009-07-23,5.799391,5.85638,5.735699,5.85638,12837906
2009-07-24,5.832915,5.886551,5.752461,5.775927,11686021
2009-07-27,5.849674,5.913366,5.826208,5.913366,14895361
2009-07-28,5.899958,5.94689,5.712233,5.779277,17451945
2009-07-29,5.732345,5.853025,5.732345,5.782629,13399528
2009-07-30,5.846323,5.963652,5.802744,5.933482,14876799
2009-07-31,5.665302,5.698824,5.433996,5.474224,81680433
2009-08-03,5.474223,5.558029,5.4407,5.534564,34979393
2009-08-04,5.531211,5.531211,5.390417,5.417235,23895685
2009-08-05,5.427292,5.470871,5.333429,5.35019,19181951
2009-08-06,5.366951,5.444052,5.363598,5.403826,17725347
2009-08-07,5.413881,5.437347,5.356893,5.430643,18893710
2009-08-10,5.423938,5.454109,5.373655,5.437347,12668429
2009-08-11,5.447403,5.464164,5.306608,5.330074,17973675
2009-08-12,5.326724,5.423939,5.289849,5.400474,15406035
2009-08-13,5.410529,5.474222,5.403825,5.437347,13971028
2009-08-14,5.433996,5.474223,5.383712,5.42394,11698919
2009-08-17,5.38036,5.383712,5.283145,5.316667,18202686
2009-08-18,5.333428,5.377007,5.30661,5.370303,12376532
2009-08-19,5.326725,5.397122,5.28985,5.387065,11927261
2009-08-20,5.433993,5.474221,5.393767,5.427289,14089588
2009-08-21,5.430643,5.56138,5.373655,5.537915,26853480
2009-08-24,5.564733,5.588199,5.54462,5.581494,14825232
2009-08-25,5.551325,5.60496,5.527859,5.591552,15257745
2009-08-26,5.554677,5.594904,5.534563,5.564734,14453757
2009-08-27,5.558029,5.571438,5.477575,5.490983,15265577
2009-08-28,5.517801,5.568085,5.507745,5.524506,12603746
2009-08-31,5.501041,5.544621,5.477576,5.544621,26689523
2009-09-01,5.547971,5.581494,5.454109,5.454109,29055058
2009-09-02,5.497688,5.574789,5.457461,5.521153,51007247
2009-09-03,5.514451,5.547973,5.457463,5.52786,42053252
2009-09-04,5.541269,5.57144,5.521155,5.57144,22808936
2009-09-07,5.638481,5.638481,5.581493,5.608311,28202808
2009-09-08,5.618369,5.695471,5.588199,5.672005,46330495
2009-09-09,5.665301,5.792687,5.658596,5.779277,68709000
2009-09-10,5.799392,5.832914,5.715586,5.79604,98708760
2009-09-11,5.812799,5.832912,5.796038,5.822856,114012457
2009-09-14,5.779277,5.84297,5.739051,5.826209,61809972
2009-09-15,5.826209,5.859732,5.789335,5.85638,123937265
2009-09-16,5.863084,5.930129,5.863084,5.910015,52095129
2009-09-17,5.946889,5.946889,5.879845,5.90331,37228067
2009-09-18,5.883196,5.8899,5.822856,5.8899,36768836
2009-09-21,5.893352,5.920955,5.731181,5.827793,22396075
2009-09-22,5.845045,5.945107,5.824342,5.896801,48771923
2009-09-23,5.903703,5.972712,5.848496,5.872649,136600808
2009-09-24,5.886452,5.94856,5.813993,5.813993,124831837
2009-09-25,5.813992,5.920955,5.789839,5.872649,111669299
2009-09-28,5.872649,5.924406,5.793289,5.924406,26655574
2009-09-29,5.945109,5.945109,5.858848,5.886452,27151001
2009-09-30,5.872649,5.920955,5.827793,5.893352,26050567
2009-10-01,5.914054,5.920955,5.813992,5.817442,19822771
2009-10-02,5.779486,5.838143,5.758783,5.772585,51167964
2009-10-05,5.79329,5.803641,5.734632,5.779488,17973643
2009-10-06,5.817443,5.948559,5.79329,5.948559,24750502
2009-10-07,5.920955,5.972711,5.900252,5.900252,16232489
2009-10-08,5.934758,5.955461,5.893353,5.931308,18298677
2009-10-09,5.907155,5.955461,5.876101,5.910604,14879773
2009-10-12,5.931307,6.003765,5.914054,5.976162,14825637
2009-10-13,5.972711,6.052071,5.958909,6.003765,23715961
2009-10-14,6.062424,6.179739,6.055523,6.152136,33390182
2009-10-15,6.193541,6.193541,6.121082,6.18319,19168792
2009-10-16,6.210792,6.359161,6.200441,6.210792,47517173
2009-10-19,6.245295,6.307403,6.245295,6.2867,15366907
2009-10-20,6.314306,6.324658,6.18664,6.18664,22183874
2009-10-21,6.207341,6.307404,6.131432,6.252197,23341420
2009-10-22,6.210793,6.217695,6.127983,6.193542,19217010
2009-10-23,6.210791,6.241845,6.100377,6.117629,16752824
2009-10-26,6.141783,6.19009,6.010667,6.03827,16181635
2009-10-27,6.052071,6.134881,6.021017,6.100377,21261066
2009-10-28,6.083127,6.141784,6.041722,6.058974,15451404
2009-10-29,5.920956,6.065874,5.79674,6.065874,36765752
2009-10-30,6.021018,6.055522,5.834694,5.834694,21056827
2009-11-02,5.820893,6.007216,5.80364,5.917505,17535758
2009-11-03,5.8761,5.886451,5.776037,5.817442,24287076
2009-11-04,5.848496,5.920955,5.789838,5.889901,16326875
2009-11-05,5.824345,5.952012,5.796742,5.945111,14791884
2009-11-06,5.934756,5.976161,5.851945,5.938206,15010619
2009-11-09,5.969262,6.079677,5.962362,6.048623,12587738
2009-11-10,6.031369,6.045171,5.952009,5.983063,14576702
2009-11-11,6.003765,6.079675,6.000314,6.003765,12757834
2009-11-12,5.969259,6.034817,5.945106,5.958908,12750455
2009-11-13,5.96581,6.003765,5.917504,6.003765,9923739
2009-11-16,6.02792,6.10728,6.024469,6.052073,12208265
2009-11-17,6.014118,6.055523,5.989965,6.024469,11689954
2009-11-18,6.055523,6.083126,6.003766,6.007217,10434836
2009-11-19,5.989965,6.024469,5.893353,5.931308,13183903
2009-11-20,5.927858,5.958912,5.782939,5.813993,18015940
2009-11-23,5.851945,5.96926,5.851945,5.952008,10929369
2009-11-24,5.907154,5.938208,5.834695,5.855397,14987173
2009-11-25,5.910603,5.945108,5.865748,5.900252,13205937
2009-11-26,5.883002,5.893353,5.71738,5.731183,15076519
2009-11-27,5.65872,5.81054,5.617316,5.772585,16654838
2009-11-30,5.786388,5.796739,5.693226,5.693226,13356312
2009-12-01,5.738082,5.872649,5.731181,5.858847,13717675
2009-12-02,5.858846,5.910603,5.834693,5.865747,10807328
2009-12-03,5.924406,5.931307,5.820893,5.858847,13811366
2009-12-04,5.855396,5.952009,5.796739,5.903703,13748854
2009-12-07,5.872649,5.924406,5.841595,5.893352,8400940
2009-12-08,5.889902,5.896803,5.734632,5.779488,14021482
2009-12-09,5.744984,5.831245,5.734633,5.758786,13340911
2009-12-10,5.741532,5.80364,5.738082,5.776037,13483893
2009-12-11,5.789839,5.855397,5.786388,5.793289,13101492
2009-12-14,5.838145,5.917505,5.824343,5.87955,14866009
2009-12-15,5.889902,5.927857,5.845047,5.920956,12411470
2009-12-16,5.903704,5.979614,5.903704,5.969262,10715917
2009-12-17,5.920955,5.948559,5.886451,5.914054,12590767
2009-12-18,5.88645,6.000314,5.865747,5.865747,20021254
2009-12-21,5.931306,6.034818,5.903702,6.021017,17668424
2009-12-22,6.03137,6.10728,6.024469,6.083126,16129177
2009-12-23,6.107278,6.138332,6.086575,6.117629,9821954
2009-12-28,6.152134,6.186639,6.131432,6.159035,7672975
2009-12-29,6.162485,6.200439,6.162485,6.165936,7730528
2009-12-30,6.162486,6.19009,6.124531,6.141783,8331906
2010-01-04,6.190089,6.245296,6.179738,6.245296,11940699
2010-01-05,6.252198,6.293603,6.234946,6.290153,12438082
2010-01-06,6.259096,6.314303,6.259096,6.297051,8964328
2010-01-07,6.290155,6.338462,6.2522,6.335011,14171545
2010-01-08,6.338459,6.34881,6.286702,6.338459,12973542
2010-01-11,6.386765,6.476477,6.383315,6.404017,17189575
2010-01-12,6.383313,6.397116,6.265998,6.27635,16344107
2010-01-13,6.245297,6.307405,6.214243,6.290153,14811394
2010-01-14,6.345358,6.417817,6.328106,6.383313,18343348
2010-01-15,6.400566,6.459224,6.331558,6.331558,19990176
2010-01-18,6.362611,6.376412,6.286701,6.366061,10459424
2010-01-19,6.34881,6.34881,6.172837,6.331558,29724348
2010-01-20,6.303954,6.362612,6.19009,6.203891,20208577
2010-01-21,6.241846,6.26945,6.11418,6.121081,20051097
2010-01-22,6.072775,6.141783,6.003766,6.03827,18912821
2010-01-25,6.007215,6.021017,5.941656,5.952008,14309173
2010-01-26,5.931307,6.024469,5.883001,6.010667,16200296
2010-01-27,5.948558,6.000315,5.889901,5.900252,19571388
2010-01-28,5.941657,5.952009,5.744982,5.765685,28086822
2010-01-29,5.786388,5.876099,5.731181,5.841595,20501710
2010-02-01,5.80709,5.88645,5.769135,5.851946,14381333
2010-02-02,5.865748,5.907153,5.779487,5.903703,15185036
2010-02-03,5.920955,5.948558,5.838144,5.851946,14198984
2010-02-04,5.831244,5.848496,5.693226,5.700127,21019082
2010-02-05,5.689776,5.710479,5.524155,5.524155,32017340
2010-02-08,5.579362,5.689776,5.510353,5.655272,22118844
2010-02-09,5.638019,5.672524,5.593163,5.613866,15682735
2010-02-10,5.658722,5.748434,5.613867,5.634569,17002294
2010-02-11,5.669073,5.779487,5.641469,5.682874,21435127
2010-02-12,5.765685,5.841595,5.734631,5.744982,26240424
2010-02-15,5.789839,5.820893,5.72083,5.748433,8597403
2010-02-16,5.810541,5.827793,5.738081,5.820892,13278303
2010-02-17,5.872649,5.900252,5.841595,5.841595,15108474
2010-02-18,5.820892,5.896801,5.817442,5.896801,12492845
2010-02-19,5.848496,5.896802,5.817442,5.889901,14473137
2010-02-22,5.914054,5.924406,5.855397,5.872649,10141755
2010-02-23,5.903702,5.907152,5.744981,5.772585,14504976
2010-02-24,5.779487,5.820893,5.751884,5.80364,10704727
2010-02-25,5.765685,5.779487,5.64492,5.662172,14798742
2010-02-26,5.710479,5.738083,5.638021,5.717381,13872650
2010-03-01,5.765685,5.820893,5.741532,5.810541,12281010
2010-03-02,5.796739,5.862297,5.796739,5.848496,10284183
2010-03-03,5.845045,5.931306,5.827793,5.900252,12060393
2010-03-04,5.876099,5.924405,5.855396,5.896801,11236468
2010-03-05,5.907154,6.000316,5.87265,6.000316,14885174
2010-03-08,6.031369,6.065874,6.007216,6.055522,12448777
2010-03-09,6.055522,6.131432,6.045171,6.103828,15395316
2010-03-10,6.12453,6.172836,6.086575,6.165936,11993199
2010-03-11,6.127984,6.162488,6.062425,6.138335,15263731
2010-03-12,6.107281,6.107281,5.993416,6.024469,27104894
2010-03-15,6.003765,6.031369,5.95891,5.976162,10714272
2010-03-16,6.007215,6.048621,5.986513,6.021017,10591679
2010-03-17,6.03482,6.048622,5.986514,5.986514,13992412
2010-03-18,5.969262,5.972713,5.907155,5.941659,15207075
2010-03-19,5.955459,6.003765,5.851945,5.896801,29315418
2010-03-22,5.893353,5.941659,5.858848,5.920956,11259678
2010-03-23,5.948558,5.996864,5.907154,5.976162,12353432
2010-03-24,5.979612,6.000315,5.917504,5.976162,11049868
2010-03-25,5.986515,6.045172,5.976163,6.024469,11699167
2010-03-26,6.027919,6.041721,5.996865,6.007217,8932721
2010-03-29,6.017567,6.031368,5.972711,6.003765,7181561
2010-03-30,6.03137,6.069325,6.007217,6.010667,10785095
2010-03-31,6.000315,6.03827,5.95546,5.993415,13169646
2010-04-01,6.021019,6.069325,6.017569,6.058974,10397614
2010-04-06,6.093476,6.145232,6.069323,6.100377,17175876
2010-04-07,6.10728,6.110729,5.976163,5.986514,19172784
2010-04-08,5.962361,6.000316,5.934758,5.986514,14458185
2010-04-09,6.02792,6.076226,6.021019,6.069325,13704067
2010-04-12,6.107279,6.114179,6.062423,6.103828,14148590
2010-04-13,6.100379,6.148685,6.052073,6.065874,16513695
2010-04-14,6.100379,6.138334,6.086577,6.127982,11301223
2010-04-15,6.141783,6.162486,6.093477,6.141783,13105488
2010-04-16,6.124531,6.172837,6.021018,6.045171,20163140
2010-04-19,6.007218,6.017569,5.958912,5.989966,13330196
2010-04-20,6.007216,6.114179,5.983063,6.103828,15744400
2010-04-21,6.10728,6.138334,6.052073,6.065874,15539258
2010-04-22,6.038271,6.096928,6.000316,6.041721,19127236
2010-04-23,6.041722,6.138335,6.007218,6.096929,16295306
2010-04-26,6.159035,6.20044,6.093477,6.114179,17983422
2010-04-27,6.124532,6.127982,5.95546,5.95546,20888089
2010-04-28,5.900254,5.94856,5.776038,5.813993,30036208
2010-04-29,5.841596,5.893352,5.762236,5.855397,31497854
2010-04-30,5.848496,5.87955,5.762235,5.817442,34624248
2010-05-03,5.796739,5.838145,5.744983,5.800189,13063402
2010-05-04,5.807091,5.834694,5.603515,5.617317,40484196
2010-05-05,5.651821,5.744983,5.582813,5.679425,53649181
2010-05-06,5.57936,5.651819,5.399937,5.486198,72390478
2010-05-07,5.361983,5.562109,5.17566,5.282623,84473951
2010-05-10,5.524154,5.682874,5.458596,5.682874,44971526
2010-05-11,5.600064,5.748433,5.544857,5.713929,49591655
2010-05-12,5.644922,5.748435,5.593164,5.717381,64199649
2010-05-13,5.751885,5.758786,5.638021,5.70703,39213428
2010-05-14,5.641469,5.655271,5.41029,5.437893,57420604
2010-05-17,5.513804,5.520705,5.379237,5.427543,64464008
2010-05-18,5.48965,5.617317,5.468948,5.589713,67517808
2010-05-19,5.493102,5.506903,5.386138,5.427543,59615772
2010-05-20,5.468947,5.534506,5.279173,5.368885,42634757
2010-05-21,5.361985,5.379237,5.186012,5.365435,29317468
2010-05-24,5.418912,5.440302,5.294134,5.336915,16623499
2010-05-25,5.169355,5.229962,5.098054,5.208571,77612194
2010-05-26,5.290566,5.411779,5.226395,5.319087,62135827
2010-05-27,5.383259,5.511601,5.354738,5.511601,37888389
2010-05-28,5.561514,5.565079,5.454562,5.472387,31714126
2010-05-31,5.440299,5.486645,5.411779,5.418909,15148697
2010-06-01,5.40465,5.472386,5.283437,5.447431,56121164
2010-06-02,5.386823,5.415343,5.294131,5.401083,45432541
2010-06-03,5.525862,5.597164,5.508037,5.540123,40893792
2010-06-04,5.554385,5.597165,5.329785,5.329785,40714176
2010-06-07,5.254918,5.35474,5.247788,5.33335,19028020
2010-06-08,5.358303,5.365433,5.20144,5.319087,28207248
2010-06-09,5.354738,5.397519,5.272741,5.397519,24376918
2010-06-10,5.358304,5.440301,5.311958,5.429605,23757999
2010-06-11,5.454561,5.493777,5.39039,5.479517,17581234
2010-06-14,5.508037,5.625684,5.493776,5.614989,21894736
2010-06-15,5.565078,5.732637,5.532993,5.711246,20809695
2010-06-16,5.739768,5.789679,5.686291,5.789679,17357475
2010-06-17,5.793243,5.836024,5.714811,5.757592,17712928
2010-06-18,5.757592,5.778982,5.679161,5.711246,19542229
2010-06-21,5.80394,5.828895,5.768289,5.786114,11599620
2010-06-22,5.807505,5.857415,5.746898,5.793244,14582355
2010-06-23,5.72194,5.768287,5.661334,5.68629,13741720
2010-06-24,5.707681,5.711247,5.543688,5.579339,13655451
2010-06-25,5.57221,5.58647,5.493778,5.525864,14341857
2010-06-28,5.554385,5.600731,5.504474,5.597166,12685390
2010-06-29,5.525861,5.525861,5.390388,5.393953,18347709
2010-06-30,5.429605,5.454561,5.351174,5.415345,17268191
2010-07-01,5.333349,5.361869,5.212136,5.244222,21946351
2010-07-02,5.294131,5.365433,5.24422,5.315522,17783740
2010-07-05,5.336913,5.340478,5.251351,5.265612,9005795
2010-07-06,5.287003,5.447431,5.272743,5.361869,14045230
2010-07-07,5.319089,5.483082,5.287003,5.468822,15891326
2010-07-08,5.504473,5.532994,5.468822,5.500908,17051112
2010-07-09,5.540122,5.575773,5.529427,5.565078,14226721
2010-07-12,5.575776,5.611427,5.51517,5.561516,11341101
2010-07-13,5.554382,5.654204,5.554382,5.647074,11788060
2010-07-14,5.668466,5.668466,5.582904,5.654205,10232528
2010-07-15,5.639945,5.682726,5.532993,5.579339,11953371
2010-07-16,5.586469,5.600729,5.429605,5.447431,17417628
2010-07-19,5.422477,5.525864,5.401086,5.461692,11267106
2010-07-20,5.493778,5.515168,5.329784,5.433171,11735169
2010-07-21,5.486645,5.550816,5.429604,5.443864,13527038
2010-07-22,5.415346,5.604295,5.397521,5.572209,13118942
2010-07-23,5.557948,5.600729,5.508037,5.557948,10044676
2010-07-26,5.590035,5.629251,5.518734,5.607861,9538959
2010-07-27,5.629249,5.68629,5.604293,5.647074,11513804
2010-07-28,5.654205,5.686291,5.600729,5.611424,13127925
2010-07-29,5.643511,5.679162,5.5936,5.5936,11057002
2010-07-30,5.561514,5.647076,5.532994,5.5936,13644222
2010-08-02,5.62212,5.775418,5.600729,5.743332,13468155
2010-08-03,5.754027,5.768288,5.693421,5.743332,12107616
2010-08-04,5.757593,5.871676,5.725508,5.828895,15513635
2010-08-05,5.821764,5.885935,5.814634,5.846719,13034315
2010-08-06,5.87524,5.921586,5.771853,5.825329,16305265
2010-08-09,5.853849,5.925151,5.850284,5.914455,8912803
2010-08-10,5.88237,5.921586,5.818198,5.857414,9933587
2010-08-11,5.803938,5.818198,5.725506,5.725506,12591768
2010-08-12,5.704116,5.768287,5.686291,5.718377,10527671
2010-08-13,5.739767,5.775418,5.679161,5.721941,9888181
2010-08-16,5.725507,5.746898,5.654205,5.707682,8183001
2010-08-17,5.714812,5.761158,5.696987,5.761158,8683391
2010-08-18,5.721941,5.736202,5.675595,5.718377,20484972
2010-08-19,5.750463,5.778984,5.597165,5.607861,14757676
2010-08-20,5.586468,5.639944,5.550817,5.582903,22046248
2010-08-23,5.586468,5.6649,5.532992,5.614989,11126482
2010-08-24,5.565078,5.579338,5.472387,5.522297,12130388
2010-08-25,5.508036,5.540122,5.426039,5.486646,26072696
2010-08-26,5.504472,5.582903,5.493776,5.565078,18147060
2010-08-27,5.529428,5.611424,5.483082,5.579339,24199779
2010-08-30,5.614989,5.629249,5.557948,5.568643,6685990
2010-08-31,5.497342,5.607859,5.490212,5.586469,34251459
2010-09-01,5.597164,5.736202,5.547253,5.721941,43071836
2010-09-02,5.721941,5.764722,5.689855,5.739767,13506826
2010-09-03,5.764723,5.88237,5.736202,5.843154,16326208
2010-09-06,5.87524,5.878805,5.832459,5.843154,22021756
2010-09-07,5.811069,5.828895,5.746898,5.789679,46267648
2010-09-08,5.764723,5.84672,5.750462,5.825329,27166700
2010-09-09,5.807503,5.88237,5.789678,5.88237,81104434
2010-09-10,5.828894,5.8895,5.825328,5.871674,58727512
2010-09-13,5.910891,5.921586,5.86811,5.893066,52348747
2010-09-14,5.885935,5.893065,5.811068,5.871674,76130320
2010-09-15,5.878805,5.88237,5.778982,5.807504,60977688
2010-09-16,5.807504,5.843154,5.786113,5.796809,11578256
2010-09-17,5.807504,5.843154,5.696986,5.729072,27808729
2010-09-20,5.773226,5.868894,5.773226,5.857856,16002040
2010-09-21,5.854176,5.949844,5.850496,5.868894,69044858
2010-09-22,5.872576,5.883614,5.784267,5.810023,37357958
2010-09-23,5.817382,5.846818,5.710674,5.765868,63630096
2010-09-24,5.747471,5.824742,5.699637,5.787946,71933962
2010-09-27,5.813701,5.846817,5.787944,5.832099,49679428
2010-09-28,5.798984,5.854178,5.743791,5.83578,27291556
2010-09-29,5.861537,5.879934,5.802664,5.846818,17119239
2010-09-30,5.802664,5.913051,5.784266,5.824741,35449765
2010-10-01,5.835779,5.924088,5.821061,5.876254,33406633
2010-10-04,5.883614,5.890973,5.787945,5.791625,23132096
2010-10-05,5.776906,5.894652,5.769547,5.876254,12474109
2010-10-06,5.89833,5.960883,5.883611,5.931446,15491439
2010-10-07,5.953525,5.99768,5.905691,5.949846,13865188
2010-10-08,5.931448,5.994001,5.927768,5.960885,14329797
2010-10-11,5.960886,6.00136,5.953526,5.994002,7677831
2010-10-12,5.953526,5.960885,5.795305,5.846818,25255394
2010-10-13,5.861536,5.960884,5.835779,5.953525,16213836
2010-10-14,5.971922,5.994,5.938806,5.953525,12590566
2010-10-15,5.953525,6.005039,5.931448,5.971923,20290544
2010-10-18,6.063192,6.138464,6.063192,6.1347,9064319
2010-10-19,6.100827,6.130936,6.063191,6.078245,10874887
2010-10-20,6.051898,6.127171,6.036844,6.119644,11127866
2010-10-21,6.078246,6.145991,6.063192,6.1347,12264176
2010-10-22,6.100824,6.134697,6.074479,6.093297,11063213
2010-10-25,6.127171,6.130935,6.082007,6.089535,8326780
2010-10-26,6.078245,6.100827,6.006736,6.029318,14205578
2010-10-27,5.965336,6.0105,5.912645,5.912645,20338082
2010-10-28,5.946519,6.097064,5.935228,6.078245,19580860
2010-10-29,6.078243,6.112115,6.048134,6.093297,11084133
2010-11-01,6.127173,6.168572,6.055664,6.078245,14975969
2010-11-02,6.051898,6.16857,6.048135,6.123407,14915839
2010-11-03,6.119645,6.168572,6.085772,6.100826,14008531
2010-11-04,6.161045,6.217499,6.149754,6.206208,16940604
2010-11-05,6.225025,6.228788,6.153516,6.176097,11807225
2010-11-08,6.164808,6.164808,6.10459,6.161045,9948137
2010-11-09,6.153517,6.307826,6.138463,6.262662,17434424
2010-11-10,6.247609,6.255136,6.149755,6.194918,16945231
2010-11-11,6.209971,6.213735,6.108353,6.161045,13257478
2010-11-12,6.097062,6.138461,6.040607,6.089535,16101041
2010-11-15,6.078245,6.19868,6.044372,6.164808,14457762
2010-11-16,6.119644,6.134698,6.048135,6.055662,13453747
2010-11-17,6.040607,6.066953,6.021789,6.066953,11642048
2010-11-18,6.108355,6.157283,6.085774,6.138464,10547997
2010-11-19,6.176099,6.176099,6.06319,6.130936,11497121
2010-11-22,6.168569,6.179861,6.055661,6.093297,9566517
2010-11-23,6.033081,6.078244,5.950281,5.969099,14338275
2010-11-24,5.980393,5.991683,5.882538,5.908884,17898308
2010-11-25,5.920174,5.927701,5.833611,5.897592,13981734
2010-11-26,5.852427,5.916408,5.799736,5.886299,11703814
2010-11-29,5.871246,5.942755,5.754574,5.777156,16752972
2010-11-30,5.758337,5.882537,5.739519,5.83361,21177616
2010-12-01,5.844901,5.890064,5.795973,5.856192,14056574
2010-12-02,5.863719,5.95781,5.829847,5.942755,19043251
2010-12-03,5.946516,5.987915,5.905116,5.927698,12936728
2010-12-06,5.961573,5.991682,5.908883,5.946519,11162743
2010-12-07,5.972862,6.055662,5.961572,6.025553,12752007
2010-12-08,6.006738,6.1347,5.991683,6.070719,13269468
2010-12-09,6.100827,6.108354,6.044372,6.097064,11103085
2010-12-10,6.082008,6.134699,6.082008,6.100826,8833081
2010-12-13,6.119646,6.187391,6.100827,6.145991,11756184
2010-12-14,6.134697,6.25137,6.119643,6.232552,16047624
2010-12-15,6.225026,6.228789,6.145989,6.168571,14042602
2010-12-16,6.191154,6.198681,6.123409,6.191154,10903173
2010-12-17,6.217498,6.221262,6.112116,6.119644,15754870
2010-12-20,6.145989,6.225026,6.134698,6.168571,8637700
2010-12-21,6.161045,6.228789,6.14599,6.228789,10326356
2010-12-22,6.228789,6.285244,6.225026,6.243844,9570371
2010-12-23,6.281479,6.30406,6.255134,6.273952,7207875
2010-12-27,6.258899,6.281481,6.172336,6.217499,5924758
2010-12-28,6.221263,6.236317,6.179863,6.209971,4237452
2010-12-29,6.228788,6.285243,6.213734,6.240079,6387033
2010-12-30,6.243845,6.255137,6.127173,6.149755,10112802
2011-01-03,6.206209,6.262663,6.1761,6.179863,11303960
2011-01-04,6.194916,6.322879,6.176098,6.258897,14762559
2011-01-05,6.243845,6.349227,6.1761,6.341699,19222912
2011-01-06,6.360516,6.526115,6.356752,6.465898,24127314
2011-01-07,6.465898,6.49977,6.349226,6.454607,18487856
2011-01-10,6.420732,6.450841,6.360514,6.368042,16347472
2011-01-11,6.364279,6.469661,6.341698,6.428261,14225880
2011-01-12,6.428261,6.541169,6.41697,6.526115,17135026
2011-01-13,6.52988,6.616443,6.507298,6.608915,18220844
2011-01-14,6.56375,6.684186,6.514823,6.665368,19419728
2011-01-17,6.654078,6.680424,6.552461,6.567515,10204304
2011-01-18,6.627733,6.650314,6.586333,6.605151,13582439
2011-01-19,6.639024,6.639024,6.559988,6.559988,13148688
2011-01-20,6.582569,6.597624,6.51106,6.51106,16273112
2011-01-21,6.552461,6.676661,6.533643,6.639024,21401400
2011-01-24,6.657841,6.680422,6.616441,6.665368,12458545
2011-01-25,6.661607,6.718061,6.620207,6.627735,12795575
2011-01-26,6.680425,6.699243,6.627734,6.642788,13970082
2011-01-27,6.627732,6.703004,6.612677,6.669131,15433432
2011-01-28,6.631497,6.691715,6.537407,6.537407,16494212
2011-01-31,6.51106,6.537406,6.424497,6.51106,19867840
2011-02-01,6.563752,6.778278,6.533643,6.778278,27614276
2011-02-02,6.785806,6.827206,6.740643,6.797097,21361212
2011-02-03,6.75946,6.782043,6.691716,6.770751,15186196
2011-02-04,6.815913,6.894949,6.789568,6.82344,17486418
2011-02-07,6.842261,6.91377,6.797097,6.834733,13627379
2011-02-08,6.793332,6.879896,6.789569,6.849787,12765179
2011-02-09,6.838496,6.879896,6.81215,6.815914,11389304
2011-02-10,6.80086,6.872369,6.721825,6.872369,18178672
2011-02-11,6.861078,6.902478,6.80086,6.872369,12273344
2011-02-14,6.913768,6.943877,6.876132,6.879895,13565554
2011-02-15,6.913768,6.970222,6.868604,6.925058,12347058
2011-02-16,6.970224,7.022914,6.868606,6.932588,17694377
2011-02-17,6.958931,6.958931,6.823441,6.898714,15272438
2011-02-18,6.925058,6.925058,6.815914,6.913768,14177776
2011-02-21,6.812151,6.838496,6.522352,6.559988,51839997
2011-02-22,6.420733,6.567515,6.390624,6.503533,26695353
2011-02-23,6.45837,6.578805,6.409443,6.428261,32425176
2011-02-24,6.379334,6.601387,6.368043,6.51106,29983928
2011-02-25,6.533643,6.631498,6.503534,6.608915,16757674
2011-02-28,6.62397,6.699242,6.571278,6.650315,17276457
2011-03-01,6.687952,6.721825,6.556225,6.578807,17853334
2011-03-02,6.575042,6.616442,6.477188,6.567515,16716600
2011-03-03,6.605151,6.669132,6.571278,6.605151,13768083
2011-03-04,6.623971,6.69548,6.616444,6.627735,16591582
2011-03-07,6.623971,6.733115,6.597625,6.642788,14961025
2011-03-08,6.718061,6.778279,6.714298,6.755698,22364476
2011-03-09,6.763222,6.793331,6.676659,6.68795,20684089
2011-03-10,6.665368,6.684187,6.563751,6.620205,15122807
2011-03-11,6.58257,6.608915,6.544934,6.571279,16195525
2011-03-14,6.522352,6.556225,6.409444,6.443316,17893675
2011-03-15,6.356752,6.394389,6.209971,6.349226,29278589
2011-03-16,6.349226,6.36428,6.213736,6.217499,24847704
2011-03-17,6.24008,6.371807,6.221262,6.315353,19505583
2011-03-18,6.360515,6.405679,6.243843,6.296534,37726657
2011-03-21,6.341699,6.360517,6.289008,6.334172,15135207
2011-03-22,6.345462,6.454607,6.345462,6.398153,16436331
2011-03-23,6.36428,6.424498,6.360516,6.413208,10653334
2011-03-24,6.394388,6.51106,6.379334,6.51106,12178983
2011-03-25,6.559987,6.563751,6.496006,6.522351,9873324
2011-03-28,6.507298,6.552461,6.49977,6.514824,9042088
2011-03-29,6.529878,6.552459,6.46966,6.507296,11052165
2011-03-30,6.548696,6.556223,6.514823,6.548696,9730802
2011-03-31,6.559987,6.597623,6.522351,6.522351,12529339
2011-04-01,6.586334,6.65408,6.537408,6.642788,14317980
2011-04-04,6.672895,6.699241,6.639023,6.676659,9607885
2011-04-05,6.676659,6.684187,6.612678,6.657842,9983305
2011-04-06,6.650314,6.661605,6.601387,6.612678,10563766
2011-04-07,6.620207,6.642788,6.575043,6.597625,10403233
2011-04-08,6.616441,6.672895,6.616441,6.669131,8946568
2011-04-11,6.680423,6.699241,6.64655,6.64655,8736897
2011-04-12,6.597624,6.612679,6.49977,6.514824,14405469
2011-04-13,6.541169,6.567515,6.522351,6.522351,7623249
2011-04-14,6.51106,6.514824,6.439552,6.473424,10228252
2011-04-15,6.488479,6.496007,6.409444,6.454607,13082173
2011-04-18,6.454607,6.458371,6.304063,6.341699,15718711
2011-04-19,6.349224,6.379333,6.315352,6.337933,8420486
2011-04-20,6.379335,6.503534,6.379335,6.492243,11699858
2011-04-21,6.518588,6.586334,6.511061,6.537407,10414023
2011-04-26,6.559988,6.59386,6.533642,6.575042,7950148
2011-04-27,6.597624,6.72935,6.582569,6.695478,15663835
2011-04-28,6.736877,6.778277,6.71806,6.748168,22783468
2011-04-29,6.766986,6.793331,6.744404,6.793331,7532918
2011-05-02,6.84226,6.84226,6.755697,6.774515,10527946
2011-05-03,6.766987,6.793332,6.703005,6.706769,11265060
2011-05-04,6.691715,6.721824,6.563752,6.571279,35448409
2011-05-05,6.605152,6.642788,6.507298,6.52988,16987597
2011-05-06,6.544933,6.597624,6.462133,6.575042,33637857
2011-05-09,6.54117,6.586334,6.454607,6.496007,14748771
2011-05-10,6.496008,6.597625,6.492244,6.578807,31483872
2011-05-11,6.605151,6.661606,6.571278,6.605151,62844103
2011-05-12,6.548698,6.55999,6.469663,6.518589,98268052
2011-05-13,6.537406,6.548696,6.450842,6.473424,34801539
2011-05-16,6.424497,6.443315,6.38686,6.424497,28180535
2011-05-17,6.424497,6.454606,6.345461,6.360516,79396325
2011-05-18,6.409444,6.420734,6.360516,6.413208,35092608
2011-05-19,6.447078,6.473424,6.390624,6.435788,62585136
2011-05-20,6.458371,6.511062,6.401917,6.416971,17129337
2011-05-23,6.401462,6.428603,6.281265,6.281265,21282663
2011-05-24,6.285142,6.385953,6.285142,6.339425,28279884
2011-05-25,6.300652,6.354934,6.281265,6.339425,30963046
2011-05-26,6.382073,6.389828,6.265754,6.296772,36707493
2011-05-27,6.358812,6.40534,6.327793,6.335548,28416106
2011-05-30,6.358812,6.374321,6.320038,6.335548,7550145
2011-05-31,6.358811,6.459622,6.358811,6.459622,69698611
2011-06-01,6.475131,6.475131,6.366566,6.393707,85811644
2011-06-02,6.35881,6.385951,6.285141,6.285141,40155103
2011-06-03,6.320038,6.320038,6.203718,6.246369,18408362
2011-06-06,6.246367,6.254121,6.192084,6.223103,24792968
2011-06-07,6.21535,6.265755,6.19984,6.234736,29524959
2011-06-08,6.234736,6.265755,6.126171,6.219227,51583800
2011-06-09,6.223104,6.31616,6.223104,6.304528,39759003
2011-06-10,6.281263,6.304526,6.188207,6.215348,15586305
2011-06-13,6.180454,6.226982,6.180454,6.188209,30232289
2011-06-14,6.207597,6.281266,6.18821,6.254124,17473609
2011-06-15,6.246368,6.246368,6.12617,6.14168,14655595
2011-06-16,6.102907,6.137803,6.036992,6.130048,17526011
2011-06-17,6.068011,6.219227,6.048624,6.19984,26988398
2011-06-20,6.087399,6.13005,6.060258,6.095154,12323554
2011-06-21,6.118416,6.234736,6.118416,6.230858,11069496
2011-06-22,6.219228,6.234737,6.161068,6.161068,12248545
2011-06-23,6.126172,6.145559,5.99822,6.040871,14361984
2011-06-24,6.110663,6.164945,6.025361,6.040871,18751933
2011-06-27,5.994343,6.11454,5.932306,6.083521,11109074
2011-06-28,6.091275,6.176577,6.052502,6.110662,11898712
2011-06-29,6.161066,6.261877,6.153312,6.250245,13833737
2011-06-30,6.273511,6.331671,6.211474,6.323916,16022955
2011-07-01,6.347179,6.428603,6.281265,6.393707,15149812
2011-07-04,6.389829,6.432479,6.378197,6.41697,7151001
2011-07-05,6.40146,6.428601,6.343301,6.358809,8832076
2011-07-06,6.358811,6.366565,6.285141,6.312283,13341491
2011-07-07,6.362689,6.382075,6.277388,6.33167,13300374
2011-07-08,6.370442,6.370442,6.15719,6.180453,17623887
2011-07-11,6.09903,6.15719,5.963324,6.009851,21708093
2011-07-12,5.951691,6.060256,5.800475,6.02536,24936744
2011-07-13,6.044748,6.137804,5.99822,6.075767,17045314
2011-07-14,6.017607,6.083521,5.967202,6.040871,14887021
2011-07-15,6.009851,6.056379,5.940059,5.990464,15750084
2011-07-18,5.940059,5.951692,5.835372,5.885777,13797553
2011-07-19,5.905163,5.967201,5.874145,5.928427,12125066
2011-07-20,5.971078,6.036992,5.947814,6.017606,13166292
2011-07-21,6.048624,6.164944,5.951691,6.130048,19637798
2011-07-22,6.203717,6.246367,6.14168,6.18433,17641396
2011-07-25,6.161067,6.195963,6.126171,6.133926,12877246
2011-07-26,6.141682,6.168823,6.068012,6.095154,11635066
2011-07-27,6.068013,6.079645,5.947816,5.986589,11450507
2011-07-28,5.932305,5.963323,5.862513,5.963323,15631456
2011-07-29,5.862513,5.951692,5.82374,5.885777,20047181
2011-08-01,5.92455,5.940059,5.660892,5.715175,27596363
2011-08-02,5.664769,5.765579,5.622118,5.703542,19805836
2011-08-03,5.622119,5.672524,5.486413,5.498045,32960518
2011-08-04,5.536817,5.552326,5.35846,5.370092,28843927
2011-08-05,5.145209,5.350707,5.083171,5.350707,42290992
2011-08-08,5.156841,5.362339,5.059908,5.063786,35163122
2011-08-09,5.044399,5.164595,4.846655,5.005625,48795493
2011-08-10,5.137454,5.137454,4.718703,4.718703,42882228
2011-08-11,4.827267,4.889304,4.586873,4.889304,40965091
2011-08-12,4.889305,5.160718,4.757476,5.083171,32606477
2011-08-16,5.009501,5.114189,4.951342,5.106434,22171754
2011-08-17,5.063784,5.246018,5.04052,5.215,20210107
2011-08-18,5.125823,5.172351,4.904815,4.962976,27070459
2011-08-19,4.955218,4.955218,4.792371,4.838899,32790865
2011-08-22,4.827267,5.296423,4.815635,5.145208,41050108
2011-08-23,5.222754,5.308055,5.129698,5.191735,30072062
2011-08-24,5.253773,5.280914,5.114189,5.218877,25320820
2011-08-25,5.269281,5.269281,5.102556,5.156839,21646790
2011-08-26,5.137453,5.149085,4.939709,5.071538,22718512
2011-08-29,5.121943,5.24214,5.102557,5.19949,10946962
2011-08-30,5.234388,5.273162,5.168474,5.226634,18913482
2011-08-31,5.273159,5.436007,5.242141,5.428252,25238757
2011-09-01,5.44764,5.525186,5.377848,5.486413,27655505
2011-09-02,5.420497,5.436007,5.3003,5.339074,22682214
2011-09-05,5.234386,5.273159,5.059907,5.106434,19778874
2011-09-06,5.07154,5.152964,4.974607,5.048276,41251149
2011-09-07,5.195613,5.25765,5.129698,5.25765,33651946
2011-09-08,5.261526,5.40111,5.246017,5.366214,69034374
2011-09-09,5.366215,5.397234,5.180104,5.180104,67609209
2011-09-12,5.044397,5.110311,4.966851,5.056029,59690669
2011-09-13,5.121945,5.145209,4.916447,5.09868,70323536
2011-09-14,5.05603,5.203368,5.048275,5.183981,70429453
2011-09-15,5.222755,5.377847,5.191736,5.31581,42402135
2011-09-16,5.350707,5.401112,5.261528,5.261528,53179815
2011-09-19,5.180892,5.245402,5.120415,5.160733,20285234
2011-09-20,5.128477,5.269591,5.100254,5.229273,33259607
2011-09-21,5.257497,5.297815,5.184924,5.192987,52322205
2011-09-22,5.088159,5.116382,4.918823,4.918823,67942135
2011-09-23,4.979302,5.039779,4.793838,4.987365,67220439
2011-09-26,4.926887,5.128478,4.898664,5.055905,57129768
2011-09-27,5.176859,5.313941,5.116381,5.313941,67173041
2011-09-28,5.261528,5.370387,5.233305,5.269591,30886644
2011-09-29,5.229273,5.37845,5.213146,5.346196,22327594
2011-09-30,5.322003,5.390544,5.281685,5.330067,22638073
2011-10-03,5.237337,5.26556,5.180892,5.249433,18875024
2011-10-04,5.192987,5.269592,5.104287,5.22121,23611221
2011-10-05,5.326037,5.53166,5.293783,5.523596,30270699
2011-10-06,5.511501,5.66471,5.483278,5.66471,28013449
2011-10-07,5.66471,5.882428,5.648582,5.862269,31238439
2011-10-10,5.906619,6.003383,5.890492,5.991288,27234652
2011-10-11,5.955002,5.97113,5.890493,5.946939,18836629
2011-10-12,5.942906,6.104179,5.918716,6.096116,18593192
2011-10-13,6.059829,6.071925,5.99532,6.035638,24966769
2011-10-14,6.14853,6.329962,6.071925,6.309803,35767162
2011-10-17,6.354151,6.406564,6.184814,6.196909,25602052
2011-10-18,6.088052,6.257388,6.067892,6.229165,19400777
2011-10-19,6.289645,6.366249,6.249326,6.338027,12496607
2011-10-20,6.265452,6.463011,6.196911,6.378343,36022319
2011-10-21,6.434788,6.499298,6.382374,6.48317,30406732
2011-10-24,6.503327,6.507359,6.313832,6.491232,17220570
2011-10-25,6.450917,6.511394,6.362217,6.422694,15799907
2011-10-26,6.410596,6.503328,6.390438,6.471074,16315210
2011-10-27,6.571871,6.765399,6.543648,6.721048,27906128
2011-10-28,6.737174,6.741206,6.592029,6.600092,18491244
2011-10-31,6.551711,6.567839,6.446884,6.446884,17803787
2011-11-01,6.273515,6.30577,6.092083,6.156592,26092093
2011-11-02,6.204974,6.273515,6.051764,6.269483,23726416
2011-11-03,6.148529,6.50333,6.108211,6.342057,31048567
2011-11-04,6.362214,6.414628,6.229164,6.269483,19317546
2011-11-07,6.19691,6.426724,6.100146,6.37431,21747103
2011-11-08,6.366247,6.587997,6.35012,6.442852,19449010
2011-11-09,6.479138,6.499297,6.176751,6.321897,24318628
2011-11-10,6.245293,6.342057,6.188848,6.245293,21106079
2011-11-11,6.265452,6.37028,6.213038,6.329961,17174309
2011-11-14,6.382375,6.414629,6.237229,6.289643,15802974
2011-11-15,6.237229,6.386406,6.180783,6.321897,17569095
2011-11-16,6.289643,6.430757,6.26142,6.410597,17501131
2011-11-17,6.374311,6.458979,6.321897,6.346088,16377262
2011-11-18,6.293675,6.454949,6.289644,6.39044,15548904
2011-11-21,6.354151,6.354151,6.160623,6.164655,17581483
2011-11-22,6.209007,6.245293,6.03967,6.047734,14429334
2011-11-23,5.979193,6.047734,5.898557,5.946939,15716171
2011-11-24,5.950969,5.995319,5.79776,5.866301,12469134
2011-11-25,5.850173,5.983223,5.809854,5.914682,12637621
2011-11-28,5.979191,6.136432,5.955,6.136432,13994693
2011-11-29,6.100148,6.116275,6.031606,6.096116,15339328
2011-11-30,6.055797,6.321897,6.023542,6.321897,24375629
2011-12-01,6.309801,6.414628,6.28561,6.333992,14122478
2011-12-02,6.410598,6.499299,6.362216,6.39044,14649939
2011-12-05,6.463012,6.543648,6.402534,6.511393,14623464
2011-12-06,6.499296,6.604123,6.495264,6.543646,13921185
2011-12-07,6.608157,6.644444,6.406567,6.531553,17942842
2011-12-08,6.555745,6.579936,6.30174,6.338027,18639828
2011-12-09,6.297705,6.511391,6.289641,6.491232,18246663
2011-12-12,6.450916,6.463012,6.32593,6.32593,12970533
2011-12-13,6.338025,6.450915,6.309802,6.366247,13821367
2011-12-14,6.333993,6.370279,6.209006,6.229165,13761580
2011-12-15,6.257389,6.32593,6.23723,6.249325,11606789
2011-12-16,6.245291,6.269483,6.084019,6.084019,40599731
2011-12-19,6.059829,6.156593,6.019511,6.100148,11247761
2011-12-20,6.088052,6.245293,6.03967,6.221102,11703372
2011-12-21,6.273514,6.321896,6.136432,6.196909,11669325
2011-12-22,6.229164,6.325928,6.225132,6.277546,9892011
2011-12-23,6.346088,6.406565,6.329961,6.346088,7634625
2011-12-27,6.386404,6.410594,6.305767,6.350117,4218156
2011-12-28,6.36625,6.422695,6.301741,6.301741,7521759
2011-12-29,6.333991,6.406564,6.277545,6.362214,7245415
2011-12-30,6.410595,6.454946,6.394468,6.454946,7913202
2012-01-02,6.450917,6.559776,6.430757,6.531553,6698424
2012-01-03,6.57187,6.676698,6.531553,6.648475,15041293
2012-01-04,6.644441,6.680728,6.600092,6.628314,13334295
2012-01-05,6.668635,6.672666,6.531553,6.551712,12048285
2012-01-06,6.579935,6.68073,6.563808,6.587998,12547359
2012-01-09,6.604125,6.652507,6.551712,6.551712,11841409
2012-01-10,6.604123,6.741205,6.600092,6.692824,15489582
2012-01-11,6.648475,6.708953,6.563807,6.652507,13895434
2012-01-12,6.636378,6.692824,6.575901,6.616219,14705702
2012-01-13,6.644443,6.660571,6.499298,6.567839,14488803
2012-01-16,6.547679,6.628316,6.519457,6.608157,10512469
2012-01-17,6.664603,6.765399,6.648475,6.721048,15139454
2012-01-18,6.700889,6.781525,6.648475,6.729112,12599592
2012-01-19,6.769429,6.934733,6.761365,6.934733,22966887
2012-01-20,6.958924,7.01537,6.88232,6.922638,19948029
2012-01-23,6.934734,7.01537,6.894416,6.966989,14192688
2012-01-24,6.971021,6.971021,6.870225,6.966989,13119172
2012-01-25,6.979085,6.979085,6.757335,6.785558,18451901
2012-01-26,6.83394,6.862163,6.757335,6.862163,14229191
2012-01-27,6.817812,6.902481,6.797654,6.797654,11788450
2012-01-30,6.757333,6.813778,6.725078,6.789587,10030475
2012-01-31,6.833938,6.894416,6.813779,6.813779,12650576
2012-02-01,6.837971,6.942798,6.837971,6.910543,13276805
2012-02-02,6.95086,6.954892,6.870224,6.934733,10283702
2012-02-03,6.914576,6.954894,6.858131,6.950862,11232531
2012-02-06,6.958925,6.966989,6.874256,6.926671,9610376
2012-02-07,6.954894,6.958926,6.874258,6.930704,7634959
2012-02-08,6.934735,6.962957,6.90248,6.914575,9147275
2012-02-09,6.942798,6.962957,6.910543,6.94683,11758481
2012-02-10,6.926669,6.930701,6.858128,6.886351,10467667
2012-02-13,6.92667,6.971021,6.918607,6.971021,8047723
2012-02-14,6.971019,7.007305,6.946828,7.007305,9324642
2012-02-15,7.05569,7.071818,6.950863,6.979085,14924966
2012-02-16,6.958924,6.979083,6.878287,6.962956,10629509
2012-02-17,7.007307,7.051658,6.983117,6.99118,10420033
2012-02-20,7.011341,7.071819,7.011341,7.039563,7613280
2012-02-21,7.055689,7.055689,6.975053,7.027467,7953045
2012-02-22,7.031497,7.055688,7.003275,7.055688,8510755
2012-02-23,7.031499,7.051657,7.019403,7.027467,8379129
2012-02-24,7.051656,7.083911,7.047624,7.083911,8952263
2012-02-27,7.055689,7.071817,7.011339,7.019403,8753880
2012-02-28,7.039561,7.051656,6.975052,7.003275,8826522
2012-02-29,7.019404,7.059722,6.962959,6.979085,11068038
2012-03-01,6.983115,7.108101,6.954892,7.091974,12169957
2012-03-02,7.108101,7.112133,7.055688,7.055688,7382195
2012-03-05,7.035529,7.079878,7.003274,7.051656,7733495
2012-03-06,7.035529,7.067783,6.962956,6.962956,13161504
2012-03-07,6.946831,6.971022,6.902481,6.942799,8474446
2012-03-08,6.987147,7.091974,6.958924,7.091974,10847643
2012-03-09,7.132295,7.204868,7.083913,7.156486,14434257
2012-03-12,7.156484,7.25728,7.128262,7.25728,12523576
2012-03-13,7.257279,7.382265,7.257279,7.382265,14373548
2012-03-14,7.402424,7.450805,7.337915,7.345978,11942445
2012-03-15,7.358076,7.430649,7.317757,7.378234,13030206
2012-03-16,7.406456,7.511283,7.382264,7.462901,23860773
2012-03-19,7.503221,7.547571,7.474999,7.527412,10311692
2012-03-20,7.523379,7.531443,7.394361,7.430647,8454090
2012-03-21,7.418554,7.450809,7.32179,7.354045,9959078
2012-03-22,7.354044,7.362108,7.156485,7.225026,12829925
2012-03-23,7.216961,7.216961,7.071815,7.168579,10551562
2012-03-26,7.216963,7.32179,7.164549,7.289536,11967882
2012-03-27,7.362105,7.41855,7.144386,7.17261,19029845
2012-03-28,7.132293,7.229057,7.063752,7.128261,12828172
2012-03-29,7.096007,7.120197,6.999243,7.031497,13741974
2012-03-30,7.079879,7.091974,7.007306,7.091974,10896186
2012-04-02,7.05972,7.091975,7.007306,7.083911,10877448
2012-04-03,7.087943,7.172612,7.075848,7.075848,9231381
2012-04-04,7.104072,7.112135,6.90248,6.910543,11009928
2012-04-05,6.942796,6.983115,6.846033,6.934733,10497123
2012-04-10,6.854098,6.866194,6.632348,6.660571,16315705
2012-04-11,6.652507,6.708952,6.539616,6.632348,15573531
2012-04-12,6.61622,6.656538,6.43882,6.64041,16259594
2012-04-13,6.632348,6.632348,6.491234,6.511393,11190473
2012-04-16,6.491234,6.712983,6.479138,6.612188,10781165
2012-04-17,6.59203,6.793622,6.59203,6.785558,11291755
2012-04-18,6.753302,6.777493,6.640411,6.700889,10488082
2012-04-19,6.712983,6.745238,6.547678,6.547678,12402394
2012-04-20,6.535584,6.708952,6.45898,6.660571,17374948
2012-04-23,6.567838,6.64041,6.438819,6.471074,13254415
2012-04-24,6.515424,6.608155,6.495265,6.579933,10124611
2012-04-25,6.628317,6.729112,6.608157,6.644444,9704153
2012-04-26,6.652505,6.737173,6.543646,6.676696,9770540
2012-04-27,6.668632,6.866191,6.636377,6.821841,14165582
2012-04-30,6.878289,6.90248,6.737175,6.761366,8633580
2012-05-02,6.850067,6.890385,6.684762,6.712985,13948043
2012-05-03,6.789589,6.829907,6.700889,6.729112,11723697
2012-05-04,6.717015,6.769429,6.55171,6.579933,12936383
2012-05-07,6.511393,6.721047,6.48317,6.700889,8775052
2012-05-08,6.721048,6.76943,6.632348,6.660571,13375298
2012-05-09,6.700887,6.704918,6.559773,6.676696,49067197
2012-05-10,6.729111,6.737174,6.571869,6.684761,51688087
2012-05-11,6.64041,6.817811,6.583965,6.813779,67336486
2012-05-14,6.721049,6.741208,6.555744,6.63638,73800616
2012-05-15,6.712982,6.712982,6.491233,6.523487,53839455
2012-05-16,6.454948,6.632348,6.390438,6.495266,23935775
2012-05-17,6.503329,6.511393,6.362215,6.442852,37046416
2012-05-18,6.329962,6.507362,6.301739,6.422694,18284028
2012-05-21,6.41019,6.456037,6.343504,6.406022,12114351
2012-05-22,6.481043,6.651926,6.464372,6.626919,25259368
2012-05-23,6.589408,6.589408,6.356007,6.393518,37969287
2012-05-24,6.439365,6.564402,6.368511,6.551898,42477054
2012-05-25,6.547728,6.631085,6.460202,6.564399,45476741
2012-05-28,6.606081,6.64776,6.526892,6.556067,55822677
2012-05-29,6.572739,6.639425,6.472709,6.53106,30466133
2012-05-30,6.485211,6.52689,6.360175,6.393518,26692373
2012-05-31,6.45187,6.547731,6.401855,6.501884,30995164
2012-06-01,6.526888,6.531056,6.32683,6.414356,28859355
2012-06-04,6.38935,6.493547,6.343504,6.401854,9761650
2012-06-05,6.48521,6.514385,6.40602,6.476874,7851396
2012-06-06,6.497717,6.660264,6.489381,6.660264,13925391
2012-06-07,6.66443,6.785299,6.626919,6.681102,12617361
2012-06-08,6.631087,6.701941,6.601912,6.639423,11096514
2012-06-11,6.735283,6.768626,6.610246,6.618582,12187957
2012-06-12,6.589408,6.66443,6.551897,6.656094,11223282
2012-06-13,6.656095,6.72278,6.610248,6.639423,10421920
2012-06-14,6.60191,6.685267,6.539391,6.685267,12690436
2012-06-15,6.731117,6.868656,6.710278,6.76446,59132021
2012-06-18,6.835313,6.893664,6.651927,6.664431,11298249
2012-06-19,6.685269,6.851984,6.668597,6.826976,11208420
2012-06-20,6.847817,6.901999,6.80197,6.843649,8086648
2012-06-21,6.826977,6.931174,6.789467,6.831145,12478166
2012-06-22,6.760292,6.781132,6.70611,6.722781,10530840
2012-06-25,6.701938,6.739449,6.535223,6.547727,7839799
2012-06-26,6.589409,6.597744,6.493547,6.514387,7151905
2012-06-27,6.506052,6.689439,6.493549,6.660264,8079873
2012-06-28,6.656092,6.71861,6.585238,6.689434,7312011
2012-06-29,6.856153,6.993692,6.797802,6.993692,13343719
2012-07-02,6.985355,7.122894,6.960348,7.085383,10972814
2012-07-03,7.097888,7.322953,7.089552,7.322953,11220834
2012-07-04,7.293777,7.318784,7.160405,7.231259,7461367
2012-07-05,7.218756,7.314617,7.097888,7.206253,12030113
2012-07-06,7.147902,7.202085,7.027034,7.031202,7044793
2012-07-09,7.002026,7.102056,6.972851,7.052041,6628829
2012-07-10,7.056209,7.164574,7.031202,7.052041,7368652
2012-07-11,7.010364,7.106225,6.985357,7.072882,6782436
2012-07-12,7.035371,7.060379,6.985357,7.022868,7670598
2012-07-13,7.064546,7.077049,6.935341,7.039538,9777468
2012-07-16,7.027036,7.068714,6.943679,6.964518,7317509
2012-07-17,7.006196,7.022867,6.86032,6.872824,9094024
2012-07-18,6.947845,7.018699,6.89783,7.010363,9319557
2012-07-19,7.060378,7.072881,6.993692,7.010363,7479799
2012-07-20,6.972853,6.997861,6.735285,6.789467,13184644
2012-07-23,6.722782,6.735286,6.468542,6.53106,15335341
2012-07-24,6.556064,6.593575,6.314328,6.356007,13024260
2012-07-25,6.314328,6.36851,6.226802,6.356007,12040256
2012-07-26,6.376848,6.726949,6.326834,6.722781,17510249
2012-07-27,6.776963,6.96035,6.714445,6.931174,14655361
2012-07-30,6.939508,7.047873,6.918669,7.031202,10699971
2012-07-31,7.060379,7.147904,7.0187,7.0187,11781108
2012-08-01,6.927006,7.110392,6.922838,7.002027,12065365
2012-08-02,6.993692,7.227093,6.847817,6.872824,19667599
2012-08-03,6.93534,7.352127,6.839479,7.352127,20874465
2012-08-06,7.327122,7.422983,7.235429,7.377137,13028497
2012-08-07,7.381305,7.531349,7.37297,7.510509,17336400
2012-08-08,7.498004,7.531347,7.452157,7.527179,13569608
2012-08-09,7.539684,7.564691,7.393809,7.460495,11482088
2012-08-10,7.406311,7.468829,7.372968,7.439654,6931572
2012-08-13,7.418814,7.468828,7.377135,7.397974,7612249
2012-08-14,7.447991,7.464662,7.418816,7.460495,5456646
2012-08-16,7.406311,7.460493,7.389639,7.44799,9411373
2012-08-17,7.481334,7.493838,7.427152,7.468831,9959331
2012-08-20,7.464662,7.514676,7.368801,7.422983,7917539
2012-08-21,7.456324,7.506339,7.443821,7.506339,7945525
2012-08-22,7.431319,7.472998,7.368801,7.377137,7843180
2012-08-23,7.410478,7.435485,7.277106,7.302114,7597488
2012-08-24,7.314619,7.327123,7.202087,7.256269,10718128
2012-08-27,7.235428,7.306281,7.206253,7.293777,5274651
2012-08-28,7.277108,7.29378,7.222926,7.281276,5486325
2012-08-29,7.293777,7.314617,7.26877,7.293777,6776096
2012-08-30,7.264603,7.281274,7.193749,7.227092,7845492
2012-08-31,7.247932,7.343793,7.218757,7.343793,10987591
2012-09-03,7.28961,7.327121,7.264603,7.302114,8275093
2012-09-04,7.277106,7.293778,7.181246,7.193749,9624884
2012-09-05,7.197915,7.218755,7.089551,7.102055,11411934
2012-09-06,7.12706,7.3813,7.122892,7.372965,18113791
2012-09-07,7.431319,7.568859,7.38964,7.498005,20627588
2012-09-10,7.468827,7.481331,7.402142,7.44382,8934963
2012-09-11,7.339625,7.502172,7.339625,7.489668,12697401
2012-09-12,7.397974,7.506339,7.393806,7.46466,17674042
2012-09-13,7.452158,7.514677,7.443823,7.481334,10342111
2012-09-14,7.752246,7.793925,7.723071,7.793925,23941188
2012-09-17,7.743909,7.764748,7.681391,7.714734,9130830
2012-09-18,7.656384,7.698062,7.589697,7.627208,11942603
2012-09-19,7.64388,7.735573,7.639712,7.685559,12723209
2012-09-20,7.652217,7.652217,7.556356,7.602202,12650083
2012-09-21,7.610536,7.735572,7.602201,7.735572,16360254
2012-09-24,7.769916,7.817136,7.718402,7.722695,12405190
2012-09-25,7.718402,7.726987,7.628254,7.705524,10175328
2012-09-26,7.615376,7.641132,7.499471,7.503764,12098804
2012-09-27,7.512347,7.533811,7.4222,7.469419,10139007
2012-09-28,7.473715,7.516643,7.306297,7.306297,11639748
2012-10-01,7.306298,7.46513,7.276249,7.443666,11590560
2012-10-02,7.43937,7.456542,7.383565,7.417907,12137218
2012-10-03,7.362103,7.405031,7.344932,7.349225,9393445
2012-10-04,7.340639,7.362102,7.267662,7.306297,14529815
2012-10-05,7.366397,7.47801,7.357812,7.473717,19354968
2012-10-08,7.426491,7.43937,7.3621,7.3621,6741341
2012-10-09,7.383565,7.525227,7.332052,7.409322,18604152
2012-10-10,7.396445,7.568155,7.396445,7.546692,12553830
2012-10-11,7.469422,7.542399,7.452251,7.495178,11560100
2012-10-12,7.473713,7.525227,7.4222,7.4222,11722196
2012-10-15,7.426492,7.542397,7.4222,7.512348,8008767
2012-10-16,7.572449,7.684062,7.533814,7.684062,11228591
2012-10-17,7.701233,7.778503,7.679769,7.761332,11460373
2012-10-18,7.739866,7.778501,7.623961,7.705524,9659220
2012-10-19,7.701232,7.718403,7.581034,7.585327,10621345
2012-10-22,7.598204,7.641131,7.525227,7.542397,7895656
2012-10-23,7.563862,7.589618,7.37498,7.409322,10053718
2012-10-24,7.469417,7.533808,7.413611,7.508052,10167458
2012-10-25,7.490887,7.538107,7.456545,7.456545,7751924
2012-10-26,7.396443,7.54669,7.396443,7.512348,7548316
2012-10-29,7.473713,7.486592,7.413615,7.439371,6631532
2012-10-30,7.520934,7.598204,7.516641,7.593911,8278193
2012-10-31,7.628254,7.709816,7.602497,7.602497,10240661
2012-11-01,7.563863,7.658303,7.508056,7.658303,8488917
2012-11-02,7.645423,7.705522,7.59391,7.64113,6873420
2012-11-05,7.602497,7.615376,7.516642,7.538106,6955170
2012-11-06,7.550984,7.649717,7.525227,7.636839,6545959
2012-11-07,7.679767,7.701231,7.478007,7.49947,11599960
2012-11-08,7.559568,7.568153,7.447956,7.469419,8122419
2012-11-09,7.460835,7.512349,7.413615,7.490885,7390911
2012-11-12,7.520937,7.538108,7.443667,7.473717,4819094
2012-11-13,7.435077,7.538104,7.383565,7.520933,8739628
2012-11-14,7.508056,7.555276,7.473714,7.482299,5634189
2012-11-15,7.443664,7.520934,7.435079,7.482299,5880761
2012-11-16,7.48659,7.495175,7.349222,7.3621,10745130
2012-11-19,7.426494,7.585327,7.383567,7.585327,7556640
2012-11-20,7.555276,7.636839,7.538104,7.611082,5976242
2012-11-21,7.568154,7.666888,7.555276,7.649716,6698989
2012-11-22,7.654011,7.709816,7.623961,7.696939,6166993
2012-11-23,7.709816,7.748451,7.662596,7.735573,5480095
2012-11-26,7.714107,7.722693,7.619666,7.64113,6365132
2012-11-27,7.709816,7.718402,7.615376,7.645425,6029317
2012-11-28,7.649718,7.71411,7.615376,7.692646,8063647
2012-11-29,7.744159,7.85577,7.722694,7.85577,12303957
2012-11-30,7.851479,7.885821,7.804258,7.804258,7425780
2012-12-03,7.817136,7.907285,7.748452,7.778502,10961071
2012-12-04,7.769914,7.834305,7.739864,7.821426,5833317
2012-12-05,7.860065,7.911579,7.662598,7.684062,15715817
2012-12-06,7.619668,7.76133,7.568155,7.658303,14716143
2012-12-07,7.688353,7.714109,7.576741,7.645425,8508459
2012-12-10,7.568153,7.67118,7.486591,7.654008,9882436
2012-12-11,7.688353,7.705524,7.628254,7.701231,6928802
2012-12-12,7.722695,7.808551,7.658304,7.774209,8394824
2012-12-13,7.80855,7.825721,7.744159,7.769915,8026475
2012-12-14,7.795672,7.817136,7.76133,7.804258,5774493
2012-12-17,7.817136,7.834307,7.731281,7.834307,6876289
2012-12-18,7.85577,7.864356,7.799964,7.842892,8400496
2012-12-19,7.860062,7.958796,7.855769,7.95021,9181619
2012-12-20,7.933041,7.980262,7.915871,7.941627,9763078
2012-12-21,7.881526,7.975967,7.864354,7.954503,9475785
2012-12-27,7.933039,8.006016,7.907283,7.958797,5473511
2012-12-28,8.006016,8.006016,7.872941,7.872941,4865868
2013-01-02,7.993139,8.151971,7.975967,8.151971,10711209
2013-01-03,8.11763,8.130508,8.057531,8.130508,6007871
2013-01-04,8.130508,8.164851,8.078995,8.160558,6910610
2013-01-07,8.143387,8.151973,8.014604,8.048946,7928308
2013-01-08,8.036065,8.109042,8.023187,8.087579,5811855
2013-01-09,8.109044,8.233535,8.104751,8.224949,8257109
2013-01-10,8.237826,8.323681,8.203484,8.25929,9548310
2013-01-11,8.302219,8.319389,8.259291,8.297926,7832917
2013-01-14,8.302219,8.310805,8.169143,8.224949,7704224
2013-01-15,8.224949,8.297926,8.182021,8.28934,7517700
2013-01-16,8.280755,8.310804,8.237827,8.28934,6116340
2013-01-17,8.30222,8.388076,8.285049,8.362319,7557568
2013-01-18,8.392366,8.409538,8.216363,8.280755,9872441
2013-01-21,8.302219,8.323682,8.250705,8.28934,4191340
2013-01-22,8.293634,8.340855,8.1949,8.31939,9907996
2013-01-23,8.3151,8.345149,8.276465,8.3151,5805789
2013-01-24,8.315099,8.340855,8.263585,8.306513,7819103
2013-01-25,8.25929,8.315096,8.212069,8.246411,8885264
2013-01-28,8.285046,8.302218,8.233534,8.246411,6499728
2013-01-29,8.259291,8.28934,8.233534,8.28934,6922330
2013-01-30,7.817136,7.971676,7.795672,7.898699,39493629
2013-01-31,7.90299,8.001723,7.864355,7.937332,13526627
2013-02-01,7.907282,7.954503,7.881526,7.937332,8804334
2013-02-04,7.933041,7.958798,7.675474,7.675474,11215415
2013-02-05,7.641132,7.8386,7.602497,7.830014,10356704
2013-02-06,7.804256,7.851477,7.731279,7.799963,8958646
2013-02-07,7.82572,7.890112,7.383565,7.439371,22898956
2013-02-08,7.417908,7.559569,7.29771,7.482299,22256955
2013-02-11,7.469422,7.503764,7.400738,7.430787,9091231
2013-02-12,7.409323,7.529521,7.379274,7.503764,7920373
2013-02-13,7.538104,7.628252,7.503762,7.572446,9425962
2013-02-14,7.533814,7.5424,7.426495,7.435081,10241542
2013-02-15,7.555276,7.714108,7.555276,7.593911,17203911
2013-02-18,7.550982,7.598203,7.520933,7.572446,6374818
2013-02-19,7.568155,7.679767,7.55957,7.658303,8535132
2013-02-20,7.645425,7.671183,7.572448,7.58962,7378389
2013-02-21,7.538106,7.550984,7.413616,7.413616,12504470
2013-02-22,7.422202,7.516642,7.413616,7.503764,8345306
2013-02-25,7.555276,7.714108,7.460835,7.52952,17300220
2013-02-26,7.297711,7.447958,7.28054,7.302004,19541278
2013-02-27,7.340638,7.469421,7.319174,7.460835,11332593
2013-02-28,7.486593,7.533813,7.422202,7.495178,8833744
2013-03-01,7.473714,7.4823,7.396444,7.396444,8022090
2013-03-04,7.379273,7.435079,7.319174,7.405029,7113905
2013-03-05,7.46942,7.632545,7.465127,7.632545,8221902
2013-03-06,7.606788,7.769914,7.606788,7.662595,12499767
2013-03-07,7.718402,7.791379,7.714109,7.774209,7838199
2013-03-08,7.812843,7.830014,7.726987,7.765622,9201507
2013-03-11,7.701233,7.761332,7.692648,7.744161,7738521
2013-03-12,7.739866,7.881528,7.731281,7.804258,11216614
2013-03-13,7.795672,7.817136,7.68406,7.696939,9388277
2013-03-14,7.757035,7.937332,7.757035,7.937332,18349968
2013-03-15,7.975968,7.980261,7.825721,7.825721,16988561
2013-03-18,7.718403,7.782794,7.645425,7.778502,11178761
2013-03-19,7.748449,7.769914,7.645423,7.666887,13516972
2013-03-20,7.726985,7.830012,7.68835,7.812841,10723947
2013-03-21,7.787086,7.834307,7.735574,7.774209,7995528
2013-03-22,7.744157,7.890111,7.735572,7.799963,8811172
2013-03-25,7.885822,7.902992,7.709817,7.718403,11393809
2013-03-26,7.752743,7.791378,7.632546,7.649716,12984915
2013-03-27,7.714109,7.714109,7.516642,7.568154,11329388
2013-03-28,7.55957,7.63684,7.503763,7.525228,9144879
2013-04-02,7.542397,7.726986,7.520933,7.726986,11114040
2013-04-03,7.692646,7.71411,7.546692,7.546692,8877046
2013-04-04,7.572448,7.66689,7.51235,7.538106,9958918
2013-04-05,7.563863,7.58962,7.413616,7.495178,11770654
2013-04-08,7.538106,7.615376,7.529521,7.546692,7943438
2013-04-09,7.606788,7.666887,7.576739,7.666887,8509098
2013-04-10,7.666889,7.769915,7.645424,7.769915,10446040
2013-04-11,7.748453,7.791381,7.731282,7.761332,8057338
2013-04-12,7.73128,7.748451,7.645425,7.658303,8131675
2013-04-15,7.64113,7.701229,7.555275,7.572446,9116725
2013-04-16,7.538106,7.593913,7.486593,7.495178,8550955
2013-04-17,7.542397,7.555275,7.297709,7.417907,11548377
2013-04-18,7.486593,7.512349,7.417909,7.447958,9060862
2013-04-19,7.533813,7.55957,7.452251,7.465128,11958530
2013-04-22,7.520935,7.572447,7.435079,7.49947,11707814
2013-04-23,7.512352,7.598207,7.44796,7.598207,14340178
2013-04-24,7.615374,7.825719,7.598203,7.782792,14421282
2013-04-25,7.662597,7.718403,7.576741,7.718403,13184404
2013-04-26,7.726986,7.726986,7.606788,7.666887,9254364
2013-04-29,7.662596,7.821428,7.65401,7.795671,10037575
2013-04-30,7.834306,7.838599,7.73128,7.795671,9427364
2013-05-02,7.739866,7.830014,7.662596,7.774209,15063058
2013-05-03,7.808551,7.907284,7.748451,7.907284,10814811
2013-05-06,7.885821,7.91587,7.8386,7.898699,5700080
2013-05-07,7.915868,7.963088,7.902989,7.95021,8662138
2013-05-08,7.954506,7.967383,7.911578,7.941627,8206550
2013-05-09,7.963089,7.963089,7.877234,7.924454,8231419
2013-05-10,7.954505,8.006018,7.902991,7.980261,13725110
2013-05-13,7.963091,7.988848,7.933041,7.941627,12116350
2013-05-14,7.984555,8.139094,7.933041,8.113338,15181077
2013-05-15,8.113335,8.143384,8.04465,8.143384,14522172
2013-05-16,8.100461,8.13051,8.074704,8.091875,14527674
2013-05-17,8.053237,8.207777,8.053237,8.147677,23630585
2013-05-20,8.218373,8.236046,8.116748,8.169769,8784009
2013-05-21,8.178609,8.196283,8.05931,8.099076,9797224
2013-05-22,8.103492,8.187444,8.090237,8.169769,9936218
2013-05-23,8.00187,8.05931,7.948848,7.957685,12078303
2013-05-24,7.962103,7.984195,7.833966,7.842803,9979122
2013-05-27,7.842803,7.97094,7.838385,7.97094,4562568
2013-05-28,8.059308,8.152097,8.041635,8.147678,8200708
2013-05-29,8.072564,8.090238,7.99745,7.99745,8997988
2013-05-30,7.940012,7.993034,7.882572,7.882572,9699036
2013-05-31,7.926757,7.944431,7.732344,7.732344,12237869
2013-06-03,7.732341,7.869314,7.688156,7.772108,12134121
2013-06-04,7.798619,7.851641,7.763271,7.798619,6428760
2013-06-05,7.736761,7.816294,7.65281,7.65281,9603138
2013-06-06,7.65281,7.683739,7.511418,7.511418,11599600
2013-06-07,7.537929,7.670484,7.493744,7.643973,13334211
2013-06-10,7.61746,7.635135,7.542346,7.613042,9681543
2013-06-11,7.573275,7.595368,7.427465,7.515835,12633776
2013-06-12,7.476069,7.555602,7.405374,7.405374,11820705
2013-06-13,7.32584,7.400954,7.290492,7.347932,13172733
2013-06-14,7.427466,7.480488,7.365607,7.440722,12437653
2013-06-17,7.113754,7.347933,7.078407,7.281656,23113666
2013-06-18,7.259565,7.277238,7.184451,7.184451,11919624
2013-06-19,7.228635,7.237472,7.104918,7.104918,12856257
2013-06-20,7.051895,7.127009,6.8619,6.883993,21666986
2013-06-21,6.875156,6.976781,6.80446,6.839808,21772458
2013-06-24,6.839807,6.906085,6.769112,6.808878,15640279
2013-06-25,6.892831,6.897249,6.698418,6.755858,14686453
2013-06-26,6.773531,6.932596,6.74702,6.932596,11651910
2013-06-27,6.941432,7.038639,6.879574,6.998873,9831530
2013-06-28,7.03864,7.060732,6.945852,6.972363,10206432
2013-07-01,7.020964,7.082823,6.972361,7.056312,7834157
2013-07-02,7.100498,7.104917,6.906085,6.972363,10875409
2013-07-03,6.914924,6.972365,6.83981,6.941435,10937409
2013-07-04,6.998875,7.135848,6.941435,7.135848,12136199
2013-07-05,7.135845,7.153519,6.959106,6.959106,11909267
2013-07-08,7.012129,7.03864,6.959107,7.00771,9367882
2013-07-09,7.043058,7.065151,6.941434,6.976781,9759784
2013-07-10,6.967943,7.007709,6.914921,6.959106,7538804
2013-07-11,7.060734,7.087245,7.012131,7.04306,10812050
2013-07-12,7.091662,7.21538,7.06957,7.06957,11856214
2013-07-15,7.082825,7.175613,7.078407,7.175613,7323305
2013-07-16,7.15352,7.21096,7.122591,7.140264,8381948
2013-07-17,7.140265,7.255146,7.091661,7.255146,10332920
2013-07-18,7.246306,7.365605,7.237469,7.339095,11291443
2013-07-19,7.286076,7.352353,7.277238,7.352353,8212854
2013-07-22,7.378864,7.423048,7.347934,7.370027,6692975
2013-07-23,7.383282,7.418631,7.347934,7.352353,7054418
2013-07-24,7.392118,7.498161,7.378863,7.493742,9297768
2013-07-25,7.498161,7.498161,7.414211,7.458395,7696190
2013-07-26,7.47607,7.493743,7.347933,7.392118,9263013
2013-07-29,7.414211,7.414211,7.259564,7.268401,6031958
2013-07-30,7.272821,7.378866,7.268404,7.361191,8144800
2013-07-31,7.317002,7.347931,7.272817,7.339095,6516300
2013-08-01,7.414211,7.577694,7.383281,7.577694,12394097
2013-08-02,7.577695,7.626298,7.537928,7.626298,9186486
2013-08-05,7.630718,7.674903,7.498163,7.586533,7461886
2013-08-06,7.590952,7.621881,7.471652,7.502582,9350971
2013-08-07,7.476069,7.555602,7.418629,7.533509,8103453
2013-08-08,7.515837,7.586533,7.484908,7.586533,5732664
2013-08-09,7.582112,7.586531,7.498161,7.551183,6275284
2013-08-12,7.551187,7.564442,7.471654,7.542349,5502270
2013-08-13,7.582112,7.613041,7.56002,7.590949,5912516
2013-08-14,7.608623,7.652808,7.568856,7.635134,5273401
2013-08-16,7.573277,7.696995,7.564441,7.670485,9354692
2013-08-19,7.67048,7.679317,7.484904,7.524671,9210335
2013-08-20,7.506999,7.515836,7.400955,7.423048,8008408
2013-08-21,7.453978,7.484908,7.352353,7.352353,6942820
2013-08-22,7.378864,7.542347,7.370027,7.529092,7662558
2013-08-23,7.515837,7.705832,7.44956,7.701413,10289090
2013-08-26,7.679319,7.679319,7.568857,7.613042,6047706
2013-08-27,7.590952,7.679321,7.511419,7.59537,12025500
2013-08-28,7.621881,7.851642,7.621881,7.811875,18467140
2013-08-29,7.811875,7.811875,7.714668,7.794201,10162707
2013-08-30,7.741178,7.745596,7.635134,7.635134,9000228
2013-09-02,7.666064,7.741178,7.643971,7.741178,6771098
2013-09-03,7.719086,7.754433,7.64839,7.666064,8395657
2013-09-04,7.688158,7.714669,7.599789,7.643973,11199275
2013-09-05,7.621878,7.652807,7.551183,7.630715,8530207
2013-09-06,7.62188,7.692575,7.56444,7.692575,13341616
2013-09-09,7.657226,7.666064,7.537927,7.621879,10180608
2013-09-10,7.652809,7.674902,7.586532,7.661646,15314110
2013-09-11,7.670483,7.670483,7.604205,7.661646,17218581
2013-09-12,7.626298,7.696994,7.617461,7.657228,18252014
2013-09-13,7.621879,7.785363,7.621879,7.741178,27876452
2013-09-16,7.723507,7.789784,7.723507,7.758855,17572745
2013-09-17,7.745599,7.77211,7.696996,7.745599,28170912
2013-09-18,7.758853,7.794201,7.723505,7.794201,27731496
2013-09-19,7.86048,7.882572,7.785365,7.882572,19169645
2013-09-20,7.909081,7.940011,7.842804,7.931174,15568628
2013-09-23,7.981309,8.022332,7.899262,7.899262,12923492
2013-09-24,7.830895,7.894709,7.826337,7.871918,12422391
2013-09-25,7.849127,7.903825,7.808104,7.885592,10023696
2013-09-26,7.881034,7.894708,7.789871,7.803546,10154115
2013-09-27,7.858243,7.876476,7.785313,7.798988,8393832
2013-09-30,7.726058,7.757965,7.662243,7.726058,11202023
2013-10-01,7.881032,7.881032,7.735171,7.881032,10964481
2013-10-02,7.849125,7.917498,7.817218,7.849125,12790935
2013-10-03,7.794429,7.890149,7.789871,7.794429,8884397
2013-10-04,7.840013,7.858245,7.785314,7.840013,8433929
2013-10-07,7.812663,7.84457,7.789873,7.812663,8767441
2013-10-08,7.798988,7.858243,7.798988,7.798988,11188360
2013-10-09,7.840013,7.917501,7.803547,7.840013,10744827
2013-10-10,7.96308,7.967638,7.840011,7.96308,11410509
2013-10-11,7.96308,7.999545,7.931173,7.96308,7886635
2013-10-14,7.94029,7.981314,7.894709,7.967639,7134893
2013-10-15,7.976756,8.054245,7.940291,8.022338,9269870
2013-10-16,8.031453,8.200104,8.031453,8.136291,13010805
2013-10-17,8.127176,8.131734,8.049687,8.058804,11577951
2013-10-18,8.08159,8.099823,8.004102,8.099823,8933795
2013-10-21,8.104384,8.113499,8.049686,8.081593,5797379
2013-10-22,8.095266,8.213778,8.077033,8.163638,11530194
2013-10-23,8.127173,8.13629,8.004103,8.049685,9742704
2013-10-24,8.090709,8.127174,7.981314,8.127174,8673468
2013-10-25,8.090709,8.16364,8.077035,8.159081,9597740
2013-10-28,8.172755,8.222895,8.108942,8.131732,9916455
2013-10-29,8.140847,8.254801,8.136289,8.254801,10053055
2013-10-30,8.473592,8.601221,8.35508,8.364197,25492891
2013-10-31,8.341407,8.500942,8.273035,8.500942,12133814
2013-11-01,8.505501,8.505501,8.38243,8.386989,6165406
2013-11-04,8.368755,8.428011,8.327732,8.428011,5789762
2013-11-05,8.43257,8.464477,8.323175,8.341407,7321650
2013-11-06,8.341407,8.368756,8.304942,8.368756,8716083
2013-11-07,8.368754,8.450801,8.186428,8.195544,14931536
2013-11-08,8.15908,8.20922,8.122615,8.190987,10154945
2013-11-11,8.190988,8.232011,8.163639,8.227453,5439299
2013-11-12,8.181873,8.218338,8.159081,8.159081,6981916
2013-11-13,8.149963,8.190986,8.113498,8.113498,7511341
2013-11-14,8.204661,8.204661,8.104382,8.200103,7013433
2013-11-15,8.213779,8.236569,8.163639,8.232011,7715534
2013-11-18,8.227453,8.405222,8.172756,8.386989,10290574
2013-11-19,8.355079,8.355079,8.209218,8.213777,8076006
2013-11-20,8.195548,8.277595,8.186432,8.222898,8642609
2013-11-21,8.19099,8.273037,8.145409,8.186432,9727753
2013-11-22,8.172757,8.241129,8.154524,8.177315,5511085
2013-11-25,8.204662,8.213779,8.095267,8.145407,6318165
2013-11-26,8.149962,8.15452,8.072474,8.072474,5438514
2013-11-27,8.108942,8.122616,8.058802,8.086151,6540746
2013-11-28,8.08615,8.195545,8.08615,8.090708,6042481
2013-11-29,8.090707,8.145405,8.072474,8.072474,3863901
2013-12-02,8.099826,8.099826,7.976756,7.999546,6923591
2013-12-03,8.004101,8.017776,7.844566,7.844566,11189128
2013-12-04,7.894711,7.899269,7.757967,7.817222,11433249
2013-12-05,7.798988,7.840011,7.707825,7.707825,11173631
2013-12-06,7.739731,7.794429,7.657684,7.757964,11628313
2013-12-09,7.771635,7.826333,7.753403,7.789868,6359324
2013-12-10,7.776197,7.812662,7.726058,7.726058,6464770
2013-12-11,7.703266,7.712383,7.530057,7.561964,14622668
2013-12-12,7.557406,7.602988,7.461685,7.470801,12557255
2013-12-13,7.470801,7.525499,7.429777,7.429777,8496375
2013-12-16,7.429779,7.602989,7.384198,7.602989,10614733
2013-12-17,7.534616,7.575639,7.452569,7.461686,8906036
2013-12-18,7.479917,7.539173,7.457127,7.507266,6902196
2013-12-19,7.566523,7.69415,7.561965,7.69415,9111981
2013-12-20,7.744287,7.789868,7.707822,7.789868,14126488
2013-12-23,7.803544,7.890148,7.739729,7.881032,7898192
2013-12-27,7.963079,8.00866,7.91294,8.00866,6043236
2013-12-30,8.008663,8.022337,7.967639,7.972198,6179261
2014-01-02,8.008662,8.045127,7.894709,7.894709,9307779
2014-01-03,7.922057,7.994988,7.908383,7.967639,5960402
2014-01-06,8.004104,8.049686,7.985872,8.013221,6489354
2014-01-07,8.013219,8.058801,7.976754,8.049685,8635457
2014-01-08,8.049686,8.054244,7.890151,7.9175,8378867
2014-01-09,7.931174,7.999546,7.862802,7.871918,10761519
2014-01-10,7.908384,7.963081,7.890151,7.931174,7734123
2014-01-13,7.967634,7.972192,7.871913,7.899262,6842456
2014-01-14,7.862799,7.871915,7.808101,7.844566,8865998
2014-01-15,7.821776,7.881032,7.794427,7.881032,9768408
2014-01-16,7.867359,7.885592,7.830894,7.858243,8897134
2014-01-17,7.835453,7.881034,7.81722,7.853685,12497965
2014-01-20,7.840012,7.9175,7.826337,7.9175,5667723
2014-01-21,7.935734,8.008664,7.917502,7.926617,9627499
2014-01-22,7.972197,8.004104,7.949407,7.985872,7530959
2014-01-23,7.990432,8.058804,7.912943,7.926617,10424202
2014-01-24,7.922057,7.953965,7.707825,7.707825,18652622
2014-01-27,7.726057,7.789871,7.689592,7.739731,11212484
2014-01-28,7.757963,7.767079,7.671358,7.698707,8963339
2014-01-29,7.730612,7.767078,7.571078,7.625775,15212441
2014-01-30,7.62122,7.7215,7.62122,7.703267,10002236
2014-01-31,7.698706,7.721498,7.566521,7.680474,11909207
2014-02-03,7.662242,7.71694,7.52094,7.525498,13313934
2014-02-04,7.502706,7.539172,7.452567,7.489032,13961548
2014-02-05,7.461685,7.479917,7.384196,7.406987,14858778
2014-02-06,7.438893,7.507265,7.402428,7.502707,15117828
2014-02-07,7.49815,7.530056,7.393312,7.530056,16360991
2014-02-10,7.561964,7.575639,7.493592,7.561964,7908685
2014-02-11,7.575638,7.694149,7.566522,7.657684,10827952
2014-02-12,7.657685,7.798988,7.634895,7.753407,13128653
2014-02-13,7.798988,7.835453,7.671359,7.739731,16677410
2014-02-14,7.785311,7.88559,7.735172,7.867358,16369605
2014-02-17,7.876475,7.894707,7.84001,7.8628,5808521
2014-02-18,7.8628,7.876475,7.794428,7.8628,8805588
2014-02-19,7.858239,7.931169,7.821773,7.899262,8625949
2014-02-20,7.835453,7.908383,7.830895,7.894709,9471378
2014-02-21,7.89015,7.912941,7.849126,7.912941,8533855
2014-02-24,7.876478,7.940291,7.835454,7.940291,7765266
2014-02-25,7.912942,7.972197,7.899267,7.967639,9318824
2014-02-26,7.949407,7.967639,7.9175,7.967639,10786114
2014-02-27,7.94485,7.963082,7.858245,7.922059,10499498
2014-02-28,7.949407,7.976755,7.926616,7.967639,7732852
2014-03-03,7.862801,7.926615,7.803546,7.803546,13335751
2014-03-04,7.881035,7.999546,7.86736,7.999546,11713283
2014-03-05,7.958522,8.03601,7.944848,7.994988,10264860
2014-03-06,8.004103,8.045126,7.958521,7.981312,8972564
2014-03-07,7.994989,7.999546,7.890151,7.903826,10220948
2014-03-10,7.908385,7.976757,7.890152,7.940291,9061084
2014-03-11,7.953964,7.994987,7.926614,7.953964,7550947
2014-03-12,7.899262,7.922052,7.849122,7.899262,9996538
2014-03-13,7.917501,7.94485,7.840013,7.840013,9665006
2014-03-14,7.798987,7.867359,7.771638,7.808103,14134367
2014-03-17,7.808103,7.931173,7.789871,7.912941,9609915
2014-03-18,7.899267,8.063361,7.881035,7.999546,14862533
2014-03-19,7.994988,8.06336,7.963081,7.985872,9144677
2014-03-20,7.94029,8.017778,7.922057,8.017778,11253412
2014-03-21,8.004104,8.204662,7.976755,8.204662,21616615
2014-03-24,8.163637,8.20466,8.072474,8.072474,13512235
2014-03-25,8.104384,8.186429,8.095267,8.149964,12510985
2014-03-26,8.136291,8.181872,8.118058,8.181872,8612514
2014-03-27,8.16364,8.21378,8.127175,8.159081,9686193
2014-03-28,8.204664,8.286711,8.181874,8.286711,11786540
2014-03-31,8.295826,8.3095,8.250245,8.300384,9918986
2014-04-01,8.277594,8.323176,8.259362,8.286711,8684891
2014-04-02,8.295825,8.314057,8.227452,8.28215,11505898
2014-04-03,8.291267,8.318615,8.236569,8.295825,10421230
2014-04-04,8.291268,8.396105,8.282151,8.341407,9944776
2014-04-07,8.309499,8.350522,8.254802,8.28215,10103563
2014-04-08,8.3095,8.318616,8.213779,8.263918,9346889
2014-04-09,8.273034,8.377871,8.250243,8.323174,9541648
2014-04-10,8.373316,8.428013,8.314059,8.314059,12827000
2014-04-11,8.304943,8.33685,8.241129,8.268477,11805058
2014-04-14,8.263916,8.432567,8.263916,8.414334,12517584
2014-04-15,8.423453,8.469035,8.35964,8.38243,14046218
2014-04-16,8.478152,8.532849,8.469036,8.519176,15635322
2014-04-17,8.5055,8.573872,8.469034,8.573872,10375857
2014-04-22,8.546523,8.57843,8.459918,8.551082,11344959
2014-04-23,8.537404,8.551078,8.4508,8.47359,9836060
2014-04-24,8.496384,8.541965,8.43257,8.541965,9572727
2014-04-25,8.491824,8.519174,8.345964,8.396104,10132147
2014-04-28,8.359639,8.428012,8.350523,8.350523,11768961
2014-04-29,8.400661,8.596662,8.396103,8.596662,13237078
2014-04-30,8.587545,8.60122,8.50094,8.528289,10860423
2014-05-02,8.519173,8.596662,8.487266,8.528289,8082148
2014-05-05,8.546523,8.55564,8.414336,8.487267,8865167
2014-05-06,8.537407,8.564756,8.478151,8.478151,8995232
2014-05-07,8.418895,8.587547,8.418895,8.541965,13673756
2014-05-08,8.578428,8.678708,8.555638,8.678708,18266268
2014-05-09,8.67871,8.683268,8.596663,8.624012,8896019
2014-05-12,8.660476,8.67415,8.569312,8.660476,11607355
2014-05-13,8.687825,8.692383,8.555639,8.587546,10465107
2014-05-14,8.624013,8.624013,8.546524,8.592106,8948319
2014-05-15,8.624012,8.633128,8.409779,8.437128,17959851
2014-05-16,8.469034,8.510058,8.386988,8.487267,13949792
2014-05-19,8.534237,8.567115,8.402723,8.487267,14775488
2014-05-20,8.510752,8.534236,8.398026,8.440298,8214273
2014-05-21,8.402724,8.670447,8.402724,8.632872,14448976
2014-05-22,8.675144,8.689235,8.5906,8.632872,11000885
2014-05-23,8.646962,8.778475,8.595296,8.778475,10699380
2014-05-26,8.867715,8.942866,8.83014,8.900594,16559260
2014-05-27,8.844231,8.900594,8.820747,8.886503,8555808
2014-05-28,8.877109,8.909987,8.834837,8.867715,7716953
2014-05-29,8.863019,8.881806,8.811353,8.839534,6883710
2014-05-30,8.848928,8.858322,8.778475,8.778475,5760531
2014-06-02,8.825443,8.839533,8.759686,8.834836,5194948
2014-06-03,8.820746,8.895896,8.816049,8.858321,7338458
2014-06-04,8.811352,8.825443,8.703324,8.745596,9613889
2014-06-05,8.717414,8.924077,8.712717,8.881805,13931399
2014-06-06,8.87711,8.933473,8.825445,8.933473,9566632
2014-06-09,8.933473,8.994532,8.895898,8.994532,8257727
2014-06-10,8.994529,9.055589,8.961651,9.032104,9791511
2014-06-11,9.060289,9.060289,8.933473,8.933473,8946652
2014-06-12,8.98044,9.060287,8.956955,9.027408,15125235
2014-06-13,9.055591,9.215285,9.050894,9.17771,16708310
2014-06-16,9.144829,9.266948,9.140132,9.182404,10893839
2014-06-17,9.196494,9.201191,9.055588,9.135435,11426504
2014-06-18,9.11665,9.219981,9.111953,9.17771,8582488
2014-06-19,9.243466,9.412554,9.229375,9.412554,18450316
2014-06-20,9.421947,9.47831,9.370282,9.370282,15900152
2014-06-23,9.374979,9.506492,9.370282,9.38907,13691495
2014-06-24,9.398463,9.450129,9.351494,9.412554,8787116
2014-06-25,9.370282,9.384372,9.26695,9.346797,13586558
2014-06-26,9.379678,9.407859,9.271649,9.29983,10455587
2014-06-27,9.309222,9.407857,9.304525,9.32801,8927288
2014-06-30,9.35619,9.393765,9.304524,9.384371,8756122
2014-07-01,9.436036,9.450127,9.351492,9.440733,8038596
2014-07-02,9.417251,9.520583,9.384373,9.487705,9288704
2014-07-03,9.511191,9.609825,9.464222,9.586341,12864584
2014-07-04,9.595732,9.609822,9.506491,9.506491,6782397
2014-07-07,9.4924,9.55346,9.379675,9.379675,6439803
2014-07-08,9.379674,9.445431,9.201193,9.201193,10242758
2014-07-09,9.25286,9.323313,9.25286,9.276344,8915781
2014-07-10,9.290433,9.29513,9.069679,9.069679,15792712
2014-07-11,9.083773,9.196498,9.064985,9.10256,7977082
2014-07-14,9.140134,9.229375,9.11665,9.187103,8181368
2014-07-15,9.158921,9.224678,9.074377,9.093165,9826377
2014-07-16,9.126041,9.332704,9.116647,9.332704,9806941
2014-07-17,9.299827,9.318615,9.149527,9.149527,8500164
2014-07-18,9.154224,9.234071,9.102558,9.191799,8426304
2014-07-21,9.210588,9.224678,9.050894,9.064984,6290550
2014-07-22,9.102559,9.285738,9.102559,9.285738,7593571
2014-07-23,9.248162,9.379674,9.21998,9.295131,8114612
2014-07-24,9.323313,9.41725,9.26695,9.40316,8410752
2014-07-25,9.360888,9.379675,9.234072,9.257556,8227850
2014-07-28,9.299828,9.337403,9.17771,9.234072,7168473
2014-07-29,9.281043,9.351496,9.21059,9.29983,7184271
2014-07-30,9.290436,9.295133,9.10256,9.10256,9382091
2014-07-31,9.097865,9.14953,8.914686,8.952261,17860478
2014-08-01,8.909988,9.022714,8.80196,8.820748,15635554
2014-08-04,8.886503,8.909987,8.81605,8.844231,9277524
2014-08-05,8.877108,8.891199,8.712717,8.745596,10185208
2014-08-06,8.69393,8.745596,8.595295,8.675142,12736898
2014-08-07,8.665749,8.773777,8.548327,8.553023,11469334
2014-08-08,8.506054,8.712716,8.477872,8.548326,13241018
2014-08-11,8.61878,8.642265,8.524842,8.637568,8833394
2014-08-12,8.614083,8.642264,8.487267,8.529539,7716295
2014-08-13,8.571811,8.585902,8.510752,8.567114,7369240
2014-08-14,8.520147,8.693932,8.463784,8.632872,9998754
2014-08-18,8.646961,8.773777,8.599992,8.623477,7764344
2014-08-19,8.637565,8.712715,8.590597,8.66105,8402885
2014-08-20,8.64696,8.651657,8.590598,8.64696,6809817
2014-08-21,8.656355,8.764383,8.642264,8.764383,6900083
2014-08-22,8.726807,8.740898,8.595294,8.651657,7627662
2014-08-25,8.717415,8.853625,8.656356,8.853625,7139163
2014-08-26,8.839536,8.956958,8.816052,8.952261,9408991
2014-08-27,8.942868,8.966352,8.886505,8.961655,7327750
2014-08-28,8.942864,8.94756,8.773776,8.806654,8251093
2014-08-29,8.834836,8.914683,8.745596,8.914683,7043333
2014-09-01,8.947562,8.961653,8.886503,8.886503,6768172
2014-09-02,8.91938,8.989833,8.891199,8.914683,7705023
2014-09-03,8.947561,9.064983,8.928774,9.027408,11621418
2014-09-04,9.018017,9.224679,9.003926,9.196498,16625387
2014-09-05,9.163616,9.182403,9.102556,9.135435,10045097
2014-09-08,9.154223,9.177708,9.046195,9.046195,6916271
2014-09-09,9.022713,9.083773,8.961654,8.994532,7312769
2014-09-10,8.989833,9.05559,8.886502,8.956955,9261435
2014-09-11,8.942866,8.952259,8.745597,8.863019,21341639
2014-09-12,8.816051,8.844232,8.769082,8.820748,8000512
2014-09-15,8.736201,8.754988,8.661051,8.731504,26723977
2014-09-16,8.736203,8.853625,8.717415,8.797262,20623262
2014-09-17,8.787867,8.909986,8.787867,8.909986,36920111
2014-09-18,8.938168,8.952258,8.877108,8.924077,24158742
2014-09-19,9.079074,9.083771,8.91938,8.924077,25890557
2014-09-22,8.982154,9.02087,8.880524,8.895042,18308903
2014-09-23,8.914399,8.914399,8.745015,8.745015,14919521
2014-09-24,8.754692,8.967631,8.735334,8.967631,39297933
2014-09-25,8.977311,8.977311,8.807928,8.866002,47344750
2014-09-26,8.870843,9.030547,8.822448,8.977312,21773655
2014-09-29,9.016027,9.035386,8.895039,8.938595,19848378
2014-09-30,8.986991,9.146695,8.962794,9.132177,20452985
2014-10-01,9.078942,9.107979,8.957954,9.00635,20453127
2014-10-02,9.00151,9.01119,8.662744,8.662744,26297869
2014-10-03,8.730497,8.754694,8.614348,8.653064,16642131
2014-10-06,8.686939,8.706296,8.541752,8.570789,12626467
2014-10-07,8.556273,8.575631,8.372371,8.372371,21024648
2014-10-08,8.367532,8.420766,8.275581,8.290099,17915458
2014-10-09,8.396571,8.415928,8.227187,8.227187,19555585
2014-10-10,8.20299,8.20299,8.038446,8.038446,27896323
2014-10-13,8.014248,8.173952,7.970692,8.072323,21939267
2014-10-14,8.057805,8.077163,7.912619,8.014249,20369514
2014-10-15,8.009408,8.009408,7.743235,7.743235,31241566
2014-10-16,7.762593,7.869062,7.409308,7.675481,41761570
2014-10-17,7.738393,7.927134,7.67064,7.917456,29800650
2014-10-20,7.941655,7.946495,7.69,7.738395,19813638
2014-10-21,7.709358,7.898099,7.699679,7.88842,20366322
2014-10-22,7.907777,7.961013,7.78195,7.946494,16970133
2014-10-23,7.90778,8.048125,7.781952,8.028768,20445329
2014-10-24,8.028766,8.057803,7.902939,7.936815,16112958
2014-10-27,8.019087,8.023927,7.78195,7.78195,19969140
2014-10-28,7.806146,7.96585,7.806146,7.96585,16521175
2014-10-29,7.961013,8.043284,7.878741,7.902938,15215001
2014-10-30,8.057802,8.125556,7.88358,8.019086,22402266
2014-10-31,8.169112,8.246546,8.023927,8.227187,27037169
2014-11-03,8.222345,8.27558,8.07232,8.096518,14381299
2014-11-04,8.057802,8.072321,7.796469,7.810987,23625162
2014-11-05,7.859382,7.99005,7.791629,7.961013,17782373
2014-11-06,7.946493,8.140073,7.936813,7.980369,18096819
2014-11-07,7.994889,8.023926,7.898098,7.941654,13845320
2014-11-10,7.965853,8.052965,7.936816,8.023928,12607692
2014-11-11,7.994889,8.048123,7.936814,8.019086,12978354
2014-11-12,7.98521,8.043284,7.796469,7.810987,16916404
2014-11-13,7.844863,7.912617,7.68032,7.791629,15585474
2014-11-14,7.79163,7.912618,7.719037,7.854543,14019251
2014-11-17,7.820666,7.951333,7.772271,7.931975,13324675
2014-11-18,7.927134,8.023925,7.922295,7.980369,13113350
2014-11-19,7.975529,8.028764,7.883579,7.980369,10400209
2014-11-20,7.999729,8.038445,7.869061,7.946494,15526505
2014-11-21,7.985207,8.319134,7.980367,8.319134,27438114
2014-11-24,8.319138,8.430447,8.246545,8.323977,16233745
2014-11-25,8.299781,8.348176,8.188472,8.294941,18370695
2014-11-26,8.265901,8.265901,8.115876,8.154593,17205684
2014-11-27,8.144914,8.164273,7.917457,7.994889,24485277
2014-11-28,7.912617,7.912617,7.694838,7.77711,35046678
2014-12-01,7.627085,7.685159,7.520616,7.583529,26401201
2014-12-02,7.57869,7.714197,7.535135,7.636765,25819944
2014-12-03,7.641604,7.728715,7.598048,7.68032,18846689
2014-12-04,7.67548,7.694838,7.409307,7.409307,28283989
2014-12-05,7.501258,7.554493,7.418986,7.501258,21968674
2014-12-08,7.448024,7.462542,7.244764,7.244764,24277959
2014-12-09,7.152813,7.230245,6.949553,7.094738,38768661
2014-12-10,7.123775,7.17701,6.978589,7.002787,19360171
2014-12-11,6.993107,7.0657,6.905996,6.959231,24107459
2014-12-12,6.867281,6.910837,6.664021,6.664021,28934543
2014-12-15,6.702736,6.780169,6.422044,6.431723,34166680
2014-12-16,6.431722,6.688217,6.281697,6.683378,42348626
2014-12-17,6.596267,6.843083,6.547872,6.804367,26877542
2014-12-18,6.939874,7.041504,6.86728,7.017306,32564224
2014-12-19,7.017306,7.196368,6.959232,7.186689,41022142
2014-12-22,7.220566,7.351233,7.036664,7.114097,21514141
2014-12-23,7.099577,7.230244,7.046343,7.230244,14499450
2014-12-29,7.196367,7.210885,6.997946,7.123774,17793309
2014-12-30,7.051182,7.099577,7.012466,7.022145,12092366
2015-01-02,7.080219,7.133453,6.968909,7.060861,13330637
2015-01-05,6.920515,6.959231,6.441403,6.470439,38316558
2015-01-06,6.475278,6.746291,6.34945,6.55755,32390256
2015-01-07,6.58175,6.78017,6.509157,6.591429,23212981
2015-01-08,6.693058,6.867281,6.601108,6.847923,32316846
2015-01-09,6.833405,6.872121,6.562392,6.591429,19634808
2015-01-12,6.615625,6.654341,6.470439,6.625304,16349418
2015-01-13,6.518836,6.751133,6.465601,6.731775,20241046
2015-01-14,6.596268,6.664021,6.533354,6.533354,18202708
2015-01-15,6.697897,6.862441,6.36397,6.775329,36197600
2015-01-16,6.717255,7.007626,6.712416,7.002787,26623605
2015-01-19,7.007628,7.031826,6.89148,6.944715,14652680
2015-01-20,6.954392,7.002788,6.87212,6.905997,19729163
2015-01-21,6.935033,7.147973,6.910836,7.147973,20248838
2015-01-22,7.147974,7.452863,7.143134,7.307678,31147907
2015-01-23,7.394787,7.399627,7.177009,7.283478,29492158
2015-01-26,7.215726,7.351233,7.138294,7.351233,23193800
2015-01-27,7.312517,7.375431,7.210887,7.365752,20837940
2015-01-28,7.380271,7.510938,7.317357,7.356073,25600172
2015-01-29,7.254439,7.268958,7.14313,7.225402,22839950
2015-01-30,7.268962,7.322197,7.191529,7.210887,23334558
2015-02-02,7.327036,7.394789,7.268962,7.302838,28141136
2015-02-03,7.39963,7.573853,7.389952,7.573853,35716371
2015-02-04,7.583531,7.617408,7.418988,7.467383,21103006
2015-02-05,7.38511,7.612567,7.307677,7.593209,22662085
2015-02-06,7.607727,7.612566,7.486739,7.530294,17054021
2015-02-09,7.477061,7.515777,7.428666,7.477061,17918169
2015-02-10,7.510936,7.55933,7.385108,7.46254,18894636
2015-02-11,7.452863,7.462543,7.264122,7.302838,21185901
2015-02-12,7.307677,7.564172,7.283479,7.491579,23126738
2015-02-13,7.549653,7.665801,7.539973,7.665801,19965656
2015-02-16,7.646444,7.670642,7.549653,7.593209,13558844
2015-02-17,7.578692,7.680322,7.506099,7.607729,17583010
2015-02-18,7.840026,7.927136,7.777111,7.864223,31228339
2015-02-19,7.806148,7.864223,7.752914,7.864223,25321989
2015-02-20,7.840026,7.922298,7.835186,7.922298,23271416
2015-02-23,7.985208,8.009406,7.888418,7.956172,18816501
2015-02-24,7.907776,8.062641,7.86906,8.057801,19562369
2015-02-25,8.023927,8.023927,7.941655,7.975532,15334481
2015-02-26,8.014245,8.028764,7.956172,8.004567,14922869
2015-02-27,8.00457,8.072323,7.970692,8.072323,14830864
2015-03-02,8.048123,8.067482,7.975531,7.994889,16093456
2015-03-03,8.004568,8.028766,7.898098,7.902938,14157563
2015-03-04,7.951333,8.004568,7.854542,7.902938,14520679
2015-03-05,7.951333,7.999728,7.902938,7.941654,14547362
2015-03-06,7.946494,7.961013,7.844863,7.869061,14474321
2015-03-09,7.859384,8.023928,7.781952,8.023928,24848661
2015-03-10,8.00457,8.009408,7.820667,7.820667,20682234
2015-03-11,7.859382,7.961012,7.835185,7.951333,15881708
2015-03-12,7.931975,7.98037,7.902938,7.902938,13830411
2015-03-13,7.917459,7.931977,7.331877,7.539976,46059897
2015-03-16,7.501257,7.515775,7.336713,7.375429,37245371
2015-03-17,7.356072,7.457702,7.346393,7.409307,24977276
2015-03-18,7.409308,7.554494,7.385111,7.520617,19075661
2015-03-19,7.539975,7.651284,7.535135,7.602889,22542170
2015-03-20,7.660963,7.864223,7.569012,7.864223,35803520
2015-03-23,7.864222,7.864222,7.752913,7.796469,14976353
2015-03-24,7.77227,7.849703,7.738394,7.810987,13807232
2015-03-25,7.757754,7.810988,7.733556,7.738395,14952242
2015-03-26,7.815827,7.898099,7.685161,7.738395,27834766
2015-03-27,7.78195,7.78679,7.68516,7.762592,14541247
2015-03-30,7.743235,7.830347,7.704519,7.830347,15391817
2015-03-31,7.78679,7.864223,7.757754,7.806148,19294535
2015-04-01,7.772273,7.883583,7.752915,7.859385,21385505
2015-04-02,7.864222,7.907778,7.777111,7.78195,12831704
2015-04-07,7.888418,8.101357,7.87874,8.082,27735953
2015-04-08,8.135236,8.236867,8.09652,8.106199,27363512
2015-04-09,8.086841,8.183632,8.043286,8.178792,16049507
2015-04-10,8.222347,8.236866,8.169112,8.236866,13665009
2015-04-13,8.261063,8.323977,8.236865,8.280421,16344529
2015-04-14,8.261062,8.314297,8.202989,8.290099,15826297
2015-04-15,8.319136,8.459482,8.304617,8.435285,23557620
2015-04-16,8.449801,8.459481,8.328813,8.343332,28263327
2015-04-17,8.348173,8.401408,8.111037,8.159432,27271718
2015-04-20,8.178791,8.241706,8.082001,8.236866,15801910
2015-04-21,8.236867,8.246546,8.140076,8.198151,16200797
2015-04-22,8.17879,8.232025,8.106197,8.232025,14350735
2015-04-23,8.178788,8.314295,8.096517,8.27074,15406529
2015-04-24,8.309458,8.348174,8.202989,8.241705,13366542
2015-04-27,8.222347,8.435286,8.154594,8.411088,17635972
2015-04-28,8.39173,8.488521,8.382051,8.411088,20170477
2015-04-29,8.522397,8.546594,8.256222,8.28526,26174665
2015-04-30,8.304618,8.377211,8.241705,8.314298,23467945
2015-05-04,8.348175,8.503039,8.2901,8.39173,14762626
2015-05-05,8.362692,8.411087,8.246544,8.246544,18069666
2015-05-06,8.290099,8.319137,8.198149,8.241705,20885451
2015-05-07,8.217508,8.217508,8.038446,8.115878,30609333
2015-05-08,8.140075,8.353014,8.08684,8.338495,30589867
2015-05-11,8.314298,8.353014,8.251384,8.265903,26714398
2015-05-12,8.16911,8.236864,8.130394,8.217505,34783209
2015-05-13,8.256221,8.362691,8.178789,8.222344,17433035
2015-05-14,8.183629,8.348173,8.130394,8.348173,25281844
2015-05-15,8.348175,8.377212,8.20299,8.20299,24514133
2015-05-18,8.248032,8.343125,8.172959,8.212998,26146735
2015-05-19,8.29808,8.398178,8.268051,8.378158,22164253
2015-05-20,8.383165,8.403185,8.323106,8.403185,10556993
2015-05-21,8.373152,8.458235,8.363142,8.438216,27371859
2015-05-22,8.473252,8.493271,8.408188,8.433213,23954371
2015-05-25,8.428208,8.433213,8.258042,8.258042,6887855
2015-05-26,8.268052,8.298081,8.177964,8.233018,31248578
2015-05-27,8.243027,8.373154,8.233018,8.34813,30284277
2015-05-28,8.303086,8.33812,8.228013,8.293076,16815241
2015-05-29,8.323106,8.328111,8.20299,8.20299,24245339
2015-06-01,8.218003,8.238022,8.12291,8.147935,12168173
2015-06-02,8.147935,8.243027,8.067857,8.172959,14645267
2015-06-03,8.172959,8.223008,8.12291,8.157944,12636004
2015-06-04,8.1129,8.1129,7.997788,7.997788,15794568
2015-06-05,7.942737,8.032824,7.757557,7.922718,16871975
2015-06-08,7.95775,7.982774,7.832628,7.867662,11061196
2015-06-09,7.907703,7.992786,7.832629,7.897693,14891044
2015-06-10,7.922716,8.212998,7.902696,8.172959,18004492
2015-06-11,8.157943,8.293075,8.127914,8.187973,18534263
2015-06-12,8.202988,8.223007,7.982773,8.027818,14899334
2015-06-15,7.95775,8.007799,7.857652,7.877672,15528128
2015-06-16,7.842638,7.897692,7.757555,7.882677,16512106
2015-06-17,7.897691,7.977769,7.802599,7.877672,14237652
2015-06-18,7.892685,7.942734,7.792587,7.927719,31852425
2015-06-19,7.902695,8.047837,7.872666,8.027818,20195849
2015-06-22,8.182971,8.413195,8.172961,8.413195,24600075
2015-06-23,8.433213,8.478257,8.383164,8.418198,14344582
2015-06-24,8.45323,8.498274,8.363142,8.438216,14745476
2015-06-25,8.398179,8.503281,8.353135,8.428208,14387723
2015-06-26,8.393174,8.468246,8.323105,8.423203,11206587
2015-06-29,8.067857,8.228013,8.007798,8.057847,24838957
2015-06-30,7.992785,8.117906,7.947741,7.967761,18767477
2015-07-01,8.037827,8.167953,7.977768,8.037827,17579641
2015-07-02,8.032823,8.077867,7.95775,7.95775,14191303
2015-07-03,7.947741,8.042834,7.79259,7.872668,13565831
2015-07-06,7.722521,7.802599,7.597399,7.597399,20484954
2015-07-07,7.602404,7.642444,7.317127,7.317127,25226705
2015-07-08,7.347157,7.507312,7.347157,7.457263,19208439
2015-07-09,7.457261,7.777574,7.412218,7.73253,21837867
2015-07-10,7.912706,7.982774,7.812609,7.932726,23200217
2015-07-13,8.0078,8.02782,7.887683,7.942737,20093403
2015-07-14,7.9077,7.942734,7.822617,7.927719,13835789
2015-07-15,7.922716,8.027819,7.917711,8.022814,13173618
2015-07-16,8.037827,8.117904,7.997788,8.037827,15907972
2015-07-17,8.077867,8.077867,7.94774,7.982774,14058220
2015-07-20,7.987779,8.072862,7.987779,8.022814,11501550
2015-07-21,8.007799,8.072862,7.96776,8.022814,9785620
2015-07-22,7.96776,7.992784,7.892687,7.932726,10077732
2015-07-23,7.957751,7.987781,7.882678,7.942737,9143834
2015-07-24,7.94774,8.057848,7.912706,7.917711,13558111
2015-07-27,7.882678,7.902697,7.657458,7.657458,18730005
2015-07-28,7.692491,7.887681,7.657457,7.887681,15193521
2015-07-29,7.882675,7.927719,7.742539,7.927719,16156954
2015-07-30,7.827624,8.122911,7.817614,7.967761,23069266
2015-07-31,8.007801,8.017811,7.907704,7.987782,11980375
2015-08-03,7.957747,8.022811,7.917708,7.977767,10577319
2015-08-04,7.907703,7.932727,7.857654,7.897693,10685522
2015-08-05,7.907701,8.097886,7.892687,8.082871,14907206
2015-08-06,8.047838,8.072862,7.982775,8.012804,11346611
2015-08-07,8.017808,8.177964,8.007798,8.072861,15860291
2015-08-10,8.092881,8.117905,7.972764,8.1129,11780714
2015-08-11,8.097888,8.142932,7.972766,7.972766,11305010
2015-08-12,7.932725,7.942735,7.767564,7.792588,21527840
2015-08-13,7.912707,7.967761,7.857653,7.872668,14693303
2015-08-14,7.852648,7.892687,7.742541,7.78258,13712299
2015-08-17,7.827623,7.827623,7.622423,7.777575,14292765
2015-08-18,7.73253,7.797594,7.687486,7.702501,10279879
2015-08-19,7.66246,7.687483,7.337143,7.472274,22009642
2015-08-20,7.442248,7.507311,7.337146,7.347156,19257970
2015-08-21,7.257069,7.3922,7.146961,7.146961,22405956
2015-08-24,6.906725,7.066881,6.53136,6.576404,43344068
2015-08-25,6.741564,6.936754,6.656482,6.916735,37312263
2015-08-26,6.791613,6.961779,6.731555,6.751575,30343623
2015-08-27,6.901721,7.212023,6.841662,7.176989,29667798
2015-08-28,7.227037,7.297106,7.071886,7.212023,24247673
2015-08-31,7.497302,7.532336,7.252063,7.322132,36041342
2015-09-01,7.357164,7.452257,7.186999,7.197009,44617058
2015-09-02,7.21703,7.327137,7.086903,7.232044,35615528
2015-09-03,7.277087,7.482287,7.262072,7.407214,31366928
2015-09-04,7.347157,7.392201,7.161976,7.232044,40602550
2015-09-07,7.287097,7.322131,7.237048,7.282092,20510489
2015-09-08,7.297107,7.432239,7.282092,7.337146,17190178
2015-09-09,7.482287,7.57738,7.437243,7.437243,24855119
2015-09-10,7.357165,7.437243,7.312121,7.337146,25872458
2015-09-11,7.397204,7.422228,7.282092,7.282092,15653559
2015-09-14,7.307116,7.317125,7.166979,7.252062,20960877
2015-09-15,7.237051,7.44225,7.181997,7.412221,19888024
2015-09-16,7.507311,7.562364,7.442247,7.562364,25426356
2015-09-17,7.58739,7.602404,7.482287,7.502307,20558258
2015-09-18,7.532335,7.532335,7.257067,7.262072,37369589
2015-09-21,7.349568,7.47309,7.334128,7.416476,15010602
2015-09-22,7.370154,7.411328,7.004735,7.128257,37337925
2015-09-23,7.153988,7.323831,7.112814,7.226043,40941193
2015-09-24,7.179724,7.195164,6.973854,6.984147,42357410
2015-09-25,7.102523,7.251779,7.071642,7.200311,36791866
2015-09-28,7.179724,7.231192,6.979001,6.984147,31070523
2015-09-29,6.937826,7.092229,6.77313,7.045908,16173063
2015-09-30,7.133404,7.256927,7.087084,7.231193,18982887
2015-10-01,7.323835,7.457651,7.215754,7.2209,21605451
2015-10-02,7.287805,7.452501,7.251778,7.3753,21610381
2015-10-05,7.529704,7.70984,7.493677,7.6944,24414403
2015-10-06,7.684107,7.838509,7.576025,7.823069,21090754
2015-10-07,7.874536,8.018645,7.843655,7.864242,24953905
2015-10-08,7.889976,7.967177,7.812775,7.962031,14676886
2015-10-09,8.039232,8.10614,7.941444,7.982618,20450531
2015-10-12,7.987765,8.023792,7.895123,7.941444,13501715
2015-10-13,7.895125,8.0135,7.797336,7.946592,17323671
2015-10-14,7.884829,7.972324,7.828215,7.895123,15177915
2015-10-15,7.982617,8.049525,7.956883,7.998057,17832040
2015-10-16,8.075261,8.106142,8.039234,8.095848,16877569
2015-10-19,8.095848,8.147316,7.992913,8.023794,13427163
2015-10-20,8.02894,8.02894,7.879684,7.946592,14532980
2015-10-21,7.962031,8.054672,7.910563,7.951737,14511196
2015-10-22,7.946591,8.085553,7.920857,8.085553,20076612
2015-10-23,8.131875,8.157609,7.987766,7.992913,25284377
2015-10-26,8.023791,8.023791,7.828215,7.874536,17127145
2015-10-27,7.848802,7.859096,7.627492,7.663519,20300315
2015-10-28,7.776747,7.853949,7.678959,7.828215,20217009
2015-10-29,7.714987,7.787042,7.591465,7.735574,22754194
2015-10-30,7.771601,7.771601,7.601758,7.648078,16507811
2015-11-02,7.576025,7.648079,7.50397,7.642932,15590478
2015-11-03,7.642934,7.740722,7.586319,7.725282,19051182
2015-11-04,7.756162,7.853951,7.642934,7.668667,23193073
2015-11-05,7.66352,7.673813,7.555438,7.581172,17451095
2015-11-06,7.60176,7.668667,7.576026,7.668667,14183710
2015-11-09,7.668665,7.781894,7.56573,7.56573,16041831
2015-11-10,7.606904,7.689252,7.570877,7.689252,13409050
2015-11-11,7.668666,7.735574,7.617199,7.642932,10954705
2015-11-12,7.606905,7.637786,7.431915,7.431915,17298147
2015-11-13,7.416473,7.483381,7.287804,7.395886,17488874
2015-11-16,7.334128,7.503971,7.313541,7.390742,15624105
2015-11-17,7.503969,7.648078,7.493676,7.648078,19859388
2015-11-18,7.591465,7.684106,7.560584,7.642932,13130645
2015-11-19,7.689253,7.730427,7.596611,7.684106,13791848
2015-11-20,7.653227,7.694401,7.550292,7.627493,13592659
2015-11-23,7.586316,7.745866,7.539995,7.704692,16012326
2015-11-24,7.699548,7.766456,7.63264,7.745869,18766187
2015-11-25,7.766455,7.900271,7.730428,7.889977,17452092
2015-11-26,7.874536,7.941444,7.853949,7.941444,10481373
2015-11-27,7.884829,7.956884,7.853949,7.879683,9406760
2015-11-30,7.838509,7.977471,7.807629,7.936297,13804836
2015-12-01,7.941444,7.951738,7.848803,7.848803,12074298
2015-12-02,7.879681,7.99291,7.859094,7.910562,13862214
2015-12-03,7.859097,7.967179,7.627493,7.627493,29781217
2015-12-04,7.622346,7.720134,7.447356,7.51941,23482113
2015-12-07,7.48853,7.514264,7.31354,7.334127,20414603
2015-12-08,7.308394,7.328981,7.112818,7.148845,26592220
2015-12-09,7.205458,7.334127,7.117963,7.200311,21999611
2015-12-10,7.18487,7.282658,7.179723,7.205457,16204847
2015-12-11,7.174578,7.200312,6.999589,7.020176,21281489
2015-12-14,7.051056,7.071643,6.798865,6.814305,22718256
2015-12-15,6.855479,7.087084,6.850333,7.087084,22806116
2015-12-16,7.102523,7.200311,7.056202,7.081936,19595075
2015-12-17,7.210605,7.210605,7.081936,7.081936,20884368
2015-12-18,7.009882,7.087083,6.93268,6.948121,36975735
2015-12-21,6.973854,7.076789,6.870919,6.870919,17973600
2015-12-22,6.942974,6.999588,6.896653,6.948121,16508331
2015-12-23,7.035615,7.200311,7.015028,7.184871,17988672
2015-12-28,7.200311,7.205458,7.117963,7.13855,7882628
2015-12-29,7.190016,7.236336,7.159135,7.226043,11272513
2015-12-30,7.20031,7.205457,7.102522,7.102522,9232027
2015-12-31,7.102522,7.102522,7.102522,7.102522,0
2016-01-04,7.035617,7.040764,6.886361,6.912095,21702202
2016-01-05,7.025321,7.045908,6.901799,6.973854,13242609
2016-01-06,6.94812,6.94812,6.726809,6.778277,18514679
2016-01-07,6.613582,6.783425,6.340804,6.72681,32158578
2016-01-08,6.72681,6.731957,6.53638,6.53638,21956587
2016-01-11,6.490058,6.680488,6.484912,6.510645,19515479
2016-01-12,6.469473,6.68049,6.443739,6.526087,20709127
2016-01-13,6.572408,6.706224,6.526087,6.603289,22608537
2016-01-14,6.526088,6.809159,6.49006,6.695931,29661577
2016-01-15,6.623874,6.649608,6.407711,6.459178,33708726
2016-01-18,6.428298,6.55182,6.335657,6.387124,19679169
2016-01-19,6.510647,6.613582,6.428299,6.474619,21712800
2016-01-20,6.330509,6.366536,6.181253,6.258454,34271933
2016-01-21,6.268749,6.474619,6.181254,6.459178,31674985
2016-01-22,6.665051,6.767986,6.562116,6.675344,29308474
2016-01-25,6.737105,6.737105,6.572409,6.592996,19558642
2016-01-26,6.484912,6.75769,6.412858,6.731956,25012320
2016-01-27,6.716517,6.773131,6.582701,6.762838,21435040
2016-01-28,6.75769,7.092229,6.639314,6.778277,41119234
2016-01-29,6.91724,6.93268,6.767984,6.834892,24533489
2016-02-01,6.845186,6.881213,6.680489,6.762838,19476128
2016-02-02,6.670195,6.701076,6.387123,6.438591,24517400
2016-02-03,6.448883,6.520938,6.243013,6.412856,23880747
2016-02-04,6.526088,6.675344,6.448886,6.556968,27086647
2016-02-05,6.556968,6.608436,6.412859,6.448886,22734532
2016-02-08,6.47462,6.531234,6.191548,6.217282,26931050
2016-02-09,6.253306,6.299627,5.944501,5.970235,30120722
2016-02-10,6.001117,6.14008,5.815834,5.985677,29893832
2016-02-11,5.898182,5.918769,5.625404,5.625404,29697007
2016-02-12,5.7901,6.001117,5.707752,6.001117,28602758
2016-02-15,6.098904,6.237866,6.05773,6.145224,20395490
2016-02-16,6.299627,6.309921,6.016556,6.098904,24084617
2016-02-17,6.068025,6.294482,6.016557,6.294482,20909474
2016-02-18,6.356242,6.371682,6.150371,6.160665,20528933
2016-02-19,6.098906,6.196694,6.057732,6.134933,17962351
2016-02-22,6.186401,6.371684,6.181254,6.356244,16782082
2016-02-23,6.309924,6.387125,6.217282,6.217282,17035839
2016-02-24,6.212135,6.217282,6.011412,6.062879,18411949
2016-02-25,6.165814,6.320217,6.129787,6.222429,17634790
2016-02-26,6.381977,6.639315,6.36139,6.541527,28547909
2016-02-29,6.520939,6.665048,6.490058,6.665048,19637362
2016-03-01,6.731956,6.886359,6.654755,6.870919,25573415
2016-03-02,6.896653,6.922387,6.747397,6.922387,18780808
2016-03-03,6.922387,7.020175,6.876066,7.015028,17534928
2016-03-04,7.061349,7.066495,6.845185,6.968707,18554395
2016-03-07,6.953266,7.004733,6.860624,6.99444,16543938
2016-03-08,6.973853,6.973853,6.747395,6.81945,20339523
2016-03-09,6.757689,6.932678,6.752542,6.896651,17533673
2016-03-10,6.886361,7.03047,6.64961,6.659903,29892724
2016-03-11,6.752543,6.881212,6.726809,6.855478,20256023
2016-03-14,6.9018,6.922387,6.767984,6.891507,19502160
2016-03-15,6.84004,6.85548,6.773132,6.793719,14658553
2016-03-16,6.840041,6.927536,6.798867,6.881215,15350132
2016-03-17,6.973855,7.06135,6.906947,7.004735,27004776
2016-03-18,7.066494,7.153989,6.948119,7.066494,40114661
2016-03-21,7.040761,7.112815,7.00988,7.066494,16774729
2016-03-22,7.040761,7.102522,6.989293,7.102522,16002619
2016-03-23,7.102522,7.112815,6.881211,6.932679,17372470
2016-03-24,6.870919,6.881213,6.731957,6.767984,16463733
2016-03-29,6.783425,6.896653,6.716517,6.767984,13221086
2016-03-30,6.834891,7.030468,6.829745,6.958414,15992502
2016-03-31,6.927535,6.927535,6.778279,6.845187,24002558
2016-04-01,6.742249,6.767983,6.56726,6.5827,21181026
2016-04-04,6.541526,6.659902,6.505499,6.56726,14311951
2016-04-05,6.459178,6.479765,6.36139,6.402564,19364605
2016-04-06,6.45918,6.531234,6.381978,6.469473,15127800
2016-04-07,6.469473,6.526087,6.304776,6.340804,15525937
2016-04-08,6.402565,6.618729,6.392271,6.613582,18586755
2016-04-11,6.562113,6.685635,6.484912,6.634168,15025039
2016-04-12,6.634168,6.71137,6.546674,6.670196,19124986
2016-04-13,6.767985,6.937828,6.752545,6.937828,21249915
2016-04-14,6.937826,7.061349,6.834891,7.061349,21773074
2016-04-15,6.999588,7.051055,6.922386,6.968707,19095398
2016-04-18,6.757691,6.958414,6.71137,6.948121,17779015
2016-04-19,6.968707,7.087083,6.96356,7.035615,13697864
2016-04-20,6.984149,7.159138,6.942975,7.148845,14508758
2016-04-21,7.190018,7.251779,7.07679,7.241486,25195450
2016-04-22,7.251781,7.318689,7.153993,7.282661,17085576
2016-04-25,7.272367,7.292954,7.138551,7.246633,16575755
2016-04-26,7.267219,7.323833,7.236339,7.277513,14613142
2016-04-27,7.308394,7.411329,7.287807,7.344421,16305148
2016-04-28,7.303247,7.431916,7.246633,7.411329,15237022
2016-04-29,7.313538,7.447354,7.308391,7.308391,19917075
2016-05-02,7.323833,7.354714,7.12311,7.179724,13672516
2016-05-03,7.179724,7.184871,6.927533,6.958414,18684845
2016-05-04,6.953265,7.02532,6.876064,6.896651,14267958
2016-05-05,6.999588,7.102523,6.984147,7.030468,14565894
2016-05-06,6.999587,7.015028,6.809157,6.973854,16271174
2016-05-09,7.040762,7.040762,6.845185,6.886359,14393767
2016-05-10,6.922386,7.015028,6.870919,6.984147,15022983
2016-05-11,6.948122,6.973856,6.814306,6.912095,16620141
2016-05-12,6.896652,7.087082,6.855478,6.958414,18062819
2016-05-13,6.922386,7.040762,6.876065,6.984147,15545760
2016-05-16,6.999588,7.066495,6.958414,7.045908,9400597
2016-05-17,7.071642,7.184871,6.912093,6.984147,21975785
2016-05-18,6.948121,7.020176,6.912094,7.004735,12221433
2016-05-19,6.937826,6.94812,6.78857,6.78857,19379351
2016-05-20,6.906945,6.927532,6.81945,6.896651,16957549
2016-05-23,6.92318,6.997451,6.870129,6.870129,17383414
2016-05-24,6.880739,7.114164,6.870128,7.082333,20925649
2016-05-25,7.156604,7.326368,7.151299,7.326368,17886111
2016-05-26,7.331673,7.395334,7.321063,7.363504,14483288
2016-05-27,7.299842,7.358198,7.278622,7.336978,11646017
2016-05-30,7.342283,7.421859,7.305147,7.395334,7900426
2016-05-31,7.384722,7.411248,7.283925,7.283925,14776352
2016-06-01,7.268012,7.283927,7.145994,7.18313,14835115
2016-06-02,7.20435,7.299842,7.140689,7.177824,11323714
2016-06-03,7.214959,7.273315,7.077025,7.119466,14147544
2016-06-06,7.119465,7.336975,7.119465,7.305144,11955468
2016-06-07,7.315756,7.480215,7.315756,7.47491,16283563
2016-06-08,7.43247,7.559793,7.41125,7.496131,15253775
2016-06-09,7.527961,7.527961,7.374113,7.458995,12694390
2016-06-10,7.416551,7.458993,7.294534,7.305144,18141725
2016-06-13,7.199043,7.2574,7.114161,7.135382,17010106
2016-06-14,7.066417,7.145995,6.970926,7.002756,18517630
2016-06-15,7.039889,7.156602,7.023974,7.09294,15987340
2016-06-16,6.992146,7.061112,6.901959,7.018671,33018822
2016-06-17,7.071722,7.310452,7.055806,7.294537,25706965
2016-06-20,7.374113,7.533267,7.358198,7.512046,18343234
2016-06-21,7.496131,7.607538,7.45369,7.607538,14755938
2016-06-22,7.63937,7.671201,7.490827,7.490827,15458546
2016-06-23,7.543876,7.73486,7.501435,7.73486,18400037
2016-06-24,7.161908,7.283926,6.981534,7.023975,50381889
2016-06-27,7.002756,7.283927,6.960315,7.018671,31603956
2016-06-28,7.156603,7.326367,7.114162,7.24679,26940052
2016-06-29,7.336977,7.591623,7.331672,7.586318,24969923
2016-06-30,7.533267,7.703031,7.480216,7.703031,22574066
2016-07-01,7.71364,7.894014,7.639369,7.862184,23035792
2016-07-04,7.872795,7.915236,7.703031,7.703031,15100766
2016-07-05,7.634064,7.734861,7.559792,7.644674,15971018
2016-07-06,7.607538,7.649978,7.453689,7.501435,19415986
2016-07-07,7.570405,7.639371,7.496133,7.54388,13743159
2016-07-08,7.533266,7.69242,7.448384,7.69242,17859364
2016-07-11,7.718945,7.782607,7.596927,7.782607,15920815
2016-07-12,7.782609,7.894016,7.777304,7.856881,18303138
2016-07-13,7.793218,7.88871,7.756082,7.761387,16454730
2016-07-14,7.851575,7.925847,7.782609,7.904626,18398496
2016-07-15,7.867488,7.872793,7.750775,7.809132,13197322
2016-07-18,7.862184,7.8781,7.703031,7.724251,11852235
2016-07-19,7.718945,7.766691,7.586317,7.697724,13062944
2016-07-20,7.761387,7.766693,7.549182,7.623454,13248837
2016-07-21,7.623453,7.634064,7.501436,7.581012,12688155
2016-07-22,7.533265,7.692419,7.522655,7.549181,12869786
2016-07-25,7.549183,7.607539,7.41125,7.44308,14499207
2016-07-26,7.458995,7.47491,7.310452,7.448385,14296163
2016-07-27,7.490827,7.575708,7.42186,7.44308,12535085
2016-07-28,7.448386,7.458996,7.252097,7.252097,16431357
2016-07-29,7.161908,7.2574,6.949703,7.2574,21435710
2016-08-01,7.331671,7.336976,7.114161,7.114161,14271323
2016-08-02,7.114163,7.119468,6.939094,6.96562,21672105
2016-08-03,7.013366,7.055807,6.928484,7.013366,15534148
2016-08-04,7.045195,7.140688,6.986839,7.02928,15218294
2016-08-05,7.066415,7.145992,7.0505,7.114161,15257299
2016-08-08,7.172519,7.220265,7.114162,7.199044,12046005
2016-08-09,7.177826,7.246792,7.1513,7.188436,10113272
2016-08-10,7.151299,7.199045,7.082333,7.167215,10056726
2016-08-11,7.156602,7.26801,7.055805,7.26801,12387055
2016-08-12,7.28923,7.342281,7.220264,7.26801,11198246
2016-08-16,7.24679,7.395333,7.23618,7.289231,16145139
2016-08-17,7.315757,7.315757,7.188434,7.199044,11807636
2016-08-18,7.262705,7.310451,7.209654,7.289231,9944892
2016-08-19,7.289233,7.321064,7.092943,7.145995,14518818
2016-08-22,7.114163,7.20435,7.077027,7.130078,10191321
2016-08-23,7.145993,7.2574,7.119467,7.225569,12249663
2016-08-24,7.193741,7.220266,7.135384,7.167215,12221193
2016-08-25,7.177825,7.18313,7.077028,7.082333,11774042
2016-08-26,7.098247,7.22557,7.045196,7.220265,11888939
2016-08-29,7.167215,7.188436,7.082333,7.145995,7750794
2016-08-30,7.161907,7.27862,7.161907,7.26801,12332138
2016-08-31,7.241486,7.289232,7.18313,7.18313,11673097
2016-09-01,7.214961,7.257402,7.082333,7.130078,13799509
2016-09-02,7.161908,7.305146,7.108857,7.278621,14798316
2016-09-05,7.294537,7.42186,7.289232,7.336978,13927545
2016-09-06,7.400638,7.421859,7.289231,7.289231,14313469
2016-09-07,7.331673,7.395334,7.289232,7.363504,17142408
2016-09-08,7.384724,7.44308,7.294537,7.44308,19789381
2016-09-09,7.416551,7.437772,7.294534,7.305144,17387884
2016-09-12,7.199045,7.214961,7.071722,7.19374,22655298
2016-09-13,7.183128,7.209653,6.955008,6.955008,22628335
2016-09-14,7.013366,7.055807,6.917874,6.97623,21475182
2016-09-15,6.944399,7.029281,6.907263,7.00806,20508633
2016-09-16,6.960313,6.981533,6.82238,6.848906,30673031
2016-09-19,6.941977,7.051472,6.936503,6.952927,18783945
2016-09-20,6.925553,6.947452,6.821533,6.827008,16663885
2016-09-21,6.903654,6.996725,6.837957,6.848907,18458067
2016-09-22,6.931024,6.991247,6.9146,6.92555,23523054
2016-09-23,6.909129,6.947452,6.859856,6.89818,16547134
2016-09-26,6.843432,6.854382,6.761311,6.772261,15942461
2016-09-27,6.837957,6.843432,6.668241,6.739412,15826497
2016-09-28,6.761312,6.854383,6.755838,6.761312,15776091
2016-09-29,7.002199,7.117169,6.985775,7.073371,26888396
2016-09-30,6.985777,7.067898,6.931029,7.018625,22018020
2016-10-03,7.007674,7.111694,7.0022,7.056947,12896184
2016-10-04,7.062421,7.144543,7.045997,7.100745,16798391
2016-10-05,7.084322,7.275938,7.062423,7.264989,21812154
2016-10-06,7.286888,7.319736,7.22119,7.264989,14368915
2016-10-07,7.270462,7.341634,7.232139,7.275937,16022389
2016-10-10,7.264988,7.467554,7.237614,7.445655,18610458
2016-10-11,7.369009,7.434706,7.303312,7.303312,15796429
2016-10-12,7.314259,7.374482,7.243088,7.254037,14351899
2016-10-13,7.215716,7.23214,7.133595,7.204766,14892302
2016-10-14,7.199289,7.412804,7.199289,7.347107,18395963
2016-10-17,7.336157,7.347106,7.25951,7.286884,11286529
2016-10-18,7.352585,7.445655,7.341635,7.418282,18747683
2016-10-19,7.434706,7.489454,7.379958,7.440181,15462180
2016-10-20,7.445653,7.527774,7.423755,7.516825,21645757
2016-10-21,7.533248,7.538723,7.451126,7.538723,13104565
2016-10-24,7.538724,7.582522,7.505876,7.516825,13513418
2016-10-25,7.51135,7.587996,7.445653,7.489451,12834585
2016-10-26,7.462079,7.500402,7.390908,7.412807,14395353
2016-10-27,7.412805,7.538725,7.390906,7.527775,16144691
2016-10-28,7.363534,7.407332,7.264989,7.396383,24840702
2016-10-31,7.32521,7.33616,7.22119,7.23214,15232409
2016-11-01,7.286884,7.314258,7.100743,7.117167,16039193
2016-11-02,7.089795,7.100745,6.99125,7.013149,18609406
2016-11-03,6.947451,7.045997,6.788683,6.958401,18738841
2016-11-04,6.941978,6.947452,6.843432,6.892705,16330632
2016-11-07,6.991251,7.051473,6.958402,6.991251,13733016
2016-11-08,7.007675,7.035049,6.941978,7.035049,10648897
2016-11-09,6.832482,7.007674,6.788684,7.007674,27582512
2016-11-10,7.051473,7.133594,6.925553,6.980301,21883131
2016-11-11,7.018622,7.024097,6.788683,6.870804,19020482
2016-11-14,6.898179,6.925553,6.712038,6.712038,19941149
2016-11-15,6.777736,6.870807,6.733938,6.843433,18632594
2016-11-16,6.865333,6.887232,6.766787,6.799636,17306942
2016-11-17,6.794159,6.920078,6.77226,6.89818,16740217
2016-11-18,6.865332,6.887231,6.750362,6.777736,17837837
2016-11-21,6.816058,6.920078,6.755836,6.881754,14661628
2016-11-22,6.947452,7.056947,6.931028,6.952927,17368102
2016-11-23,6.985775,7.002199,6.854382,6.952927,15514126
2016-11-24,6.952927,7.018624,6.952927,6.980301,9641568
2016-11-25,6.969352,6.996725,6.931028,6.991251,9094341
2016-11-28,6.936503,6.947452,6.821533,6.88723,16389423
2016-11-29,6.859856,6.936503,6.827008,6.931028,17470707
2016-11-30,6.958401,7.297836,6.920078,7.193816,39432824
2016-12-01,7.297836,7.478502,7.286887,7.451128,28990456
2016-12-02,7.407332,7.445655,7.330686,7.412807,18656812
2016-12-05,7.363533,7.516826,7.336159,7.494927,24779070
2016-12-06,7.451128,7.642744,7.41828,7.642744,21559387
2016-12-07,7.664644,7.719391,7.615371,7.719391,21136426
2016-12-08,7.681067,7.812461,7.670118,7.790562,19065560
2016-12-09,7.823412,7.823412,7.713917,7.801513,15868503
2016-12-12,8.025976,8.15737,8.009552,8.091673,31938552
2016-12-13,8.075249,8.212118,8.064299,8.173795,26052123
2016-12-14,8.113572,8.255915,8.102623,8.14642,22279030
2016-12-15,8.119048,8.217594,8.097149,8.195695,28099217
2016-12-16,8.239491,8.239491,8.140945,8.239491,27466498
2016-12-19,8.212117,8.223067,8.157369,8.190218,10625001
2016-12-20,8.168319,8.294238,8.135471,8.294238,15739572
2016-12-21,8.288765,8.338037,8.277815,8.305189,12418505
2016-12-22,8.294239,8.376361,8.277815,8.305189,12878472
2016-12-23,8.299714,8.398259,8.299714,8.398259,8883447
2016-12-27,8.403734,8.458481,8.381835,8.398259,8503127
2016-12-28,8.414682,8.447531,8.376359,8.381834,6795684
2016-12-29,8.365411,8.474906,8.348987,8.453007,7805605
2016-12-30,8.420159,8.474906,8.392785,8.469432,9431821
2017-01-02,8.469432,8.578927,8.463957,8.562503,8592261
2017-01-03,8.611774,8.715794,8.557027,8.557027,16079269
2017-01-04,8.600823,8.639146,8.507752,8.589873,13438360
2017-01-05,8.562503,8.661048,8.546078,8.562503,11657069
2017-01-06,8.622723,8.622723,8.507754,8.606299,9295912
2017-01-09,8.606299,8.628198,8.414683,8.425632,12894616
2017-01-10,8.425634,8.540603,8.414684,8.513229,10774794
2017-01-11,8.51323,8.584402,8.420159,8.507755,13458516
2017-01-12,8.50228,8.573452,8.463957,8.463957,12442538
2017-01-13,8.507754,8.578926,8.431108,8.578926,11861691
2017-01-16,8.51323,8.529654,8.431108,8.431108,7941287
2017-01-17,8.447533,8.529654,8.442058,8.469432,10888201
2017-01-18,8.507755,8.524179,8.431109,8.524179,9562219
2017-01-19,8.507756,8.52418,8.425635,8.491332,11125774
2017-01-20,8.524179,8.589875,8.469431,8.513229,18384180
2017-01-23,8.480379,8.491329,8.35446,8.381834,15533796
2017-01-24,8.387311,8.469433,8.381837,8.403736,11334726
2017-01-25,8.480379,8.480379,8.294238,8.294238,17989275
2017-01-26,8.321612,8.338036,8.168319,8.184743,15978827
2017-01-27,8.195695,8.201169,8.053351,8.0862,12780272
2017-01-30,8.053351,8.053351,7.675594,7.87816,17835958
2017-01-31,7.889109,7.98218,7.779614,7.779614,16164528
2017-02-01,7.834363,7.88911,7.724867,7.735817,13196456
2017-02-02,7.757714,7.883633,7.74129,7.752239,13621652
2017-02-03,7.763191,7.982181,7.763191,7.954807,14033078
2017-02-06,7.960279,7.965754,7.741289,7.790562,14083702
2017-02-07,7.801513,7.86721,7.741291,7.774139,12460445
2017-02-08,7.785088,7.790562,7.577047,7.74129,19738758
2017-02-09,7.785087,7.894582,7.71939,7.861733,15409855
2017-02-10,7.905533,7.911007,7.774139,7.883634,12955848
2017-02-13,7.894581,8.03145,7.861732,7.960278,13255863
2017-02-14,7.960278,8.036925,7.938379,7.960278,10315886
2017-02-15,8.009551,8.009551,7.861732,7.872682,12591124
2017-02-16,7.85626,7.916482,7.817937,7.883634,12893250
2017-02-17,7.905533,7.911008,7.724866,7.730341,14978856
2017-02-20,7.779614,7.850786,7.741291,7.801513,13566329
2017-02-21,7.806987,8.091673,7.763189,7.982179,19893776
2017-02-22,8.025975,8.03145,7.828885,7.861733,15220825
2017-02-23,7.883633,7.993128,7.84531,7.889108,13248576
2017-02-24,7.894584,7.911008,7.785089,7.828887,13137267
2017-02-27,7.850784,7.894582,7.790561,7.861733,11135627
2017-02-28,7.86721,8.031452,7.86721,7.949331,21187623
2017-03-01,8.097148,8.228542,8.031452,8.212118,22489769
2017-03-02,8.239492,8.365411,8.195694,8.217593,21560583
2017-03-03,8.206643,8.36541,8.195693,8.359936,19699288
2017-03-06,8.31614,8.348988,8.228544,8.261393,16496344
2017-03-07,8.261389,8.288763,8.179268,8.239491,11897672
2017-03-08,8.217594,8.255917,8.0862,8.102624,15701300
2017-03-09,8.020502,8.047875,7.84531,8.047875,26364447
2017-03-10,8.0643,8.124523,7.993129,8.009553,17285630
2017-03-13,8.025977,8.036927,7.905532,8.020502,12841623
2017-03-14,8.053352,8.064301,7.845311,7.921958,18124793
2017-03-15,7.993128,8.075249,7.943855,8.031451,16898373
2017-03-16,8.146421,8.244967,8.129997,8.217593,23679090
2017-03-17,8.217594,8.261392,8.146423,8.168322,25810501
2017-03-20,8.124523,8.19022,8.075251,8.129998,14681212
2017-03-21,8.173796,8.288766,8.140948,8.168322,18131866
2017-03-22,8.119047,8.179269,8.080724,8.151896,16906829
2017-03-23,8.157372,8.255917,8.113574,8.228543,14936216
2017-03-24,8.250441,8.261391,8.173795,8.206643,9956563
2017-03-27,8.157371,8.206644,8.119048,8.195695,11220646
2017-03-28,8.201167,8.239491,8.151895,8.239491,11777720
2017-03-29,8.255918,8.310665,8.22307,8.277817,13454453
2017-03-30,8.30519,8.392786,8.299715,8.387311,14052142
2017-03-31,8.387311,8.403736,8.299716,8.403736,14785604
2017-04-03,8.414685,8.458483,8.277817,8.277817,12546719
2017-04-04,8.294239,8.338037,8.228542,8.338037,13445935
2017-04-05,8.338036,8.409208,8.272339,8.294238,17554158
2017-04-06,8.266866,8.359937,8.206644,8.305189,14353817
2017-04-07,8.348986,8.36541,8.283289,8.338037,10745151
2017-04-10,8.365413,8.381837,8.266867,8.332564,10988793
2017-04-11,8.29424,8.370886,8.277816,8.343513,14551006
2017-04-12,8.376361,8.420159,8.305189,8.343513,12761653
2017-04-13,8.310664,8.332563,8.190219,8.206643,12966808
2017-04-18,8.212119,8.223069,8.036927,8.036927,18927869
2017-04-19,8.047874,8.086198,7.982177,8.042399,12687719
2017-04-20,7.98218,8.069775,7.97123,8.036927,16325756
2017-04-21,8.042401,8.113573,7.949331,7.949331,18919689
2017-04-24,8.236451,8.292749,8.146374,8.185782,24113809
2017-04-25,8.219565,8.219565,8.129487,8.152006,14367637
2017-04-26,8.180152,8.191412,8.101335,8.185782,13985676
2017-04-27,8.135115,8.135115,8.022518,8.061927,16848128
2017-04-28,8.073189,8.090078,8.03378,8.03378,12378156
2017-05-02,8.056296,8.090075,8.016887,8.050666,12077026
2017-05-03,8.028149,8.045038,7.960591,8.016889,13270565
2017-05-04,8.045036,8.135114,7.999998,8.011257,19376640
2017-05-05,7.95496,8.213933,7.915552,8.213933,23349907
2017-05-08,8.242082,8.33779,8.174524,8.213933,17952876
2017-05-09,8.287121,8.332159,8.247711,8.29838,11880384
2017-05-10,8.30964,8.433496,8.185784,8.343419,16953069
2017-05-11,8.394087,8.444756,8.30401,8.388457,15974718
2017-05-12,8.410977,8.433497,8.32653,8.382829,12567515
2017-05-15,8.439126,8.478535,8.405347,8.444756,14941037
2017-05-16,8.427867,8.512315,8.422237,8.472906,11852387
2017-05-17,8.416607,8.444756,8.3209,8.343419,15383157
2017-05-18,8.332159,8.410977,8.191414,8.365938,18586327
2017-05-19,8.410976,8.467275,8.377197,8.467275,14640969
2017-05-22,8.512314,8.534833,8.456016,8.456016,11761611
2017-05-23,8.456016,8.484165,8.410977,8.439126,9484208
2017-05-24,8.416606,8.456015,8.349048,8.405347,10006811
2017-05-25,8.427866,8.439126,8.230822,8.247711,17108328
2017-05-26,8.174526,8.185785,8.039409,8.056299,20702236
2017-05-29,8.056298,8.084446,7.97185,8.039408,11190519
2017-05-30,8.016888,8.118225,7.97185,8.061927,13860008
2017-05-31,8.084447,8.084447,7.926811,7.932441,21980174
2017-06-01,7.988738,8.056297,7.93807,8.028148,13794892
2017-06-02,8.000001,8.016891,7.831106,7.909924,17892020
2017-06-05,7.9437,7.966219,7.859252,7.859252,9493254
2017-06-06,7.864884,7.977481,7.842365,7.921182,15292821
2017-06-07,7.926814,7.960593,7.763548,7.763548,18939242
2017-06-08,7.769177,7.864884,7.746657,7.819845,16057918
2017-06-09,7.831103,7.898661,7.802954,7.825473,11166189
2017-06-12,7.864882,7.966219,7.859252,7.859252,15885609
2017-06-13,7.898661,7.971849,7.864883,7.881772,12171488
2017-06-14,7.898661,7.915551,7.769175,7.797324,17427631
2017-06-15,7.786064,7.791694,7.695986,7.752285,26934517
2017-06-16,7.786064,7.808584,7.724136,7.797324,15815782
2017-06-19,7.831103,7.881772,7.802954,7.831103,9185926
2017-06-20,7.842362,7.870511,7.667837,7.673467,16310367
2017-06-21,7.673469,7.752287,7.572131,7.712877,17661097
2017-06-22,7.656579,7.690358,7.600281,7.690358,15812380
2017-06-23,7.656578,7.701617,7.60591,7.645319,10959831
2017-06-26,7.684729,7.718508,7.600282,7.65658,11919242
2017-06-27,7.656578,7.667838,7.60028,7.61154,13337044
2017-06-28,7.600282,7.634061,7.521464,7.634061,16882864
2017-06-29,7.679099,7.684728,7.487684,7.487684,19981675
2017-06-30,7.487686,7.493316,7.36946,7.408868,20913802
2017-07-03,7.442646,7.555242,7.437016,7.498944,15011705
2017-07-04,7.504571,7.54398,7.476422,7.521461,8331820
2017-07-05,7.498946,7.532725,7.37509,7.414498,18302340
2017-07-06,7.437015,7.453905,7.341308,7.369457,19179409
2017-07-07,7.341307,7.358196,7.285008,7.296268,16519821
2017-07-10,7.330047,7.358195,7.285007,7.318787,10558806
2017-07-11,7.318788,7.363827,7.285009,7.301899,11280151
2017-07-12,7.341309,7.493315,7.330049,7.425756,16936501
2017-07-13,7.408866,7.442645,7.386347,7.437016,11960165
2017-07-14,7.453903,7.510201,7.408864,7.453903,10278434
2017-07-17,7.493314,7.498944,7.437016,7.437016,9309932
2017-07-18,7.408865,7.459534,7.391976,7.397606,11028320
2017-07-19,7.403235,7.414495,7.363827,7.391976,11032705
2017-07-20,7.425757,7.470796,7.380718,7.403237,12220735
2017-07-21,7.414496,7.470795,7.318789,7.341308,16955094
2017-07-24,7.35257,7.420128,7.32442,7.35257,12123513
2017-07-25,7.363828,7.437016,7.346939,7.425756,12073589
2017-07-26,7.465164,7.510202,7.448274,7.465164,13359479
2017-07-27,7.465164,7.532722,7.431385,7.442645,12459912
2017-07-28,7.487683,7.510202,7.420125,7.465164,13708502
2017-07-31,7.487683,7.60028,7.482053,7.527092,18372106
2017-08-01,7.589021,7.639689,7.577761,7.583391,16681305
2017-08-02,7.594651,7.63406,7.543982,7.61717,12318898
2017-08-03,7.577762,7.611542,7.543983,7.600282,12442922
2017-08-04,7.577763,7.656581,7.560874,7.628432,11190806
2017-08-07,7.656578,7.679097,7.611539,7.639688,8338655
2017-08-08,7.628431,7.66221,7.600282,7.622801,10366770
2017-08-09,7.600282,7.64532,7.583392,7.600282,13160745
2017-08-10,7.61154,7.662208,7.572131,7.59465,13487737
2017-08-11,7.572132,7.572132,7.470795,7.487684,14875897
2017-08-14,7.504576,7.538355,7.470797,7.515836,9765639
2017-08-16,7.504573,7.566501,7.504573,7.549612,9791751
2017-08-17,7.521461,7.54961,7.453903,7.453903,11815039
2017-08-18,7.403235,7.459533,7.391975,7.459533,11210039
2017-08-21,7.442646,7.476425,7.375088,7.425756,10789614
2017-08-22,7.442645,7.470794,7.375087,7.397606,11485403
2017-08-23,7.391978,7.437017,7.369459,7.403237,9952487
2017-08-24,7.420125,7.453904,7.386346,7.397606,8000199
2017-08-25,7.403234,7.420124,7.375085,7.380715,8573201
2017-08-28,7.358197,7.420125,7.341307,7.391976,8353304
2017-08-29,7.363826,7.386345,7.301898,7.380715,13675298
2017-08-30,7.408865,7.448274,7.391976,7.397606,10344142
2017-08-31,7.420128,7.470797,7.380719,7.414498,13182084
2017-09-01,7.448272,7.510201,7.437013,7.493311,10088405
2017-09-04,7.459534,7.538352,7.453904,7.504573,7959433
2017-09-05,7.521464,7.594652,7.515834,7.538353,12714950
2017-09-06,7.532723,7.6228,7.515833,7.589021,15531035
2017-09-07,7.611542,7.645321,7.594653,7.628432,13030193
2017-09-08,7.62843,7.63406,7.538353,7.577762,13872326
2017-09-11,7.600281,7.6228,7.572132,7.605911,12063760
2017-09-12,7.628432,7.628432,7.560874,7.628432,12225755
2017-09-13,7.600282,7.65658,7.600282,7.634061,12183509
2017-09-14,7.64532,7.746657,7.63969,7.679099,23146208
2017-09-15,7.712878,7.774807,7.6791,7.774807,28910672
2017-09-18,7.855974,7.873368,7.803794,7.803794,16437117
2017-09-19,7.797996,7.855974,7.792198,7.844378,9553700
2017-09-20,7.855975,7.931346,7.850178,7.908155,13305649
2017-09-21,7.937143,7.966132,7.908154,7.966132,12271190
2017-09-22,7.948741,8.000921,7.92555,7.989325,10590806
2017-09-25,7.97193,8.082088,7.966132,8.082088,15902406
2017-09-26,8.087886,8.169055,8.082088,8.111077,15623361
2017-09-27,8.140065,8.145863,8.064694,8.07629,11914881
2017-09-28,8.070491,8.111075,8.018311,8.087884,10253072
2017-09-29,8.093682,8.128469,8.070491,8.116873,11908678
2017-10-02,8.128468,8.145861,8.07049,8.099479,10060344
2017-10-03,8.116873,8.157457,8.087884,8.157457,8273923
2017-10-04,8.145863,8.151661,8.029908,8.058896,13286358
2017-10-05,8.035706,8.157459,8.029908,8.134268,10816535
2017-10-06,8.116874,8.128469,7.99512,8.029907,12303817
2017-10-09,8.041502,8.053098,7.977727,8.029907,9786164
2017-10-10,8.024109,8.076289,7.948738,8.029907,10592727
2017-10-11,8.024111,8.087886,8.006717,8.070493,9827741
2017-10-12,8.053098,8.105278,8.012514,8.035705,8226347
2017-10-13,8.053097,8.134265,8.047299,8.099479,10422523
2017-10-16,8.111077,8.145864,8.093684,8.111077,8861860
2017-10-17,8.111078,8.116876,8.035707,8.053101,11768122
2017-10-18,8.064694,8.07629,8.02411,8.047301,8148271
2017-10-19,8.058893,8.070489,7.954534,7.983523,13490696
2017-10-20,8.000918,8.0473,7.966131,8.029907,10915344
2017-10-23,8.047301,8.07629,8.006717,8.018312,8037729
2017-10-24,8.018311,8.111075,8.018311,8.087884,13186746
2017-10-25,8.070492,8.105279,8.000919,8.000919,10830617
2017-10-26,8.024111,8.099482,7.989324,8.070493,13304086
2017-10-27,7.983528,8.047303,7.896561,7.989325,26342936
2017-10-30,8.006717,8.064694,7.97193,8.02411,12832040
2017-10-31,8.029908,8.157458,8.029908,8.140065,17322332
2017-11-01,8.174854,8.267618,8.169056,8.244427,14732490
2017-11-02,8.256018,8.290805,8.192243,8.290805,14592689
2017-11-03,8.296605,8.366178,8.273413,8.337189,14519798
2017-11-06,8.360379,8.429952,8.342986,8.406761,16619402
2017-11-07,8.470536,8.557503,8.453143,8.534312,22775766
2017-11-08,8.499527,8.528516,8.453144,8.476336,12062299
2017-11-09,8.487932,8.528516,8.383572,8.41256,16809718
2017-11-10,8.418357,8.453143,8.33139,8.354581,12418562
2017-11-13,8.366178,8.366178,8.244425,8.296605,13039708
2017-11-14,8.296605,8.296605,8.151661,8.198043,16154100
2017-11-15,8.145863,8.151661,8.000919,8.047301,19646956
2017-11-16,8.053099,8.111076,7.954536,7.966132,22140562
2017-11-17,7.966131,8.012513,7.896558,7.960333,15739357
2017-11-20,7.971931,8.018313,7.937144,7.977729,11391140
2017-11-21,7.977729,8.099482,7.960335,8.041504,14052619
2017-11-22,8.105278,8.122671,8.064693,8.064693,10872875
2017-11-23,8.041503,8.070491,8.006716,8.035705,8277591
2017-11-24,8.041501,8.093681,8.012512,8.012512,7885241
2017-11-27,8.018311,8.070491,7.937142,7.937142,12709417
2017-11-28,7.937145,7.995123,7.931348,7.989325,9905009
2017-11-29,8.024111,8.029909,7.954538,7.977729,11023313
2017-11-30,7.966132,8.105278,7.942941,8.006717,17181074
2017-12-01,8.058894,8.087883,7.983524,8.012512,14454378
2017-12-04,8.058898,8.064696,8.018314,8.053101,10448874
2017-12-05,8.035705,8.082087,8.018312,8.058896,9621047
2017-12-06,8.024108,8.053097,8.000917,8.012512,10055616
2017-12-07,8.02411,8.047301,7.989323,8.02411,8966040
2017-12-08,8.047301,8.064694,8.012514,8.058896,10254615
2017-12-11,8.064692,8.111074,8.041501,8.099479,12150194
2017-12-12,8.116874,8.285009,8.116874,8.198043,21077283
2017-12-13,8.203839,8.22703,8.093682,8.128469,15592440
2017-12-14,8.128469,8.203839,8.087884,8.087884,16802180
2017-12-15,8.087885,8.116874,8.02411,8.082088,21156432
2017-12-18,8.111076,8.180649,8.105278,8.151661,12401956
2017-12-19,8.145864,8.203841,8.093684,8.105279,10032527
2017-12-20,8.122671,8.145862,8.041502,8.064693,11431921
2017-12-21,8.064693,8.157457,8.041502,8.128469,10590229
2017-12-22,8.105277,8.145862,8.09948,8.128469,6828120
2017-12-27,8.186446,8.221233,8.145862,8.157457,8699320
2017-12-28,8.157457,8.163254,8.07049,8.093681,8122848
2017-12-29,8.093684,8.105279,7.995121,8.000919,9923334
2018-01-02,8.041504,8.053099,7.966132,8.018312,11410617
2018-01-03,8.041504,8.105279,8.018313,8.070493,11701721
2018-01-04,8.122673,8.28501,8.116875,8.261819,17817230
2018-01-05,8.256019,8.377772,8.250221,8.366177,13335823
2018-01-08,8.389371,8.429955,8.331393,8.41836,10545019
2018-01-09,8.412559,8.441548,8.366177,8.406761,11475177
2018-01-10,8.41836,8.447348,8.389371,8.41836,11718505
2018-01-11,8.418357,8.522717,8.412559,8.522717,14950810
2018-01-12,8.522716,8.574896,8.476334,8.534312,12066010
2018-01-15,8.563304,8.661866,8.540113,8.65027,11763553
2018-01-16,8.632877,8.696652,8.615483,8.644472,14533963
2018-01-17,8.615482,8.656067,8.580696,8.615482,11595355
2018-01-18,8.661863,8.690852,8.621279,8.667661,10960640
2018-01-19,8.638671,8.673458,8.586492,8.598087,14674268
2018-01-22,8.598089,8.661864,8.586494,8.661864,8625119
2018-01-23,8.661863,8.690852,8.64447,8.673459,9387063
2018-01-24,8.656068,8.673461,8.615483,8.644472,9829778
2018-01-25,8.656067,8.696651,8.62128,8.656067,10991116
2018-01-26,8.650268,8.679257,8.627077,8.667661,8376848
2018-01-29,8.650271,8.667664,8.558666,8.5749,12832841
2018-01-30,8.54707,8.567942,8.425316,8.432274,16432621
2018-01-31,8.448508,8.474018,8.355744,8.398647,12512209
2018-02-01,8.474017,8.557504,8.428794,8.458942,15373298
2018-02-02,8.485613,8.504166,8.317477,8.318637,17572073
2018-02-05,8.285009,8.294285,8.176011,8.20616,16866450
2018-02-06,7.989321,8.080925,7.845536,7.974247,27904071
2018-02-07,8.082088,8.131949,7.981207,8.105279,17469723
2018-02-08,8.029907,8.053098,7.876846,7.926707,22796651
2018-02-09,7.867569,7.916271,7.728423,7.767848,21265449
2018-02-12,7.849017,7.904676,7.773646,7.81655,14817810
2018-02-13,7.81539,7.838581,7.740019,7.741179,12482506
2018-02-14,7.787562,7.840901,7.682042,7.79104,19252320
2018-02-15,7.864091,7.929026,7.801475,7.829304,15494973
2018-02-16,7.989324,8.000919,7.838582,7.903517,18603883
2018-02-19,7.931346,7.938304,7.891922,7.903517,11729743
2018-02-20,7.904675,7.974248,7.888441,7.947578,12788481
2018-02-21,7.932506,7.977729,7.890762,7.949899,11947326
2018-02-22,7.922068,7.931345,7.83858,7.931345,14896368
2018-02-23,7.931348,8.014836,7.89772,7.995123,15539182
2018-02-26,8.006716,8.051938,7.975407,8.036864,10659717
2018-02-27,8.01947,8.065852,8.000917,8.012512,11878687
2018-02-28,7.97309,8.028748,7.937144,7.951058,11690102
2018-03-01,7.91395,7.931344,7.832781,7.868727,14900769
2018-03-02,7.832783,7.847857,7.721466,7.756253,18420054
2018-03-05,7.693637,7.767848,7.664648,7.767848,14791428
2018-03-06,7.789879,7.844378,7.728423,7.728423,16005886
2018-03-07,7.717986,7.852494,7.704071,7.835101,15142390
2018-03-08,7.815388,7.878005,7.793357,7.874526,11559989
2018-03-09,7.883804,7.89424,7.828145,7.880325,10430741
2018-03-12,7.919749,7.990482,7.909313,7.953376,13711107
2018-03-13,7.97309,8.086726,7.97309,8.000919,18512517
2018-03-14,8.044983,8.067014,7.92323,7.949899,14996910
2018-03-15,7.989322,8.033385,7.955695,8.014832,15050073
2018-03-16,8.05078,8.203841,7.990483,8.174852,36482669
2018-03-19,8.194564,8.220075,8.068173,8.080928,15989233
2018-03-20,8.100642,8.231671,8.097163,8.192246,15000696
2018-03-21,8.221233,8.279211,8.163255,8.25602,17801979
2018-03-22,8.252543,8.315159,8.122673,8.215437,19422380
2018-03-23,8.143544,8.215436,8.060056,8.17949,15151865
2018-03-26,8.208478,8.25486,8.102959,8.1505,14080440
2018-03-27,8.238628,8.282691,8.218915,8.23283,13828966
2018-03-28,8.201523,8.243267,8.13079,8.210799,15633522
2018-03-29,8.23051,8.331391,8.199202,8.28385,13780962
2018-04-03,8.251384,8.413721,8.232831,8.367339,15407280
2018-04-04,8.402125,8.46822,8.358063,8.439231,17109092
2018-04-05,8.507643,8.630555,8.496047,8.616641,21842902
2018-04-06,8.602728,8.678099,8.573739,8.631717,16128424
2018-04-09,8.653749,8.696653,8.614324,8.689695,14521836
2018-04-10,8.714045,8.774342,8.683896,8.774342,16248854
2018-04-11,8.783619,8.881021,8.769704,8.828841,20626288
2018-04-12,8.840433,8.948272,8.829997,8.887975,18509237
2018-04-13,8.875221,8.948273,8.847392,8.947114,14970246
2018-04-16,8.927402,9.002773,8.900733,8.956391,14075455
2018-04-17,8.984219,9.095535,8.976102,9.090898,19727910
2018-04-18,9.088578,9.158152,9.050313,9.158152,16587879
2018-04-19,9.159312,9.276426,9.150035,9.276426,18990944
2018-04-20,9.276429,9.339044,9.174388,9.248599,19231814
2018-04-23,9.230044,9.327446,9.191779,9.327446,11181861
2018-04-24,9.31585,9.380785,9.254394,9.292659,17334282
2018-04-25,9.26947,9.283384,9.122207,9.189461,17341507
2018-04-26,9.228886,9.37499,9.204535,9.37499,14885375
2018-04-27,9.321647,9.368031,9.241638,9.368031,17945436
2018-04-30,9.368032,9.392383,9.279906,9.392383,13151507
2018-05-02,9.347161,9.471233,9.335565,9.463117,16109969
2018-05-03,9.451517,9.479347,9.340201,9.350636,13328912
2018-05-04,9.384266,9.479349,9.366872,9.479349,10983470
2018-05-07,9.496742,9.661399,9.482828,9.661399,15511981
2018-05-08,9.652122,9.653281,9.374989,9.413254,21226749
2018-05-09,9.525734,9.682274,9.515298,9.674157,20849579
2018-05-10,9.734451,9.740248,9.45036,9.512977,16506670
2018-05-11,9.566315,9.616176,9.47587,9.531528,11664855
2018-05-14,9.508338,9.668357,9.467754,9.668357,12167023
2018-05-15,9.648643,9.792427,9.634728,9.719376,16495049
2018-05-16,9.697344,9.711259,9.450359,9.588346,20053957
2018-05-17,9.625454,9.74025,9.590668,9.625454,21980882
2018-05-18,9.715899,9.715899,9.525732,9.596465,26384104
2018-05-21,9.648747,9.690336,9.456248,9.520414,17331474
2018-05-22,9.534674,9.621417,9.463378,9.566756,13432261
2018-05-23,9.515662,9.534674,9.333857,9.461001,18049988
2018-05-24,9.451495,9.569134,9.32435,9.374257,14678882
2018-05-25,9.36594,9.409906,9.081943,9.141356,18703081
2018-05-28,9.067685,9.203148,8.860926,8.955988,15682259
2018-05-29,8.89301,9.110463,8.686251,8.967871,25087644
2018-05-30,8.989259,9.203147,8.972623,9.203147,16215697
2018-05-31,9.217406,9.344551,9.138981,9.203147,16396109
2018-06-01,9.323162,9.476449,9.282761,9.346928,13035938
2018-06-04,9.381388,9.42179,9.226913,9.260185,8079548
2018-06-05,9.216218,9.363563,9.099768,9.18057,11620358
2018-06-06,9.198397,9.287517,9.062934,9.179384,11207551
2018-06-07,9.193641,9.333857,9.184135,9.286326,9289540
2018-06-08,9.209088,9.266125,9.014212,9.045107,13528010
2018-06-11,9.135416,9.31841,9.133039,9.286326,10208893
2018-06-12,9.352867,9.382574,9.270877,9.308902,10915489
2018-06-13,9.288699,9.335042,9.198391,9.216215,10426728
2018-06-14,9.20909,9.395648,9.153241,9.395648,19524909
2018-06-15,9.401591,9.405156,9.179384,9.179384,17654687
2018-06-18,9.119968,9.237606,9.080755,9.2281,10312849
2018-06-19,9.150862,9.232852,9.104519,9.232852,10639472
2018-06-20,9.286326,9.339798,9.169875,9.169875,10554514
2018-06-21,9.190076,9.225724,8.972622,9.00827,10656065
2018-06-22,9.059365,9.306525,8.99401,9.289889,13468457
2018-06-25,9.222159,9.251865,9.076001,9.079566,8548471
2018-06-26,9.128288,9.194831,9.081945,9.168689,10200174
2018-06-27,9.225725,9.50378,9.188888,9.421789,16852544
2018-06-28,9.43486,9.500214,9.36594,9.452683,10977574
2018-06-29,9.489521,9.541804,9.413471,9.450308,10215830
2018-07-02,9.387329,9.46219,9.30415,9.371881,9655478
2018-07-03,9.417035,9.683207,9.393269,9.59884,14781542
2018-07-04,9.630922,9.686772,9.583392,9.592898,6207841
2018-07-05,9.623793,9.747373,9.592898,9.634487,10026817
2018-07-06,9.652311,9.670134,9.521601,9.613098,9410358
2018-07-09,9.671325,9.716479,9.620229,9.693902,7011183
2018-07-10,9.731926,9.879272,9.725985,9.821047,13408030
2018-07-11,9.773519,9.791342,9.624985,9.65588,10606605
2018-07-12,9.655877,9.714102,9.590522,9.66063,12322360
2018-07-13,9.70935,9.718857,9.566758,9.672515,9155614
2018-07-16,9.684396,9.759257,9.49665,9.538239,9809934
2018-07-17,9.518036,9.590521,9.463376,9.588144,8475189
2018-07-18,9.572698,9.652312,9.508531,9.586957,7892898
2018-07-19,9.636864,9.66063,9.527543,9.553685,10672674
2018-07-20,9.499025,9.615476,9.48239,9.557251,10070901
2018-07-23,9.547745,9.621418,9.53824,9.583393,5608124
2018-07-24,9.590524,9.68915,9.526357,9.647561,7826591
2018-07-25,9.649938,9.684397,9.569135,9.64162,7268386
2018-07-26,9.664198,9.712916,9.63449,9.690339,8183235
2018-07-27,9.684395,9.703409,9.557251,9.624983,11478222
2018-07-30,9.639242,9.724797,9.602406,9.676078,8631814
2018-07-31,9.673701,9.802034,9.664196,9.781835,11097625
2018-08-01,9.781834,9.797281,9.676077,9.709349,9714930
2018-08-02,9.695092,9.727175,9.573888,9.62736,11319907
2018-08-03,9.630924,9.652314,9.53111,9.62736,8675937
2018-08-06,9.61904,9.679642,9.560814,9.679642,6757097
2018-08-07,9.682018,9.875706,9.679642,9.868577,11302249
2018-08-08,9.860261,9.930369,9.777081,9.803224,7707648
2018-08-09,9.793716,9.803222,9.696278,9.735491,8124622
2018-08-10,9.672515,9.680833,9.447932,9.480015,12047861
2018-08-13,9.475262,9.54537,9.451496,9.481203,6152570
2018-08-14,9.518038,9.60597,9.491896,9.573887,8417759
2018-08-16,9.465754,9.545368,9.393269,9.453871,10169712
2018-08-17,9.451496,9.478826,9.339798,9.401588,8177533
2018-08-20,9.417037,9.562005,9.396836,9.513286,6468176
2018-08-21,9.48358,9.66182,9.482391,9.609536,5204235
2018-08-22,9.572699,9.708162,9.55844,9.69628,6189247
2018-08-23,9.674889,9.736679,9.61191,9.645182,5439340
2018-08-24,9.645181,9.766385,9.633299,9.743808,6161436
2018-08-27,9.767576,9.777081,9.668949,9.762822,4127713
2018-08-28,9.746185,9.756881,9.661818,9.693902,6537846
2018-08-29,9.712914,9.746185,9.659442,9.746185,7407147
2018-08-30,9.714103,9.755692,9.583392,9.624983,7545386
2018-08-31,9.630922,9.642805,9.466941,9.494271,10240756
2018-09-03,9.490708,9.589334,9.48239,9.556063,5196310
2018-09-04,9.577454,9.640431,9.531111,9.57983,8589590
2018-09-05,9.594089,9.652314,9.482391,9.482391,12408242
2018-09-06,9.489522,9.529924,9.389707,9.402779,8329001
2018-09-07,9.409905,9.436047,9.261372,9.343362,7380065
2018-09-10,9.342173,9.465753,9.329102,9.417034,8036548
2018-09-11,9.4206,9.452683,9.320785,9.434859,8957325
2018-09-12,9.458626,9.604783,9.456249,9.51685,10272453
2018-09-13,9.516851,9.575076,9.475262,9.499027,7435365
2018-09-14,9.547743,9.553685,9.464565,9.497836,6056634
2018-09-17,9.465754,9.641618,9.461,9.58458,7955503
2018-09-18,9.596462,9.651122,9.550119,9.613098,7444428
2018-09-19,9.648749,9.648749,9.534675,9.64162,8640903
2018-09-20,9.614287,9.708161,9.577452,9.706972,13443701
2018-09-21,9.733117,9.792531,9.687963,9.690339,24169306
2018-09-24,9.867191,9.928175,9.808646,9.852554,10899587
2018-09-25,9.806207,10.108687,9.806207,10.091612,17968978
2018-09-26,10.09161,10.16235,10.033065,10.120882,10816125
2018-09-27,10.12942,10.12942,10.040384,10.081852,10340099
2018-09-28,10.01965,10.039165,9.787911,9.929394,15337912
2018-10-01,9.931834,10.035507,9.924517,9.952569,10186966
2018-10-02,9.950128,10.029407,9.853774,9.965983,9792664
2018-10-03,10.030629,10.048924,9.934275,9.98672,7811750
2018-10-04,9.948909,10.02087,9.924516,9.926955,8391570
2018-10-05,10.019651,10.164792,9.912319,9.920856,17773402
2018-10-08,9.874509,9.879388,9.624475,9.663505,14768380
2018-10-09,9.756201,9.984281,9.726929,9.917198,17281079
2018-10-10,9.89524,10.013549,9.817181,9.851332,11918209
2018-10-11,9.751321,9.787911,9.56959,9.580566,16427490
2018-10-12,9.684238,9.702533,9.52568,9.52568,9311266
2018-10-15,9.537879,9.679361,9.534219,9.612279,8458821
2018-10-16,9.603739,9.679359,9.522021,9.654965,10369075
2018-10-17,9.737906,9.739125,9.462258,9.503727,10868055
2018-10-18,9.489091,9.592763,9.325654,9.325654,16119298
2018-10-19,9.33053,9.487868,9.287841,9.385416,17117136
2018-10-22,9.522021,9.526899,9.247593,9.253692,9631717
2018-10-23,9.202465,9.251252,9.065861,9.117087,13097187
2018-10-24,9.107331,9.18783,8.971947,8.978045,11184164
2018-10-25,8.974385,9.131723,8.903644,9.131723,12530608
2018-10-26,9.26345,9.369563,9.00122,9.2293,22655608
2018-10-29,9.332972,9.450062,9.271989,9.368343,13525601
2018-10-30,9.378099,9.45128,9.273207,9.382977,11496936
2018-10-31,9.456159,9.658626,9.418349,9.578127,15026354
2018-11-01,9.546415,9.552513,9.356145,9.407372,12191497
2018-11-02,9.420788,9.479332,9.315895,9.367122,12688920
2018-11-05,9.332972,9.518363,9.315897,9.423228,9335996
2018-11-06,9.463477,9.465917,9.319555,9.353706,9053566
2018-11-07,9.363463,9.598861,9.363463,9.534218,11860191
2018-11-08,9.586663,9.586663,9.458597,9.497626,8280885
2018-11-09,9.441524,9.441524,9.287844,9.425668,10262210
2018-11-12,9.506166,9.574468,9.445182,9.445182,8908314
2018-11-13,9.41103,9.415909,9.162216,9.237836,15020750
2018-11-14,9.086597,9.157339,8.9256,9.102453,17666907
2018-11-15,9.15368,9.19027,9.025614,9.132945,10221309
2018-11-16,9.214665,9.242717,9.059766,9.086598,11306235
2018-11-19,9.163436,9.169535,8.975606,8.976826,9473162
2018-11-20,8.975606,9.043908,8.796313,8.813389,12040867
2018-11-21,8.818266,8.946332,8.769479,8.920719,11548869
2018-11-22,8.892667,8.910962,8.73045,8.73045,9168193
2018-11-23,8.708496,8.760943,8.476758,8.574332,15627788
2018-11-26,8.671907,8.737769,8.643854,8.718254,13339524
2018-11-27,8.7024,8.725573,8.601166,8.656052,10338031
2018-11-28,8.702398,8.740208,8.61702,8.631657,9227586
2018-11-29,8.646295,8.773141,8.576773,8.669468,15139899
2018-11-30,8.720693,8.742648,8.660929,8.687762,12703097
2018-12-03,8.93414,8.963412,8.804854,8.849982,16084694
2018-12-04,8.87803,8.925598,8.790214,8.790214,11553589
2018-12-05,8.6963,8.742648,8.646293,8.714595,13261260
2018-12-06,8.642634,8.751185,8.424312,8.436508,17771863
2018-12-07,8.499933,8.752406,8.458464,8.607265,16737974
2018-12-10,8.525545,8.615801,8.458463,8.501151,11370305
2018-12-11,8.535304,8.671908,8.487736,8.577992,10085145
2018-12-12,8.598726,8.73289,8.597505,8.681664,12258058
2018-12-13,8.673126,8.707277,8.569453,8.697519,11732625
2018-12-14,8.638977,8.687764,8.601167,8.627999,10601154
2018-12-17,8.62068,8.637755,8.46822,8.513349,11929241
2018-12-18,8.459685,8.526768,8.424314,8.424314,14899015
2018-12-19,8.409675,8.534082,8.409675,8.507249,11799570
2018-12-20,8.440169,8.462123,8.32064,8.431631,22048543
2018-12-21,8.359669,8.399919,8.299905,8.399919,22109964
2018-12-27,8.43651,8.468221,8.184037,8.245021,12908623
2018-12-28,8.3243,8.419435,8.308444,8.384065,10187383
2019-01-02,8.342595,8.480419,8.216968,8.403579,13378630
2019-01-03,8.332837,8.537743,8.3243,8.440169,11558441
2019-01-04,8.532862,8.763381,8.527983,8.745086,16275128
2019-01-07,8.793875,8.806072,8.62434,8.668248,9920393
2019-01-08,8.664591,8.759726,8.614584,8.614584,10760114
2019-01-09,8.73655,8.742649,8.665809,8.693861,12242740
2019-01-10,8.675564,8.702397,8.608482,8.685321,8491522
2019-01-11,8.745088,8.763383,8.593848,8.641416,10111198
2019-01-14,8.601166,8.652393,8.484077,8.610924,10378763
2019-01-15,8.688982,8.729232,8.609703,8.690202,10268873
2019-01-16,8.714595,8.743867,8.646293,8.708496,8947440
2019-01-17,8.667028,8.731671,8.647514,8.670688,8570072
2019-01-18,8.762164,8.952434,8.723135,8.908525,16478518
2019-01-21,8.929258,8.929258,8.835343,8.870713,5907021
2019-01-22,8.815829,8.863397,8.782898,8.828026,7528674
2019-01-23,8.825585,8.873152,8.73045,8.73045,8707656
2019-01-24,8.737771,8.791437,8.671909,8.791437,10195447
2019-01-25,8.796312,8.896326,8.791434,8.886568,9529847
2019-01-28,8.899987,8.918282,8.779239,8.801193,9477124
2019-01-29,8.806072,8.901207,8.767043,8.856079,10229634
2019-01-30,8.849978,8.943893,8.824364,8.930476,9026310
2019-01-31,8.981704,9.076839,8.964628,9.029271,13522637
2019-02-01,9.025612,9.035369,8.915841,9.008536,9993758
2019-02-04,9.019515,9.068302,8.948773,9.017076,8053019
2019-02-05,9.052446,9.142702,9.043908,9.110991,11374079
2019-02-06,9.086598,9.090257,9.014637,9.062204,9549835
2019-02-07,9.037809,9.052445,8.863396,8.863396,13165063
2019-02-08,8.842661,8.923159,8.80485,8.852418,9227459
2019-02-11,8.870714,8.990243,8.858518,8.934137,10121047
2019-02-12,9.013416,9.051227,8.965849,8.99878,9369882
2019-02-13,9.054885,9.103673,9.015856,9.059764,8909722
2019-02-14,9.086595,9.113428,8.982922,9.013414,9702687
2019-02-15,9.058545,9.261012,9.008539,9.220762,19614193
2019-02-18,9.269548,9.292722,9.196367,9.254911,9208628
2019-02-19,9.237838,9.295162,9.184172,9.26833,8998259
2019-02-20,9.29882,9.324433,9.231737,9.301259,9050852
2019-02-21,9.2976,9.340288,9.270766,9.312236,9073666
2019-02-22,9.292722,9.352487,9.269549,9.323215,7137268
2019-02-25,9.335411,9.390297,9.240277,9.276867,9272671
2019-02-26,9.242716,9.290283,9.219542,9.275647,7888639
2019-02-27,9.280526,9.309798,9.248815,9.282966,8151987
2019-02-28,9.258572,9.261011,9.195149,9.248815,10892556
2019-03-01,9.306139,9.306139,9.170754,9.170754,9999826
2019-03-04,9.218321,9.256131,9.134163,9.214662,7931267
2019-03-05,9.221982,9.291504,9.220763,9.259792,8394097
2019-03-06,9.269548,9.337851,9.246375,9.318336,8347355
2019-03-07,9.306139,9.402494,9.278086,9.318336,9711932
2019-03-08,9.269548,9.315896,9.101233,9.128066,14597183
2019-03-11,9.169536,9.2293,9.11709,9.221982,8309195
2019-03-12,9.269549,9.270769,9.157339,9.247595,9751342
2019-03-13,9.261012,9.498849,9.251254,9.479334,18098642
2019-03-14,9.480551,9.609837,9.475673,9.475673,14663814
2019-03-15,9.53666,9.65253,9.475676,9.506168,23395402
2019-03-18,9.56593,9.60496,9.525681,9.601301,10036776
2019-03-19,9.612281,9.702537,9.611061,9.69034,10624812
2019-03-20,9.64765,9.665945,9.592764,9.620817,9422819
2019-03-21,9.641552,9.711073,9.631794,9.653749,7382454
2019-03-22,9.685458,9.686678,9.539097,9.574468,10358637
2019-03-25,9.539098,9.601301,9.473235,9.52812,9217562
2019-03-26,9.574466,9.574466,9.501286,9.52324,8503852
2019-03-27,9.523239,9.569587,9.424445,9.507383,9510712
2019-03-28,9.476892,9.52568,9.384197,9.440302,7471479
2019-03-29,9.489091,9.607399,9.482992,9.607399,11270823
2019-04-01,9.629355,9.665946,9.581788,9.653749,8542746
2019-04-02,9.641549,9.687896,9.619594,9.629352,6571191
2019-04-03,9.696436,9.745223,9.659846,9.698875,10282126
2019-04-04,9.654967,9.672042,9.56715,9.608619,10187698
2019-04-05,9.618376,9.664723,9.580566,9.664723,7926578
2019-04-08,9.642772,9.674484,9.578129,9.643991,9093468
2019-04-09,9.658625,9.79279,9.618376,9.689116,13364444
2019-04-10,9.691555,9.754978,9.684237,9.720827,7824218
2019-04-11,9.746443,9.753761,9.665944,9.711072,8515203
2019-04-12,9.702532,9.733024,9.639109,9.645207,9223552
2019-04-15,9.642771,9.656187,9.497629,9.556173,11629922
2019-04-16,9.513484,9.534218,9.364683,9.407372,14589435
2019-04-17,9.422008,9.474455,9.38054,9.409812,9082319
2019-04-18,9.428108,9.453721,9.370783,9.411033,13852439
2019-04-23,9.543976,9.672042,9.519582,9.634233,14422092
2019-04-24,9.583004,9.628132,9.459816,9.48299,12899298
2019-04-25,9.482992,9.482992,9.372001,9.456159,8733831
2019-04-26,9.440303,9.456159,9.320775,9.356146,13943878
2019-04-29,9.326873,9.334192,9.19027,9.207345,14205497
2019-04-30,9.207343,9.29394,9.185389,9.280524,12623815
2019-05-02,9.281746,9.328093,9.168316,9.168316,12562761
2019-05-03,9.175634,9.256134,9.158559,9.201248,7852523
2019-05-06,9.086595,9.097573,8.962189,9.06952,12396804
2019-05-07,9.029272,9.062203,8.836563,8.836563,16292034
2019-05-08,8.873154,8.930479,8.819488,8.830465,10799516
2019-05-09,8.841441,8.841441,8.714595,8.73533,13326940
2019-05-10,8.812171,8.824368,8.671908,8.699961,10120338
2019-05-13,8.735329,8.831683,8.659708,8.795093,17074073
2019-05-14,8.801192,8.906084,8.782897,8.906084,11003904
2019-05-15,8.909744,8.914623,8.749966,8.853639,13215825
2019-05-16,8.823146,8.99512,8.813388,8.99512,11170989
2019-05-17,8.979265,9.052445,8.951212,9.050006,17148949
2019-05-20,9.124012,9.208052,8.993562,9.041226,11720009
2019-05-21,9.052514,9.151606,9.041225,9.118994,8587606
2019-05-22,9.087638,9.105199,8.999835,9.042482,8284308
2019-05-23,8.974746,8.991052,8.730151,8.730151,16411648
2019-05-24,8.810428,8.89196,8.76778,8.814191,12812417
2019-05-27,8.812937,8.888197,8.774052,8.824225,5298327
2019-05-28,8.826736,8.871892,8.738933,8.796632,12601796
2019-05-29,8.71761,8.733916,8.599703,8.613501,13618956
2019-05-30,8.679978,8.725133,8.555799,8.587157,9678399
2019-05-31,8.529457,8.544509,8.441654,8.516913,12983526
2019-06-03,8.414061,8.727644,8.3965,8.667436,14384824
2019-06-04,8.656146,8.791614,8.605973,8.791614,14002381
2019-06-05,8.760256,8.764019,8.653638,8.697539,11744277
2019-06-06,8.705066,8.829245,8.686252,8.717609,13076636
2019-06-07,8.76151,8.83677,8.74395,8.755239,10731174
2019-06-10,8.782834,8.812939,8.733915,8.780326,5380948
2019-06-11,8.756492,8.864364,8.755238,8.809174,9338307
2019-06-12,8.718864,8.770291,8.647367,8.667436,11083168
2019-06-13,8.690014,8.759002,8.656147,8.720119,9031046
2019-06-14,8.731406,8.757747,8.693776,8.745204,7309317
2019-06-17,8.804157,8.804157,8.679979,8.698793,8247113
2019-06-18,8.698794,8.917048,8.654892,8.878163,17269705
2019-06-19,8.895723,8.93837,8.850568,8.919556,10453605
2019-06-20,9.009868,9.097671,8.984781,9.00485,19753451
2019-06-21,9.0337,9.175439,9.024919,9.160387,23384276
2019-06-24,9.184218,9.22812,9.107704,9.107704,8760930
2019-06-25,9.08889,9.150353,9.0337,9.056277,8175893
2019-06-26,9.06882,9.162895,9.067566,9.098925,9356503
2019-06-27,9.112723,9.137809,9.039971,9.072584,6957707
2019-06-28,9.060041,9.167913,9.032445,9.160387,10889381
2019-07-01,9.275786,9.275786,9.162896,9.181711,8470879
2019-07-02,9.172932,9.209307,9.092654,9.092654,8138769
2019-07-03,9.082621,9.172933,9.050008,9.136557,9989919
2019-07-04,9.136556,9.234394,9.126522,9.185475,7181865
2019-07-05,9.171679,9.191749,9.08513,9.125269,9549543
2019-07-08,9.101433,9.211814,9.100179,9.190491,9225430
2019-07-09,9.16039,9.203037,9.120251,9.125269,6739885
2019-07-10,9.141573,9.273278,9.134047,9.223104,10229707
2019-07-11,9.28206,9.369863,9.27077,9.28206,10778682
2019-07-12,9.307143,9.328466,9.26575,9.298363,6477181
2019-07-15,9.312162,9.335994,9.210561,9.226868,8898932
2019-07-16,9.18422,9.225613,9.150353,9.198018,9047233
2019-07-17,9.150352,9.155369,9.01363,9.03997,12894959
2019-07-18,9.001088,9.068822,8.939625,8.968475,12822178
2019-07-19,9.028681,9.029935,8.879415,8.9183,10497101
2019-07-22,8.963457,9.018648,8.952168,8.978509,7685849
2019-07-23,8.99858,9.086383,8.997326,9.024921,10211045
2019-07-24,9.018647,9.083872,8.98478,9.03997,8188829
2019-07-25,9.034955,9.142828,8.959695,8.999834,11753240
2019-07-26,8.955931,8.992307,8.880671,8.992307,14041465
2019-07-29,8.930846,9.013632,8.912031,8.935863,7234186
2019-07-30,8.953424,8.98102,8.806667,8.83928,12635381
2019-07-31,8.88318,8.927082,8.866873,8.908267,11565865
2019-08-01,8.843041,8.950914,8.790359,8.840532,11055406
2019-08-02,8.748966,8.751475,8.555799,8.579632,25468984
2019-08-05,8.542004,8.553293,8.407791,8.454201,17119130
2019-08-06,8.478031,8.529459,8.386464,8.393991,16811164
2019-08-07,8.40528,8.451689,8.247233,8.274829,15972729
2019-08-08,8.402768,8.425346,8.313711,8.425346,12686438
2019-08-09,8.34131,8.361379,8.264795,8.273576,13050354
2019-08-12,8.278592,8.343817,8.256014,8.259777,10504636
2019-08-13,8.266051,8.475524,8.215878,8.416571,12345957
2019-08-14,8.410297,8.416568,8.171973,8.21713,19270139
2019-08-16,8.135599,8.254761,8.105495,8.178246,14655335
2019-08-19,8.256013,8.338799,8.222146,8.325002,9017847
2019-08-20,8.328765,8.348834,8.230927,8.24347,8755640
2019-08-21,8.266048,8.434128,8.261031,8.372666,11222002
2019-08-22,8.348835,8.439147,8.327511,8.348835,9836820
2019-08-23,8.361379,8.385212,8.217131,8.242218,10620407
2019-08-26,8.215874,8.346324,8.204585,8.28988,7800336
2019-08-27,8.291135,8.429111,8.291135,8.342563,12244276
2019-08-28,8.383955,8.430366,8.321238,8.404024,16704849
2019-08-29,8.427857,8.572105,8.391481,8.540747,15313145
2019-08-30,8.540747,8.632314,8.529459,8.579632,12552318
2019-09-02,8.600956,8.672453,8.59343,8.599702,7574716
2019-09-03,8.599702,8.628552,8.484304,8.530714,9910117
2019-09-04,8.592175,8.603465,8.544511,8.57336,10647132
2019-09-05,8.604719,8.697539,8.587158,8.697539,12893477
2019-09-06,8.681235,8.688761,8.608483,8.636079,10987817
2019-09-09,8.690015,8.74646,8.686252,8.731408,10488704
2019-09-10,8.742694,8.880671,8.738931,8.844296,16232404
2019-09-11,8.861858,8.895725,8.782834,8.826736,12258267
2019-09-12,8.80165,8.831754,8.692523,8.717609,16483243
2019-09-13,8.717609,8.874401,8.717609,8.807921,11699692
2019-09-16,9.062548,9.085126,8.977254,8.977254,27573328
2019-09-17,9.001084,9.050003,8.81168,8.875651,18790728
2019-09-18,8.844297,9.016141,8.830499,8.983528,12993851
2019-09-19,8.974746,9.062549,8.922063,9.03997,17856583
2019-09-20,9.044988,9.155369,9.017392,9.126519,29035322
2019-09-23,9.228628,9.23509,9.100668,9.138151,14083590
2019-09-24,9.166589,9.173052,9.015363,9.045092,13771841
2019-09-25,8.970125,9.001146,8.866723,8.958492,14563021
2019-09-26,8.952029,9.058015,8.948151,9.005022,11197561
2019-09-27,9.041213,9.100669,9.028288,9.082574,11189275
2019-09-30,9.105842,9.108427,9.021828,9.069652,10576812
2019-10-01,9.090329,9.166588,9.028288,9.03475,9859248
2019-10-02,9.014073,9.026998,8.75686,8.760737,20803042
2019-10-03,8.759443,8.772368,8.583659,8.665089,15696959
2019-10-04,8.703865,8.795634,8.668966,8.75298,10732439
2019-10-07,8.727129,8.864136,8.70257,8.822776,10747403
2019-10-08,8.825362,8.842165,8.709035,8.746518,9726145
2019-10-09,8.736179,8.836996,8.710329,8.789173,7735419
2019-10-10,8.76332,8.879647,8.740055,8.842164,10498964
2019-10-11,8.905498,8.98305,8.882233,8.941689,14058009
2019-10-14,8.949443,8.957199,8.817606,8.882233,8699099
2019-10-15,8.899038,8.985637,8.883527,8.942984,11076581
2019-10-16,8.92618,8.963663,8.886112,8.928765,11054467
2019-10-17,8.877062,8.983049,8.866722,8.882233,15637903
2019-10-18,8.957199,8.957199,8.877062,8.905498,10153075
2019-10-21,8.911963,8.989514,8.888697,8.942984,7495116
2019-10-22,8.963662,9.047676,8.948151,9.017948,10012690
2019-10-23,8.986928,9.10067,8.986928,9.094207,12201902
2019-10-24,9.112302,9.180806,9.112302,9.13686,11357571
2019-10-25,9.112302,9.139445,9.016655,9.073526,9862188
2019-10-28,9.05414,9.087745,8.999853,9.007608,8392970
2019-10-29,9.01407,9.026996,8.899036,8.936519,12352808
2019-10-30,8.923593,8.936519,8.800804,8.852505,11920890
2019-10-31,8.851214,8.858969,8.740057,8.769785,14818622
2019-11-01,8.808556,8.868012,8.754269,8.85638,8068859
2019-11-04,8.908083,9.073526,8.889987,9.030872,18872627
2019-11-05,9.047677,9.232509,9.0438,9.175637,21037604
2019-11-06,9.164005,9.216999,9.118766,9.153665,10919705
2019-11-07,9.189856,9.202781,9.126522,9.16142,8897821
2019-11-08,9.165298,9.175638,9.073528,9.170467,9931038
2019-11-11,9.144616,9.17176,9.07482,9.135569,8463313
2019-11-12,9.164004,9.259651,9.145909,9.211827,12619032
2019-11-13,9.182099,9.210535,9.104548,9.165297,10304699
2019-11-14,9.147202,9.191147,9.121351,9.135569,8418678
2019-11-15,9.154957,9.204072,9.131691,9.189855,9150681
2019-11-18,9.196316,9.210534,9.081282,9.118765,9021552
2019-11-19,9.107133,9.173052,9.023118,9.028289,11204735
2019-11-20,8.985635,9.060602,8.909376,9.055431,14040968
2019-11-21,9.020535,9.122644,8.957201,9.074821,9795002
2019-11-22,9.125228,9.219582,9.042506,9.045092,12994511
2019-11-25,9.100669,9.12135,9.043798,9.078696,5419947
2019-11-26,9.067064,9.087745,9.002438,9.003731,11565429
2019-11-27,9.008899,9.047675,8.942981,8.976586,8556042
2019-11-28,8.93135,8.966248,8.893867,8.918425,7613389
2019-11-29,8.918425,8.949445,8.862846,8.862846,10674421
2019-12-02,8.886112,8.946861,8.718084,8.771077,16931952
2019-12-03,8.784001,8.811144,8.653456,8.711619,15572610
2019-12-04,8.723251,8.849919,8.718081,8.822776,11085819
2019-12-05,8.831825,8.909376,8.803389,8.817607,7686529
2019-12-06,8.821484,8.949444,8.786586,8.899036,10046329
2019-12-09,8.927471,8.927471,8.782708,8.805974,9535348
2019-12-10,8.789172,8.83441,8.707743,8.831825,10093025
2019-12-11,8.803389,8.856383,8.773661,8.784001,7935597
2019-12-12,8.812436,8.861552,8.729715,8.821484,11231992
2019-12-13,8.914546,8.944275,8.776246,8.791757,12064021
2019-12-16,8.818901,8.882235,8.78271,8.804683,10273496
2019-12-17,8.802097,8.94169,8.802097,8.85509,13927414
2019-12-18,8.848629,8.955908,8.843458,8.930058,12795853
2019-12-19,8.918425,8.954615,8.900329,8.948153,14523095
2019-12-20,9.03475,9.03475,8.953321,9.030872,22186254
2019-12-23,8.997266,9.069648,8.995974,9.058015,6756655
2019-12-27,9.076111,9.104547,9.011486,9.047676,7294637
2019-12-30,9.047677,9.050262,8.948153,8.948153,7748715
2020-01-02,8.967538,9.082573,8.96366,9.052845,9175964
2020-01-03,9.047677,9.164004,9.041214,9.11618,14319031
2020-01-06,9.176929,9.317815,9.151079,9.251896,15677459
2020-01-07,9.251895,9.273869,9.198902,9.25448,12574227
2020-01-08,9.277748,9.299721,9.180809,9.180809,12108752
2020-01-09,9.176927,9.206655,9.10196,9.138151,11137381
2020-01-10,9.173051,9.173051,9.092914,9.112303,8297010
2020-01-13,9.112302,9.127812,9.023118,9.073526,7512751
2020-01-14,9.041212,9.072233,8.945566,8.966246,12823364
2020-01-15,8.98305,8.98305,8.8706,8.917131,11063165
2020-01-16,8.917132,9.001146,8.909377,8.975295,8419328
2020-01-17,9.002439,9.021826,8.959785,8.993391,7832353
2020-01-20,8.976589,9.034752,8.954616,8.971418,5434218
2020-01-21,8.927473,8.93135,8.802098,8.862846,13296282
2020-01-22,8.88611,8.891281,8.725837,8.762028,13887915
2020-01-23,8.724544,8.776245,8.627605,8.697401,14382747
2020-01-24,8.70128,8.800805,8.697403,8.705158,11426886
2020-01-27,8.627606,8.668966,8.478965,8.528081,20127256
2020-01-28,8.56298,8.685769,8.472503,8.658627,14408505
2020-01-29,8.679307,8.684477,8.572027,8.587538,13966157
2020-01-30,8.489305,8.517741,8.330325,8.35359,30479038
2020-01-31,8.401416,8.411756,8.162299,8.180394,24878394
2020-02-03,8.19978,8.207535,8.093793,8.149371,14763425
2020-02-04,8.201074,8.336789,8.179101,8.264408,18558091
2020-02-05,8.265698,8.46604,8.21529,8.419509,19666337
2020-02-06,8.493185,8.515157,8.365225,8.382028,15527378
2020-02-07,8.382028,8.398831,8.299306,8.340667,12925694
2020-02-10,8.317398,8.331616,8.255357,8.259234,14294704
2020-02-11,8.304475,8.407876,8.263114,8.35359,13082879
2020-02-12,8.394951,8.478966,8.376856,8.466041,15363708
2020-02-13,8.446652,8.499646,8.296719,8.393659,14426001
2020-02-14,8.407879,8.438899,8.33162,8.33162,10809404
2020-02-17,8.357468,8.433727,8.349713,8.419509,9752930
2020-02-18,8.340664,8.407876,8.307059,8.343249,14076828
2020-02-19,8.394953,8.404001,8.314817,8.361347,13747870
2020-02-20,8.383318,8.397536,8.310937,8.336787,12321792
2020-02-21,8.295428,8.321278,8.18427,8.248897,20198517
2020-02-24,8.002024,8.013656,7.756444,7.863724,39039271
2020-02-25,7.928349,7.928349,7.73964,7.73964,23808143
2020-02-26,7.708619,7.826238,7.659503,7.796511,25088127
2020-02-27,7.686647,7.71379,7.45787,7.598756,31366113
2020-02-28,7.406169,7.434605,7.142494,7.210998,48764328
2020-03-02,7.348006,7.363517,7.046848,7.185148,34406229
2020-03-03,7.34025,7.375149,7.130862,7.18644,28827682
2020-03-04,7.185147,7.328618,7.112766,7.20712,22591200
2020-03-05,7.218753,7.218753,7.071405,7.088208,20318242
2020-03-06,6.97705,6.979636,6.585415,6.613851,36615660
2020-03-09,5.36398,5.686465,5.183027,5.234728,96242856
2020-03-10,5.363979,5.838336,5.170747,5.276734,64975229
2020-03-11,5.396293,5.510035,5.177856,5.202415,46107925
2020-03-12,5.027276,5.089964,4.260163,4.260163,72268624
2020-03-13,4.470845,4.976222,4.327374,4.466321,64165438
2020-03-16,4.357748,4.379721,4.045604,4.195537,55907331
2020-03-17,4.363565,4.601389,4.137373,4.437239,48831140
2020-03-18,4.360981,4.574247,4.310572,4.326082,38847559
2020-03-19,4.362272,4.517375,4.329959,4.501218,46721183
2020-03-20,4.588465,4.717718,4.474723,4.713194,57808116
2020-03-23,4.518669,4.756493,4.476662,4.709316,37050710
2020-03-24,4.911596,5.41245,4.872174,5.41245,47133635
2020-03-25,5.493232,5.809255,5.339421,5.637348,50061032
2020-03-26,5.503572,5.64575,5.435068,5.629594,27183619
2020-03-27,5.559152,5.605682,5.247653,5.31034,27648236
2020-03-30,5.316802,5.553334,5.105474,5.553334,24877317
2020-03-31,5.654798,5.958542,5.623777,5.958542,41193788
2020-04-01,5.816363,6.138202,5.80473,5.945615,37482069
2020-04-02,6.139496,6.532423,6.139496,6.357933,45989573
2020-04-03,6.333374,6.355993,5.992148,6.026399,25712232
2020-04-06,6.204122,6.255823,5.947555,6.019937,22904862
2020-04-07,6.204121,6.266162,5.996671,6.092964,22303958
2020-04-08,5.943678,6.057421,5.932692,6.007012,15443199
2020-04-09,6.10395,6.138848,5.981161,6.015412,22767364
2020-04-14,6.184733,6.191196,5.824119,5.924289,20078922
2020-04-15,5.862893,5.880989,5.536531,5.546225,27660059
2020-04-16,5.618607,5.672247,5.404048,5.463504,19343250
2020-04-17,5.539117,5.634763,5.499695,5.549457,18845039
2020-04-20,5.530069,5.541702,5.302584,5.450579,18902300
2020-04-21,5.310339,5.321326,5.111937,5.14425,32421407
2020-04-22,5.166869,5.42085,5.105475,5.395,22692728
2020-04-23,5.466735,5.60245,5.431191,5.475136,19700760
2020-04-24,5.331666,5.537824,5.294183,5.331666,18194010
2020-04-27,5.418913,5.439593,5.315511,5.431192,14169520
2020-04-28,5.396939,5.654798,5.373674,5.612145,20026941
2020-04-29,5.66126,5.806023,5.634763,5.788574,20941173
2020-04-30,5.818302,5.896499,5.579831,5.631532,24875896
2020-05-04,5.462211,5.506157,5.306462,5.306462,21694943
2020-05-05,5.493232,5.661261,5.445409,5.614084,18886649
2020-05-06,5.603095,5.623129,5.42408,5.443469,13901402
2020-05-07,5.464151,5.582417,5.443471,5.529423,12673839
2020-05-08,5.570784,5.608267,5.509389,5.577892,7473733
2020-05-11,5.628947,5.636056,5.515851,5.577892,10281465
2020-05-12,5.552688,5.70973,5.552688,5.631532,11944391
2020-05-13,5.603097,5.624423,5.482892,5.509388,15500343
2020-05-14,5.461566,5.563029,5.371089,5.50228,21118641
2020-05-15,5.600512,5.626362,5.463504,5.506157,17786611
2020-05-18,5.688561,5.939708,5.678353,5.892065,21938046
2020-05-19,5.948555,5.958084,5.651808,5.706257,20711134
2020-05-20,5.710341,5.736884,5.570134,5.736884,19442931
2020-05-21,5.710341,5.727356,5.567412,5.595998,13721639
2020-05-22,5.540189,5.669505,5.453751,5.56333,17312764
2020-05-25,5.640919,5.640919,5.538826,5.621861,8367806
2020-05-26,5.683117,5.715786,5.579663,5.63139,17229941
2020-05-27,5.631389,5.848505,5.616416,5.751177,26603211
2020-05-28,5.80903,5.813114,5.673588,5.779763,17043810
2020-05-29,5.723954,5.738247,5.528618,5.528618,33784448
2020-06-01,5.616416,5.702854,5.574218,5.67631,15493892
2020-06-02,5.711702,6.005046,5.701493,5.969654,29863382
2020-06-03,6.07447,6.175881,6.009811,6.124835,27173465
2020-06-04,6.098972,6.179964,6.020021,6.101013,19962248
2020-06-05,6.179964,6.494407,6.169754,6.469904,39009905
2020-06-08,6.533882,6.691783,6.484197,6.57744,26360730
2020-06-09,6.600582,6.638016,6.302474,6.381425,25962010
2020-06-10,6.390954,6.459015,6.215356,6.282055,19576489
2020-06-11,6.125515,6.127557,5.840339,5.840339,31060705
2020-06-12,5.785208,6.012533,5.694006,5.844421,23937648
2020-06-15,5.659294,5.875048,5.615735,5.839656,18320512
2020-06-16,5.989393,6.218759,5.935624,6.081275,25271147
2020-06-17,6.094206,6.17656,6.022741,6.05473,15018330
2020-06-18,6.023423,6.077872,5.93154,6.013213,20103144
2020-06-19,6.058815,6.181325,6.039758,6.039758,31511363
2020-06-22,6.013894,6.037715,5.934262,5.991434,11676680
2020-06-23,6.015935,6.073787,5.895466,6.05473,16418683
2020-06-24,6.026145,6.082636,5.766151,5.766151,17258285
2020-06-25,5.723953,5.815836,5.655892,5.772277,18316876
2020-06-26,5.818558,5.930859,5.715105,5.715105,13724772
2020-06-29,5.704214,5.879131,5.662697,5.870284,13977920
2020-06-30,5.866882,5.888662,5.739607,5.778402,12515106
2020-07-01,5.813793,5.839657,5.669504,5.768193,14739055
2020-07-02,5.811072,5.982586,5.800182,5.934943,17528807
2020-07-03,5.936305,5.948556,5.840339,5.903636,7685494
2020-07-06,5.991435,6.085359,5.949917,5.960807,13541848
2020-07-07,5.903635,6.019339,5.87573,6.003004,14713642
2020-07-08,5.948556,6.003005,5.896829,5.91997,12252249
2020-07-09,5.94311,5.968293,5.740287,5.740287,14287431
2020-07-10,5.683117,5.810391,5.662698,5.779763,13021009
2020-07-13,5.85327,5.917247,5.804266,5.894106,11475010
2020-07-14,5.866882,5.988712,5.846464,5.977822,13865345
2020-07-15,6.017979,6.075831,5.978504,6.013896,16298192
2020-07-16,5.983946,6.079232,5.966931,6.05405,11518053
2020-07-17,6.05405,6.066301,5.958764,5.998239,11657323
2020-07-20,5.962167,6.039757,5.900912,5.97646,13831273
2020-07-21,6.023422,6.083997,5.974418,6.07719,18726960
2020-07-22,6.025464,6.078552,5.863479,5.926095,20136558
2020-07-23,5.941749,5.954681,5.821281,5.85395,15126826
2020-07-24,5.81924,5.863479,5.764791,5.798821,12186484
2020-07-27,5.781805,5.823323,5.759345,5.760026,9553656
2020-07-28,5.772277,5.811072,5.69809,5.769555,10457237
2020-07-29,5.769554,5.77704,5.71034,5.723952,8853934
2020-07-30,5.710341,5.716467,5.282236,5.321031,42886075
2020-07-31,5.323072,5.400662,5.090303,5.132501,28473737
2020-08-03,5.146112,5.172656,4.997739,5.127736,21236933
2020-08-04,5.157684,5.348936,5.152239,5.348936,20414292
2020-08-05,5.404065,5.544952,5.380924,5.51024,20768740
2020-08-06,5.465321,5.493226,5.353701,5.405427,14101535
2020-08-07,5.367312,5.396578,5.262498,5.312863,10480738
2020-08-10,5.339408,5.450348,5.323754,5.435374,10540027
2020-08-11,5.470766,5.655893,5.470766,5.610973,15026407
2020-08-12,5.610971,5.734162,5.610971,5.69877,14389577
2020-08-13,5.662699,5.715787,5.60825,5.611653,10300206
2020-08-14,5.587831,5.593276,5.491865,5.566732,11613990
2020-08-17,5.593956,5.616416,5.512963,5.512963,7615122
2020-08-18,5.485739,5.58715,5.418358,5.481655,10701205
2020-08-19,5.472127,5.532021,5.426526,5.532021,8788589
2020-08-20,5.458515,5.47485,5.39726,5.400663,10852004
2020-08-21,5.414954,5.424483,5.289041,5.358464,10707357
2020-08-24,5.382966,5.579663,5.376841,5.574899,13643660
2020-08-25,5.594637,5.630029,5.482336,5.49799,12744603
2020-08-26,5.482336,5.536104,5.451708,5.512963,8103211
2020-08-27,5.553801,5.556523,5.41972,5.435374,10386764
2020-08-28,5.458516,5.469405,5.376161,5.41904,8391516
2020-08-31,5.460557,5.49799,5.30878,5.30878,13465279
2020-09-01,5.343491,5.384327,5.206688,5.292445,13313757
2020-09-02,5.312183,5.351658,5.213494,5.224384,13449855
2020-09-03,5.225065,5.347576,5.224385,5.237997,14377952
2020-09-04,5.216216,5.292445,5.174699,5.203285,12910370
2020-09-07,5.216896,5.293125,5.173337,5.290402,10739658
2020-09-08,5.270665,5.299931,5.070565,5.117527,16362205
2020-09-09,5.108678,5.247523,5.108678,5.191712,14226757
2020-09-10,5.178783,5.236634,5.114805,5.190353,10680425
2020-09-11,5.146114,5.205327,5.117528,5.171977,9787284
2020-09-14,5.172657,5.201243,5.064439,5.088261,13254228
2020-09-15,5.09779,5.180825,5.046063,5.180825,12708706
2020-09-16,5.184227,5.240718,5.125694,5.207368,14588690
2020-09-17,5.157684,5.201924,5.129779,5.168573,14070802
2020-09-18,5.165851,5.182185,5.028367,5.028367,27719311
2020-09-21,5.022833,5.049815,4.808359,4.808359,30166706
2020-09-22,4.858864,4.976478,4.808359,4.881695,14091621
2020-09-23,4.899683,4.946037,4.793138,4.793138,13089388
2020-09-24,4.723954,4.802133,4.519166,4.712884,18239059
2020-09-25,4.75993,4.784836,4.613258,4.627787,14699907
2020-09-28,4.676907,4.753011,4.657535,4.746092,14657338
2020-09-29,4.742633,4.746092,4.609106,4.611181,12628336
2020-09-30,4.58489,4.688668,4.555141,4.627093,14303217
2020-10-01,4.656151,4.681058,4.469352,4.470736,19082752
2020-10-02,4.422306,4.494951,4.370418,4.494951,19653617
2020-10-05,4.566211,4.628478,4.511555,4.628478,17286695
2020-10-06,4.649234,4.836033,4.611874,4.786221,20397915
2020-10-07,4.734331,4.759929,4.623635,4.656152,20913523
2020-10-08,4.710116,4.786911,4.66307,4.763389,14497847
2020-10-09,4.787603,4.833266,4.735715,4.747476,15079971
2020-10-12,4.746091,4.750243,4.682441,4.717725,11966129
2020-10-13,4.7115,4.730872,4.607722,4.62571,12142004
2020-10-14,4.614641,4.658227,4.570362,4.634012,11888434
2020-10-15,4.580048,4.598728,4.416772,4.440295,22526523
2020-10-16,4.495643,4.550991,4.409854,4.540614,18650003
2020-10-19,4.536461,4.58835,4.493566,4.556525,10722287
2020-10-20,4.504637,4.577973,4.469352,4.539921,13550154
2020-10-21,4.575206,4.575206,4.386331,4.386331,18433101
2020-10-22,4.359348,4.388406,4.283936,4.387022,21558266
2020-10-23,4.404318,4.517782,4.3974,4.458282,16677880
2020-10-26,4.34482,4.426458,4.305384,4.320605,16319523
2020-10-27,4.351046,4.351738,4.220286,4.220286,23055214
2020-10-28,4.151101,4.164938,4.019649,4.071538,31886958
2020-10-29,4.122735,4.178775,3.961534,4.094369,34675762
2020-10-30,4.066004,4.160096,4.050783,4.158712,25252640
2020-11-02,4.151101,4.401551,4.108899,4.401551,25468165
2020-11-03,4.459666,4.5247,4.438219,4.506712,26512308
2020-11-04,4.400167,4.579356,4.378719,4.564135,24492534
2020-11-05,4.580049,4.603572,4.516399,4.563445,19042058
2020-11-06,4.531618,4.597344,4.475578,4.526083,17350583
2020-11-09,4.600112,5.147365,4.559293,5.10447,53343204
2020-11-10,5.130761,5.353537,5.053965,5.312026,40464119
2020-11-11,5.394356,5.45178,5.231771,5.252527,26707361
2020-11-12,5.18265,5.308566,5.156359,5.270514,21507757
2020-11-13,5.194411,5.325862,5.178498,5.299572,18291814
2020-11-16,5.382594,5.600527,5.352845,5.512662,34895730
2020-11-17,5.507128,5.621976,5.396432,5.594302,22589400
2020-11-18,5.581848,5.679398,5.531343,5.669021,22021249
2020-11-19,5.588074,5.62405,5.516813,5.588074,21499250
2020-11-20,5.590841,5.668328,5.583923,5.621283,18401390
2020-11-23,5.689083,5.794245,5.689083,5.763112,22238040
2020-11-24,5.857204,6.046079,5.847518,5.963749,34187641
2020-11-25,6.060607,6.107653,5.926388,5.999724,26805930
2020-11-26,6.005261,6.019097,5.892489,5.920855,16108115
2020-11-27,5.881419,5.981737,5.853053,5.937459,16882092
2020-11-30,5.862047,5.933999,5.744433,5.744433,26233361
2020-12-01,5.742356,5.859971,5.680782,5.821919,15491548
2020-12-02,5.797013,5.920854,5.730595,5.880034,17981297
2020-12-03,5.855819,5.879342,5.7811,5.847517,14380498
2020-12-04,5.91532,6.099352,5.902866,6.049539,29683005
2020-12-07,6.053689,6.092432,5.967207,6.06545,17556959
2020-12-08,6.0018,6.114572,6.0018,6.081363,11631716
2020-12-09,6.149164,6.232878,6.095892,6.118032,23622611
2020-12-10,6.139478,6.221116,6.041927,6.182373,17858529
2020-12-11,6.170612,6.1886,6.044696,6.093816,15756906
2020-12-14,6.158158,6.210738,5.981044,6.003875,18310124
2020-12-15,5.962364,6.071676,5.932614,6.055072,12719126
2020-12-16,6.088282,6.14363,5.968591,6.05784,14863619
2020-12-17,6.11042,6.122182,6.010794,6.026707,15501065
2020-12-18,5.997648,6.066833,5.949911,5.964439,20437042
2020-12-21,5.756194,5.81085,5.574929,5.703614,28208396
2020-12-22,5.681474,5.783867,5.659335,5.783867,13150428
2020-12-23,5.804623,5.961673,5.790786,5.938842,12593097
2020-12-28,5.991423,6.017713,5.937459,5.947145,8202365
2020-12-29,5.963748,5.969974,5.899406,5.923621,9593070
2020-12-30,5.945068,5.968591,5.904249,5.913935,9077485
2021-01-04,5.952678,6.057839,5.809465,5.844749,19734004
2021-01-05,5.832297,6.061299,5.817076,6.061299,23420616
2021-01-06,6.115956,6.302755,6.075828,6.259861,31163900
2021-01-07,6.323511,6.325586,6.170612,6.273697,19949919
2021-01-08,6.309673,6.32351,6.19621,6.247406,15549395
2021-01-11,6.196902,6.257785,6.100735,6.211431,13651927
2021-01-12,6.247407,6.337348,6.211431,6.264012,17781380
2021-01-13,6.287536,6.346343,6.248792,6.268164,16505278
2021-01-14,6.226651,6.308981,6.202436,6.23011,17622586
2021-01-15,6.256402,6.275774,5.99765,6.10973,21824347
2021-01-18,6.039161,6.149857,6.012178,6.127026,8639442
2021-01-19,6.125642,6.171304,6.080671,6.106962,9527202
2021-01-20,6.115956,6.163002,6.095201,6.158159,11788460
2021-01-21,6.178222,6.18514,5.996957,5.996957,15359794
2021-01-22,5.93054,5.939534,5.812926,5.909784,19268162
2021-01-25,5.949912,5.963749,5.745816,5.779025,16264214
2021-01-26,5.743741,5.947145,5.690469,5.900099,16653629
2021-01-27,5.848902,5.94576,5.800472,5.913243,15315602
2021-01-28,5.851668,5.9423,5.767263,5.913935,15895158
2021-01-29,5.821227,5.876576,5.778333,5.778333,15944415
2021-02-01,5.817769,5.817769,5.642038,5.673172,20238144
2021-02-02,5.721602,5.785252,5.693927,5.749967,18082114
2021-02-03,5.887645,5.892488,5.762421,5.873116,25670622
2021-02-04,5.88972,5.977585,5.866197,5.929155,20892231
2021-02-05,5.968592,6.036394,5.871041,5.957522,24353360
2021-02-08,6.005259,6.044003,5.931923,6.005951,26597496
2021-02-09,6.081363,6.157467,6.026015,6.070985,23026374
2021-02-10,6.092432,6.128408,6.022555,6.118722,17182170
2021-02-11,6.129792,6.13671,6.020479,6.072369,13527705
2021-02-12,6.053688,6.142937,5.970666,6.142937,13454133
2021-02-15,6.219733,6.340114,6.204512,6.311749,26055946
2021-02-16,6.330429,6.385085,6.277157,6.281308,19045368
2021-02-17,6.27854,6.385085,6.274389,6.339423,23412497
2021-02-18,6.385086,6.444585,6.257094,6.293762,21834325
2021-02-19,6.261936,6.489555,6.150548,6.363638,27905794
2021-02-22,6.396154,6.503391,6.340114,6.47295,30794040
2021-02-23,6.546978,6.613395,6.416218,6.519995,25116819
2021-02-24,6.535908,6.633459,6.493013,6.625848,19733036
2021-02-25,6.663901,6.771137,6.650064,6.69711,25991256
2021-02-26,6.572577,6.630692,6.481253,6.560124,25233091
2021-03-01,6.655598,6.688807,6.578111,6.614779,17170666
2021-03-02,6.52138,6.58088,6.479177,6.567042,18903579
2021-03-03,6.609937,6.683273,6.605786,6.683273,21529591
2021-03-04,6.669436,6.888752,6.618239,6.832713,28778572
2021-03-05,6.863153,7.056871,6.837555,6.961396,34549142
2021-03-08,7.083162,7.11222,6.980768,7.043035,26987693
2021-03-09,7.044417,7.157881,6.962779,7.01536,21253778
2021-03-10,6.989071,7.116372,6.966932,7.07071,15623569
2021-03-11,7.113602,7.167566,7.055487,7.126056,18393771
2021-03-12,7.116371,7.214614,7.092848,7.207695,13868305
2021-03-15,7.243673,7.285183,7.10807,7.14958,14627711
2021-03-16,7.150964,7.168952,7.001524,7.084546,18914277
2021-03-17,7.05272,7.146811,7.029196,7.126056,15995979
2021-03-18,7.19524,7.224299,7.098382,7.152346,23639662
2021-03-19,6.933723,7.105302,6.932339,7.038884,41296907
2021-03-22,7.031965,7.038883,6.937873,7.019512,12120985
2021-03-23,6.96693,6.980767,6.886676,6.904663,23213391
2021-03-24,6.883909,7.105301,6.852776,7.088697,20131423
2021-03-25,7.07071,7.077628,6.901207,6.995991,16047827
2021-03-26,7.056872,7.128824,7.040267,7.079011,17006015
2021-03-29,7.037498,7.163415,7.015359,7.159264,16426043
2021-03-30,7.181406,7.242289,7.167568,7.203545,17034047
2021-03-31,7.278265,7.375124,7.233986,7.260277,20028228
2021-04-01,7.294869,7.344683,7.260277,7.312857,15858721
2021-04-06,7.312858,7.346067,7.20493,7.246441,19947182
2021-04-07,7.263043,7.321158,7.204927,7.233985,12034489
2021-04-08,7.25059,7.256125,7.036116,7.098383,18608692
2021-04-09,7.080396,7.138511,7.031966,7.056873,11528097
2021-04-12,7.072093,7.090081,7.00014,7.030581,11627185
2021-04-13,7.056872,7.114988,7.01121,7.074861,12115293
2021-04-14,7.091464,7.286566,7.045802,7.256124,20597362
2021-04-15,7.257508,7.278264,7.145429,7.170335,16033186
2021-04-16,7.181406,7.211847,7.112221,7.160651,15814810
2021-04-19,7.146812,7.184172,7.105302,7.142662,9757521
2021-04-20,7.167568,7.200777,6.928188,6.969699,19976050
2021-04-21,7.004292,7.091466,6.936491,7.02228,15510928
2021-04-22,7.03058,7.059639,6.978,7.034732,10658105
2021-04-23,7.004293,7.038885,6.95448,6.989072,8785463
2021-04-26,7.012592,7.045801,6.947558,7.020895,7665954
2021-04-27,7.045803,7.049954,6.948943,6.994606,9910359
2021-04-28,7.034733,7.101151,6.983536,7.05964,10963094
2021-04-29,7.109451,7.146811,7.040266,7.058254,14754980
2021-04-30,6.921269,7.036116,6.850009,6.870072,25912124
2021-05-03,6.822335,6.99599,6.655599,6.987688,19883219
2021-05-04,7.001524,7.130208,6.960014,6.987688,20857969
2021-05-05,7.066559,7.152349,7.043036,7.131593,15508449
2021-05-06,7.139896,7.217383,7.070711,7.144047,18788776
2021-05-07,7.191091,7.196626,7.049953,7.139894,11646465
2021-05-10,7.215996,7.239519,7.162032,7.200775,13104212
2021-05-11,7.146812,7.170335,7.047186,7.088697,19898882
2021-05-12,7.091465,7.260276,7.038884,7.23537,22632917
2021-05-13,7.15373,7.159264,6.997372,7.128823,17709060
2021-05-14,7.126057,7.235369,7.094232,7.215998,16722212
2021-05-17,7.220148,7.256124,7.13851,7.23952,12647190
2021-05-18,7.264428,7.350217,7.218766,7.218766,19456030
2021-05-19,7.142662,7.203545,6.960014,7.054105,23222206
2021-05-20,7.051337,7.070709,6.940641,7.043035,14357519
2021-05-21,7.027814,7.128824,7.007059,7.114987,17574246
2021-05-24,7.147573,7.20991,7.063275,7.16174,19922194
2021-05-25,7.194327,7.194327,7.067527,7.073194,13875392
2021-05-26,7.089486,7.137656,7.058316,7.10507,10976163
2021-05-27,7.076734,7.163157,7.071067,7.154656,14832695
2021-05-28,7.188658,7.192909,7.110737,7.150406,9568551
2021-05-31,7.147572,7.158906,7.113569,7.123487,7485292
2021-06-01,7.164574,7.313334,7.15749,7.292082,18378374
2021-06-02,7.31475,7.41534,7.294915,7.345919,13321467
2021-06-03,7.360087,7.423841,7.301999,7.395505,13544248
2021-06-04,7.398341,7.456428,7.344504,7.353004,13688725
2021-06-07,7.367172,7.405425,7.297751,7.405425,13482548
2021-06-08,7.368589,7.44226,7.304835,7.435177,13976631
2021-06-09,7.44651,7.44651,7.340253,7.39834,12971988
2021-06-10,7.381339,7.498931,7.336003,7.447927,15826289
2021-06-11,7.45926,7.508847,7.442258,7.496096,10727146
2021-06-14,7.50885,7.647692,7.50885,7.599522,20680214
2021-06-15,7.63069,7.633523,7.520182,7.603771,13823570
2021-06-16,7.63069,7.67461,7.571186,7.609438,11866253
2021-06-17,7.568351,7.63919,7.528682,7.530099,20237446
2021-06-18,7.498932,7.5301,7.270832,7.306252,31184874
2021-06-21,7.239662,7.433759,7.168824,7.379922,11519148
2021-06-22,7.423841,7.432342,7.320418,7.377088,8536850
2021-06-23,7.409673,7.487595,7.372838,7.382755,14691086
2021-06-24,7.39834,7.484762,7.370005,7.466344,9755148
2021-06-25,7.466344,7.501764,7.445093,7.477678,8157008
2021-06-28,7.460678,7.500348,7.304835,7.326086,13006782
2021-06-29,7.299167,7.371422,7.273665,7.323252,7923219
2021-06-30,7.320419,7.360089,7.222663,7.275084,11809482
2021-07-01,7.275081,7.457843,7.275081,7.409673,13628215
2021-07-02,7.41959,7.440841,7.341668,7.365753,7617134
2021-07-05,7.394088,7.450758,7.321833,7.406839,6872988
2021-07-06,7.430927,7.484764,7.250998,7.275084,15554701
2021-07-07,7.300583,7.378505,7.156073,7.204243,16505770
2021-07-08,7.165989,7.199991,6.984643,7.057607,24876488
2021-07-09,7.062568,7.151824,7.027857,7.14049,12625107
2021-07-12,7.143322,7.185825,7.05265,7.150406,8455597
2021-07-13,7.164574,7.175908,7.059025,7.086651,9359486
2021-07-14,7.076734,7.194326,7.072484,7.10082,9436703
2021-07-15,7.027147,7.04344,6.957726,7.020063,16002442
2021-07-16,6.981103,7.081693,6.89468,6.96481,14896004
2021-07-19,6.857136,6.878387,6.659497,6.697042,25531548
2021-07-20,6.724669,6.793382,6.609911,6.731753,16657712
2021-07-21,6.750172,6.935059,6.701293,6.906724,17552908
2021-07-22,6.908139,6.966934,6.818174,6.831634,13741983
2021-07-23,6.87343,6.920891,6.835885,6.849344,10031178
2021-07-26,6.833759,6.995979,6.793382,6.988895,15009244
2021-07-27,6.958437,6.998106,6.898224,6.947811,11342853
2021-07-28,6.961268,7.044857,6.937183,7.025023,11211306
2021-07-29,7.055484,7.151824,7.041316,7.093737,15200567
2021-07-30,7.16174,7.286416,7.082402,7.10082,19594569
2021-08-02,7.168823,7.181573,7.049815,7.063982,16548939
2021-08-03,7.090902,7.239662,7.076026,7.180158,19202622
2021-08-04,7.199992,7.22691,7.107903,7.168823,10920089
2021-08-05,7.105071,7.245331,7.100821,7.225496,11456540
2021-08-06,7.226912,7.317586,7.18866,7.297751,13104562
2021-08-09,7.282165,7.289249,7.218411,7.284999,11843515
2021-08-10,7.303418,7.34167,7.267998,7.331753,9528788
2021-08-11,7.338836,7.382756,7.330336,7.378506,11903269
2021-08-12,7.38134,7.470596,7.375673,7.422426,12737711
2021-08-13,7.416757,7.474844,7.385587,7.450758,10840315
2021-08-16,7.401175,7.401175,7.282167,7.347338,16245087
2021-08-17,7.297751,7.399758,7.24533,7.350171,13313278
2021-08-18,7.35017,7.355837,7.294916,7.343086,10632416
2021-08-19,7.211329,7.22408,7.116406,7.137658,31091654
2021-08-20,7.147572,7.16599,7.072483,7.127737,14148256
2021-08-23,7.177325,7.24958,7.14899,7.24958,15205357
2021-08-24,7.287833,7.33742,7.259498,7.309084,13473152
2021-08-25,7.299167,7.324669,7.277916,7.317585,8469631
2021-08-26,7.289249,7.344503,7.26233,7.300583,10300966
2021-08-27,7.323253,7.402592,7.309085,7.387008,14166843
2021-08-30,7.401174,7.432342,7.374255,7.38984,8640464
2021-08-31,7.402591,7.418176,7.353005,7.405425,18640305
2021-09-01,7.432343,7.520183,7.423842,7.435177,19475031
2021-09-02,7.46351,7.565517,7.439425,7.531515,17048493
2021-09-03,7.530101,7.551352,7.446512,7.459262,14713759
2021-09-06,7.489012,7.564102,7.466345,7.49893,10952359
2021-09-07,7.510264,7.554183,7.473428,7.496096,11697761
2021-09-08,7.487596,7.575436,7.411091,7.501764,18936416
2021-09-09,7.49468,7.5471,7.457844,7.49893,13919894
2021-09-10,7.523015,7.545683,7.460677,7.469178,12568028
2021-09-13,7.514514,7.684525,7.510264,7.654773,28029686
2021-09-14,7.667525,7.797867,7.667525,7.724195,21974204
2021-09-15,7.749695,7.840368,7.739777,7.785114,20646537
2021-09-16,7.814869,7.932461,7.795035,7.809203,30759090
2021-09-17,7.870124,7.908377,7.738365,7.751117,36040734
2021-09-20,7.779134,7.804204,7.616915,7.678853,26213320
2021-09-21,7.711297,7.895637,7.706873,7.820426,19744092
2021-09-22,7.917755,8.057854,7.889735,8.026884,22755868
2021-09-23,8.096197,8.10947,7.987068,8.038684,15922933
2021-09-24,8.051956,8.094723,8.007714,8.060804,12280924
2021-09-27,8.110946,8.264317,8.105047,8.248095,22930665
2021-09-28,8.31888,8.433908,8.302659,8.305608,28629086
2021-09-29,8.302658,8.408838,8.221548,8.397039,17341462
2021-09-30,8.414736,8.537138,8.407363,8.513542,27298469
2021-10-01,8.417688,8.512069,8.333629,8.466353,19563954
2021-10-04,8.473724,8.669862,8.451604,8.584329,25481124
2021-10-05,8.627096,8.784891,8.576956,8.736225,28265202
2021-10-06,8.736225,8.736225,8.55041,8.602026,22966517
2021-10-07,8.663964,8.699357,8.395565,8.544512,25591317
2021-10-08,8.624149,8.77457,8.591705,8.743601,25139901
2021-10-11,8.804062,8.901394,8.734751,8.852728,22362197
2021-10-12,8.774567,8.857152,8.721478,8.829132,16097752
2021-10-13,8.829133,8.842405,8.619723,8.717054,19824484
2021-10-14,8.807012,8.882222,8.798163,8.833556,19042947
2021-10-15,8.905819,9.014948,8.892547,9.001676,21210629
2021-10-18,9.007573,9.072461,8.985453,9.022321,17152230
2021-10-19,9.038543,9.065088,8.963332,8.97513,16104721
2021-10-20,8.973655,9.10638,8.963332,9.082784,13570949
2021-10-21,9.045916,9.082784,8.929413,8.94711,15135627
2021-10-22,8.950059,9.009048,8.886647,8.905818,13108483
2021-10-25,8.970706,9.096057,8.930888,9.053289,14628741
2021-10-26,9.062138,9.216983,8.955958,9.112278,19923852
2021-10-27,9.09753,9.174216,8.989876,9.045915,19233474
2021-10-28,8.976602,9.013471,8.86305,8.969229,16985428
2021-10-29,8.991353,9.205187,8.98103,9.146198,26402029
2021-11-01,9.200761,9.435241,9.180115,9.398374,24242601
2021-11-02,9.398373,9.461786,9.181589,9.246477,21518514
2021-11-03,9.209609,9.214034,9.063612,9.1285,16475518
2021-11-04,9.152095,9.320213,9.152095,9.261225,16348057
2021-11-05,9.183064,9.393948,9.183064,9.343808,14126171
2021-11-08,9.379202,9.46326,9.302516,9.351182,13584199
2021-11-09,9.324637,9.404272,9.267123,9.305466,10066288
2021-11-10,9.345282,9.45736,9.334959,9.337908,16042075
2021-11-11,9.290719,9.36298,9.243528,9.324637,10370345
2021-11-12,9.290721,9.305468,9.177167,9.225833,13719125
2021-11-15,9.172741,9.280396,9.152095,9.250901,10901389
2021-11-16,9.292195,9.362981,9.261226,9.289245,12105355
2021-11-17,9.271548,9.339385,9.247952,9.284821,10063683
2021-11-18,9.180115,9.208135,9.076885,9.165368,18750020
2021-11-19,9.305465,9.41017,8.948584,8.972179,27790201
2021-11-22,8.995774,9.113751,8.901391,9.090156,16066193
2021-11-23,9.001674,9.196337,8.960382,9.1285,14566945
2021-11-24,9.180115,9.255326,9.038542,9.121126,14142661
2021-11-25,9.135876,9.141774,9.028222,9.066564,10793759
2021-11-26,8.700833,8.721479,8.473726,8.501746,36240991
2021-11-29,8.690509,8.860102,8.603501,8.700832,22433835
2021-11-30,8.513542,8.627095,8.441281,8.584329,26761672
2021-12-01,8.722953,8.892546,8.675762,8.777518,17637484
2021-12-02,8.69346,8.837983,8.631522,8.804064,18137069
2021-12-03,8.914667,9.006099,8.854204,8.855679,18439109
2021-12-06,8.936785,9.113751,8.936785,9.063611,13925642
2021-12-07,9.165368,9.302517,9.144722,9.267123,15369236
2021-12-08,9.202235,9.25385,9.113752,9.135873,11415930
2021-12-09,9.15062,9.159468,8.972179,9.04444,12442861
2021-12-10,8.983977,9.118177,8.978078,9.000199,8227832
2021-12-13,9.040018,9.05329,8.832083,8.863052,12390937
2021-12-14,8.880746,8.985451,8.848303,8.957432,11456932
2021-12-15,8.904343,8.936787,8.784891,8.848304,14308412
2021-12-16,8.964808,9.044443,8.892548,8.994303,17590204
2021-12-17,8.92499,8.978079,8.790791,8.886647,19831352
2021-12-20,8.627097,8.725903,8.495847,8.725903,16531786
2021-12-21,8.84093,8.994301,8.787841,8.981029,11864621
2021-12-22,8.982505,8.992828,8.842406,8.976605,9485605
2021-12-23,8.991352,9.097532,8.963333,9.02527,9547017
2021-12-27,8.936786,9.076885,8.922039,9.065086,6158602
2021-12-28,9.072462,9.194864,9.070988,9.146198,9148633
2021-12-29,9.143247,9.199286,9.013472,9.054764,9731333
2021-12-30,9.040018,9.069512,8.988403,9.010524,8216497
2022-01-03,9.069511,9.200761,9.05034,9.149146,9327410
2022-01-04,9.183065,9.370353,9.169792,9.298092,15884351
2022-01-05,9.31284,9.421969,9.267123,9.405746,16047955
2022-01-06,9.301044,9.433768,9.253853,9.327588,15643210
2022-01-07,9.357081,9.438191,9.329062,9.430818,12857361
2022-01-10,9.43819,9.498653,9.311364,9.352656,13906778
2022-01-11,9.383626,9.452937,9.30694,9.445564,10082884
2022-01-12,9.508978,9.649077,9.506029,9.624006,22009160
2022-01-13,9.587139,9.625482,9.545847,9.603361,13225765
2022-01-14,9.582713,9.721337,9.565017,9.70364,15720891
2022-01-17,9.740508,9.78475,9.662348,9.741982,12338054
2022-01-18,9.795072,9.831939,9.702165,9.784749,18979901
2022-01-19,9.80687,9.935171,9.761154,9.895353,19794212
2022-01-20,9.858484,9.883555,9.747881,9.799496,19821766
2022-01-21,9.688894,9.737559,9.560593,9.663823,17881760
2022-01-24,9.669722,9.711013,9.274497,9.354132,20679442
2022-01-25,9.461787,9.690368,9.342335,9.654975,18607939
2022-01-26,9.743457,9.945493,9.733134,9.942544,24678628
2022-01-27,9.806871,10.205045,9.792123,10.184399,25616509
2022-01-28,10.175549,10.177024,9.880605,10.008906,19845858
2022-01-31,10.020704,10.057573,9.758205,9.812769,20919460
2022-02-01,9.824568,9.9219,9.718389,9.9219,16676711
2022-02-02,9.867335,9.952869,9.828992,9.848164,13493904
2022-02-03,9.848162,9.895353,9.736083,9.798021,13518177
2022-02-04,9.868809,10.000059,9.840789,9.939595,17295995
2022-02-07,9.86586,9.89388,9.653501,9.722813,16200649
2022-02-08,9.674146,9.820143,9.563543,9.612208,12746726
2022-02-09,9.634327,9.82899,9.569439,9.771476,12584136
2022-02-10,9.697742,9.855536,9.697742,9.805396,10720904
2022-02-11,9.718387,9.995633,9.690367,9.974987,14123872
2022-02-14,9.954342,10.022179,9.733134,9.824567,20387459
2022-02-15,9.793596,9.904201,9.640226,9.712487,15663413
2022-02-16,9.711014,9.864385,9.649076,9.812769,13926631
2022-02-17,9.734609,9.86586,9.682994,9.831941,14169615
2022-02-18,9.969088,10.028076,9.864383,9.93222,19761436
2022-02-21,9.948442,9.980886,9.662347,9.817192,15944636
2022-02-22,9.631378,9.989734,9.631378,9.948442,18850071
2022-02-23,9.917472,10.041349,9.846686,9.899776,14234323
2022-02-24,9.770001,10.115085,9.634327,9.852586,35581182
2022-02-25,9.896827,10.197669,9.876181,10.160801,28060530
2022-02-28,10.079693,10.25371,9.849637,10.199145,27714174
2022-03-01,10.264034,10.616491,10.237489,10.508837,34839560
2022-03-02,10.61944,10.74479,10.470493,10.713821,29727128
2022-03-03,10.765437,10.951251,10.178499,10.224216,27291045
2022-03-04,10.135733,10.162278,9.445566,9.478009,32874311
2022-03-07,9.424919,10.078219,9.076886,9.885031,35013621
2022-03-08,9.800972,10.15343,9.7877,10.079694,24350724
2022-03-09,10.13868,10.249284,9.812768,10.029552,23835591
2022-03-10,9.952867,10.033976,9.629904,9.662348,21272480
2022-03-11,9.669722,9.939595,9.610734,9.612208,15443864
2022-03-14,9.610732,9.67267,9.454412,9.56944,14375697
2022-03-15,9.419019,9.529622,9.246477,9.529622,19719778
2022-03-16,9.615154,9.677092,9.355604,9.416068,20561605
2022-03-17,9.386575,9.713962,9.345283,9.666771,23535647
2022-03-18,9.725761,9.733135,9.240579,9.385101,29960266
2022-03-21,9.416071,9.761155,9.332012,9.654975,18673723
2022-03-22,9.72576,9.905676,9.649076,9.662348,15058029
2022-03-23,9.606311,9.879134,9.590089,9.749359,15153328
2022-03-24,9.793596,9.944018,9.728709,9.817192,11395491
2022-03-25,9.770003,9.986786,9.650551,9.927797,11646774
2022-03-28,9.865859,10.120985,9.767053,9.786224,13570473
2022-03-29,9.840787,9.997107,9.528147,9.656447,17382862
2022-03-30,9.730187,9.867335,9.702167,9.867335,12866099
2022-03-31,9.792123,9.929272,9.739034,9.802446,10324704
2022-04-01,9.747883,9.923374,9.699217,9.89093,9768288
2022-04-04,9.862909,9.958765,9.830464,9.911574,8561573
2022-04-05,9.955817,10.003008,9.820143,9.960241,8963221
2022-04-06,9.898305,10.014807,9.814246,9.871759,11734380
2022-04-07,9.849636,9.967613,9.730184,9.77885,10932585
2022-04-08,9.898302,10.188821,9.898302,10.188821,15918230
2022-04-11,10.159327,10.384958,10.122459,10.172599,10182489
2022-04-12,10.171125,10.286153,10.106238,10.224216,9330978
2022-04-13,10.224215,10.529482,10.224215,10.451322,15748581
2022-04-14,10.439524,10.520634,10.325971,10.470493,12333670
2022-04-19,10.477865,10.640084,10.424775,10.433623,11319929
2022-04-20,10.51031,10.528007,10.371687,10.491138,10261390
2022-04-21,10.539805,10.542755,10.323022,10.323022,11387400
2022-04-22,10.123934,10.153429,9.927797,10.01333,15981425
2022-04-25,9.808343,9.828989,9.534046,9.534046,19172922
2022-04-26,9.721338,9.750832,9.423445,9.554695,14584407
2022-04-27,9.559116,9.600409,9.442613,9.534046,10301442
2022-04-28,9.591561,9.814243,9.557642,9.702165,9925222
2022-04-29,9.917473,9.927796,9.711013,9.873232,12047757
2022-05-02,9.790647,9.945493,9.666771,9.733133,10101913
2022-05-03,9.811293,9.991209,9.634327,9.974987,11352948
2022-05-04,9.97204,10.12541,9.97204,10.028079,10937079
2022-05-05,10.131309,10.171126,9.901253,9.961717,9047418
2022-05-06,9.99121,10.205044,9.964664,10.031027,11964854
2022-05-09,10.056098,10.128359,9.604834,9.643177,12271233
2022-05-10,9.703642,9.893881,9.619583,9.775904,11465475
2022-05-11,9.80687,10.042825,9.741982,10.042825,10849388
2022-05-12,9.864386,9.976464,9.784751,9.848164,10580131
2022-05-13,9.976462,10.057572,9.839314,10.057572,9604893
2022-05-16,10.017754,10.238961,10.001532,10.19472,9820136
2022-05-17,10.286155,10.446899,10.243388,10.272882,12180448
2022-05-18,10.184399,10.429201,10.182924,10.199145,11314162
2022-05-19,10.166702,10.286153,10.045774,10.165227,15046537
2022-05-20,10.269933,10.411505,10.190297,10.241913,17198097
2022-05-23,10.366704,10.517365,10.357574,10.435186,13271908
2022-05-24,10.363657,10.413877,10.273869,10.356048,9516370
2022-05-25,10.454969,10.744117,10.442795,10.744117,17831449
2022-05-26,10.744113,10.839989,10.693893,10.839989,10961160
2022-05-27,10.850643,10.908472,10.712156,10.798901,11271087
2022-05-30,10.843036,10.861298,10.672591,10.80499,8656883
2022-05-31,10.881078,11.016521,10.803465,10.803465,20843817
2022-06-01,10.803467,10.894776,10.690852,10.727375,12269529
2022-06-02,10.766942,10.766942,10.626934,10.707591,7555112
2022-06-03,10.751725,10.849122,10.693895,10.849122,8852539
2022-06-06,10.900866,11.107834,10.884125,10.981523,13025445
2022-06-07,10.978478,11.039352,10.868907,10.978478,11093002
2022-06-08,11.05609,11.075874,10.882602,10.951084,9910104
2022-06-09,10.941953,10.995217,10.672589,10.672589,14315519
2022-06-10,10.666502,10.668025,10.074511,10.074511,22774413
2022-06-13,9.939068,9.996897,9.733621,9.875151,16703779
2022-06-14,9.998421,10.159734,9.710795,10.021248,12124965
2022-06-15,10.11712,10.190169,9.843191,10.085162,14258080
2022-06-16,10.051684,10.121688,9.500782,9.592092,25435857
2022-06-17,9.567744,9.680359,9.135544,9.138588,27990234
2022-06-20,9.19946,9.336425,9.155326,9.164457,11731385
2022-06-21,9.248158,9.310553,9.137064,9.19185,10985501
2022-06-22,8.952923,8.989447,8.797696,8.872266,17707302
2022-06-23,8.758128,9.010752,8.627251,8.697255,15465466
2022-06-24,8.583117,8.908788,8.529853,8.87683,14695680
2022-06-27,8.81748,8.943791,8.678993,8.697255,16186512
2022-06-28,8.762694,8.917921,8.744432,8.75052,11782048
2022-06-29,8.717038,9.08532,8.697254,8.828132,14245962
2022-06-30,8.75052,8.796175,8.540507,8.619642,13465225
2022-07-01,8.598335,8.712472,8.472023,8.543549,10140782
2022-07-04,8.685079,8.847916,8.685079,8.748997,11895933
2022-07-05,8.759652,8.768783,8.182878,8.242229,21932084
2022-07-06,8.332015,8.430934,8.090045,8.184398,16034945
2022-07-07,8.292447,8.507025,8.280272,8.405062,17104234
2022-07-08,8.405065,8.637906,8.348758,8.54203,12923833
2022-07-11,8.446153,8.610511,8.383758,8.522244,10096639
2022-07-12,8.507027,8.621164,8.374627,8.475068,10193478
2022-07-13,8.479634,8.563334,8.328973,8.458328,10229951
2022-07-14,8.385281,8.488765,7.989605,8.099176,18198463
2022-07-15,8.106786,8.367019,8.048957,8.246795,14967921
2022-07-18,8.286361,8.511592,8.271143,8.380714,10679802
2022-07-19,8.35332,8.643989,8.33658,8.601378,12975328
2022-07-20,8.674428,8.682037,8.446154,8.502461,9352632
2022-07-21,8.339626,8.482678,8.172225,8.370063,11031394
2022-07-22,8.368539,8.478111,8.313753,8.347234,9676893
2022-07-25,8.309188,8.437022,8.216357,8.417238,8858839
2022-07-26,8.478111,8.543549,8.380714,8.38528,10479759
2022-07-27,8.468981,8.589205,8.421804,8.522244,8704917
2022-07-28,8.621164,8.639426,8.391368,8.440066,11750707
2022-07-29,8.61051,9.012273,8.51007,8.914876,21159221
2022-08-01,8.92553,9.220765,8.904224,8.904224,15527324
2022-08-02,8.91792,8.960531,8.660731,8.707908,15408263
2022-08-03,8.742909,8.783998,8.601378,8.674426,14708791
2022-08-04,8.599858,8.803783,8.577031,8.666819,13633577
2022-08-05,8.621164,8.79313,8.589205,8.717039,12122650
2022-08-08,8.802262,8.870745,8.653123,8.709431,8746013
2022-08-09,8.72769,8.829652,8.647033,8.74443,8793567
2022-08-10,8.736823,8.796175,8.587684,8.69269,8666139
2022-08-11,8.742909,8.841828,8.720082,8.819001,8666810
2022-08-12,8.887484,8.969662,8.808348,8.849438,7423167
2022-08-16,8.832698,8.917921,8.75965,8.809871,8205962
2022-08-17,8.826611,8.936183,8.803783,8.896615,8577984
2022-08-18,8.931616,9.080755,8.899658,9.080755,8843209
2022-08-19,9.056408,9.135542,8.919443,8.955967,8503102
2022-08-22,8.94075,9.102064,8.784001,9.100542,13277932
2022-08-23,9.108149,9.546435,9.108149,9.441429,21000028
2022-08-24,9.45817,9.499259,9.299899,9.324248,9321433
2022-08-25,9.468821,9.624047,9.445993,9.515997,17108852
2022-08-26,9.534263,9.572309,9.354687,9.371428,9184902
2022-08-29,9.336423,9.547957,9.243591,9.511433,9615152
2022-08-30,9.549479,9.619483,9.295333,9.310552,15567537
2022-08-31,9.318163,9.328815,8.720083,8.984881,32528907
2022-09-01,8.910313,8.98336,8.800741,8.922487,10128992
2022-09-02,8.914877,9.284681,8.866179,9.196416,14710609
2022-09-05,9.114238,9.459694,9.062496,9.351644,12793436
2022-09-06,9.327293,9.345555,8.968141,9.094453,17528169
2022-09-07,8.971185,9.108149,8.780956,8.840307,17903241
2022-09-08,8.855524,8.945312,8.682036,8.812913,16749834
2022-09-09,8.84335,8.992489,8.815957,8.889005,10706661
2022-09-12,8.924008,9.19185,8.904224,9.088366,12278934
2022-09-13,9.127934,9.155326,8.924008,9.006187,10071804
2022-09-14,8.940748,9.10054,8.88444,8.986403,12456610
2022-09-15,9.013797,9.030537,8.753564,8.780957,20504166
2022-09-16,8.720082,8.783999,8.622685,8.707908,20036691
2022-09-19,8.728079,8.790146,8.568258,8.707908,9760557
2022-09-20,8.759113,8.82118,8.614809,8.642739,9853051
2022-09-21,8.670669,8.953071,8.655152,8.797905,13084360
2022-09-22,8.69084,8.883246,8.659807,8.797905,10548920
2022-09-23,8.771526,8.771526,8.304477,8.380508,19560920
2022-09-26,8.247066,8.461195,8.146208,8.327752,15665013
2022-09-27,8.347923,8.492227,8.181895,8.341716,16118712
2022-09-28,8.282754,8.451885,8.087245,8.368095,15935208
2022-09-29,8.420852,8.451885,8.208274,8.380508,13014018
2022-09-30,8.434814,8.597738,8.409988,8.464295,15778502
2022-10-03,8.456539,8.797904,8.454987,8.721872,16567977
2022-10-04,8.844451,8.996514,8.813418,8.953068,16830922
2022-10-05,8.932898,9.120649,8.816524,9.095822,16870222
2022-10-06,9.123754,9.159441,8.984104,9.100478,14191151
2022-10-07,9.088065,9.247886,9.086513,9.18582,12580009
2022-10-10,9.125302,9.213747,9.055478,9.140819,12403638
2022-10-11,9.015135,9.018238,8.828936,8.976343,13234489
2022-10-12,8.96083,9.01669,8.785493,8.841352,10685840
2022-10-13,8.790146,9.117546,8.790146,9.067893,15036136
2022-10-14,9.16099,9.295985,9.080305,9.140819,13814377
2022-10-17,9.129957,9.2634,9.094269,9.204437,8890389
2022-10-18,9.263402,9.292884,9.09272,9.100478,12822138
2022-10-19,9.159441,9.249437,9.081858,9.205991,9169579
2022-10-20,9.3084,9.446497,9.278918,9.382879,13917880
2022-10-21,9.311503,9.393741,9.24323,9.354949,11861577
2022-10-24,9.348743,9.617179,9.286676,9.584595,14993178
2022-10-25,9.604768,9.620284,9.499256,9.55977,10103354
2022-10-26,9.542699,9.764586,9.4977,9.685452,12013102
2022-10-27,9.685452,10.116812,9.680796,10.022161,21909520
2022-10-28,10.064058,10.348012,9.901134,10.191294,20602778
2022-10-31,10.1525,10.377491,10.000438,10.282839,14115139
2022-11-01,10.414733,10.621104,10.388356,10.445766,15236311
2022-11-02,10.524899,10.633516,10.484556,10.496969,13623939
2022-11-03,10.450421,10.658343,10.405423,10.644379,11897974
2022-11-04,10.715755,10.939194,10.619552,10.86937,19346043
2022-11-07,10.822818,11.102117,10.79644,11.069531,14741422
2022-11-08,11.032292,11.108323,10.926779,11.027637,13423745
2022-11-09,11.009015,11.080391,10.839885,10.878676,15614767
2022-11-10,10.782475,11.022982,10.720409,10.915917,16288529
2022-11-11,10.985741,11.128493,10.883331,11.077289,18731127
2022-11-14,11.094359,11.247973,11.094359,11.229353,16435236
2022-11-15,11.206079,11.324005,11.100566,11.230906,15076327
2022-11-16,11.249525,11.370554,11.119185,11.139357,14968218
2022-11-17,11.148667,11.176597,10.886437,10.928332,11633320
2022-11-18,10.991949,11.218491,10.830577,11.007465,17835457
2022-11-21,11.007467,11.040565,10.533061,10.594529,20165900
2022-11-22,10.827791,11.091,10.819911,11.073663,15724882
2022-11-23,11.150891,11.327414,11.057901,11.12725,14009935
2022-11-24,11.158771,11.215511,11.048445,11.177685,9166846
2022-11-25,11.218664,11.340023,11.160348,11.267523,11140081
2022-11-28,11.070509,11.11464,10.96491,11.046867,13616955
2022-11-29,11.152467,11.299044,11.068933,11.18714,12741403
2022-11-30,11.269098,11.29274,10.990129,11.288012,19814215
2022-12-01,11.149315,11.210783,11.075238,11.103608,10795552
2022-12-02,10.99328,11.032683,10.851432,10.947574,15827295
2022-12-05,10.914476,11.048445,10.879802,10.901867,7572689
2022-12-06,10.897141,10.916054,10.712737,10.750564,11236664
2022-12-07,10.701703,10.745834,10.567735,10.588224,11490319
2022-12-08,10.603986,10.827792,10.596106,10.657574,8693578
2022-12-09,10.679639,10.742683,10.528334,10.65915,8660177
2022-12-12,10.599257,10.756866,10.561431,10.723768,8391389
2022-12-13,10.802574,10.985401,10.764748,10.886107,11422412
2022-12-14,10.843552,10.906596,10.679638,10.725345,11290448
2022-12-15,10.676485,10.712735,10.284037,10.284037,20935424
2022-12-16,10.358114,10.462136,10.15795,10.16583,33255296
2022-12-19,10.236755,10.392789,10.216266,10.236755,7216059
2022-12-20,10.118547,10.38806,10.08072,10.244635,9538170
2022-12-21,10.321863,10.641811,10.301374,10.608713,11576340
2022-12-22,10.622897,10.730072,10.507842,10.54094,7353465
2022-12-23,10.544093,10.663876,10.49681,10.619745,5473355
2022-12-27,10.715887,10.774203,10.660724,10.674909,4121347
2022-12-28,10.696974,10.780508,10.581919,10.644963,6186305
2022-12-29,10.559853,10.728496,10.501538,10.711159,5427142
2022-12-30,10.649692,10.687519,10.470017,10.470017,6524929
2023-01-02,10.559853,10.802572,10.525179,10.802572,7537051
2023-01-03,10.802573,10.9854,10.736377,10.864041,14190103
2023-01-04,10.752137,10.857736,10.564582,10.69855,15750605
2023-01-05,10.670181,10.777355,10.619746,10.723768,8004295
2023-01-06,10.800999,10.912902,10.719042,10.905022,7231811
2023-01-09,10.919205,11.097304,10.917629,10.988554,10592944
2023-01-10,10.945999,11.119369,10.903444,11.012195,9379180
2023-01-11,11.087847,11.221815,11.076814,11.221815,14767905
2023-01-12,11.237576,11.37312,11.226543,11.360512,10479115
2023-01-13,11.395187,11.473992,11.360513,11.365241,9081966
2023-01-16,11.423557,11.464535,11.288012,11.291164,6607161
2023-01-17,11.284859,11.410946,11.185565,11.325837,9642979
2023-01-18,11.341598,11.447197,11.325837,11.395185,8911808
2023-01-19,11.253336,11.305347,11.18714,11.232846,9344008
2023-01-20,11.385731,11.40622,11.308502,11.392035,10658933
2023-01-23,11.401491,11.426708,11.295892,11.347903,7090274
2023-01-24,11.355784,11.366816,11.144587,11.174533,11018762
2023-01-25,11.190293,11.209206,10.990129,11.092575,9703905
2023-01-26,11.14301,11.188717,11.061053,11.188717,7642622
2023-01-27,11.253338,11.346328,11.199751,11.262794,9212936
2023-01-30,11.237577,11.28486,11.120946,11.166653,9614095
2023-01-31,11.11149,11.177686,10.947576,11.139859,12896437
2023-02-01,11.15877,11.210781,10.911323,10.911323,10575025
2023-02-02,10.898715,10.966488,10.774204,10.835671,13392400
2023-02-03,10.778934,11.027958,10.760021,10.90975,11067501
2023-02-06,10.895563,10.928661,10.728497,10.793117,10602256
2023-02-07,10.848282,10.958609,10.819912,10.958609,8947376
2023-02-08,11.032684,11.262794,11.024803,11.158772,14691068
2023-02-09,11.240728,11.374696,11.213934,11.303772,10758453
2023-02-10,11.269098,11.658394,11.24388,11.62372,23010055
2023-02-13,11.653666,11.713558,11.533883,11.637905,11545483
2023-02-14,11.655243,11.804972,11.639482,11.683613,11910633
2023-02-15,11.663122,11.723014,11.559099,11.576436,9257160
2023-02-16,11.647361,11.711981,11.522849,11.595349,11123946
2023-02-17,11.570134,11.576438,11.269099,11.269099,16551043
2023-02-20,11.332143,11.354209,11.261219,11.308502,5119531
2023-02-21,11.32426,11.340022,11.100455,11.243879,11800286
2023-02-22,11.155619,11.206055,11.065781,11.122521,9695591
2023-02-23,11.111489,11.190293,10.492082,10.526756,46610047
2023-02-24,10.4842,10.676484,10.372297,10.395939,22263209
2023-02-27,10.481051,10.611867,10.42904,10.559855,11399699
2023-02-28,10.564584,10.670182,10.42904,10.533062,26319701
2023-03-01,10.528332,10.567735,10.378603,10.378603,12063148
2023-03-02,10.377026,10.570885,10.361265,10.515722,10533352
2023-03-03,10.547245,10.613442,10.362842,10.586648,12113822
2023-03-06,10.616593,10.712735,10.613441,10.667028,8541477
2023-03-07,10.632355,10.682791,10.548822,10.577192,8800402
2023-03-08,10.496809,10.619745,10.487353,10.574039,8049468
2023-03-09,10.558278,10.622898,10.458984,10.55355,7848193
2023-03-10,10.386485,10.591377,10.353386,10.583497,10551677
2023-03-13,10.510996,10.539365,10.090177,10.184743,20578258
2023-03-14,10.244635,10.354962,10.07284,10.276156,13116143
2023-03-15,10.195774,10.219416,9.686695,9.70088,27815991
2023-03-16,9.882131,9.883707,9.388812,9.584249,26121315
2023-03-17,9.715065,10.009795,9.489683,9.584249,34282785
2023-03-20,9.566593,9.866753,9.378792,9.796127,20235260
2023-03-21,9.889224,10.181359,9.839466,10.003189,14228084
2023-03-22,9.999978,10.126784,9.919721,10.014424,10649345
2023-03-23,9.983928,10.081842,9.900462,9.995165,8882193
2023-03-24,9.951825,9.951825,9.614747,9.76884,15452973
2023-03-27,9.934168,9.967876,9.698213,9.877988,9387028
2023-03-28,10.064185,10.11876,9.980718,10.069,8772529
2023-03-29,10.117153,10.210251,10.009609,10.171727,7632263
2023-03-30,10.194201,10.386817,10.160493,10.341873,8606420
2023-03-31,10.341872,10.398052,10.245564,10.357924,7999054
2023-04-03,10.595483,10.873172,10.566592,10.780074,21199321
2023-04-04,10.791311,10.853911,10.682162,10.682162,11160380
2023-04-05,10.709446,10.786492,10.683764,10.781677,8598385
2023-04-06,10.836254,10.898854,10.810572,10.866752,8779783
2023-04-11,10.971085,11.062578,10.905275,11.062578,11782726
2023-04-12,11.062577,11.150859,10.964664,10.967875,10567489
2023-04-13,11.001583,11.126783,10.963059,11.126783,8693409
2023-04-14,11.117153,11.126784,11.02245,11.077024,6874562
2023-04-17,11.139623,11.255192,11.109125,11.139623,8321780
2023-04-18,11.173333,11.174938,11.027265,11.147651,8496155
2023-04-19,11.059368,11.105917,10.940588,11.038501,8637474
2023-04-20,10.996766,11.056156,10.879592,10.902063,8540149
2023-04-21,10.932559,11.049734,10.87959,11.048129,11027553
2023-04-24,11.022449,11.118757,10.927747,11.089865,6551895
2023-04-25,11.115548,11.125179,10.890829,10.926143,7149081
2023-04-26,10.914906,11.046527,10.877988,11.032081,8667567
2023-04-27,10.947007,10.98553,10.74476,10.820202,12171149
2023-04-28,10.947009,11.094681,10.640428,11.032081,15872428
2023-05-02,10.995159,11.068996,10.523251,10.569799,19141588
2023-05-03,10.60993,10.674135,10.433365,10.463862,11329772
2023-05-04,10.521647,10.630797,10.343477,10.412498,10122958
2023-05-05,10.513622,10.890828,10.502387,10.890828,11614425
2023-05-08,10.9133,11.033685,10.869961,10.950218,7315884
2023-05-09,10.900458,10.930956,10.764022,10.850699,6309311
2023-05-10,10.884408,10.953428,10.735131,10.780074,8130237
2023-05-11,10.800939,10.823411,10.475097,10.589062,11757303
2023-05-12,10.553751,10.768839,10.54412,10.743156,10892660
2023-05-15,10.762417,10.770443,10.654873,10.711053,7822032
2023-05-16,10.674135,10.752787,10.598694,10.617955,8014184
2023-05-17,10.552144,10.752786,10.540908,10.751181,7151315
2023-05-18,10.786493,10.860329,10.68858,10.706237,7699129
2023-05-19,10.738341,10.892433,10.7255,10.79452,11511377
2023-05-22,10.835315,10.871215,10.760251,10.827156,6898178
2023-05-23,10.827158,10.97239,10.765148,10.903853,8104606
2023-05-24,10.876112,10.967495,10.776571,10.907117,11327868
2023-05-25,10.920171,10.920171,10.613388,10.644392,10613137
2023-05-26,10.673764,10.763515,10.559536,10.763515,9140105
2023-05-29,10.81084,10.861426,10.724353,10.783098,4909895
2023-05-30,10.737404,10.76025,10.526899,10.530163,11505629
2023-05-31,10.484474,10.587279,10.158109,10.158109,41592882
2023-06-01,10.233172,10.440413,10.226645,10.433887,11988018
2023-06-02,10.51711,10.735775,10.486106,10.72272,12413492
2023-06-05,10.818998,10.916907,10.690084,10.690084,13151871
2023-06-06,10.655817,10.685189,10.451839,10.593807,12493041
2023-06-07,10.588911,10.685189,10.474684,10.672134,11452114
2023-06-08,10.711297,10.791256,10.693346,10.701506,10457915
2023-06-09,10.688453,10.755358,10.518743,10.593807,11067206
2023-06-12,10.533428,10.566064,10.435518,10.468155,13893319
2023-06-13,10.492633,10.649288,10.44531,10.574224,12570956
2023-06-14,10.548115,10.745566,10.536692,10.595438,14211071
2023-06-15,10.606861,10.657447,10.517111,10.647656,10123165
2023-06-16,10.61665,10.735773,10.588908,10.588908,32795628
2023-06-19,10.58891,10.644391,10.518741,10.598701,10794116
2023-06-20,10.572593,10.588911,10.437152,10.456734,10678688
2023-06-21,10.507321,10.696612,10.459998,10.660712,12682786
2023-06-22,10.574224,10.603597,10.469787,10.513846,10320401
2023-06-23,10.459995,10.505686,10.33924,10.440413,15037178
2023-06-26,10.517111,10.600334,10.314765,10.556274,12081185
2023-06-27,10.631338,10.652551,10.371878,10.399619,12262716
2023-06-28,10.417567,10.487736,10.327817,10.445309,11215158
2023-06-29,10.42736,10.595438,10.417569,10.515478,9804320
2023-06-30,10.598701,10.802679,10.584015,10.755357,14979711
2023-07-03,10.770043,11.011553,10.770043,10.943016,14688999
2023-07-04,10.93812,11.013184,10.892429,10.985442,7861524
2023-07-05,10.974021,11.011553,10.867952,10.908748,10899774
2023-07-06,10.840211,10.850002,10.608492,10.634602,14136110
2023-07-07,10.680293,10.706402,10.557906,10.649288,9035046
2023-07-10,10.649286,10.82226,10.649286,10.704768,6615813
2023-07-11,10.770043,10.810838,10.719456,10.797784,9483300
2023-07-12,10.843476,11.119254,10.833685,11.042559,16899393
2023-07-13,11.014816,11.176366,11.014816,11.112725,8880285
2023-07-14,11.096409,11.142099,10.884271,10.954439,13610451
2023-07-17,10.90059,11.047454,10.830422,10.84674,9246331
2023-07-18,10.822262,10.96423,10.74883,10.957704,8319648
2023-07-19,10.957704,11.021345,10.877744,10.957704,9142836
2023-07-20,10.933226,11.161682,10.933226,11.047454,11446700
2023-07-21,11.120885,11.164944,11.084985,11.129045,7667551
2023-07-24,11.119252,11.298753,11.076825,11.266116,10155384
2023-07-25,11.293858,11.323231,11.124148,11.186157,8386402
2023-07-26,11.226953,11.231849,10.990339,11.088248,10377280
2023-07-27,11.137202,11.249798,11.080088,11.202475,11777127
2023-07-28,11.259589,11.398294,11.119252,11.143729,14123223
2023-07-31,11.202476,11.381977,11.18779,11.328127,14601979
2023-08-01,11.367292,11.429301,11.191054,11.240009,11107715
2023-08-02,11.178,11.241641,10.996867,11.042559,10870438
2023-08-03,11.016447,11.164943,10.920169,11.150257,11616100
2023-08-04,11.191055,11.249801,11.127413,11.197582,10348137
2023-08-07,11.240009,11.241641,11.091513,11.16005,7587924
2023-08-08,11.155154,11.161682,10.933226,11.117622,9884716
2023-08-09,11.243271,11.510891,11.240008,11.478254,18486271
2023-08-10,11.489677,11.616959,11.479886,11.525578,12020615
2023-08-11,11.47499,11.522313,11.391767,11.461936,8393627
2023-08-14,11.409719,11.489678,11.336287,11.434196,5676416
2023-08-16,11.326496,11.463569,11.324864,11.36566,8472308
2023-08-17,11.300387,11.484783,11.290596,11.40156,7765319
2023-08-18,11.390135,11.476622,11.277539,11.450513,10870229
2023-08-21,11.484782,11.62675,11.463568,11.496204,10362439
2023-08-22,11.505995,11.594114,11.48315,11.515786,6381579
2023-08-23,11.563111,11.574533,11.388505,11.483151,8888424
2023-08-24,11.499467,11.585954,11.489676,11.527208,8273126
2023-08-25,11.556581,11.623487,11.527209,11.548423,6975692
2023-08-28,11.651228,11.736083,11.62675,11.665915,8618537
2023-08-29,11.687128,11.780141,11.667546,11.713237,6856050
2023-08-30,11.765457,11.824202,11.716502,11.723029,7987884
2023-08-31,11.747506,11.801356,11.654492,11.654492,17146376
2023-09-01,11.73445,11.905792,11.7165,11.861732,13222480
2023-09-04,11.902528,11.97596,11.871523,11.913951,7776121
2023-09-05,11.897632,12.171779,11.855205,12.103242,14266357
2023-09-06,12.096716,12.186466,12.064079,12.068974,12498083
2023-09-07,11.83073,12.08203,11.778511,12.026548,12289268
2023-09-08,12.026547,12.073871,11.842151,12.073871,10410420
2023-09-11,12.099979,12.287639,12.083661,12.281112,14876423
2023-09-12,12.271323,12.37576,12.189732,12.32191,12329021
2023-09-13,12.321908,12.413289,12.268057,12.338225,11248277
2023-09-14,12.408396,12.584632,12.364336,12.540573,15479727
2023-09-15,12.597687,12.646642,12.4753,12.512833,21068130
2023-09-18,12.56588,12.579142,12.365291,12.411708,12741436
2023-09-19,12.429944,12.681925,12.423313,12.681925,12312541
2023-09-20,12.632189,12.718393,12.476359,12.628874,11423356
2023-09-21,12.531068,12.590747,12.363634,12.446522,14002244
2023-09-22,12.441548,12.678608,12.413366,12.630533,15175462
2023-09-25,12.615614,12.68524,12.481334,12.613956,10229391
2023-09-26,12.565881,12.605667,12.443206,12.580801,8751878
2023-09-27,12.608983,12.781391,12.580801,12.741604,10648236
2023-09-28,12.806257,12.953799,12.64877,12.781391,12974025
2023-09-29,12.753208,12.783048,12.605668,12.645453,11554277
2023-10-02,12.645452,12.675292,12.322188,12.350369,11393713
2023-10-03,12.310583,12.373578,12.078495,12.207801,12114702
2023-10-04,12.197856,12.259193,11.906089,12.017159,12510286
2023-10-05,11.950848,12.030421,11.798333,11.969083,9791790
2023-10-06,12.03871,12.161385,11.866302,12.134861,11564213
2023-10-09,12.353687,12.476362,12.270799,12.410051,12672406
2023-10-10,12.494597,12.557591,12.292349,12.557591,9708993
2023-10-11,12.557592,12.715081,12.504544,12.504544,10990542
2023-10-12,12.567537,12.779731,12.552617,12.678607,13452662
2023-10-13,12.746577,12.914011,12.670319,12.846043,23298504
2023-10-16,12.920643,12.988612,12.792995,12.831123,13362029
2023-10-17,12.789679,12.942194,12.774759,12.874225,8738187
2023-10-18,12.972033,13.053264,12.902407,12.963745,12244167
2023-10-19,12.910694,12.948822,12.715077,12.807912,8811405
2023-10-20,12.814546,12.947167,12.70016,12.763155,10831773
2023-10-23,12.711764,12.85599,12.675293,12.794652,15791496
2023-10-24,12.748235,12.938878,12.706791,12.769786,8103990
2023-10-25,12.741604,12.837755,12.711765,12.781391,6344146
2023-10-26,12.781392,12.851018,12.706792,12.832783,9745444
2023-10-27,12.952141,13.121233,12.822835,12.85599,11998890
2023-10-30,12.9223,13.069841,12.705132,12.734972,11434408
2023-10-31,12.739947,12.802943,12.608984,12.788023,11351272
2023-11-01,12.753208,12.947167,12.676951,12.831123,8701249
2023-11-02,12.930587,13.021764,12.781388,13.016791,11371189
2023-11-03,13.096366,13.096366,12.632191,12.73663,14710419
2023-11-06,12.731658,12.824493,12.708449,12.768129,7918926
2023-11-07,12.678608,12.681924,12.443206,12.443206,11470956
2023-11-08,12.395131,12.476362,12.267483,12.289034,11871574
2023-11-09,12.302294,12.429942,12.20117,12.380209,8704451
2023-11-10,12.405075,12.562563,12.297321,12.4316,10387286
2023-11-13,12.466414,12.637164,12.424969,12.62556,8588535
2023-11-14,12.680267,12.705133,12.584116,12.64048,10119207
2023-11-15,12.63219,12.685239,12.56588,12.590746,7237621
2023-11-16,12.569195,12.597377,12.280743,12.317214,13055589
2023-11-17,12.35037,12.486308,12.35037,12.443206,9017776
2023-11-20,12.542535,12.657017,12.542535,12.633448,6830469
2023-11-21,12.550952,12.613244,12.471824,12.571155,6891994
2023-11-22,12.601458,12.630078,12.279898,12.39438,10782526
2023-11-23,12.470143,12.598093,12.438155,12.57284,6501865
2023-11-24,12.542536,12.715943,12.542536,12.683955,6739694
2023-11-27,12.665434,12.784967,12.591358,12.651966,7573557
2023-11-28,12.65365,12.793386,12.623346,12.793386,8930050
2023-11-29,12.793387,12.838843,12.663752,12.717627,9206192
2023-11-30,12.752983,12.963428,12.727729,12.768135,20213714
2023-12-01,12.773183,12.867463,12.734461,12.837158,7633127
2023-12-04,12.722676,12.764764,12.554319,12.593041,15815176
2023-12-05,12.598092,12.715942,12.584624,12.702474,10947396
2023-12-06,12.699108,12.712576,12.552637,12.552637,11144046
2023-12-07,12.552637,12.574523,12.433105,12.433105,8907031
2023-12-08,12.460041,12.636815,12.460041,12.635132,8888177
2023-12-11,12.690689,12.694056,12.566105,12.613245,6343566
2023-12-12,12.58294,12.626712,12.46004,12.461723,10476860
2023-12-13,12.441522,12.465091,12.384281,12.416268,11903522
2023-12-14,12.500445,12.525699,12.359026,12.498761,10067998
2023-12-15,12.547585,12.665434,12.419634,12.470141,21410112
2023-12-18,12.515599,12.658702,12.488663,12.61998,8666437
2023-12-19,12.562737,12.6587,12.550952,12.648599,7622134
2023-12-20,12.694055,12.832107,12.694055,12.798436,9335325
2023-12-21,12.720994,12.852311,12.69574,12.79507,7457337
2023-12-22,12.81359,12.91797,12.806855,12.869147,7179649
2023-12-27,12.891033,13.008882,12.872513,12.99373,7843914
2023-12-28,13.012249,13.039186,12.91797,12.928071,6753776
2023-12-29,12.924704,13.022351,12.880931,12.919653,6564286
2024-01-02,13.030768,13.182289,13.002148,13.094744,12028319
2024-01-03,13.131783,13.1402,12.899451,12.995414,11451542
2024-01-04,13.109895,13.165452,13.064439,13.064439,10082686
2024-01-05,13.015617,13.081276,12.965111,13.081276,8745328
2024-01-08,12.971843,12.995413,12.690689,12.694056,17561631
2024-01-09,12.722676,12.769816,12.562737,12.562737,9374172
2024-01-10,12.566107,12.653651,12.508865,12.529068,7047631
2024-01-11,12.582943,12.628399,12.46341,12.468461,8557879
2024-01-12,12.593043,12.739513,12.576207,12.662069,10379238
2024-01-15,12.645232,12.672168,12.599776,12.623345,5045569
2024-01-16,12.561055,12.705842,12.518966,12.569473,6178552
2024-01-17,12.500446,12.508863,12.268115,12.333774,13188476
2024-01-18,12.357343,12.446572,12.170468,12.296735,14143636
2024-01-19,12.374179,12.406166,12.158683,12.163733,10321935
2024-01-22,12.163734,12.197405,11.975175,12.071138,10754778
2024-01-23,12.123328,12.172151,12.01558,12.086289,6857693
2024-01-24,12.087973,12.197405,12.047568,12.197405,7307844
2024-01-25,12.197406,12.348926,12.194039,12.261381,6847400
2024-01-26,12.374178,12.439837,12.330405,12.421317,8794608
2024-01-29,12.540852,12.657018,12.512231,12.559371,11675301
2024-01-30,12.518965,12.579573,12.423002,12.562737,9562560
2024-01-31,12.603143,12.657017,12.470141,12.470141,11930812
2024-02-01,12.500446,12.60146,12.423002,12.456674,9346213
2024-02-02,12.37418,12.446573,12.278217,12.278217,10476329
2024-02-05,12.239494,12.271482,12.049252,12.099758,12653626
2024-02-06,12.153632,12.316937,12.13848,12.291684,9750065
2024-02-07,12.236128,12.278217,12.096392,12.096392,7384127
2024-02-08,12.104809,12.182253,11.995378,12.093024,8247408
2024-02-09,12.093025,12.131747,12.022315,12.032416,7399275
2024-02-12,12.032416,12.187303,11.966757,12.153632,8059672
2024-02-13,12.18562,12.315254,12.130062,12.18057,9795346
2024-02-14,12.185621,12.281584,12.158684,12.207507,7645046
2024-02-15,12.177199,12.293365,12.125009,12.293365,9929652
2024-02-16,12.192354,12.254645,11.89773,11.914566,21332877
2024-02-19,11.943187,11.953289,11.781566,11.928036,9446477
2024-02-20,11.936453,12.037467,11.880896,11.896048,8475357
2024-02-21,11.901098,12.054302,11.82197,12.03915,8595672
2024-02-22,12.094707,12.123327,11.96844,11.97854,8854766
2024-02-23,11.956656,12.022315,11.926352,12.000428,7415299
2024-02-26,11.929718,12.01558,11.890997,11.997061,6848219
2024-02-27,11.970124,12.11491,11.970124,12.104809,7014587
2024-02-28,12.116593,12.188986,12.059352,12.084605,6710554
2024-02-29,12.029048,12.079555,11.966756,11.993693,26352304
2024-03-01,12.030733,12.096392,11.973492,12.061037,7544578
2024-03-04,12.035783,12.165417,12.029049,12.111543,7963998
2024-03-05,12.039151,12.212558,12.008846,12.212558,8694866
2024-03-06,12.231076,12.382597,12.220975,12.313571,9322392
2024-03-07,12.256331,12.345559,12.244545,12.316938,6667534
2024-03-08,12.382598,12.458358,12.360711,12.375863,7382928
2024-03-11,12.374178,12.397748,12.227709,12.254645,7878861
2024-03-12,12.330408,12.412903,12.27485,12.367447,8466792
2024-03-13,12.385963,12.626713,12.353976,12.608193,13023422
2024-03-14,12.626714,12.800121,12.224343,12.224343,30123295
2024-03-15,12.21424,12.401116,12.197404,12.210873,31403889
2024-03-18,12.308452,12.308452,12.099602,12.168077,9670707
2024-03-19,12.152669,12.513876,12.145821,12.459096,12142464
2024-03-20,12.33413,12.364944,12.195467,12.262231,8840255
2024-03-21,12.34269,12.383776,12.257096,12.291333,6262869
2024-03-22,12.238264,12.322146,12.171501,12.286197,6988219
2024-03-25,12.286196,12.465944,12.286196,12.457384,7942695
2024-03-26,12.43513,12.483063,12.38035,12.453961,6333295
2024-03-27,12.411163,12.522436,12.378637,12.471079,7428372
2024-03-28,12.525861,12.602896,12.465945,12.537844,7158424
2024-04-02,12.650827,12.977797,12.650827,12.864813,19165902
2024-04-03,12.911033,13.000051,12.815168,12.989779,9856556
2024-04-04,13.010323,13.178088,12.974373,13.137002,11596950
2024-04-05,13.258548,13.410906,13.243141,13.273955,14734362
2024-04-08,13.275666,13.318464,13.147275,13.27909,7815520
2024-04-09,13.214036,13.395496,13.183223,13.220884,8930425
2024-04-10,13.299632,13.347565,13.102765,13.16097,7951758
2024-04-11,13.272244,13.426314,13.087361,13.111327,12296011
2024-04-12,13.232869,13.537584,13.217462,13.463973,14869533
2024-04-15,13.416041,13.429736,13.268819,13.296209,9005648
2024-04-16,13.2517,13.253411,12.972662,13.010324,10671359
2024-04-17,12.993205,13.148987,12.988069,13.121596,8390257
2024-04-18,13.07024,13.107901,12.917882,13.036001,7790937
2024-04-19,12.770659,13.068527,12.75354,13.059968,12106992
2024-04-22,13.138715,13.196919,13.005188,13.130156,6841001
2024-04-23,13.166105,13.284225,13.085647,13.284225,7356059
2024-04-24,13.421176,13.489652,12.991493,13.041138,12647880
2024-04-25,13.09763,13.215749,12.988069,13.056544,7959773
2024-04-26,13.164394,13.181512,13.0069,13.061681,8427046
2024-04-29,13.121596,13.16097,13.036002,13.073664,6375367
2024-04-30,13.133579,13.214037,12.938424,12.955543,8355224
2024-05-02,12.854542,12.856255,12.623438,12.68849,16392685
2024-05-03,12.70732,12.714168,12.544691,12.5892,8546828
2024-05-06,12.650827,12.774082,12.609742,12.714167,6136317
2024-05-07,12.719303,12.815169,12.702185,12.811746,6014785
2024-05-08,12.822016,12.842559,12.62515,12.784355,8159458
2024-05-09,12.796339,12.88878,12.762101,12.866526,6243747
2024-05-10,12.92473,13.085647,12.917882,12.993205,8680007
2024-05-13,12.994917,13.07024,12.946984,13.04285,5040145
2024-05-14,13.037713,13.104476,12.989779,12.989779,6055485
2024-05-15,13.027443,13.051409,12.840847,12.935001,8269104
2024-05-16,12.548113,12.702183,12.496757,12.650826,28523757
2024-05-17,12.686777,12.722727,12.654251,12.691913,11414328
2024-05-20,12.824067,12.928398,12.745818,12.745818,15048888
2024-05-21,12.737124,12.752774,12.585844,12.68322,9425450
2024-05-22,12.59106,12.603232,12.46934,12.563238,10594999
2024-05-23,12.502378,12.653659,12.488468,12.596276,7444290
2024-05-24,12.528461,12.54585,12.444996,12.505856,7718593
2024-05-27,12.519766,12.678002,12.493684,12.678002,5901924
2024-05-28,12.702346,12.711041,12.592799,12.657136,5978268
2024-05-29,12.691915,12.763208,12.500641,12.507596,9381241
2024-05-30,12.448473,12.545849,12.436301,12.491944,6410765
2024-05-31,12.526721,12.631053,12.502378,12.603231,14864320
2024-06-03,12.693652,12.775378,12.4989,12.535416,10556885
2024-06-04,12.451951,12.458907,12.123308,12.184168,20645224
2024-06-05,12.243289,12.288499,12.123308,12.125047,10324212
2024-06-06,12.168518,12.232855,12.086792,12.232855,8409579
2024-06-07,12.264155,12.288499,12.138957,12.16504,7782165
2024-06-10,12.104179,12.267631,12.064185,12.265892,7517995
2024-06-11,12.276326,12.309365,12.11809,12.161562,7181164
2024-06-12,12.2259,12.274588,12.098964,12.121569,7387897
2024-06-13,12.086794,12.140698,11.879869,11.926819,11725530
2024-06-14,11.904213,11.958117,11.732066,11.744238,12511103
2024-06-17,11.798142,11.895518,11.723371,11.766843,7474846
2024-06-18,11.810312,12.050274,11.780752,11.984199,8707857
2024-06-19,12.015498,12.1633,12.006804,12.083313,7822157
2024-06-20,12.086791,12.323275,12.081574,12.286759,12289144
2024-06-21,12.224162,12.307627,12.090269,12.116352,29704326
2024-06-24,12.069404,12.337187,12.067665,12.279805,9964478
2024-06-25,12.389352,12.551066,12.338926,12.37718,10191772
2024-06-26,12.403265,12.497163,12.3511,12.38066,8612283
2024-06-27,12.425867,12.568454,12.413695,12.444995,8801985
2024-06-28,12.507593,12.584103,12.438039,12.479772,8858063
2024-07-01,12.554543,12.707563,12.540632,12.63453,8894217
2024-07-02,12.667569,12.778856,12.608448,12.631053,10347986
2024-07-03,12.65018,12.690174,12.54411,12.57367,8856386
2024-07-04,12.591059,12.721473,12.587581,12.698868,4982040
2024-07-05,12.690174,12.74234,12.526722,12.566716,6433867
2024-07-08,12.523246,12.584105,12.42413,12.434564,8219157
2024-07-09,12.415434,12.42239,12.264154,12.269371,7666601
2024-07-10,12.246768,12.345882,12.217207,12.328494,6740670
2024-07-11,12.365008,12.399785,12.265893,12.345881,6433830
2024-07-12,12.417171,12.551064,12.399783,12.427605,6422603
2024-07-15,12.427606,12.460645,12.356313,12.378919,5196805
2024-07-16,12.337185,12.382395,12.137217,12.182427,10358316
2024-07-17,12.215467,12.371964,12.21025,12.288499,8008297
2024-07-18,12.380658,12.495422,12.371963,12.424129,7290781
2024-07-19,12.302409,12.354575,12.198078,12.241549,10821248
2024-07-22,12.311103,12.321537,12.189384,12.234593,7617669
2024-07-23,12.36501,12.405003,12.178953,12.194602,10541566
2024-07-24,12.198079,12.288499,12.107658,12.222423,7071495
2024-07-25,12.154607,12.215468,11.994633,12.189385,9713986
2024-07-26,12.653659,12.709302,12.488468,12.596276,23197318
2024-07-29,12.740601,12.811894,12.632791,12.719734,12151969
2024-07-30,12.7719,12.824066,12.684957,12.728429,8625791
2024-07-31,12.780596,12.964915,12.778858,12.865801,14416016
2024-08-01,12.872754,12.938831,12.587582,12.650181,10313202
2024-08-02,12.476297,12.564978,12.298933,12.359793,17370394
2024-08-05,12.017237,12.126785,11.911167,12.114614,18276013
2024-08-06,12.229377,12.23981,12.022453,12.104179,11594629
2024-08-07,12.19634,12.385876,12.116353,12.359793,10561009
2024-08-08,12.298932,12.405002,12.241549,12.405002,7569386
2024-08-09,12.450213,12.502379,12.392831,12.434564,6115060
2024-08-12,12.488468,12.594538,12.476296,12.568456,6609641
2024-08-13,12.580625,12.601492,12.410217,12.479772,6412644
2024-08-14,12.519766,12.564977,12.425868,12.455429,5663067
2024-08-16,12.667569,12.667569,12.502378,12.604971,9491528
2024-08-19,12.585843,12.756251,12.570194,12.709302,7711496
2024-08-20,12.676262,12.69539,12.575408,12.601492,7800344
2024-08-21,12.570195,12.650183,12.551067,12.620622,5542320
2024-08-22,12.571932,12.627575,12.521505,12.521505,6533753
2024-08-23,12.578888,12.691913,12.578888,12.691913,6378998
2024-08-26,12.719736,12.905793,12.705825,12.811895,8948204
2024-08-27,12.874494,12.938832,12.764946,12.782334,6124269
2024-08-28,12.780594,12.81711,12.707563,12.75625,5949601
2024-08-29,12.797986,12.895361,12.782335,12.872756,7515645
2024-08-30,12.91101,12.961436,12.714518,12.75799,25455328
2024-09-02,12.757989,12.810155,12.747556,12.780594,4272752
2024-09-03,12.813633,12.832761,12.431085,12.458906,14124653
2024-09-04,12.380658,12.490206,12.305887,12.314581,14519082
2024-09-05,12.288498,12.424129,12.278065,12.345881,9586646
2024-09-06,12.293715,12.338926,12.156346,12.161562,15191033
2024-09-09,12.231116,12.283282,12.156346,12.241549,8378967
2024-09-10,12.21025,12.239811,11.925078,11.965072,14169964
2024-09-11,11.965071,12.090269,11.848568,11.938989,12724453
2024-09-12,12.05897,12.097225,11.916384,12.041582,8879845
2024-09-13,12.135479,12.258938,12.095485,12.17895,9931156
2024-09-16,12.163302,12.283283,12.152869,12.271111,6971895
2024-09-17,12.293716,12.420652,12.291976,12.36327,8713379
2024-09-18,12.347619,12.396308,12.304148,12.389352,6007857
2024-09-19,12.497161,12.604971,12.478034,12.566716,9962564
2024-09-20,12.446735,12.514551,12.377181,12.417174,13044794
2024-09-23,12.521594,12.535753,12.335761,12.479118,9124848
2024-09-24,12.546374,12.663183,12.516286,12.532214,9991975
2024-09-25,12.484428,12.560532,12.335762,12.385318,10221457
2024-09-26,12.123381,12.171167,11.958787,12.008342,33068647
2024-09-27,12.010113,12.14816,12.010113,12.096835,13903452
2024-09-30,12.195944,12.23842,12.045508,12.107452,11577033
2024-10-01,12.087985,12.305675,12.026041,12.291516,12942627
2024-10-02,12.388857,12.661412,12.387087,12.493278,19719613
2024-10-03,12.549912,12.590618,12.364079,12.482658,12613223
2024-10-04,12.620706,12.709198,12.565841,12.675571,15253168
2024-10-07,12.689729,12.872021,12.618935,12.834855,13591175
2024-10-08,12.760524,12.795921,12.505667,12.560533,14764485
2024-10-09,12.480887,12.565839,12.436641,12.535752,8967846
2024-10-10,12.564072,12.664953,12.523366,12.620707,8828048
2024-10-11,12.613626,12.693269,12.592388,12.6738,6054793
2024-10-14,12.643712,12.758752,12.626014,12.702117,7469550
2024-10-15,12.475578,12.479119,12.282667,12.356999,23683990
2024-10-16,12.417175,12.502128,12.415405,12.420715,13110493
2024-10-17,12.424254,12.562302,12.420715,12.532214,9262803
2024-10-18,12.56584,12.624245,12.45611,12.479118,11096551
2024-10-21,12.495047,12.687959,12.491508,12.615396,11243895
2024-10-22,12.615395,12.67203,12.553451,12.634864,7566868
2024-10-23,12.57469,12.634864,12.541063,12.548142,6422743
2024-10-24,12.645483,12.739284,12.528674,12.588848,9486452
2024-10-25,12.716277,12.868483,12.606548,12.767603,14972941
2024-10-28,12.548144,12.608318,12.394167,12.560533,21988894
2024-10-29,12.565842,12.610088,12.420715,12.420715,12336654
2024-10-30,12.397706,12.555221,12.381777,12.381777,11746091
2024-10-31,12.371158,12.427793,12.293286,12.399476,13278403
2024-11-01,12.433103,12.579999,12.403015,12.418944,10050271
2024-11-04,12.4685,12.537523,12.408325,12.408325,8255322
2024-11-05,12.438411,12.512745,12.410094,12.491507,7245219
2024-11-06,12.480888,12.594158,12.257889,12.392396,15979835
2024-11-07,12.45611,12.5623,12.438412,12.468499,11765509
2024-11-08,12.473809,12.484428,12.314524,12.326913,9121793
2024-11-11,12.388858,12.489739,12.388858,12.397707,10239790
2024-11-12,12.372929,12.403016,12.169398,12.222493,13521648
2024-11-13,12.220723,12.247271,12.04551,12.139311,12046256
2024-11-14,12.165858,12.445492,12.165858,12.397707,11982892
2024-11-15,12.310983,12.542832,12.303904,12.473808,12713073
2024-11-18,12.504439,12.578312,12.416151,12.518853,10609830
2024-11-19,12.518854,12.556692,12.255793,12.37291,11958411
2024-11-20,12.416151,12.455791,12.34408,12.367503,6796929
2024-11-21,12.403539,12.479215,12.327864,12.444981,8432149
2024-11-22,12.517053,12.58372,12.42336,12.536873,8836379
2024-11-25,12.549485,12.601736,12.378314,12.378314,15267900
2024-11-26,12.282819,12.309846,12.12246,12.12246,14735208
2024-11-27,12.108046,12.113451,11.933272,12.086425,10299320
2024-11-28,12.073813,12.120659,12.026966,12.093632,6782174
2024-11-29,12.035974,12.131469,12.035974,12.077415,8509460
2024-12-02,11.99093,12.106244,11.945885,12.019758,11448543
2024-12-03,12.063001,12.174712,12.043181,12.135073,13102740
2024-12-04,12.196333,12.275612,12.109847,12.149487,10327335
2024-12-05,12.081019,12.144081,12.046785,12.120659,11442824
2024-12-06,12.153089,12.241378,12.02336,12.090027,12505724
2024-12-09,12.124261,12.246783,12.124261,12.156693,14490689
2024-12-10,12.09363,12.135072,12.037776,12.075613,12070047
2024-12-11,12.026964,12.111648,12.005342,12.048585,11448917
2024-12-12,12.117054,12.162099,11.999937,11.999937,11364600
2024-12-13,12.063,12.081018,11.940478,11.978315,10387842
2024-12-16,11.936876,11.985524,11.801742,11.801742,14489018
2024-12-17,11.621562,11.745886,11.063006,11.517058,24123825
2024-12-18,11.603543,11.684624,11.554895,11.614354,11585695
2024-12-19,11.522462,11.565706,11.486427,11.515255,13259128
2024-12-20,11.37832,11.484626,11.340483,11.463004,29781699
2024-12-23,11.448591,11.46841,11.385527,11.443185,9041677
2024-12-27,11.522463,11.670211,11.486428,11.670211,11368344
2024-12-30,11.666606,11.794534,11.641381,11.792732,10601613
2025-01-02,11.870209,12.145884,11.864804,12.127866,16041557
2025-01-03,12.144081,12.232369,12.05219,12.135073,10375576
2025-01-06,12.225162,12.288225,12.091829,12.288225,10169996
2025-01-07,12.171109,12.311649,12.138676,12.308044,9615600
2025-01-08,12.315252,12.369305,12.208946,12.317054,10284370
2025-01-09,12.198135,12.392728,12.194532,12.376513,9734995
2025-01-10,12.387324,12.639575,12.345883,12.381919,17049554
2025-01-13,12.468405,12.545882,12.441378,12.497233,9116516
2025-01-14,12.399936,12.435972,12.35309,12.381919,11347566
2025-01-15,12.468404,12.603538,12.457593,12.598133,13160522
2025-01-16,12.650385,12.67561,12.540476,12.562098,9221847
2025-01-17,12.670206,12.736872,12.641377,12.695431,11902177
2025-01-20,12.693628,12.702637,12.506241,12.51525,9710387
2025-01-21,12.499035,12.522458,12.315253,12.365703,10075032
2025-01-22,12.326064,12.426964,12.270208,12.320658,9732894
2025-01-23,12.22336,12.336873,12.217955,12.246783,7604022
2025-01-24,12.234171,12.252189,12.039578,12.079217,12151307
2025-01-27,12.061198,12.171108,12.017956,12.081018,7942963
2025-01-28,12.154892,12.22336,12.072009,12.100839,9807528
2025-01-29,12.133272,12.153091,12.010749,12.117055,10759906
2025-01-30,12.160299,12.300839,12.12066,12.284622,7858552
2025-01-31,12.333269,12.403539,12.270207,12.342278,9164612
2025-02-03,12.207143,12.297232,12.181918,12.279215,10100499
2025-02-04,12.219757,12.417954,12.109848,12.417954,12077996
2025-02-05,12.414351,12.475611,12.342279,12.381919,10099562
2025-02-06,12.405341,12.572907,12.399935,12.443178,9915681
2025-02-07,12.387323,12.508043,12.385522,12.488224,10387844
2025-02-10,12.536872,12.599935,12.477413,12.509845,11074835
2025-02-11,12.567502,12.691826,12.567502,12.668403,12071339
2025-02-12,12.623359,12.662998,12.553089,12.635971,9838591
2025-02-13,12.508043,12.619755,12.488224,12.60534,10167355
2025-02-14,12.549484,12.724258,12.540475,12.646781,10449898
2025-02-17,12.598134,12.726061,12.587323,12.681016,7058951
2025-02-18,12.711646,12.726061,12.639575,12.697232,6955066
2025-02-19,12.720655,12.807141,12.637772,12.661196,10157990
2025-02-20,12.630565,12.690024,12.589123,12.662996,6444889
2025-02-21,12.598133,12.639574,12.536872,12.578313,9504049
2025-02-24,12.616152,12.662999,12.500838,12.644981,7590215
2025-02-25,12.634169,12.841375,12.617952,12.736871,13040501
2025-02-26,12.771106,12.868403,12.726062,12.859394,10862985
2025-02-27,12.792727,12.974709,12.562098,12.679214,20245656
2025-02-28,12.540476,12.62516,12.376513,12.481017,37160454
2025-03-03,12.567502,12.668403,12.435972,12.477413,12535109
2025-03-04,12.162098,12.198134,11.839578,11.949487,34245342
2025-03-05,12.070209,12.088228,11.814355,11.841382,16349674
2025-03-06,11.929668,11.985523,11.834173,11.906244,12880343
2025-03-07,11.999938,12.241379,11.926065,12.194532,16476744
2025-03-10,12.275612,12.367502,12.199936,12.279215,11895478
2025-03-11,12.345882,12.466602,12.198135,12.20354,11808986
2025-03-12,12.306243,12.329666,12.127865,12.297234,9736032
2025-03-13,12.252189,12.365701,12.225162,12.302639,8757739
2025-03-14,12.327865,12.358496,12.226964,12.358496,8202491
2025-03-17,12.41435,12.634169,12.376512,12.634169,14017775
2025-03-18,12.652186,12.82696,12.637772,12.747681,16310600
2025-03-19,12.783718,12.936871,12.77471,12.91525,15641481
2025-03-20,12.945879,13.02696,12.808943,13.014347,13273164
2025-03-21,12.953086,13.01795,12.890023,12.951284,27935504
2025-03-24,13.042968,13.055804,12.855933,12.892607,10183630
2025-03-25,13.055802,13.138318,12.991624,13.037466,11945306
2025-03-26,13.092478,13.252009,13.088811,13.189663,13614289
2025-03-27,13.094311,13.290516,13.074142,13.281347,10256303
2025-03-28,13.173159,13.268511,13.097978,13.110814,9296469
2025-03-31,13.039301,13.145655,12.94395,13.108981,10360371
2025-04-01,13.163991,13.211667,13.066806,13.206166,8665563
2025-04-02,13.198831,13.220835,13.017297,13.121817,8356812
2025-04-03,12.881606,12.997127,12.436021,12.53504,25849867
2025-04-04,12.437853,12.47086,11.796065,11.966598,35385185
2025-04-07,11.368818,11.577858,11.002083,11.042423,48554374
2025-04-08,11.233125,11.299138,10.873723,10.901229,30739219
2025-04-09,10.543662,10.585836,10.094411,10.299783,38517007
2025-04-10,11.242295,11.414661,10.596839,10.596839,27144344
2025-04-11,10.604174,10.688523,10.45748,10.541829,14276050
2025-04-14,10.778372,10.961741,10.745367,10.798543,15113724
2025-04-15,10.842552,11.038755,10.827883,10.965408,25414693
2025-04-16,10.791208,11.196451,10.750866,11.161611,15927987
2025-04-17,11.198286,11.280801,11.099267,11.251463,10014641
2025-04-22,11.223956,11.409158,11.176281,11.366983,9957392
2025-04-23,11.497176,11.665875,11.333979,11.396324,15140726
2025-04-24,11.566856,11.695213,11.515513,11.636536,12283382
2025-04-25,11.709883,11.752057,11.555854,11.697047,9692243
2025-04-28,11.781397,11.807068,11.629201,11.660374,11653957
2025-04-29,11.64387,11.711716,11.55402,11.631034,10147275
2025-04-30,11.561355,11.649372,11.451334,11.64387,18597543
2025-05-02,11.722719,11.792399,11.469671,11.60353,14493640
2025-05-05,11.530182,11.605363,11.370652,11.528349,12390337
2025-05-06,11.640202,11.682377,11.583358,11.658539,10272734
2025-05-07,11.642036,11.665874,11.510011,11.598027,10496569
2025-05-08,11.607196,11.687878,11.585192,11.686045,9587009
2025-05-09,11.735554,11.966597,11.726385,11.918921,14873901
2025-05-12,12.10229,12.294826,12.083953,12.164635,16423155
2025-05-13,12.129794,12.353503,12.094955,12.353503,11506183
2025-05-14,12.368175,12.423186,12.278325,12.327834,11794818
2025-05-15,12.203143,12.239816,12.120627,12.215979,13188085
2025-05-16,12.283824,12.377342,12.256319,12.278323,11688379
2025-05-19,12.313827,12.373621,12.184895,12.21853,9796177
2025-05-20,12.188633,12.265244,12.138182,12.265244,10791548
2025-05-21,12.280192,12.283929,12.164342,12.164342,9314814
2025-05-22,12.052227,12.07465,11.913954,11.977485,14644797
2025-05-23,12.0242,12.055966,11.747653,11.917691,14714785
2025-05-26,12.052226,12.136312,12.012987,12.080256,6930568
2025-05-27,12.061571,12.207319,12.061571,12.143788,7893857
2025-05-28,12.156866,12.233477,12.11202,12.11202,8202179
2025-05-29,12.188631,12.224134,12.070912,12.080256,6581707
2025-05-30,12.136313,12.227873,12.091468,12.119496,16905222
2025-06-02,12.154999,12.353066,12.130707,12.304483,12009400
2025-06-03,12.364278,12.442757,12.282061,12.427809,10709715
2025-06-04,12.394173,12.480127,12.293271,12.311957,10012847
2025-06-05,12.285798,12.433414,12.25777,12.339987,10089810
2025-06-06,12.377357,12.47826,12.358671,12.472654,8432359
2025-06-09,12.459574,12.521237,12.392306,12.472654,6203614
2025-06-10,12.510027,12.784705,12.493209,12.773494,16274548
2025-06-11,12.717436,12.831418,12.693145,12.752938,8827382
2025-06-12,12.865052,12.980903,12.818338,12.947268,15094195
2025-06-13,13.25745,13.360221,12.9454,13.081805,23751198
2025-06-16,13.210736,13.24437,13.020142,13.074331,14050282
2025-06-17,13.119176,13.235028,13.087411,13.221948,11840464
2025-06-18,13.248106,13.276135,13.158415,13.2425,15578689
2025-06-19,13.285478,13.401329,13.27053,13.319112,15918846
2025-06-20,13.343404,13.406936,13.203262,13.365827,22793569
2025-06-23,13.425621,13.49102,13.289216,13.289216,16371993
2025-06-24,12.810864,12.960349,12.691276,12.951007,26496110
2025-06-25,12.926715,12.965955,12.82955,12.837024,9425890
2025-06-26,12.846366,12.906161,12.769756,12.808995,8604490
2025-06-27,12.795915,12.921108,12.773492,12.921108,7023569
2025-06-30,12.937926,12.937926,12.773493,12.85571,9678454
2025-07-01,12.853842,12.90803,12.810865,12.883739,5479458
2025-07-02,12.965955,13.177102,12.941664,13.057514,13399030
2025-07-03,13.175234,13.180839,13.053777,13.06312,7505002
2025-07-04,13.02388,13.042566,12.95848,13.007063,5596887
2025-07-07,12.949138,13.001458,12.872527,12.945401,7347333
2025-07-08,12.967823,13.193919,12.965955,13.188313,10989018
2025-07-09,13.248107,13.360221,13.221948,13.317244,11765700
2025-07-10,13.341534,13.388249,13.229421,13.343403,7780174
2025-07-11,13.356484,13.380776,13.235028,13.34901,8813294
2025-07-14,13.257449,13.391986,13.229421,13.264924,7023097
2025-07-15,13.238764,13.315375,13.225685,13.263056,5754068
2025-07-16,13.276136,13.382644,13.199525,13.270531,6396744
2025-07-17,13.315376,13.328455,13.165891,13.21821,7521818
2025-07-18,13.30977,13.378906,13.233158,13.233158,10889134
2025-07-21,13.220079,13.304164,13.178971,13.227553,5611599
2025-07-22,13.173366,13.278005,13.173366,13.236897,5835197
2025-07-23,13.328456,13.461124,13.294822,13.360222,11421492
2025-07-24,13.472336,13.533998,13.352747,13.45365,10606439
2025-07-25,13.485415,13.733934,13.369565,13.698431,18963000
2025-07-28,13.743277,13.789992,13.633032,13.776912,11624798
2025-07-29,13.804939,13.874076,13.765699,13.832967,9797024
2025-07-30,13.92079,14.004876,13.793728,13.915185,13824572
2025-07-31,13.911448,13.961899,13.799334,13.930133,13301790
2025-08-01,13.864734,13.890894,13.66106,13.733934,11003424
2025-08-04,13.733933,13.827362,13.681614,13.705905,7253653
2025-08-05,13.743277,13.853523,13.683483,13.776912,7792195
2025-08-06,13.846048,14.03851,13.838574,13.915185,14153108
2025-08-07,13.862864,13.952555,13.773173,13.832967,10088984
2025-08-08,13.782515,13.937606,13.77691,13.827361,8660906
2025-08-11,13.838574,13.864734,13.769437,13.803071,6031036
2025-08-12,13.838572,13.956291,13.831097,13.939474,7195205
2025-08-13,13.8965,13.958162,13.84418,13.958162,7093569
2025-08-14,13.98619,14.001138,13.913316,13.988058,7575327
2025-08-18,14.060932,14.092697,13.930133,13.965635,8449114
2025-08-19,13.958162,14.036642,13.926397,14.016088,7851033
2025-08-20,14.01235,14.118859,13.978716,14.094567,7473218
2025-08-21,14.126332,14.227234,14.107647,14.161835,9022485
2025-08-22,14.212285,14.330004,14.184256,14.227233,11152474
2025-08-25,14.257132,14.27208,14.16931,14.244052,6691122
2025-08-26,14.264604,14.287027,14.156229,14.19173,20901536
2025-08-27,14.201074,14.273948,14.173045,14.223496,6693099
2025-08-28,14.21976,14.255262,14.150622,14.182388,6894444
2025-08-29,14.242183,14.305714,14.176783,14.240314,9651796
2025-09-01,14.296371,14.378588,14.287028,14.311319,8588317
2025-09-02,14.245919,14.272079,14.094566,14.16557,12515711
2025-09-03,14.236577,14.259,13.866602,13.909578,14848732
2025-09-04,13.874077,13.982453,13.827363,13.946951,7632332
2025-09-05,13.984321,14.004875,13.552682,13.664797,14927417
2025-09-08,13.771306,13.808677,13.681615,13.722723,7965752
2025-09-09,13.782516,14.029166,13.775042,13.961898,11294995
2025-09-10,13.958161,13.982452,13.86847,13.974978,6152974
2025-09-11,14.051589,14.109515,13.89463,13.941344,8044454
2025-09-12,13.85539,14.008613,13.846047,13.903973,7442315
2025-09-15,13.941344,13.993663,13.836705,13.883418,7558862
2025-09-16,13.902104,13.976847,13.804939,13.976847,7376648
2025-09-17,13.98619,13.98619,13.832967,13.883418,6906145
2025-09-18,13.874076,13.95816,13.825493,13.917052,7903798
2025-09-19,13.924529,13.978717,13.812415,13.814283,23269513
2025-09-22,13.865638,13.903678,13.766733,13.875148,8037183
2025-09-23,13.884656,14.183271,13.846616,14.112897,10978661
2025-09-24,14.118602,14.403903,14.076758,14.369667,14267883
2025-09-25,14.369667,14.481886,14.280273,14.413414,10887006
2025-09-26,14.502809,14.594105,14.384885,14.594105,11660177
2025-09-29,14.512319,14.573183,14.318313,14.34304,10194429
2025-09-30,14.297393,14.297393,14.061544,14.137624,14996939
2025-10-01,14.150937,14.276469,14.131916,14.251743,9022370
2025-10-02,14.141427,14.246037,14.137624,14.147134,9060318
2025-10-03,14.169957,14.20039,14.139526,14.175664,8185829
2025-10-06,14.244136,14.430533,14.225116,14.367766,10528198
2025-10-07,14.411512,14.491396,14.360158,14.430532,9320041
2025-10-08,14.55036,14.582694,14.500908,14.537046,10786026
2025-10-09,14.588399,14.772894,14.582693,14.624537,13779846
2025-10-10,14.502808,14.55226,14.181369,14.221312,17889280
2025-10-13,14.291685,14.318313,14.169956,14.238429,7467022
2025-10-14,14.179467,14.194683,13.979756,13.979756,14695455
2025-10-15,13.975953,14.08627,13.970246,14.000679,9345220
2025-10-16,14.055836,14.118603,14.025405,14.042522,6870097
2025-10-17,13.865636,14.137624,13.827596,14.116701,11973801
2025-10-20,14.131917,14.26696,14.091975,14.147134,8408418
2025-10-21,14.18327,14.272665,14.152838,14.169956,7832427
2025-10-22,14.312608,14.422925,14.27647,14.384885,12355791
2025-10-23,14.597909,14.86419,14.576986,14.822346,30583218
2025-10-24,15.054391,15.246494,14.871798,15.060098,21544743
2025-10-27,15.12096,15.172315,14.934564,15.160903,8798493
2025-10-28,15.02586,15.143784,14.957387,15.107646,8829732
2025-10-29,15.124765,15.244592,15.096234,15.179923,8775537
2025-10-30,15.197042,15.197042,15.046783,15.139982,8563486
2025-10-31,15.145688,15.212259,15.046783,15.162807,10917875
2025-11-03,15.225573,15.318771,15.149492,15.170414,8425260
2025-11-04,15.12096,15.13047,14.904131,15.13047,10518609
2025-11-05,15.071509,15.202748,15.056293,15.18563,7194438
2025-11-06,15.122864,15.210356,15.084824,15.16661,7509064
2025-11-07,15.225572,15.261711,15.010646,15.151394,7401986
2025-11-10,15.227472,15.358711,15.200845,15.358711,10069151
2025-11-11,15.406264,15.676347,15.358712,15.657329,12959675
2025-11-12,15.680152,15.742918,15.585051,15.624993,9408893
2025-11-13,15.619286,15.680152,15.583148,15.651621,6106520
2025-11-14,15.651621,15.687759,15.465223,15.666838,7839107
2025-11-17,15.663034,15.792372,15.632602,15.723899,8274129
2025-11-18,15.548913,15.604072,15.425282,15.529893,8882789
2025-11-19,15.577443,15.672544,15.31687,15.423382,8051185
2025-11-20,15.524186,15.604071,15.482343,15.497558,7107536
2025-11-21,15.307358,15.351104,15.170412,15.307358,12320520
2025-11-24,15.417553,15.462018,15.1527,15.185565,14399700
2025-11-25,15.214563,15.324758,15.108236,15.156567,9381741
2025-11-26,15.417553,15.467818,15.338291,15.452352,8440055
2025-11-27,15.454284,15.454284,15.324758,15.398221,5003577
2025-11-28,15.398221,15.610876,15.394354,15.593477,7406356
2025-12-01,15.506481,15.663073,15.491014,15.63794,7710953
2025-12-02,15.637941,15.719137,15.556746,15.647608,7439096
2025-12-03,15.628274,15.869928,15.607009,15.806131,7741521
2025-12-04,15.871862,15.873796,15.645674,15.804199,6650581
2025-12-05,15.465883,15.614741,15.373088,15.564477,13631804
2025-12-08,15.504549,15.624408,15.456217,15.531614,6433118
2025-12-09,15.483282,15.65534,15.483282,15.570278,6634646
2025-12-10,15.581878,15.680473,15.477482,15.479416,7780999
2025-12-11,15.465884,15.514214,15.365356,15.373089,8646456
2025-12-12,15.402087,15.500682,15.34409,15.405953,6888467
2025-12-15,15.556746,15.562546,15.347957,15.347957,8460000
2025-12-16,15.344089,15.369222,15.034772,15.079237,14107123
2025-12-17,15.146899,15.311224,15.085035,15.115967,9573701
2025-12-18,15.241628,15.26096,15.141099,15.197164,9078392
2025-12-19,15.102435,15.405953,15.102435,15.367289,19410242
2025-12-22,15.47555,15.547079,15.380821,15.516148,8813483
2025-12-23,15.508415,15.539346,15.427218,15.427218,5723228
2025-12-29,15.510348,15.529681,15.423353,15.442685,6624648
2025-12-30,15.47555,15.624409,15.473616,15.60121,8041391
2026-01-02,15.630208,15.889261,15.630208,15.815798,9750885
2026-01-05,15.958859,16.190847,15.713338,16.045855,15694062
2026-01-06,16.07872,16.169582,15.906661,15.906661,8962346
2026-01-07,15.512282,15.634075,15.166232,15.166232,26647040
2026-01-08,15.197164,15.317024,15.141099,15.204896,9324331
2026-01-09,15.369222,15.560613,15.305426,15.529681,14017810
2026-01-12,15.581878,15.597343,15.479416,15.543213,8651826
2026-01-13,15.605076,15.918261,15.55288,15.877664,13786315
2026-01-14,15.87573,16.163782,15.8274,16.161848,13804823
2026-01-15,16.04972,16.067119,15.752001,15.895061,15044180
2026-01-16,15.891196,16.018789,15.794534,16.018789,10292623
2026-01-19,15.92406,16.009122,15.833196,15.91826,5707894
2026-01-20,15.794534,15.873797,15.701738,15.829331,7304486
2026-01-21,15.804199,16.059386,15.781,15.96079,9113881
2026-01-22,16.045853,16.117382,15.819663,15.91826,9482530
2026-01-23,15.945327,16.28171,15.922128,16.233379,13231446
2026-01-26,16.322307,16.384172,16.215979,16.215979,7492671
2026-01-27,16.210179,16.384171,16.053586,16.384171,8945446
2026-01-28,16.432501,16.573627,16.391903,16.505964,10611494
2026-01-29,16.629693,16.956409,16.61616,16.811417,15429927
2026-01-30,16.627756,16.75535,16.546561,16.650955,10433669
2026-02-02,16.239177,16.660623,16.159916,16.645157,9976434
2026-02-03,16.722485,16.819147,16.544627,16.745684,8722300
2026-02-04,16.968008,17.095602,16.819148,16.981541,10388439
2026-02-05,16.877144,17.074334,16.801749,16.906143,9826019
2026-02-06,17.060803,17.300525,16.948676,17.242527,13899824
2026-02-09,17.1188,17.277327,17.045339,17.27346,7257579
2026-02-10,17.254126,17.404918,17.141997,17.344988,7648262
2026-02-11,17.414586,17.669773,17.362388,17.65624,12294610
2026-02-12,17.718103,17.824431,17.470648,17.497713,8525730
2026-02-13,17.408784,17.590507,17.317922,17.576975,9104917
2026-02-16,17.640773,17.658172,17.505448,17.542179,4483027
2026-02-17,17.515114,17.733569,17.393319,17.520912,6814923
2026-02-18,17.520913,17.837965,17.507381,17.768368,8904648
2026-02-19,17.940426,18.040955,17.863097,18.015823,11168034
2026-02-20,18.013887,18.060285,17.880493,17.957823,7382614
2026-02-23,17.957823,18.168546,17.882428,18.060286,7458627
2026-02-24,18.168547,18.220745,18.031287,18.124083,6595158
2026-02-25,18.197546,18.255543,18.075753,18.255543,8372165
2026-02-26,18.32707,18.721451,18.269073,18.711784,14803717
2026-02-27,18.694389,19.193164,18.613193,18.99984,15617623
2026-03-02,19.912326,20.076651,19.295623,19.690004,27165382
2026-03-03,19.767334,19.83983,19.284026,19.371021,19360278
2026-03-04,19.284023,19.361353,19.0675,19.293688,14482672
2026-03-05,19.487011,19.612672,19.226024,19.545008,13834221
2026-03-06,19.49668,19.950989,19.448349,19.839828,15752197
2026-03-09,19.912325,20.395634,19.776998,20.29414,18636791
2026-03-10,19.786665,20.313471,19.723836,20.173313,13928259
2026-03-11,20.120149,20.574459,20.004154,20.574459,14861991
2026-03-12,20.617957,21.096433,20.555126,21.038435,16274909
2026-03-13,21.26559,21.603907,21.207594,21.603907,16999677
2026-03-16,21.632904,21.889059,21.492746,21.78273,11417869
2026-03-17,21.782729,22.62852,21.768231,22.565689,14466347
2026-03-18,22.280539,22.502862,22.106549,22.299871,15334609
2026-03-19,22.367533,23.213323,22.338535,23.135994,21365575
2026-03-20,22.884673,23.034499,22.575356,22.831511,30357205
2026-03-23,22.680017,22.860832,21.565809,22.010515,21119075
2026-03-24,22.235311,22.469881,22.103365,22.450333,11746078
2026-03-25,21.971418,22.758206,21.824812,22.655582,13058681
2026-03-26,22.772867,23.110063,22.758207,23.105175,11525614
2026-03-27,23.212686,23.383726,22.680016,23.383726,13703401
2026-03-30,23.476579,24.126534,23.471691,23.999475,15344850
2026-03-31,23.78934,24.395312,23.613412,24.287802,15048328
2026-04-01,23.613411,23.794226,23.051419,23.139383,20531986
2026-04-02,23.720923,24.243819,23.681827,24.126534,19809465
2026-04-07,24.170516,24.449068,24.00925,24.32201,13355374
2026-04-08,22.381916,22.968342,21.79549,22.968342,28224157
2026-04-09,23.461918,23.877304,23.134498,23.877304,15128119
2026-04-10,23.457031,23.867529,23.144271,23.408163,12111892
2026-04-13,23.926171,23.955493,23.344632,23.466805,10940012
2026-04-14,23.388616,23.422824,22.78753,22.953684,11624740
2026-04-15,22.855944,23.06608,22.665356,22.78264,9574620
2026-04-16,22.572504,22.93902,22.37703,22.875492,9511692
2026-04-17,23.10029,23.10029,20.964724,21.26771,26530315
2026-04-20,21.946985,22.064271,21.648885,21.800379,13562513
2026-04-21,21.746623,22.010515,21.697755,21.898117,9414654
2026-04-22,21.971419,22.655583,21.863909,22.421013,9954381
2026-04-23,22.743547,22.958569,22.626261,22.689791,8387336
2026-04-24,22.870606,22.997666,22.4259,22.430788,11579942
2026-04-27,22.523637,22.650695,22.245085,22.484541,9283584
2026-04-28,22.723999,23.227347,22.684903,22.885267,14018022
2026-04-29,22.919475,23.168706,22.826624,23.110064,6222442
2026-04-30,23.378841,23.481465,23.046533,23.457031,13151974
2026-05-04,23.37884,23.789338,23.22246,23.354406,8161618
2026-05-05,23.505899,23.647619,23.271329,23.422823,6556954
2026-05-06,23.178479,23.188253,21.7173,22.450333,19769451
2026-05-07,22.381917,22.381917,21.731963,21.878569,13216551
2026-05-08,22.108252,22.435672,22.039834,22.254858,9981186
2026-05-11,22.494315,23.012325,22.489429,22.929247,11210703
2026-05-12,23.119837,23.290877,22.880379,23.134497,8608265
2026-05-13,23.193138,23.437483,23.036758,23.036758,7576822
2026-05-14,23.0221,23.08563,22.846172,23.046534,5516757
2026-05-15,23.28599,23.329972,22.968342,22.98789,8044715
2026-05-18,23.31417,23.729435,23.185636,23.729435,8781419
2026-05-19,23.53169,23.937068,23.482254,23.591015,8781190
2026-05-20,23.615732,23.778871,23.20541,23.274622,8539738
2026-05-21,23.235073,23.768986,23.215298,23.521805,9168224
2026-05-22,23.324057,23.393268,22.760484,23.032383,10101338
2026-05-25,22.676442,22.78026,22.434205,22.78026,6528200
2026-05-26,22.908792,23.116424,22.622061,22.908792,7559021
2026-05-27,22.651724,22.676441,22.023882,22.266121,10427073
2026-05-28,22.463866,22.612176,22.216684,22.384768,6952458
2026-05-29,22.241403,22.330387,22.043657,22.276009,35484171
2026-06-01,22.453978,22.884076,22.41443,22.760485,10059569
2026-06-02,22.592401,22.928568,22.48364,22.884075,6262530
2026-06-03,23.086765,23.324059,23.057102,23.19058,8623462
2026-06-04,22.987891,23.215297,22.780259,23.151031,5772258
2026-06-05,23.175749,23.284508,22.958228,23.284508,5987174
2026-06-08,23.482255,23.818422,23.180693,23.235073,7662962
2026-06-09,23.136199,23.348776,22.834637,22.8643,7609498
2026-06-10,22.938455,23.269678,22.884075,23.240015,6575043
2026-06-11,23.333946,23.744267,23.333946,23.487198,7822776
2026-06-12,22.72588,23.10654,22.453978,22.958229,15718692
2026-06-15,22.0486,22.191965,21.727265,21.880516,17402298
2026-06-16,21.806364,22.01894,21.761871,21.761871,12222991
2026-06-17,21.643222,21.811305,21.262562,21.583899,12345350
2026-06-18,21.445479,21.504802,20.852243,20.901678,15675366
2026-06-19,21.267506,21.480083,21.064818,21.39604,18795948
2026-06-22,21.504802,21.51469,21.208185,21.331776,6896448
2026-06-23,21.316943,21.455366,21.213127,21.25762,5454341
2026-06-24,21.232902,21.267507,20.486413,20.560568,11941986
2026-06-25,20.387542,20.456752,19.957444,20.249119,12861436
2026-06-26,20.239231,20.288668,19.947556,19.987106,10890393
2026-06-29,20.160132,20.402371,20.140359,20.268892,6879954
2026-06-30,20.189795,20.402371,20.11564,20.387541,7284910
2026-07-01,20.273836,20.333161,19.853628,19.853628,9337685
2026-07-02,19.734979,20.23923,19.645996,20.179907,7422672
2026-07-03,20.298557,20.313387,20.090923,20.214514,4349839
2026-07-06,20.298556,20.308444,20.001937,20.160133,6428933
2026-07-07,20.268893,20.471582,20.244176,20.273836,7701323
2026-07-08,20.837412,21.134029,20.713821,21.015381,15925540
2026-07-09,20.87696,21.035157,20.708877,20.7682,8228871
2026-07-10,20.698988,20.783031,20.441919,20.521017,6377329
2026-07-13,20.980775,21.316942,20.857184,21.316942,9785683
2026-07-14,21.593787,21.766814,21.455366,21.455366,11650935
2026-07-15,21.524577,21.564125,21.007967,21.010439,6421013
2026-07-16,21.119199,21.138972,20.748426,20.872017,10191072
2026-07-17,21.010438,21.499859,20.970888,21.400986,8628946
2026-07-20,21.712432,21.76187,21.183464,21.39604,6685186
2026-07-21,21.475139,21.717378,21.400985,21.623449,7848827
2026-07-22,21.850856,22.172191,21.761871,22.053545,10036359
2026-07-23,22.246346,22.775315,22.172191,22.706104,11430510
2026-07-24,22.488584,22.760483,22.374879,22.701159,8663020
2026-07-27,21.751982,22.221628,21.603674,22.147472,13820775
2026-07-28,22.063432,22.216684,21.766813,21.766813,8831375
2026-07-29,22.651723,23.388325,22.542962,23.309227,17457595
2026-07-30,23.43282,23.630564,23.116425,23.630564,11394093
2026-07-31,23.383382,23.749211,23.383382,23.709661,9533414
2026-08-03,23.264735,23.437761,23.037326,23.427874,10116218
2026-08-04,23.432818,23.887631,22.765426,22.98789,11476822
2026-08-05,22.879131,23.269679,22.72588,22.824751,7867110
2026-08-06,22.898906,23.141145,22.824751,23.1362,6553027
2026-08-07,23.235072,23.304283,22.844525,23.017553,5423436
2026-08-10,22.98789,23.403155,22.928567,23.309227,5598271
2026-08-11,23.670113,23.85797,23.55641,23.778872,7598423
2026-08-12,23.778872,23.902462,23.511917,23.591015,7055579
2026-08-13,23.729436,23.749211,23.146087,23.437761,6235898
2026-08-14,23.531689,23.591014,23.378438,23.427874,5362986
2026-08-17,23.452591,23.620675,23.343832,23.506971,4029994
2026-08-18,23.808533,23.986504,23.660224,23.729435,6788017
2026-08-19,23.971674,23.971674,23.660225,23.660225,7695414
2026-08-20,23.82831,24.27818,23.689887,24.273235,8943970
2026-08-21,24.263349,24.367165,23.853027,23.867857,7099428
2026-08-24,23.788759,23.902462,23.269678,23.269678,7332667
2026-08-25,23.324059,23.442705,22.790145,23.002722,8311230
2026-08-26,22.790144,22.854412,22.557795,22.765427,8523729
2026-08-27,22.720934,22.795089,22.369937,22.453978,7314237
2026-08-28,22.671498,22.800032,22.424317,22.533077,5607235
2026-08-31,22.839582,23.151031,22.804977,23.042271,11677723
2026-09-01,23.304284,23.51686,23.210356,23.398214,8680762
2026-09-02,23.680001,23.744267,23.254849,23.541578,7330108
2026-09-03,23.432819,23.620675,23.200467,23.591015,5905826
2026-09-04,23.482255,23.536635,22.72588,22.814865,8907914
2026-09-07,22.987891,23.165862,22.948341,22.948341,6557063
2026-09-08,23.235073,23.314171,22.958229,23.235073,8542023
2026-09-09,23.487197,23.704718,23.462479,23.68,8728416
2026-09-10,23.68,24.026052,23.600902,23.783815,7729266
2026-09-11,23.927181,23.932124,23.482253,23.729435,8279155
2026-09-14,24.085377,24.179306,23.541577,23.739323,7752646
2026-09-15,23.768986,24.154589,23.689886,24.154589,9832185
2026-09-16,24.124927,24.218857,23.793705,23.961788,7624561
2026-09-17,23.749212,23.961788,23.531691,23.818422,7398642
2026-09-18,23.610788,23.68,23.398213,23.68,13175803
2026-09-21,23.5,23.629999,23.295,23.469999,6013466
2026-09-22,23.540001,23.709999,22.93,23.379999,9538219
2026-09-23,23.235001,24.040001,23.215,24.040001,7553110
2026-09-24,24.120001,24.389999,24.030001,24.375,8819381
2026-09-25,24.129999,24.344999,23.895,24.09,6757824
2026-09-28,24.34,24.745001,24.334999,24.58,9667393
2026-09-29,24.469999,24.57,24.01,24.290001,8347073
2026-09-30,24.16,24.215,23.9,24.02,8031027
2026-10-01,23.799999,24.15,23.549999,24.030001,6664093
2026-10-02,24.02,24.415001,23.84,24.190001,6997539
2026-10-05,24.344999,24.504999,24.07,24.41,5930233
2026-10-06,24.299999,24.6,23.99,24.135,7002572
2026-10-07,24.1,24.465,24.055,24.235001,7337517
2026-10-08,24.4,25.049999,24.344999,24.879999,10744848
