Date,Open,High,Low,Close,Volume
2000-01-03,0.699836,0.70325,0.662283,0.665698,23897648
2000-01-04,0.660577,0.670819,0.6418,0.670819,20481528
2000-01-05,0.640093,0.672525,0.638387,0.660577,18498408
2000-01-06,0.66399,0.66399,0.633267,0.634973,15795128
2000-01-07,0.650335,0.658869,0.638387,0.658869,22434802
2000-01-10,0.660577,0.662283,0.636679,0.648627,16991643
2000-01-11,0.6418,0.650335,0.628145,0.638387,21132995
2000-01-12,0.640093,0.6418,0.633266,0.6418,11033842
2000-01-13,0.640094,0.646921,0.629852,0.631558,12873379
2000-01-14,0.634973,0.645214,0.621318,0.640094,17082861
2000-01-17,0.6418,0.646921,0.614489,0.621318,17006846
2000-01-18,0.623025,0.626437,0.595714,0.605956,16730381
2000-01-19,0.609368,0.614489,0.588887,0.588887,21657772
2000-01-20,0.59742,0.605956,0.585472,0.600835,18775436
2000-01-21,0.592299,0.629852,0.590593,0.623025,18138609
2000-01-24,0.623024,0.629852,0.599127,0.600835,11912788
2000-01-25,0.600835,0.604248,0.588887,0.597421,11303550
2000-01-26,0.605956,0.609368,0.582058,0.609368,17001779
2000-01-27,0.609368,0.614489,0.580352,0.585472,14516405
2000-01-28,0.583764,0.590593,0.571816,0.575231,13064821
2000-01-31,0.578645,0.578645,0.558162,0.563283,17803584
2000-02-01,0.566696,0.571816,0.554748,0.564989,15801322
2000-02-02,0.571816,0.585472,0.553041,0.583764,20603712
2000-02-03,0.588887,0.595714,0.575231,0.588887,22653836
2000-02-04,0.585472,0.594006,0.564989,0.594006,13337908
2000-02-07,0.580352,0.585472,0.558162,0.561575,15050192
2000-02-08,0.563283,0.568404,0.554747,0.563283,18301898
2000-02-09,0.563283,0.582058,0.556454,0.573524,19006295
2000-02-10,0.578645,0.624731,0.575231,0.624731,23745058
2000-02-11,0.629852,0.663989,0.626437,0.628145,42730519
2000-02-14,0.626437,0.638387,0.580352,0.585472,31457937
2000-02-15,0.597421,0.600835,0.580352,0.583764,16562024
2000-02-16,0.587179,0.612783,0.587179,0.612783,23142577
2000-02-17,0.614489,0.61961,0.590593,0.594006,21813741
2000-02-18,0.607662,0.617904,0.594006,0.612783,20687046
2000-02-21,0.605956,0.617904,0.599127,0.599127,10817061
2000-02-22,0.607662,0.612783,0.573524,0.578645,18171830
2000-02-23,0.587179,0.595714,0.576937,0.585472,14128452
2000-02-24,0.582058,0.594006,0.571816,0.575231,11737674
2000-02-25,0.576937,0.611076,0.575231,0.611076,15696029
2000-02-28,0.607662,0.611077,0.587179,0.604248,15993890
2000-02-29,0.599127,0.657162,0.5923,0.650335,43006985
2000-03-01,0.652042,0.66399,0.633266,0.652042,27876274
2000-03-02,0.657162,0.6913,0.648627,0.6913,34112230
2000-03-03,0.670819,0.711783,0.667404,0.699835,48376943
2000-03-06,0.793717,0.82444,0.708371,0.815906,66388866
2000-03-07,0.785181,0.790302,0.723732,0.739094,50452970
2000-03-08,0.718613,0.756165,0.706663,0.747629,26855434
2000-03-09,0.781767,0.785181,0.718612,0.733973,36635329
2000-03-10,0.740802,0.747629,0.708371,0.716904,24596414
2000-03-13,0.716904,0.718612,0.665698,0.674231,22615547
2000-03-14,0.677646,0.693008,0.665698,0.686181,21941558
2000-03-15,0.674231,0.699836,0.665698,0.6913,14715731
2000-03-16,0.694715,0.716904,0.674231,0.708371,34059301
2000-03-17,0.739094,0.739094,0.646921,0.648627,43418021
2000-03-20,0.660577,0.674231,0.643508,0.650335,17247275
2000-03-21,0.653748,0.674231,0.648627,0.657162,13812573
2000-03-22,0.660577,0.66911,0.628145,0.663989,14255142
2000-03-23,0.674231,0.674231,0.640094,0.66911,12077203
2000-03-24,0.665698,0.679352,0.657162,0.679352,11037783
2000-03-27,0.665698,0.679352,0.66399,0.670819,6599696
2000-03-28,0.665698,0.670819,0.646921,0.650335,9171782
2000-03-29,0.645214,0.655456,0.633266,0.636679,11840152
2000-03-30,0.634973,0.634973,0.616198,0.621318,17527119
2000-03-31,0.614489,0.623025,0.607662,0.616197,15237692
2000-04-03,0.616198,0.6418,0.607662,0.631558,13621693
2000-04-04,0.633266,0.696421,0.633266,0.694715,42437725
2000-04-05,0.686181,0.699835,0.665698,0.687887,30303087
2000-04-06,0.679352,0.684473,0.658869,0.665698,21966894
2000-04-07,0.665698,0.665698,0.646921,0.662283,12691508
2000-04-10,0.652042,0.660577,0.640094,0.652042,10858165
2000-04-11,0.648627,0.684473,0.643508,0.682767,22324442
2000-04-12,0.704956,0.732267,0.699836,0.704956,80774076
2000-04-13,0.70325,0.720319,0.693008,0.706663,34110540
2000-04-14,0.70325,0.708371,0.679352,0.687887,22945503
2000-04-17,0.640093,0.684473,0.640093,0.663989,14081718
2000-04-18,0.675939,0.675939,0.648627,0.648627,10673479
2000-04-19,0.667404,0.672525,0.657162,0.66911,21962391
2000-04-20,0.655456,0.723731,0.653748,0.713491,28107692
2000-04-21,0.769838,0.769838,0.769838,0.769838,0
2000-04-24,0.769838,0.769838,0.769838,0.769838,0
2000-04-25,0.706663,0.739094,0.699836,0.728852,15453910
2000-04-26,0.718612,0.723731,0.698129,0.708371,12480359
2000-04-27,0.699836,0.718612,0.6913,0.715198,17212929
2000-04-28,0.716904,0.716904,0.6913,0.6913,9887439
2000-05-01,0.745896,0.745896,0.745896,0.745896,0
2000-05-02,0.70325,0.706663,0.687887,0.70325,12680810
2000-05-03,0.696421,0.704956,0.670819,0.670819,13215722
2000-05-04,0.667404,0.686181,0.658869,0.675939,17100878
2000-05-05,0.66911,0.677646,0.653748,0.663989,19351453
2000-05-08,0.656165,0.671584,0.644173,0.659592,11652934
2000-05-09,0.666445,0.702422,0.659592,0.700709,28265603
2000-05-10,0.700709,0.716128,0.697283,0.710988,29256315
2000-05-11,0.698996,0.710988,0.698996,0.710988,29975508
2000-05-12,0.707562,0.707562,0.687003,0.69043,24250580
2000-05-15,0.69043,0.69043,0.673298,0.675011,28207820
2000-05-16,0.681864,0.693856,0.666445,0.69043,36313039
2000-05-17,0.683577,0.704136,0.681864,0.693856,26699873
2000-05-18,0.687003,0.724694,0.68529,0.719555,66800172
2000-05-19,0.710989,0.710989,0.687004,0.692143,29486322
2000-05-22,0.697283,0.697283,0.676724,0.681864,12232439
2000-05-23,0.69043,0.693856,0.683577,0.69043,7690645
2000-05-24,0.688717,0.692143,0.675011,0.692143,7299633
2000-05-25,0.695569,0.719555,0.692143,0.710988,26955124
2000-05-26,0.69557,0.752106,0.69557,0.736687,54290602
2000-05-29,0.734974,0.752106,0.721268,0.728121,9809513
2000-05-30,0.721268,0.736687,0.707562,0.73326,11607494
2000-05-31,0.728121,0.733261,0.721268,0.724694,9792683
2000-06-01,0.719555,0.726407,0.719555,0.722981,11241727
2000-06-02,0.722981,0.724694,0.712702,0.717842,11905381
2000-06-05,0.714415,0.729834,0.707562,0.721268,7225582
2000-06-06,0.716128,0.73326,0.716128,0.73326,12170730
2000-06-07,0.731547,0.740114,0.729834,0.736687,30199344
2000-06-08,0.731547,0.736687,0.709275,0.721268,9047685
2000-06-09,0.717841,0.728121,0.712702,0.716128,5469676
2000-06-12,0.721268,0.733261,0.716128,0.717842,5110079
2000-06-13,0.714415,0.74354,0.714415,0.740113,25763015
2000-06-14,0.736687,0.748679,0.729834,0.74354,20447612
2000-06-15,0.745253,0.750393,0.74354,0.750393,14657049
2000-06-16,0.753819,0.779518,0.74354,0.746966,45668149
2000-06-19,0.736687,0.757246,0.734974,0.748679,16267097
2000-06-20,0.746966,0.753819,0.73326,0.7384,13414450
2000-06-21,0.73326,0.748679,0.73326,0.7384,11857696
2000-06-22,0.745253,0.750393,0.73326,0.74354,12376614
2000-06-23,0.736687,0.753819,0.736687,0.752106,14260988
2000-06-26,0.74354,0.765812,0.74354,0.760672,14539240
2000-06-27,0.752106,0.770952,0.752106,0.769238,17956806
2000-06-28,0.769238,0.779517,0.764098,0.774378,13203517
2000-06-29,0.772665,0.813782,0.769238,0.79151,43231198
2000-06-30,0.793223,0.820635,0.784657,0.803503,40482896
2000-07-03,0.801789,0.810355,0.789797,0.806929,17765508
2000-07-04,0.798363,0.810356,0.782944,0.80179,12233561
2000-07-05,0.805216,0.805216,0.781231,0.781231,5781587
2000-07-06,0.779518,0.813782,0.779518,0.813782,30505084
2000-07-07,0.813782,0.829201,0.800076,0.822348,24934991
2000-07-10,0.817209,0.822348,0.79151,0.798363,11159822
2000-07-11,0.793223,0.805216,0.789797,0.803503,9502650
2000-07-12,0.79665,0.818922,0.794937,0.815495,18686096
2000-07-13,0.813782,0.822348,0.806929,0.818922,19714395
2000-07-14,0.818922,0.818922,0.803503,0.806929,17473230
2000-07-17,0.803503,0.815495,0.803503,0.813782,8925950
2000-07-18,0.805216,0.810356,0.784657,0.789797,11310729
2000-07-19,0.788084,0.798363,0.782944,0.79665,11600201
2000-07-20,0.788084,0.812069,0.788084,0.812069,9043758
2000-07-21,0.813782,0.813782,0.803503,0.812069,12082093
2000-07-24,0.800076,0.815495,0.798363,0.815495,9380354
2000-07-25,0.806929,0.815495,0.806929,0.813782,13535625
2000-07-26,0.810356,0.827488,0.808642,0.818922,15165869
2000-07-27,0.815495,0.822348,0.793223,0.793223,16374246
2000-07-28,0.793223,0.800076,0.78637,0.79151,8346445
2000-07-31,0.784657,0.824062,0.774378,0.815495,16169484
2000-08-01,0.813782,0.813782,0.80179,0.808643,7456711
2000-08-02,0.813782,0.815495,0.805216,0.813782,6294334
2000-08-03,0.806929,0.830914,0.806929,0.820635,28441754
2000-08-04,0.813782,0.825775,0.810356,0.817209,15122672
2000-08-07,0.810356,0.8549,0.808643,0.847704,24536125
2000-08-08,0.839481,0.84976,0.836054,0.847533,15822791
2000-08-09,0.846333,0.853186,0.822348,0.831428,14441627
2000-08-10,0.824062,0.841194,0.824062,0.833484,15628687
2000-08-11,0.829201,0.856613,0.825775,0.850274,17776166
2000-08-14,0.848046,0.861752,0.848046,0.857127,7212118
2000-08-15,0.920859,0.920859,0.920859,0.920859,0
2000-08-16,0.865179,0.887451,0.856613,0.88351,21057972
2000-08-17,0.880598,0.884024,0.863466,0.875116,10351432
2000-08-18,0.875458,0.877171,0.846333,0.854385,11269215
2000-08-21,0.851473,0.856613,0.842907,0.855413,5283987
2000-08-22,0.856613,0.865179,0.848047,0.863123,8026118
2000-08-23,0.854899,0.872032,0.846333,0.868263,11318022
2000-08-24,0.865179,0.868605,0.84976,0.858497,4426791
2000-08-25,0.851473,0.856613,0.842907,0.845477,8709968
2000-08-28,0.84462,0.846333,0.827488,0.831942,7741695
2000-08-29,0.825775,0.827488,0.808642,0.816181,16931873
2000-08-30,0.813782,0.836054,0.813782,0.817037,14609925
2000-08-31,0.824061,0.825775,0.812069,0.822348,7946457
2000-09-01,0.829201,0.829201,0.79151,0.795622,30306493
2000-09-04,0.79665,0.808642,0.770951,0.77335,28791253
2000-09-05,0.774378,0.78637,0.774378,0.780888,17033973
2000-09-06,0.777804,0.793223,0.769238,0.775063,17938293
2000-09-07,0.781231,0.80179,0.776091,0.796307,14807955
2000-09-08,0.800076,0.801789,0.784657,0.78637,10207818
2000-09-11,0.788084,0.798363,0.78637,0.793566,8801410
2000-09-12,0.79151,0.798363,0.784657,0.787741,6161940
2000-09-13,0.784657,0.79151,0.758959,0.762385,18368013
2000-09-14,0.764098,0.765812,0.73326,0.735487,37498977
2000-09-15,0.728121,0.74354,0.726408,0.731376,39806339
2000-09-18,0.740113,0.745253,0.726408,0.733089,18580630
2000-09-19,0.734974,0.736687,0.721268,0.724352,11641153
2000-09-20,0.729834,0.731547,0.709275,0.714586,16242413
2000-09-21,0.714415,0.728121,0.702422,0.716128,12661598
2000-09-22,0.705849,0.7384,0.704136,0.736858,17730726
2000-09-25,0.741826,0.741826,0.721268,0.723838,9982299
2000-09-26,0.721268,0.721268,0.704136,0.71373,14484824
2000-09-27,0.702422,0.728121,0.702422,0.725208,14062958
2000-09-28,0.728121,0.752106,0.722981,0.749022,17510256
2000-09-29,0.750393,0.760672,0.74354,0.753134,12837750
2000-10-02,0.750393,0.770952,0.74868,0.769238,14188620
2000-10-03,0.765812,0.770951,0.760672,0.76307,8129902
2000-10-04,0.762385,0.765812,0.745253,0.759473,9045441
2000-10-05,0.760672,0.793223,0.757246,0.788084,28671761
2000-10-06,0.793223,0.801789,0.745253,0.752106,55029429
2000-10-09,0.753819,0.757246,0.73326,0.744396,24697130
2000-10-10,0.788084,0.803503,0.781231,0.801104,54231137
2000-10-11,0.788084,0.801789,0.784657,0.791853,58866617
2000-10-12,0.79151,0.798363,0.779518,0.785,22068319
2000-10-13,0.770951,0.794937,0.770951,0.777119,24152406
2000-10-16,0.782944,0.79151,0.774378,0.784828,17442937
2000-10-17,0.784657,0.78637,0.774378,0.781745,12738454
2000-10-18,0.776091,0.779518,0.767525,0.773864,12709844
2000-10-19,0.772665,0.79665,0.767525,0.789797,20905382
2000-10-20,0.798363,0.805216,0.786371,0.798706,24800352
2000-10-23,0.788084,0.803503,0.788084,0.798877,14265476
2000-10-24,0.79665,0.803503,0.784657,0.800419,20820672
2000-10-25,0.793223,0.800076,0.784657,0.793223,12479837
2000-10-26,0.793223,0.801789,0.79151,0.794765,11980554
2000-10-27,0.798363,0.801789,0.794936,0.79922,7507761
2000-10-30,0.803503,0.827488,0.800076,0.824061,26854146
2000-10-31,0.825775,0.846333,0.825775,0.843763,31849783
2000-11-01,0.84462,0.870318,0.84462,0.855413,27848224
2000-11-02,0.851473,0.861752,0.830914,0.843763,19401922
2000-11-03,0.834341,0.846333,0.834341,0.846333,9442063
2000-11-06,0.834341,0.860039,0.832627,0.858326,23735028
2000-11-07,0.853186,0.861752,0.84976,0.859525,16912799
2000-11-08,0.856613,0.858326,0.84462,0.849589,7742817
2000-11-09,0.83948,0.856613,0.836054,0.845305,10285796
2000-11-10,0.83948,0.848047,0.834341,0.841536,9385403
2000-11-13,0.830914,0.846333,0.829201,0.839994,9984543
2000-11-14,0.848047,0.854899,0.836054,0.850788,14180205
2000-11-15,0.846333,0.8549,0.841194,0.853358,9172226
2000-11-16,0.848047,0.860039,0.834341,0.848389,27501531
2000-11-17,0.851302,0.851302,0.851302,0.851302,16221656
2000-11-20,0.84462,0.853186,0.83948,0.842736,13503087
2000-11-21,0.830914,0.863466,0.830914,0.857812,19224649
2000-11-22,0.866892,0.885738,0.865179,0.872888,39498915
2000-11-23,0.866892,0.877172,0.853186,0.86398,19098426
2000-11-24,0.856613,0.861753,0.853186,0.85884,11279313
2000-11-27,0.856613,0.863466,0.851473,0.858497,9069003
2000-11-28,0.854899,0.873745,0.851473,0.869462,25649695
2000-11-29,0.863466,0.877171,0.861752,0.873916,21976878
2000-11-30,0.866892,0.873745,0.856613,0.858326,16872969
2000-12-01,0.873745,0.875458,0.863466,0.872203,13914295
2000-12-04,0.865179,0.868605,0.841194,0.845477,17953440
2000-12-05,0.863465,0.866892,0.84976,0.858326,17933805
2000-12-06,0.863466,0.870319,0.856613,0.868777,19934304
2000-12-07,0.872032,0.875458,0.856613,0.859525,16079725
2000-12-08,0.870319,0.877171,0.863466,0.869291,11045379
2000-12-11,0.873745,0.880598,0.865179,0.868948,16720940
2000-12-12,0.868605,0.878885,0.860039,0.863808,11582810
2000-12-13,0.872032,0.872032,0.854899,0.860896,11051550
2000-12-14,0.84976,0.861752,0.839481,0.842393,19468120
2000-12-15,0.83948,0.83948,0.820635,0.825603,25914483
2000-12-18,0.825775,0.84462,0.805216,0.818922,18824100
2000-12-19,0.815495,0.841194,0.808642,0.832627,16491494
2000-12-20,0.832627,0.856613,0.824061,0.853186,19477656
2000-12-21,0.84976,0.875458,0.829201,0.863466,22980493
2000-12-22,0.866892,0.901156,0.860039,0.894304,36219914
2000-12-25,0.894304,0.894304,0.894304,0.894304,0
2000-12-26,0.894304,0.894304,0.894304,0.894304,0
2000-12-27,0.89773,0.899443,0.882311,0.893447,8551768
2000-12-28,0.889164,0.890877,0.870319,0.883853,10629123
2000-12-29,0.885738,0.887451,0.868605,0.877172,6057035
2001-01-01,0.942959,0.942959,0.942959,0.942959,0
2001-01-02,0.860039,0.889164,0.860039,0.882482,7204264
2001-01-03,0.875458,0.885737,0.858326,0.866892,15238237
2001-01-04,0.875458,0.884025,0.868606,0.875972,17393570
2001-01-05,0.873745,0.908009,0.873745,0.896359,28809765
2001-01-08,0.899443,0.904583,0.885737,0.892933,12686843
2001-01-09,0.890877,0.909723,0.878885,0.896017,12763138
2001-01-10,0.89259,0.914862,0.885738,0.907838,17967465
2001-01-11,0.904583,0.909723,0.896017,0.90681,15022255
2001-01-12,0.904583,0.904583,0.889164,0.892591,9882442
2001-01-15,0.89773,0.914862,0.896017,0.908009,9237862
2001-01-16,0.90287,0.916575,0.901156,0.911436,16237364
2001-01-17,0.906296,0.925142,0.90287,0.915548,21557255
2001-01-18,0.909723,0.921715,0.89259,0.910579,11739888
2001-01-19,0.909723,0.909723,0.89259,0.90287,15675811
2001-01-22,0.899443,0.920002,0.89259,0.915376,12091069
2001-01-23,0.914005,0.914005,0.914005,0.914005,120613
2001-01-24,0.913149,0.931995,0.913149,0.929425,23571218
2001-01-25,0.931995,0.945701,0.914862,0.921715,28838937
2001-01-26,0.906296,0.916576,0.896017,0.90681,15748179
2001-01-29,0.916576,0.918289,0.899443,0.903212,7157141
2001-01-30,0.893447,0.893447,0.893447,0.893447,159321
2001-01-31,0.898073,0.898073,0.898073,0.898073,60587
2001-02-01,0.899443,0.899443,0.875458,0.885566,17045754
2001-02-02,0.887451,0.890877,0.868605,0.871346,10635294
2001-02-05,0.866892,0.872032,0.846333,0.852844,25958802
2001-02-06,0.853186,0.870319,0.84976,0.857469,10906253
2001-02-07,0.851473,0.856613,0.842907,0.84976,9807830
2001-02-08,0.853186,0.866892,0.851473,0.858155,11588420
2001-02-09,0.856613,0.865179,0.846333,0.853529,6293212
2001-02-12,0.856613,0.873745,0.856613,0.873745,9025246
2001-02-13,0.875458,0.882311,0.865179,0.877,12864678
2001-02-14,0.866892,0.878885,0.860039,0.867577,8195538
2001-02-15,0.872032,0.877171,0.866892,0.872203,7137506
2001-02-16,0.861752,0.877171,0.842907,0.851473,20942969
2001-02-19,0.84976,0.865179,0.848047,0.856955,7020259
2001-02-20,0.8549,0.861752,0.834341,0.838795,13479525
2001-02-21,0.83948,0.846333,0.815495,0.824061,20049308
2001-02-22,0.822348,0.832628,0.794937,0.796307,26879951
2001-02-23,0.79665,0.805216,0.769238,0.79151,21452350
2001-02-26,0.776091,0.803503,0.776091,0.798363,14186376
2001-02-27,0.79665,0.800076,0.781231,0.788255,15669640
2001-02-28,0.789797,0.80179,0.779518,0.787056,19068132
2001-03-01,0.779518,0.79665,0.769238,0.786199,26390766
2001-03-02,0.793223,0.794937,0.753819,0.767525,18485822
2001-03-05,0.764098,0.770951,0.748679,0.753819,9438697
2001-03-06,0.753819,0.765812,0.746966,0.759816,8556256
2001-03-07,0.755532,0.767525,0.753819,0.760672,9538554
2001-03-08,0.765812,0.767525,0.748679,0.760672,13078416
2001-03-09,0.760672,0.769238,0.753819,0.76033,9972201
2001-03-12,0.755532,0.757246,0.734974,0.739428,14806272
2001-03-13,0.733261,0.745253,0.728121,0.736858,10487192
2001-03-14,0.7384,0.7384,0.709275,0.724694,21385031
2001-03-15,0.726408,0.74354,0.716128,0.732918,20376366
2001-03-16,0.734974,0.74868,0.724694,0.728121,43708041
2001-03-19,0.717841,0.741826,0.717841,0.721268,23229293
2001-03-20,0.73326,0.73326,0.707562,0.710474,31932810
2001-03-21,0.704136,0.722981,0.700709,0.710988,19031387
2001-03-22,0.710989,0.712702,0.687003,0.6918,14102508
2001-03-23,0.698996,0.709275,0.687003,0.703964,15649725
2001-03-26,0.710988,0.724694,0.707562,0.712702,22788073
2001-03-27,0.716128,0.726408,0.705849,0.716128,27393540
2001-03-28,0.714415,0.724695,0.710989,0.714073,26098489
2001-03-29,0.709275,0.728121,0.700709,0.728121,21650941
2001-03-30,0.722981,0.74354,0.721268,0.732404,34361627
2001-04-02,0.7384,0.741827,0.716128,0.728121,32446118
2001-04-03,0.726408,0.726408,0.712702,0.714929,25987412
2001-04-04,0.716128,0.728121,0.707562,0.724694,33896564
2001-04-05,0.722981,0.748679,0.721268,0.734974,33613543
2001-04-06,0.740113,0.74354,0.717842,0.729834,12184194
2001-04-09,0.722981,0.734974,0.719555,0.730348,9276290
2001-04-10,0.734974,0.7384,0.729834,0.733432,9629995
2001-04-11,0.729834,0.7384,0.724694,0.7384,17607027
2001-04-12,0.728121,0.740113,0.728121,0.738229,10120022
2001-04-13,0.795622,0.795622,0.795622,0.795622,0
2001-04-16,0.795622,0.795622,0.795622,0.795622,0
2001-04-17,0.734974,0.74354,0.729834,0.739942,7901578
2001-04-18,0.750393,0.760672,0.741827,0.755532,9929004
2001-04-19,0.758959,0.760672,0.746966,0.752106,17746714
2001-04-20,0.753819,0.758959,0.7384,0.743711,24084246
2001-04-23,0.73326,0.734974,0.716128,0.716128,11591786
2001-04-24,0.716128,0.729834,0.714415,0.726407,14017237
2001-04-25,0.719555,0.731547,0.717842,0.72795,7263449
2001-04-26,0.733261,0.746966,0.731547,0.745253,19360970
2001-04-27,0.740113,0.74354,0.729834,0.740627,9056100
2001-04-30,0.734974,0.734974,0.724694,0.728806,13491306
2001-05-01,0.779047,0.779047,0.779047,0.779047,0
2001-05-02,0.733261,0.741827,0.719555,0.734117,14661256
2001-05-03,0.740113,0.745253,0.73326,0.737372,16967215
2001-05-04,0.741827,0.760672,0.734974,0.752106,27536593
2001-05-07,0.760672,0.762385,0.752106,0.758959,11033598
2001-05-08,0.758959,0.767525,0.755532,0.765812,14738673
2001-05-09,0.764099,0.764099,0.745253,0.750393,15256469
2001-05-10,0.752106,0.758959,0.748679,0.753477,14590851
2001-05-11,0.755532,0.767525,0.750393,0.764955,12302283
2001-05-14,0.758959,0.776091,0.757246,0.761871,12687404
2001-05-15,0.760672,0.764098,0.750393,0.751763,12521070
2001-05-16,0.746966,0.755532,0.740113,0.748679,12698063
2001-05-17,0.750393,0.753819,0.734974,0.741313,16266255
2001-05-18,0.741827,0.745253,0.734974,0.741313,60326320
2001-05-21,0.74354,0.745253,0.734974,0.736687,13304496
2001-05-22,0.7384,0.752106,0.734974,0.748679,20099236
2001-05-23,0.745253,0.758959,0.74354,0.755532,37554235
2001-05-24,0.758273,0.758273,0.758273,0.758273,609518
2001-05-25,0.755532,0.765812,0.753819,0.760672,16649133
2001-05-28,0.762385,0.767525,0.762385,0.764099,5211619
2001-05-29,0.764099,0.774378,0.762385,0.771808,29874248
2001-05-30,0.769238,0.777804,0.760672,0.769238,22771243
2001-05-31,0.764099,0.767525,0.74354,0.746795,29822637
2001-06-01,0.745253,0.753819,0.7384,0.74354,14279501
2001-06-04,0.74868,0.74868,0.734974,0.736687,13814718
2001-06-05,0.736687,0.736687,0.728121,0.73326,16998631
2001-06-06,0.731547,0.733261,0.719555,0.724694,22137602
2001-06-07,0.728121,0.728121,0.716128,0.722125,16272426
2001-06-08,0.722981,0.726408,0.716128,0.721611,14999254
2001-06-11,0.719555,0.731547,0.717841,0.725551,15827840
2001-06-12,0.729834,0.731547,0.707562,0.712702,18782867
2001-06-13,0.714415,0.716128,0.705849,0.710646,10824629
2001-06-14,0.709275,0.712702,0.697283,0.702422,14319331
2001-06-15,0.697283,0.712702,0.693856,0.702422,31733377
2001-06-18,0.702422,0.710989,0.698996,0.705849,10737394
2001-06-19,0.702423,0.702423,0.69043,0.69557,33603726
2001-06-20,0.693856,0.693856,0.681864,0.691972,19060278
2001-06-21,0.693856,0.697283,0.688717,0.697283,12936204
2001-06-22,0.695569,0.705849,0.693856,0.704136,10418751
2001-06-25,0.700709,0.710989,0.698996,0.702422,10064765
2001-06-26,0.702422,0.705849,0.69557,0.702422,13582187
2001-06-27,0.700709,0.712702,0.697283,0.708933,10885216
2001-06-28,0.707562,0.719555,0.700709,0.716128,14740075
2001-06-29,0.712702,0.719555,0.710989,0.7163,11798231
2001-07-02,0.719555,0.728121,0.712702,0.728121,9589043
2001-07-03,0.724694,0.726407,0.710988,0.712702,10425763
2001-07-04,0.710989,0.714415,0.705849,0.707562,11188432
2001-07-05,0.702422,0.716128,0.702422,0.705849,17310543
2001-07-06,0.704136,0.705849,0.692143,0.695227,13863244
2001-07-09,0.69557,0.702423,0.688717,0.691629,8931560
2001-07-10,0.693856,0.700709,0.692143,0.69557,17655553
2001-07-11,0.692143,0.697283,0.68529,0.686832,13378547
2001-07-12,0.69043,0.697283,0.673298,0.674154,17940818
2001-07-13,0.678437,0.678437,0.656165,0.670385,21101449
2001-07-16,0.668158,0.671584,0.656165,0.658392,14602352
2001-07-17,0.656165,0.659592,0.616761,0.6231,46338535
2001-07-18,0.62704,0.630467,0.613335,0.615048,29387027
2001-07-19,0.618474,0.62704,0.611621,0.624471,19064205
2001-07-20,0.623614,0.630467,0.603055,0.62704,16683073
2001-07-23,0.62704,0.630467,0.620188,0.630467,4853986
2001-07-24,0.627041,0.628754,0.621901,0.627554,8883875
2001-07-25,0.62704,0.63218,0.613335,0.616932,14708660
2001-07-26,0.616761,0.620188,0.611621,0.620188,8762140
2001-07-27,0.621901,0.633894,0.620188,0.623957,10458301
2001-07-30,0.623614,0.630467,0.620188,0.623614,12487130
2001-07-31,0.620188,0.625327,0.615048,0.621215,12624853
2001-08-01,0.625327,0.62704,0.618474,0.62704,9125663
2001-08-02,0.628754,0.630467,0.615048,0.618474,20167958
2001-08-03,0.616761,0.620188,0.608195,0.615048,12682355
2001-08-06,0.615048,0.621901,0.604769,0.609908,13072245
2001-08-07,0.609908,0.613335,0.604769,0.611621,8308578
2001-08-08,0.611621,0.613335,0.599629,0.605968,8656393
2001-08-09,0.601342,0.604769,0.592776,0.596203,10518327
2001-08-10,0.596202,0.597916,0.577357,0.58421,16586862
2001-08-13,0.585923,0.58935,0.575644,0.58421,5080908
2001-08-14,0.591063,0.599629,0.591063,0.592776,13048122
2001-08-15,0.637234,0.637234,0.637234,0.637234,0
2001-08-16,0.592776,0.594489,0.573931,0.57513,18079102
2001-08-17,0.575644,0.577357,0.567078,0.572217,16642962
2001-08-20,0.575644,0.58421,0.567077,0.5777,12835506
2001-08-21,0.580783,0.597916,0.573931,0.597916,15556880
2001-08-22,0.596202,0.621901,0.591063,0.620188,33838782
2001-08-23,0.623614,0.625327,0.609908,0.620188,19530670
2001-08-24,0.616761,0.630467,0.615048,0.6231,21280406
2001-08-27,0.623614,0.627041,0.611622,0.61402,4898305
2001-08-28,0.615048,0.618474,0.609908,0.613335,10285235
2001-08-29,0.609908,0.625327,0.606482,0.625327,15013559
2001-08-30,0.623614,0.628754,0.611622,0.616761,12556693
2001-08-31,0.618474,0.628754,0.616761,0.627897,9781463
2001-09-03,0.628754,0.630467,0.615048,0.625327,10046252
2001-09-04,0.63218,0.63732,0.625327,0.635949,17762983
2001-09-05,0.63218,0.63732,0.620188,0.621901,24469367
2001-09-06,0.630467,0.63218,0.592776,0.606482,32049777
2001-09-07,0.599629,0.603055,0.577357,0.583011,25641000
2001-09-10,0.580783,0.58935,0.567077,0.582497,16915324
2001-09-11,0.585923,0.58935,0.524247,0.541379,29248181
2001-09-12,0.524247,0.563651,0.522533,0.538809,23413299
2001-09-13,0.539666,0.539666,0.515681,0.534184,24012439
2001-09-14,0.529387,0.539666,0.500262,0.505573,23801505
2001-09-17,0.498549,0.519107,0.488269,0.498035,16315342
2001-09-18,0.496835,0.498548,0.455718,0.464627,28836973
2001-09-19,0.465997,0.469424,0.428306,0.433446,44746721
2001-09-20,0.383762,0.431733,0.382049,0.383762,57035538
2001-09-21,0.368343,0.404321,0.359777,0.378451,69426456
2001-09-24,0.394042,0.413744,0.394042,0.408262,36837286
2001-09-25,0.404321,0.41974,0.388902,0.416314,36237585
2001-09-26,0.4146,0.445439,0.397468,0.424023,67790324
2001-09-27,0.430019,0.443725,0.415457,0.435159,24050586
2001-09-28,0.460001,0.460858,0.455718,0.458288,190176
2001-10-01,0.462571,0.464284,0.439442,0.442697,33501625
2001-10-02,0.447152,0.449722,0.416314,0.426422,39859355
2001-10-03,0.421453,0.424023,0.408604,0.420597,38157021
2001-10-04,0.420597,0.434303,0.405178,0.41974,69938081
2001-10-05,0.4146,0.433446,0.402608,0.413744,82829409
2001-10-08,0.409461,0.416314,0.401751,0.414258,29269779
2001-10-09,0.411174,0.426593,0.410317,0.420254,32750176
2001-10-10,0.416314,0.454005,0.411174,0.451778,39013378
2001-10-11,0.464284,0.480559,0.462571,0.469424,50986918
2001-10-12,0.468567,0.471993,0.443725,0.449893,28989283
2001-10-15,0.443725,0.450578,0.430019,0.432932,25660634
2001-10-16,0.438586,0.447152,0.432589,0.442697,23617780
2001-10-17,0.452291,0.469424,0.452291,0.464284,35076051
2001-10-18,0.450578,0.47028,0.448865,0.468053,20257997
2001-10-19,0.469424,0.47542,0.448865,0.454005,25228670
2001-10-22,0.455718,0.465997,0.448865,0.465997,10598549
2001-10-23,0.469424,0.479703,0.465997,0.479703,18176995
2001-10-24,0.47542,0.492552,0.47542,0.486556,21576610
2001-10-25,0.490839,0.496836,0.460001,0.460858,37398279
2001-10-26,0.471137,0.483986,0.460857,0.482273,20944652
2001-10-29,0.477133,0.478846,0.452291,0.462571,26315874
2001-10-30,0.459144,0.460001,0.431733,0.442697,39304812
2001-10-31,0.438586,0.450578,0.435159,0.445267,21769871
2001-11-01,0.442012,0.457431,0.434302,0.45349,11387024
2001-11-02,0.455718,0.460001,0.443725,0.452977,14464067
2001-11-05,0.460858,0.462571,0.448865,0.459658,23096338
2001-11-06,0.463427,0.464284,0.444582,0.445438,18667583
2001-11-07,0.448865,0.456574,0.445438,0.45349,19606404
2001-11-08,0.449722,0.460858,0.438586,0.455033,32652283
2001-11-09,0.448865,0.448865,0.439442,0.441498,23101387
2001-11-12,0.439442,0.440299,0.411174,0.43002,28222126
2001-11-13,0.432589,0.441155,0.424023,0.436016,27939666
2001-11-14,0.431733,0.432589,0.411174,0.411174,69166719
2001-11-15,0.41717,0.431733,0.412031,0.415971,53680521
2001-11-16,0.4146,0.428306,0.413744,0.426593,32467436
2001-11-19,0.429163,0.459144,0.428306,0.452291,47081006
2001-11-20,0.456575,0.471994,0.452291,0.460858,34885594
2001-11-21,0.460858,0.474564,0.459145,0.471137,21043947
2001-11-22,0.476277,0.483986,0.473707,0.478846,24524905
2001-11-23,0.483129,0.495122,0.479703,0.491696,39638322
2001-11-26,0.494265,0.499405,0.479703,0.479703,23433775
2001-11-27,0.483129,0.483986,0.460858,0.47285,29546629
2001-11-28,0.468567,0.492552,0.464284,0.480559,22022038
2001-11-29,0.478846,0.483129,0.469424,0.472165,22986103
2001-11-30,0.476276,0.479703,0.462571,0.467882,28989844
2001-12-03,0.456574,0.460858,0.448008,0.457431,20776354
2001-12-04,0.454005,0.466854,0.453148,0.46377,25178461
2001-12-05,0.464284,0.489126,0.463427,0.487412,28114135
2001-12-06,0.487413,0.491696,0.47799,0.478846,24403731
2001-12-07,0.480559,0.484843,0.469424,0.469424,14957179
2001-12-10,0.469424,0.474563,0.460001,0.465997,19537402
2001-12-11,0.465997,0.471993,0.460858,0.464284,16214083
2001-12-12,0.46771,0.46771,0.455718,0.460001,14910337
2001-12-13,0.460001,0.461714,0.438586,0.440642,28250456
2001-12-14,0.440299,0.455718,0.434302,0.454005,23628159
2001-12-17,0.452291,0.46771,0.450578,0.46771,13687654
2001-12-18,0.465141,0.474564,0.458288,0.458288,18646827
2001-12-19,0.463428,0.465997,0.452291,0.453833,13395377
2001-12-20,0.450578,0.455718,0.446295,0.450749,13049805
2001-12-21,0.446295,0.47028,0.442012,0.466169,29738208
2001-12-24,0.496344,0.496344,0.496344,0.496344,0
2001-12-25,0.496344,0.496344,0.496344,0.496344,0
2001-12-26,0.496344,0.496344,0.496344,0.496344,0
2001-12-27,0.47285,0.487413,0.47285,0.486556,13947113
2001-12-28,0.486556,0.488269,0.476277,0.48193,10297015
2001-12-31,0.517522,0.517522,0.517522,0.517522,0
2002-01-01,0.517522,0.517522,0.517522,0.517522,0
2002-01-02,0.478846,0.483129,0.465997,0.470452,19730944
2002-01-03,0.473707,0.474563,0.46514,0.47028,18862248
2002-01-04,0.47285,0.47285,0.463428,0.464284,17118964
2002-01-07,0.466854,0.47285,0.464284,0.469424,15874963
2002-01-08,0.465997,0.473707,0.465141,0.46771,17437046
2002-01-09,0.46771,0.481416,0.463427,0.481416,24569224
2002-01-10,0.47285,0.479703,0.47028,0.474221,21827093
2002-01-11,0.476277,0.476277,0.46771,0.468567,12893849
2002-01-14,0.465997,0.468567,0.455718,0.458288,16408536
2002-01-15,0.457431,0.463428,0.451435,0.461714,21398842
2002-01-16,0.465997,0.465997,0.455718,0.461886,20877355
2002-01-17,0.463428,0.47542,0.460858,0.47542,17505220
2002-01-18,0.471993,0.491696,0.471993,0.490496,22078700
2002-01-21,0.489126,0.489982,0.47799,0.480559,10539327
2002-01-22,0.479703,0.490839,0.476277,0.488954,14596804
2002-01-23,0.488269,0.489982,0.483129,0.486556,21266291
2002-01-24,0.489126,0.504545,0.487412,0.50129,43745542
2002-01-25,0.501975,0.507115,0.498548,0.502146,21160535
2002-01-28,0.505402,0.512254,0.505402,0.508314,24485467
2002-01-29,0.508828,0.531957,0.507972,0.522877,45199383
2002-01-30,0.515681,0.520821,0.508828,0.51037,26617788
2002-01-31,0.513967,0.522534,0.513111,0.518251,20484611
2002-02-01,0.519107,0.520821,0.507115,0.510541,21529696
2002-02-04,0.511398,0.512255,0.495979,0.500262,24261573
2002-02-05,0.495979,0.499405,0.469424,0.47542,56752547
2002-02-06,0.474563,0.476277,0.451435,0.457431,38284483
2002-02-07,0.457431,0.461714,0.448865,0.459144,27161902
2002-02-08,0.454861,0.460857,0.451435,0.454005,17225242
2002-02-11,0.460001,0.464284,0.448008,0.457431,17974852
2002-02-12,0.459145,0.465997,0.456575,0.460858,17554071
2002-02-13,0.462571,0.474563,0.461714,0.471993,17034352
2002-02-14,0.468567,0.47799,0.464284,0.47285,19279011
2002-02-15,0.46771,0.474563,0.452291,0.452291,27372954
2002-02-18,0.453148,0.461714,0.452291,0.453148,9964603
2002-02-19,0.451435,0.452291,0.423167,0.424195,35988518
2002-02-20,0.424023,0.440299,0.415457,0.437386,41911986
2002-02-21,0.442869,0.446295,0.42231,0.430191,27229234
2002-02-22,0.42745,0.428306,0.41717,0.421625,17720128
2002-02-25,0.423167,0.428306,0.406891,0.423852,35901901
2002-02-26,0.42745,0.443725,0.42488,0.434645,42703349
2002-02-27,0.433446,0.453148,0.431733,0.446295,40724688
2002-02-28,0.444582,0.468567,0.444582,0.460858,32310278
2002-03-01,0.465997,0.466854,0.454861,0.466854,22108491
2002-03-04,0.471137,0.487413,0.471137,0.483986,24543659
2002-03-05,0.484843,0.493409,0.476277,0.481416,21556607
2002-03-06,0.482273,0.486556,0.469424,0.48313,28885321
2002-03-07,0.486556,0.487413,0.477133,0.483472,35097795
2002-03-08,0.483129,0.495979,0.481416,0.495122,16112185
2002-03-11,0.495122,0.505402,0.489126,0.499405,28343114
2002-03-12,0.501975,0.507115,0.495122,0.505915,33821546
2002-03-13,0.507115,0.529386,0.503688,0.527673,42305310
2002-03-14,0.52082,0.527673,0.515681,0.518593,22731953
2002-03-15,0.519107,0.5311,0.510541,0.52082,44238895
2002-03-18,0.513967,0.532813,0.508828,0.52339,26927200
2002-03-19,0.524247,0.534526,0.515681,0.532813,21104783
2002-03-20,0.5311,0.537953,0.512255,0.513968,28760302
2002-03-21,0.512255,0.517394,0.510541,0.513968,22128211
2002-03-22,0.517394,0.529387,0.513968,0.528016,15927288
2002-03-25,0.52596,0.527673,0.513967,0.515509,22264869
2002-03-26,0.513967,0.548232,0.513967,0.546347,52473803
2002-03-27,0.548232,0.555085,0.537953,0.542236,57557463
2002-03-28,0.544806,0.597916,0.541379,0.58935,105367086
2002-03-29,0.578299,0.578299,0.578299,0.578299,0
2002-04-01,0.578299,0.578299,0.578299,0.578299,0
2002-04-02,0.592776,0.621901,0.592776,0.597402,71996295
2002-04-03,0.592776,0.615048,0.585923,0.609565,43620742
2002-04-04,0.606482,0.608195,0.580783,0.582497,42932090
2002-04-05,0.585923,0.599629,0.575644,0.592433,31868485
2002-04-08,0.58935,0.597916,0.575644,0.578899,28105154
2002-04-09,0.58421,0.587636,0.57907,0.582497,19823269
2002-04-10,0.575644,0.587636,0.575644,0.577186,28798563
2002-04-11,0.582497,0.597916,0.57907,0.58935,38563803
2002-04-12,0.597915,0.623614,0.591063,0.619674,65981877
2002-04-15,0.623614,0.639033,0.620188,0.629096,59743197
2002-04-16,0.633894,0.63732,0.620188,0.625327,41600851
2002-04-17,0.630467,0.635607,0.601342,0.606482,45980891
2002-04-18,0.606482,0.620188,0.606482,0.618474,31475408
2002-04-19,0.618475,0.633894,0.618475,0.63218,34975754
2002-04-22,0.621901,0.640746,0.621901,0.640232,22950675
2002-04-23,0.639033,0.644173,0.625327,0.62961,27150321
2002-04-24,0.628754,0.63218,0.620188,0.62704,82918584
2002-04-25,0.623614,0.63218,0.611621,0.621387,33849385
2002-04-26,0.623614,0.628754,0.615048,0.621044,14207020
2002-04-29,0.615048,0.623614,0.606482,0.617275,15585227
2002-04-30,0.613335,0.616761,0.601342,0.615048,36030025
2002-05-01,0.661177,0.661177,0.661177,0.661177,0
2002-05-02,0.615048,0.618474,0.594489,0.597916,46805817
2002-05-03,0.597915,0.611621,0.596202,0.607167,31755038
2002-05-06,0.603055,0.611622,0.599629,0.603741,14588021
2002-05-07,0.599629,0.603055,0.585923,0.593633,25504499
2002-05-08,0.596202,0.596202,0.570504,0.581983,43775450
2002-05-09,0.582497,0.585923,0.567077,0.568448,21198400
2002-05-10,0.567078,0.570504,0.553372,0.560225,52451162
2002-05-13,0.551659,0.575644,0.551659,0.574273,18007367
2002-05-14,0.568791,0.599629,0.563651,0.59466,39684801
2002-05-15,0.596202,0.601342,0.575644,0.577528,34568653
2002-05-16,0.57393,0.577357,0.567077,0.570161,29843737
2002-05-17,0.568791,0.585923,0.567078,0.573931,37658987
2002-05-20,0.577124,0.587554,0.563217,0.566694,24145035
2002-05-21,0.568432,0.585815,0.568432,0.579036,51561948
2002-05-22,0.575385,0.578862,0.566694,0.569301,25427053
2002-05-23,0.57017,0.57017,0.552787,0.558002,30199099
2002-05-24,0.55974,0.561479,0.535404,0.540793,35469751
2002-05-27,0.53888,0.544096,0.528451,0.532449,25488313
2002-05-28,0.533666,0.563217,0.531927,0.556264,58461630
2002-05-29,0.554525,0.564955,0.545834,0.551049,32038474
2002-05-30,0.552787,0.563217,0.545834,0.559393,45113906
2002-05-31,0.554525,0.566694,0.551049,0.551049,49028700
2002-06-03,0.552787,0.57017,0.545834,0.55609,18822487
2002-06-04,0.547572,0.552787,0.540619,0.542879,19035011
2002-06-05,0.547572,0.563217,0.545834,0.55383,25457104
2002-06-06,0.558002,0.568432,0.554525,0.558871,24431197
2002-06-07,0.551049,0.563217,0.549311,0.558176,27695482
2002-06-10,0.564955,0.578862,0.556264,0.575733,26919073
2002-06-11,0.575385,0.587554,0.57017,0.585642,16987074
2002-06-12,0.582339,0.585815,0.575385,0.577124,21335126
2002-06-13,0.582339,0.589292,0.561479,0.564955,18630055
2002-06-14,0.563217,0.568432,0.538881,0.543574,35115966
2002-06-17,0.547572,0.568432,0.545834,0.562,21448714
2002-06-18,0.563217,0.578862,0.558002,0.575385,26893766
2002-06-19,0.570171,0.570171,0.551049,0.552787,29019706
2002-06-20,0.547572,0.561479,0.544096,0.545139,24735740
2002-06-21,0.537142,0.544096,0.530189,0.540619,60206797
2002-06-24,0.537142,0.547572,0.512806,0.518021,29170474
2002-06-25,0.526712,0.538881,0.524974,0.538012,24402308
2002-06-26,0.516282,0.544096,0.505852,0.539576,34824854
2002-06-27,0.545834,0.545834,0.521497,0.524452,28974201
2002-06-28,0.530189,0.537142,0.518021,0.533839,27028394
2002-07-01,0.524974,0.538881,0.523236,0.533666,19785025
2002-07-02,0.524974,0.530189,0.504114,0.504983,24010807
2002-07-03,0.503245,0.504114,0.461525,0.463959,70752404
2002-07-04,0.471086,0.473693,0.445011,0.448662,43413121
2002-07-05,0.457179,0.480647,0.457179,0.479256,34883756
2002-07-08,0.479778,0.481516,0.462394,0.466566,19735695
2002-07-09,0.46674,0.471955,0.454572,0.464828,31478714
2002-07-10,0.451095,0.453703,0.438927,0.443794,48980463
2002-07-11,0.434581,0.434581,0.413721,0.413721,46248853
2002-07-12,0.423282,0.42502,0.396338,0.402248,30714274
2002-07-15,0.402422,0.411983,0.38417,0.391123,38691404
2002-07-16,0.400684,0.40416,0.378086,0.384517,40645242
2002-07-17,0.382431,0.405899,0.378955,0.39825,51714678
2002-07-18,0.396338,0.427628,0.396338,0.422587,48106819
2002-07-19,0.416329,0.423282,0.400684,0.405725,25614142
2002-07-22,0.400684,0.406768,0.387646,0.389037,25333986
2002-07-23,0.3946,0.398076,0.365048,0.376347,22045211
2002-07-24,0.378085,0.378085,0.351141,0.371132,24215087
2002-07-25,0.387646,0.389385,0.375478,0.382605,20189138
2002-07-26,0.378955,0.387646,0.371132,0.380172,14245666
2002-07-29,0.385039,0.410245,0.378955,0.408159,27769219
2002-07-30,0.405029,0.417198,0.392861,0.396859,21821115
2002-07-31,0.399815,0.403291,0.386777,0.397207,35533239
2002-08-01,0.398946,0.40503,0.382431,0.383648,23356915
2002-08-02,0.381562,0.391992,0.372001,0.373566,22228949
2002-08-05,0.368525,0.374609,0.358964,0.368525,13682001
2002-08-06,0.361571,0.387646,0.358964,0.383822,16148400
2002-08-07,0.38417,0.398076,0.37374,0.375131,23755430
2002-08-08,0.385908,0.398076,0.382431,0.397033,26112341
2002-08-09,0.402422,0.40503,0.382431,0.396512,20117708
2002-08-12,0.392861,0.397207,0.38417,0.389732,10731664
2002-08-13,0.391992,0.392861,0.376347,0.391123,11375020
2002-08-14,0.38417,0.385039,0.371132,0.372001,17183990
2002-08-15,0.398968,0.398968,0.398968,0.398968,0
2002-08-16,0.382431,0.385039,0.378955,0.383301,15061031
2002-08-19,0.381562,0.402422,0.379824,0.398945,19848222
2002-08-20,0.399815,0.409375,0.397207,0.399815,24040982
2002-08-21,0.403291,0.423282,0.403291,0.413721,29815456
2002-08-22,0.422413,0.431104,0.413721,0.42589,27227602
2002-08-23,0.425889,0.432843,0.413721,0.415459,16413744
2002-08-26,0.419805,0.430235,0.419805,0.423282,13676541
2002-08-27,0.425889,0.450226,0.425889,0.450226,29775196
2002-08-28,0.443273,0.450226,0.432843,0.434581,25279191
2002-08-29,0.428497,0.431104,0.41546,0.424151,20684288
2002-08-30,0.430235,0.438058,0.418936,0.432843,20972241
2002-09-02,0.430235,0.431973,0.423282,0.426759,10957383
2002-09-03,0.422413,0.423282,0.396338,0.406768,41356530
2002-09-04,0.402422,0.410245,0.391992,0.408506,37975326
2002-09-05,0.411983,0.413721,0.39373,0.399815,28754187
2002-09-06,0.401553,0.411983,0.398076,0.408506,14954422
2002-09-09,0.411983,0.424151,0.402422,0.417198,60734209
2002-09-10,0.420675,0.426759,0.417198,0.420675,43163744
2002-09-11,0.424151,0.442403,0.416329,0.439796,42928901
2002-09-12,0.430235,0.436319,0.421544,0.427628,28124695
2002-09-13,0.424151,0.42589,0.409375,0.412852,27357578
2002-09-16,0.41459,0.417198,0.405029,0.405899,23450751
2002-09-17,0.417198,0.423282,0.398076,0.398945,30823010
2002-09-18,0.398076,0.398945,0.38417,0.391123,31619073
2002-09-19,0.388515,0.391123,0.36331,0.371132,42824025
2002-09-20,0.365048,0.376347,0.360702,0.361571,53699046
2002-09-23,0.364179,0.371132,0.33202,0.338973,40434658
2002-09-24,0.341581,0.341581,0.317244,0.322459,48830766
2002-09-25,0.319852,0.336366,0.318113,0.326805,39399098
2002-09-26,0.333758,0.340712,0.330282,0.337235,34610666
2002-09-27,0.333758,0.338104,0.318983,0.319852,37876542
2002-09-30,0.312029,0.312898,0.289431,0.295515,51593588
2002-10-01,0.298992,0.305076,0.284216,0.299861,47381523
2002-10-02,0.309422,0.314637,0.284216,0.295515,69654688
2002-10-03,0.285954,0.30073,0.285954,0.291169,31907973
2002-10-04,0.292908,0.293777,0.266833,0.266833,42315439
2002-10-07,0.262487,0.274655,0.25901,0.270309,46911503
2002-10-08,0.272048,0.275524,0.261618,0.265963,41543068
2002-10-09,0.265964,0.267702,0.241627,0.245973,56536788
2002-10-10,0.243713,0.261096,0.243713,0.257272,37396164
2002-10-11,0.262487,0.27987,0.261966,0.279001,38825935
2002-10-14,0.278132,0.285085,0.272048,0.275524,32609586
2002-10-15,0.280739,0.30073,0.277263,0.30073,66094410
2002-10-16,0.292908,0.308552,0.287693,0.289431,40153007
2002-10-17,0.297253,0.309422,0.292908,0.298992,42118127
2002-10-18,0.304207,0.304207,0.286824,0.288562,34625733
2002-10-21,0.286824,0.293777,0.27987,0.285954,45384072
2002-10-22,0.288562,0.30073,0.285954,0.292908,54951990
2002-10-23,0.297253,0.308552,0.277263,0.281608,67820111
2002-10-24,0.279001,0.284216,0.264225,0.265963,112014620
2002-10-25,0.258141,0.261618,0.247711,0.253795,139382026
2002-10-28,0.25901,0.2717,0.256229,0.264225,90920219
2002-10-29,0.288562,0.295515,0.263356,0.275524,153908944
2002-10-30,0.286824,0.292908,0.275524,0.292038,77596790
2002-10-31,0.288562,0.303338,0.285954,0.298123,72496265
2002-11-01,0.293777,0.297253,0.282478,0.288562,17822701
2002-11-04,0.298992,0.319852,0.298123,0.316375,65891812
2002-11-05,0.318982,0.328543,0.312029,0.314637,54820529
2002-11-06,0.324197,0.325067,0.294646,0.298992,98334818
2002-11-07,0.30073,0.303338,0.272917,0.272917,92116020
2002-11-08,0.272048,0.27987,0.262487,0.267702,71773489
2002-11-11,0.268571,0.274655,0.263356,0.265963,43604663
2002-11-12,0.271179,0.289431,0.256403,0.288562,143139103
2002-11-13,0.288562,0.30073,0.283347,0.287693,114076753
2002-11-14,0.2903,0.301599,0.284216,0.301599,61657832
2002-11-15,0.304207,0.307683,0.295515,0.298123,42505641
2002-11-18,0.298992,0.314637,0.298992,0.314289,44994594
2002-11-19,0.310291,0.318982,0.307683,0.314984,70750766
2002-11-20,0.318113,0.318113,0.304207,0.31342,41974269
2002-11-21,0.32159,0.336366,0.315506,0.334454,67143522
2002-11-22,0.334627,0.353749,0.329412,0.346622,86894755
2002-11-25,0.35288,0.370263,0.344188,0.368177,82876756
2002-11-26,0.370263,0.376347,0.350272,0.352532,67856548
2002-11-27,0.351141,0.382431,0.351141,0.375131,62969774
2002-11-28,0.379824,0.385039,0.37374,0.380172,37336125
2002-11-29,0.382431,0.387646,0.371132,0.380519,36574529
2002-12-02,0.382431,0.3946,0.378085,0.380867,45914541
2002-12-03,0.38417,0.38417,0.351141,0.352185,46748548
2002-12-04,0.349403,0.359833,0.34245,0.354966,48130573
2002-12-05,0.358095,0.380693,0.354618,0.358442,82091071
2002-12-06,0.361572,0.372002,0.349403,0.35288,54706392
2002-12-09,0.361571,0.365917,0.345057,0.347665,46337659
2002-12-10,0.345927,0.353749,0.340712,0.3461,40678718
2002-12-11,0.350272,0.355487,0.345926,0.353749,32861723
2002-12-12,0.353749,0.358964,0.336366,0.350968,46078248
2002-12-13,0.353749,0.353749,0.331151,0.332715,32865983
2002-12-16,0.365917,0.371132,0.325936,0.366265,43924517
2002-12-17,0.366786,0.371132,0.358095,0.360528,34442876
2002-12-18,0.359833,0.379824,0.350272,0.354792,71547173
2002-12-19,0.359833,0.365917,0.344188,0.34697,46073136
2002-12-20,0.349403,0.354618,0.337235,0.345231,50747311
2002-12-23,0.348534,0.356357,0.346796,0.351489,14021863
2002-12-24,0.377477,0.377477,0.377477,0.377477,0
2002-12-25,0.377477,0.377477,0.377477,0.377477,0
2002-12-26,0.377477,0.377477,0.377477,0.377477,0
2002-12-27,0.346796,0.353749,0.34245,0.343145,11419294
2002-12-30,0.344188,0.351141,0.34245,0.349403,8521077
2002-12-31,0.375609,0.375609,0.375609,0.375609,0
2003-01-01,0.375609,0.375609,0.375609,0.375609,0
2003-01-02,0.347665,0.382431,0.347665,0.37965,30426272
2003-01-03,0.38417,0.395469,0.378086,0.387646,37824259
2003-01-06,0.392861,0.401553,0.385908,0.399815,22839159
2003-01-07,0.401553,0.401553,0.386777,0.389559,41620911
2003-01-08,0.38417,0.389385,0.37374,0.374783,39776189
2003-01-09,0.37374,0.387646,0.359833,0.383996,57802653
2003-01-10,0.383301,0.388515,0.374609,0.379998,41522845
2003-01-13,0.385039,0.390254,0.378086,0.381214,36877260
2003-01-14,0.381562,0.386777,0.378085,0.382605,33957598
2003-01-15,0.387646,0.391123,0.378085,0.379476,47888027
2003-01-16,0.379824,0.382431,0.374609,0.378781,31817439
2003-01-17,0.377216,0.377216,0.361571,0.364353,38965173
2003-01-20,0.364179,0.366786,0.352011,0.354792,21898047
2003-01-21,0.360702,0.366786,0.350272,0.352358,43416971
2003-01-22,0.35288,0.358095,0.346796,0.351489,33461357
2003-01-23,0.357226,0.358095,0.347665,0.348882,26845076
2003-01-24,0.347665,0.353749,0.344188,0.345405,41268873
2003-01-27,0.340712,0.340712,0.33202,0.333063,28311537
2003-01-28,0.337235,0.340712,0.325067,0.329413,34078222
2003-01-29,0.328543,0.330282,0.316375,0.329065,40698025
2003-01-30,0.335497,0.340712,0.328543,0.336713,38512861
2003-01-31,0.331151,0.339842,0.329412,0.334454,25853111
2003-02-03,0.338973,0.357226,0.334627,0.354097,56629644
2003-02-04,0.351142,0.354618,0.341581,0.342624,47114077
2003-02-05,0.343319,0.358095,0.340712,0.357052,37847636
2003-02-06,0.352011,0.360702,0.348534,0.35062,38776334
2003-02-07,0.354618,0.358095,0.34245,0.356704,44831758
2003-02-10,0.35288,0.354618,0.343319,0.345405,29370325
2003-02-11,0.352011,0.36331,0.348534,0.361919,33131326
2003-02-12,0.355487,0.359833,0.354618,0.356183,20339572
2003-02-13,0.35288,0.372871,0.352011,0.368525,50308682
2003-02-14,0.37287,0.386777,0.372001,0.382779,43812273
2003-02-17,0.385908,0.389385,0.381562,0.388168,23327242
2003-02-18,0.376347,0.378955,0.370263,0.377216,65144226
2003-02-19,0.372871,0.379824,0.367656,0.370089,28465199
2003-02-20,0.372871,0.375478,0.366786,0.369394,51138785
2003-02-21,0.368525,0.374609,0.364179,0.373218,24693908
2003-02-24,0.377216,0.377216,0.365917,0.366786,19331223
2003-02-25,0.36244,0.364179,0.351141,0.357052,27466126
2003-02-26,0.361572,0.36331,0.352011,0.35288,32055685
2003-02-27,0.357226,0.366786,0.330282,0.364179,67127038
2003-02-28,0.361571,0.377216,0.357226,0.372871,28800080
2003-03-03,0.378085,0.382431,0.369394,0.371654,32375045
2003-03-04,0.371132,0.37374,0.358095,0.358442,25234965
2003-03-05,0.358095,0.362441,0.353749,0.358095,17587405
2003-03-06,0.359833,0.359833,0.344188,0.344883,21937541
2003-03-07,0.336366,0.351141,0.33202,0.34836,38732976
2003-03-10,0.349403,0.349403,0.326805,0.327326,50000015
2003-03-11,0.330282,0.332889,0.318113,0.320026,55224453
2003-03-12,0.32159,0.326805,0.307683,0.3089,37835770
2003-03-13,0.314637,0.332889,0.312898,0.331846,35217986
2003-03-14,0.340712,0.357226,0.337235,0.35514,48549810
2003-03-17,0.344188,0.378085,0.344188,0.375304,47281338
2003-03-18,0.378955,0.381562,0.360702,0.362441,50676393
2003-03-19,0.364179,0.378955,0.36331,0.375478,38084434
2003-03-20,0.37374,0.381562,0.364179,0.368698,37897133
2003-03-21,0.376347,0.388516,0.371132,0.385387,55659293
2003-03-24,0.378955,0.388515,0.368525,0.37148,28289102
2003-03-25,0.370263,0.391992,0.364179,0.390254,53447987
2003-03-26,0.387647,0.392861,0.378955,0.380693,41476310
2003-03-27,0.379824,0.380693,0.370263,0.375304,21410657
2003-03-28,0.376347,0.377216,0.366786,0.372175,27732907
2003-03-31,0.36331,0.365048,0.351141,0.354097,32170473
2003-04-01,0.357226,0.370263,0.355487,0.368351,32552085
2003-04-02,0.370263,0.383301,0.370263,0.380693,37407427
2003-04-03,0.380693,0.388516,0.372871,0.376869,37390494
2003-04-04,0.380693,0.387646,0.372001,0.377564,23083146
2003-04-07,0.389385,0.402422,0.389385,0.396512,38313533
2003-04-08,0.391992,0.3946,0.387646,0.392513,36874292
2003-04-09,0.389384,0.391992,0.379824,0.386429,40199545
2003-04-10,0.378085,0.382431,0.372871,0.375478,31071449
2003-04-11,0.380693,0.385039,0.375478,0.380867,25429611
2003-04-14,0.383301,0.387646,0.378085,0.386777,23065996
2003-04-15,0.389385,0.407637,0.388515,0.403291,85962023
2003-04-16,0.408506,0.411983,0.397207,0.402596,51567258
2003-04-17,0.407637,0.409375,0.39373,0.396338,42051889
2003-04-18,0.426063,0.426063,0.426063,0.426063,0
2003-04-21,0.426063,0.426063,0.426063,0.426063,0
2003-04-22,0.600966,0.620087,0.5996,0.616536,27516294
2003-04-23,0.62555,0.643306,0.620087,0.64194,42338528
2003-04-24,0.640575,0.64877,0.631014,0.634292,26211051
2003-04-25,0.637843,0.637843,0.617356,0.618448,17674893
2003-04-28,0.61599,0.629648,0.614624,0.628009,24846403
2003-04-29,0.63238,0.650135,0.626916,0.635384,29270547
2003-04-30,0.631014,0.644672,0.631014,0.635384,25154074
2003-05-01,0.66466,0.66466,0.66466,0.66466,0
2003-05-02,0.637843,0.639209,0.624185,0.637843,14414496
2003-05-05,0.643306,0.652867,0.639209,0.641668,26520512
2003-05-06,0.641941,0.647404,0.635111,0.642214,28782633
2003-05-07,0.641941,0.647404,0.63238,0.644672,38106644
2003-05-08,0.641941,0.646038,0.614624,0.616536,36856861
2003-05-09,0.618721,0.628282,0.606429,0.62719,29480757
2003-05-12,0.631014,0.63238,0.610526,0.622819,26704133
2003-05-13,0.628282,0.652867,0.622819,0.64194,80014573
2003-05-14,0.64194,0.661062,0.636477,0.657511,65972951
2003-05-15,0.661062,0.693842,0.658331,0.691383,97436305
2003-05-16,0.69794,0.69794,0.678818,0.681276,40330378
2003-05-19,0.677452,0.677452,0.652867,0.65396,39969242
2003-05-20,0.655599,0.670623,0.651502,0.663248,34592780
2003-05-21,0.663794,0.670623,0.646038,0.648497,57785046
2003-05-22,0.652867,0.671989,0.652867,0.670623,33418695
2003-05-23,0.677452,0.69111,0.66516,0.688925,57681240
2003-05-26,0.688379,0.695208,0.677452,0.678818,18860340
2003-05-27,0.678818,0.687013,0.666525,0.683189,31646720
2003-05-28,0.693842,0.717061,0.689745,0.713783,51075016
2003-05-29,0.710232,0.740281,0.707501,0.739188,56175819
2003-05-30,0.737549,0.758036,0.726622,0.74547,65429084
2003-06-02,0.748475,0.75667,0.729354,0.732086,24903705
2003-06-03,0.729354,0.734817,0.715695,0.726895,38173191
2003-06-04,0.734817,0.736183,0.722525,0.732632,36387184
2003-06-05,0.737549,0.74028,0.717061,0.726349,42620003
2003-06-06,0.729354,0.733451,0.718427,0.721159,33322038
2003-06-09,0.715695,0.726622,0.707501,0.709959,30520150
2003-06-10,0.704769,0.727988,0.704769,0.726349,35617117
2003-06-11,0.734817,0.753939,0.727988,0.752027,64377726
2003-06-12,0.763499,0.775792,0.745744,0.754758,58985786
2003-06-13,0.749841,0.756671,0.73072,0.733724,29500006
2003-06-16,0.726622,0.767597,0.726622,0.763499,36088539
2003-06-17,0.770328,0.779889,0.759402,0.765138,49662931
2003-06-18,0.764865,0.792182,0.758036,0.790816,64359586
2003-06-19,0.792182,0.79628,0.770329,0.772514,57542348
2003-06-20,0.775792,0.782621,0.774426,0.777431,35192845
2003-06-23,0.77306,0.785353,0.764865,0.767597,34201037
2003-06-24,0.764866,0.783987,0.760768,0.781256,34291079
2003-06-25,0.779889,0.786719,0.768963,0.77825,24395706
2003-06-26,0.770329,0.785353,0.770329,0.776065,24888267
2003-06-27,0.783987,0.797645,0.782621,0.788085,32889058
2003-06-30,0.782621,0.788084,0.760768,0.760768,26329577
2003-07-01,0.762134,0.770329,0.737549,0.738915,45135084
2003-07-02,0.751207,0.760768,0.748475,0.756944,29303239
2003-07-03,0.764865,0.77306,0.75667,0.769236,36935949
2003-07-04,0.767597,0.77306,0.763499,0.766504,18723448
2003-07-07,0.770328,0.803109,0.770328,0.802562,30510730
2003-07-08,0.801743,0.818133,0.797645,0.812943,33555205
2003-07-09,0.811304,0.819499,0.790816,0.794094,35601193
2003-07-10,0.790816,0.799011,0.786719,0.791636,21147304
2003-07-11,0.786719,0.799011,0.783987,0.786446,18010771
2003-07-14,0.78945,0.807206,0.785353,0.802016,24450271
2003-07-15,0.797645,0.804474,0.792182,0.79546,26978500
2003-07-16,0.797645,0.801743,0.778524,0.780436,27766100
2003-07-17,0.775792,0.778524,0.763499,0.771968,32266771
2003-07-18,0.775792,0.794913,0.770328,0.792182,30370159
2003-07-21,0.797645,0.799011,0.775792,0.780163,24273652
2003-07-22,0.782621,0.788084,0.770328,0.775519,27793909
2003-07-23,0.781255,0.781255,0.767597,0.769509,28425773
2003-07-24,0.77306,0.794914,0.770329,0.793001,25863895
2003-07-25,0.785353,0.794913,0.779889,0.793275,25248036
2003-07-28,0.800377,0.820865,0.800377,0.814582,39175824
2003-07-29,0.816767,0.826328,0.803109,0.80666,43731693
2003-07-30,0.803109,0.816767,0.803109,0.808299,18075975
2003-07-31,0.812669,0.82223,0.801743,0.815128,22796052
2003-08-01,0.814035,0.820864,0.808572,0.809391,13290578
2003-08-04,0.819498,0.819498,0.78945,0.793821,24426651
2003-08-05,0.800377,0.801743,0.788084,0.788358,23861639
2003-08-06,0.781255,0.783987,0.775792,0.778797,17748735
2003-08-07,0.781255,0.788084,0.758036,0.776338,35061274
2003-08-08,0.778524,0.79628,0.77306,0.789724,20920735
2003-08-11,0.792182,0.796279,0.782621,0.79027,11589688
2003-08-12,0.788084,0.800377,0.788084,0.79464,15019420
2003-08-13,0.797645,0.800377,0.783987,0.786446,18952087
2003-08-14,0.794914,0.79628,0.783987,0.786992,20476867
2003-08-15,0.825096,0.825096,0.825096,0.825096,0
2003-08-18,0.78945,0.794913,0.786719,0.792182,13881554
2003-08-19,0.793548,0.797645,0.786719,0.79027,13506865
2003-08-20,0.790816,0.793548,0.783987,0.787811,9018364
2003-08-21,0.78945,0.793548,0.779889,0.782075,19081344
2003-08-22,0.782621,0.783987,0.767597,0.768963,15976966
2003-08-25,0.771695,0.771695,0.758036,0.764865,18520379
2003-08-26,0.767597,0.77306,0.751207,0.758036,24150751
2003-08-27,0.762134,0.768963,0.760768,0.767597,19911103
2003-08-28,0.767597,0.777158,0.755304,0.758036,31015579
2003-08-29,0.760768,0.760768,0.74028,0.74711,35488884
2003-09-01,0.748475,0.763499,0.74711,0.759402,15024031
2003-09-02,0.762134,0.773061,0.758036,0.771695,35071153
2003-09-03,0.777158,0.799011,0.775792,0.797645,62219108
2003-09-04,0.794914,0.797645,0.777158,0.783987,33248323
2003-09-05,0.781255,0.793548,0.778524,0.792182,20243154
2003-09-08,0.790816,0.801743,0.77306,0.777158,79277318
2003-09-09,0.785353,0.789451,0.751207,0.756671,127863515
2003-09-10,0.751207,0.759402,0.745744,0.755304,38435750
2003-09-11,0.751207,0.760768,0.747109,0.752573,31029121
2003-09-12,0.75667,0.762134,0.745744,0.753939,24910243
2003-09-15,0.752573,0.760768,0.748475,0.753939,16177954
2003-09-16,0.753939,0.762133,0.752573,0.760768,21347345
2003-09-17,0.764865,0.771694,0.758036,0.762134,24686631
2003-09-18,0.760768,0.785353,0.758036,0.785353,57407226
2003-09-19,0.783987,0.796279,0.778524,0.78945,65041081
2003-09-22,0.777158,0.781255,0.760768,0.767597,25897317
2003-09-23,0.770329,0.771695,0.753939,0.756671,27787960
2003-09-24,0.759402,0.764865,0.748475,0.753939,24805377
2003-09-25,0.745744,0.752573,0.736183,0.743012,34199125
2003-09-26,0.738915,0.744378,0.727988,0.736183,27198664
2003-09-29,0.732086,0.738915,0.72389,0.727988,16542148
2003-09-30,0.732086,0.733451,0.707501,0.710232,32245056
2003-10-01,0.712964,0.741646,0.708866,0.738915,49062177
2003-10-02,0.744378,0.745744,0.729354,0.733451,46629471
2003-10-03,0.734817,0.755304,0.73072,0.753939,35118946
2003-10-06,0.755304,0.763499,0.749841,0.753939,30861020
2003-10-07,0.753939,0.758036,0.740281,0.751207,32454724
2003-10-08,0.745744,0.760768,0.744378,0.748475,21923562
2003-10-09,0.748475,0.760768,0.745744,0.758036,22216083
2003-10-10,0.760768,0.766231,0.751207,0.753939,23034148
2003-10-13,0.75667,0.763499,0.755304,0.762134,23061748
2003-10-14,0.762134,0.766231,0.748475,0.759402,23797096
2003-10-15,0.759402,0.77306,0.756671,0.759402,39706879
2003-10-16,0.763499,0.767597,0.748475,0.755304,24774300
2003-10-17,0.759402,0.759402,0.741646,0.744378,22853549
2003-10-20,0.74711,0.762134,0.743012,0.758036,31644844
2003-10-21,0.762134,0.766231,0.752573,0.759402,29194379
2003-10-22,0.759402,0.760768,0.749842,0.751207,27510959
2003-10-23,0.745743,0.745743,0.738915,0.741646,29238565
2003-10-24,0.743012,0.745744,0.734817,0.74028,11423146
2003-10-27,0.741646,0.748475,0.737549,0.74028,16995825
2003-10-28,0.743012,0.752573,0.743012,0.74711,19370782
2003-10-29,0.752573,0.759402,0.751207,0.758036,24222375
2003-10-30,0.758036,0.786719,0.75667,0.782621,54193711
2003-10-31,0.779889,0.797645,0.775792,0.792182,58592801
2003-11-03,0.792182,0.799011,0.788084,0.796279,28030696
2003-11-04,0.797645,0.80584,0.794914,0.804474,25543246
2003-11-05,0.799011,0.812669,0.794913,0.80584,30348347
2003-11-06,0.804474,0.808572,0.796279,0.808572,26312152
2003-11-07,0.815401,0.837254,0.814035,0.837254,52632407
2003-11-10,0.830425,0.852279,0.827694,0.830425,46472668
2003-11-11,0.824962,0.827694,0.786719,0.819498,76034242
2003-11-12,0.819499,0.831791,0.811304,0.827694,33270300
2003-11-13,0.852279,0.852279,0.82223,0.846815,67870696
2003-11-14,0.844083,0.863205,0.841352,0.852279,48370213
2003-11-17,0.844083,0.844083,0.830425,0.833157,28896467
2003-11-18,0.835889,0.844083,0.833157,0.83862,17138818
2003-11-19,0.830426,0.830426,0.816767,0.827694,27981049
2003-11-20,0.830425,0.833157,0.808572,0.819498,30839262
2003-11-21,0.812669,0.816767,0.808572,0.816767,17629568
2003-11-24,0.811304,0.845449,0.811304,0.841352,31073948
2003-11-25,0.846815,0.868668,0.844083,0.863205,45059797
2003-11-26,0.868668,0.882327,0.860474,0.868668,45626763
2003-11-27,0.8714,0.8714,0.85501,0.860474,25051353
2003-11-28,0.860473,0.874132,0.85501,0.857742,26413464
2003-12-01,0.860473,0.874132,0.860473,0.8714,20628641
2003-12-02,0.8714,0.876864,0.860474,0.874132,25270752
2003-12-03,0.874132,0.879595,0.865937,0.868668,31020997
2003-12-04,0.865937,0.915107,0.863205,0.909643,58435462
2003-12-05,0.90418,0.915107,0.882327,0.88779,44995861
2003-12-08,0.8714,0.890522,0.868669,0.885059,15031340
2003-12-09,0.88779,0.88779,0.85501,0.860474,62264674
2003-12-10,0.849547,0.863205,0.833157,0.83862,49810530
2003-12-11,0.83862,0.852279,0.83862,0.852279,31339757
2003-12-12,0.85501,0.8714,0.833157,0.849547,51384001
2003-12-15,0.8714,0.879595,0.860473,0.8714,29944230
2003-12-16,0.863205,0.882327,0.860474,0.876864,19959982
2003-12-17,0.882327,0.898717,0.876864,0.898717,38961648
2003-12-18,0.895985,0.909643,0.893253,0.906911,42351428
2003-12-19,0.901449,0.906912,0.844084,0.868668,156072750
2003-12-22,0.85501,0.860474,0.833157,0.835889,45463725
2003-12-23,0.833157,0.865937,0.830426,0.865937,45806404
2003-12-24,0.865937,0.865937,0.865937,0.865937,45806404
2003-12-25,0.908177,0.908177,0.908177,0.908177,0
2003-12-26,0.908177,0.908177,0.908177,0.908177,0
2003-12-29,0.860473,0.868668,0.846815,0.85501,19115273
2003-12-30,0.857742,0.8714,0.846815,0.846815,18631242
2003-12-31,0.888123,0.888123,0.888123,0.888123,0
2004-01-01,0.888123,0.888123,0.888123,0.888123,0
2004-01-02,0.849547,0.860473,0.846815,0.85501,11469688
2004-01-05,0.852279,0.857742,0.83862,0.841352,23102203
2004-01-06,0.844083,0.849547,0.830426,0.844083,22853148
2004-01-07,0.83862,0.841352,0.781255,0.786719,116157218
2004-01-08,0.778524,0.833157,0.778524,0.833157,167707516
2004-01-09,0.830425,0.857742,0.830425,0.857742,63831221
2004-01-12,0.844083,0.852279,0.827694,0.833157,33798586
2004-01-13,0.833157,0.841352,0.781255,0.786719,96163985
2004-01-14,0.792182,0.826327,0.792182,0.824962,96264549
2004-01-15,0.819498,0.83862,0.814035,0.833157,51206039
2004-01-16,0.83862,0.860474,0.833157,0.852279,76087454
2004-01-19,0.852279,0.874132,0.852279,0.8714,57184001
2004-01-20,0.876863,0.876863,0.860473,0.863205,43945656
2004-01-21,0.863205,0.8714,0.846815,0.868668,50238177
2004-01-22,0.868669,0.8714,0.844084,0.865937,43809090
2004-01-23,0.857742,0.876863,0.85501,0.857742,28120797
2004-01-26,0.860473,0.865937,0.852278,0.857742,23892474
2004-01-27,0.863205,0.882327,0.860473,0.882327,50377708
2004-01-28,0.876864,0.882327,0.868668,0.8714,20400974
2004-01-29,0.865937,0.8714,0.857742,0.868668,21319200
2004-01-30,0.868668,0.8714,0.846815,0.85501,30004217
2004-02-02,0.85501,0.85501,0.833157,0.841352,35186060
2004-02-03,0.841352,0.841352,0.827694,0.83862,21001762
2004-02-04,0.833157,0.857742,0.830425,0.852279,35231450
2004-02-05,0.844083,0.85501,0.82223,0.830425,45511434
2004-02-06,0.830425,0.835889,0.816767,0.816767,41492495
2004-02-09,0.824962,0.835889,0.823596,0.827694,36066335
2004-02-10,0.824962,0.841352,0.82223,0.830425,26709045
2004-02-11,0.833157,0.835888,0.824962,0.833157,14815321
2004-02-12,0.835889,0.857742,0.830425,0.852279,45501822
2004-02-13,0.85501,0.857742,0.833157,0.835889,34983439
2004-02-16,0.835889,0.846815,0.833157,0.846815,12143257
2004-02-17,0.849547,0.852279,0.83862,0.849547,30538386
2004-02-18,0.846815,0.852279,0.83862,0.841352,12273783
2004-02-19,0.83862,0.846815,0.830425,0.83862,22371289
2004-02-20,0.833157,0.833157,0.808572,0.814035,81522990
2004-02-23,0.816767,0.823596,0.809938,0.820864,29907397
2004-02-24,0.814035,0.819498,0.800377,0.811304,24966018
2004-02-25,0.809938,0.819499,0.807206,0.809938,20125255
2004-02-26,0.814035,0.816767,0.803109,0.809938,20524335
2004-02-27,0.812669,0.824962,0.809938,0.816767,36640882
2004-03-01,0.823596,0.824962,0.805841,0.809938,28688195
2004-03-02,0.814035,0.815401,0.793548,0.800377,46476590
2004-03-03,0.79628,0.801743,0.785353,0.786719,38105723
2004-03-04,0.78945,0.78945,0.775792,0.785353,55817815
2004-03-05,0.786719,0.815401,0.785353,0.808572,90496372
2004-03-08,0.811304,0.826328,0.792182,0.794913,120863922
2004-03-09,0.794913,0.800377,0.790816,0.796279,51646652
2004-03-10,0.794914,0.816767,0.792182,0.814035,42498527
2004-03-11,0.808572,0.808572,0.794914,0.803109,51022457
2004-03-12,0.792182,0.794913,0.781255,0.78945,50401054
2004-03-15,0.78945,0.790816,0.75667,0.758036,47311467
2004-03-16,0.760768,0.771695,0.748475,0.751207,81536010
2004-03-17,0.75667,0.762134,0.744378,0.753939,52189458
2004-03-18,0.758036,0.758036,0.736183,0.74028,43770722
2004-03-19,0.748475,0.752573,0.727988,0.741646,80201919
2004-03-22,0.732086,0.743012,0.725256,0.743012,36760549
2004-03-23,0.74028,0.755305,0.74028,0.74711,29535446
2004-03-24,0.749841,0.755304,0.730719,0.737549,42313117
2004-03-25,0.741646,0.759402,0.74028,0.759402,30601925
2004-03-26,0.762133,0.764865,0.747109,0.752573,23993337
2004-03-29,0.752573,0.75667,0.743012,0.752573,78363397
2004-03-30,0.759402,0.760768,0.743012,0.74711,45166476
2004-03-31,0.751207,0.753939,0.734817,0.734817,57129555
2004-04-01,0.738915,0.749841,0.738915,0.749841,45878230
2004-04-02,0.747109,0.771694,0.747109,0.768963,42950276
2004-04-05,0.770329,0.782621,0.770329,0.781256,43810706
2004-04-06,0.783987,0.786719,0.770329,0.775792,42208416
2004-04-07,0.774426,0.786719,0.774426,0.786719,28460436
2004-04-08,0.785353,0.79628,0.779889,0.783987,69878506
2004-04-09,0.82223,0.82223,0.82223,0.82223,0
2004-04-12,0.82223,0.82223,0.82223,0.82223,0
2004-04-13,0.788084,0.804474,0.788084,0.799011,57554662
2004-04-14,0.792182,0.797645,0.782621,0.788085,27169068
2004-04-15,0.785353,0.78945,0.775792,0.778524,31596631
2004-04-16,0.774427,0.778524,0.764866,0.771695,97892145
2004-04-19,0.768802,0.786275,0.767346,0.781906,48810985
2004-04-20,0.784819,0.809572,0.784819,0.800835,46733481
2004-04-21,0.796467,0.811028,0.793555,0.796467,33284391
2004-04-22,0.797923,0.808116,0.795011,0.803748,24607262
2004-04-23,0.80666,0.81394,0.802291,0.803748,18823528
2004-04-26,0.80666,0.82122,0.802291,0.81394,25541652
2004-04-27,0.815396,0.824133,0.808116,0.818308,32765421
2004-04-28,0.818308,0.822676,0.812484,0.815396,22676408
2004-04-29,0.81394,0.818308,0.808116,0.812484,25898842
2004-04-30,0.808116,0.812484,0.802291,0.803748,22996891
2004-05-03,0.800835,0.80666,0.795011,0.805204,18914164
2004-05-04,0.80666,0.815396,0.800836,0.809572,50499825
2004-05-05,0.80666,0.811028,0.79938,0.811028,34404657
2004-05-06,0.811028,0.811028,0.781906,0.781906,57410351
2004-05-07,0.786275,0.795011,0.783363,0.790643,40586118
2004-05-10,0.777538,0.787731,0.768802,0.781906,33584097
2004-05-11,0.792099,0.818308,0.789187,0.818308,72542605
2004-05-12,0.834325,0.856166,0.834325,0.841605,161456328
2004-05-13,0.841605,0.869271,0.841605,0.860534,64702800
2004-05-14,0.856166,0.859078,0.835781,0.845973,60597185
2004-05-17,0.834325,0.840149,0.825589,0.834325,29881932
2004-05-18,0.844518,0.84743,0.831413,0.843061,19404132
2004-05-19,0.848886,0.86199,0.845974,0.860534,24121009
2004-05-20,0.853254,0.867815,0.84743,0.863446,55883369
2004-05-21,0.870726,0.872183,0.860534,0.864902,108172932
2004-05-24,0.859078,0.883831,0.859078,0.882375,26306919
2004-05-25,0.876551,0.876551,0.859078,0.867815,21539153
2004-05-26,0.880919,0.885287,0.873639,0.878007,26996048
2004-05-27,0.876551,0.8882,0.864902,0.867815,38061469
2004-05-28,0.872183,0.875095,0.856166,0.856166,37013737
2004-05-31,0.856166,0.866358,0.853254,0.866358,10391550
2004-06-01,0.867814,0.867814,0.853254,0.859078,17353070
2004-06-02,0.864902,0.866358,0.856166,0.859078,8818526
2004-06-03,0.859078,0.86199,0.851798,0.856166,16865616
2004-06-04,0.857622,0.879463,0.857622,0.876551,23229537
2004-06-07,0.882375,0.891111,0.873639,0.882375,18371802
2004-06-08,0.888199,0.888199,0.867815,0.885287,28192465
2004-06-09,0.891112,0.894024,0.879463,0.894024,26861314
2004-06-10,0.888199,0.894024,0.882375,0.891111,20605024
2004-06-11,0.891111,0.891111,0.879463,0.885287,7329290
2004-06-14,0.8882,0.899848,0.879463,0.894024,29374050
2004-06-15,0.894024,0.905672,0.888199,0.90276,27616225
2004-06-16,0.905672,0.911496,0.888199,0.896936,36874819
2004-06-17,0.894024,0.90276,0.879463,0.885287,35012634
2004-06-18,0.888199,0.894024,0.879463,0.891111,24262243
2004-06-21,0.894024,0.90276,0.8882,0.899848,20633345
2004-06-22,0.896936,0.899848,0.885287,0.888199,17138741
2004-06-23,0.8882,0.899848,0.8882,0.894024,22455722
2004-06-24,0.899848,0.908584,0.896936,0.899848,34257929
2004-06-25,0.899848,0.914409,0.899848,0.914409,27123147
2004-06-28,0.914409,0.928969,0.908584,0.926057,27308180
2004-06-29,0.928969,0.937706,0.923145,0.931881,52205077
2004-06-30,0.934793,0.940618,0.928969,0.934793,36756123
2004-07-01,0.940617,0.94353,0.914409,0.91732,38385463
2004-07-02,0.914409,0.920233,0.90276,0.911496,34658709
2004-07-05,0.911496,0.926057,0.911496,0.920233,35774773
2004-07-06,0.923145,0.928969,0.90276,0.908584,56053616
2004-07-07,0.908584,0.917321,0.90276,0.911496,46671585
2004-07-08,0.908584,0.91732,0.90276,0.91732,24523025
2004-07-09,0.914408,0.920233,0.908584,0.920233,19518299
2004-07-12,0.91732,0.928969,0.91732,0.91732,23508606
2004-07-13,0.923145,0.931881,0.914409,0.91732,36390536
2004-07-14,0.905672,0.905672,0.894024,0.90276,42628251
2004-07-15,0.905672,0.905672,0.894024,0.899848,23385532
2004-07-16,0.905672,0.905672,0.882375,0.882375,41815586
2004-07-19,0.882375,0.894024,0.876551,0.888199,31408548
2004-07-20,0.885287,0.90276,0.876551,0.90276,36436451
2004-07-21,0.905672,0.911497,0.899848,0.905672,30629522
2004-07-22,0.896936,0.896936,0.885287,0.888199,26421710
2004-07-23,0.885287,0.894024,0.879463,0.885287,31055873
2004-07-26,0.882375,0.891112,0.879463,0.879463,19284657
2004-07-27,0.885287,0.896936,0.876551,0.894024,27805555
2004-07-28,0.896936,0.905672,0.888199,0.891111,31220745
2004-07-29,0.894024,0.905672,0.8882,0.899848,25580863
2004-07-30,0.896936,0.905672,0.891111,0.896936,26771982
2004-08-02,0.899848,0.908584,0.891112,0.905672,28826102
2004-08-03,0.905672,0.911496,0.899848,0.908584,28350608
2004-08-04,0.896936,0.90276,0.888199,0.90276,28152733
2004-08-05,0.90276,0.908584,0.896936,0.90276,12262634
2004-08-06,0.896936,0.90276,0.885287,0.891111,25463391
2004-08-09,0.891112,0.891112,0.876551,0.879463,19609867
2004-08-10,0.879463,0.891112,0.876551,0.879463,16946749
2004-08-11,0.882375,0.882375,0.856166,0.864902,38829236
2004-08-12,0.864902,0.870726,0.835781,0.840149,46733900
2004-08-13,0.837237,0.847429,0.825589,0.831413,27431282
2004-08-16,0.828501,0.850342,0.82122,0.845973,28465990
2004-08-17,0.847429,0.866358,0.843061,0.857622,33371579
2004-08-18,0.856166,0.859078,0.841605,0.856166,25812812
2004-08-19,0.86199,0.863447,0.848886,0.853254,17982989
2004-08-20,0.853254,0.853254,0.840149,0.844518,21373585
2004-08-23,0.84743,0.864902,0.84743,0.860534,19107350
2004-08-24,0.86199,0.869271,0.859078,0.860534,12153320
2004-08-25,0.863446,0.866358,0.856166,0.866358,21455862
2004-08-26,0.866358,0.880919,0.866358,0.876551,21599128
2004-08-27,0.876551,0.888199,0.876551,0.885287,12386852
2004-08-30,0.882375,0.885287,0.876551,0.882375,12261973
2004-08-31,0.876551,0.888199,0.870726,0.876551,24751648
2004-09-01,0.879463,0.891111,0.879463,0.885287,21887956
2004-09-02,0.885287,0.908584,0.879463,0.908584,34102356
2004-09-03,0.905672,0.920233,0.90276,0.914409,27502609
2004-09-06,0.914409,0.926057,0.8882,0.894024,64231477
2004-09-07,0.888199,0.891111,0.867814,0.873639,68929420
2004-09-08,0.870727,0.885287,0.867815,0.879463,38295415
2004-09-09,0.879463,0.891111,0.873639,0.888199,36506896
2004-09-10,0.888199,0.894024,0.882375,0.891111,25317978
2004-09-13,0.896936,0.896936,0.888199,0.891111,19005361
2004-09-14,0.8882,0.891111,0.876551,0.882375,37565305
2004-09-15,0.882375,0.896936,0.879463,0.885287,25100544
2004-09-16,0.882375,0.896936,0.882375,0.894024,24867757
2004-09-17,0.896936,0.90276,0.891111,0.891111,42311660
2004-09-20,0.891111,0.896936,0.885287,0.891111,17071323
2004-09-21,0.891112,0.908584,0.8882,0.905672,30183535
2004-09-22,0.905672,0.914409,0.896936,0.896936,32701375
2004-09-23,0.896936,0.90276,0.888199,0.90276,29264744
2004-09-24,0.896936,0.899848,0.882375,0.882375,47452635
2004-09-27,0.879463,0.888199,0.876551,0.876551,24735318
2004-09-28,0.876551,0.8882,0.867815,0.882375,34638831
2004-09-29,0.885287,0.894024,0.882375,0.888199,20306793
2004-09-30,0.891111,0.896936,0.885287,0.891111,26055737
2004-10-01,0.891112,0.894024,0.879463,0.894024,27811832
2004-10-04,0.896936,0.905672,0.894024,0.899848,23895240
2004-10-05,0.891111,0.914409,0.8882,0.911496,32836264
2004-10-06,0.911496,0.914409,0.894024,0.899848,23066690
2004-10-07,0.899848,0.908584,0.899848,0.90276,19310220
2004-10-08,0.899848,0.917321,0.899848,0.914409,35813708
2004-10-11,0.908584,0.931881,0.908584,0.926057,39988062
2004-10-12,0.926057,0.931881,0.914409,0.926057,40079512
2004-10-13,0.931881,0.949354,0.928969,0.94353,62816229
2004-10-14,0.934793,0.937705,0.928969,0.928969,31623402
2004-10-15,0.928969,0.928969,0.914408,0.920233,41159925
2004-10-18,0.920233,0.923145,0.911496,0.914409,25581117
2004-10-19,0.920233,0.931881,0.920233,0.926057,23086226
2004-10-20,0.923145,0.923145,0.914408,0.920233,22033104
2004-10-21,0.920233,0.928969,0.920233,0.926057,29113833
2004-10-22,0.928969,0.946442,0.926057,0.94353,38272619
2004-10-25,0.928969,0.931881,0.91732,0.920233,25417785
2004-10-26,0.920233,0.926057,0.914408,0.920233,30139697
2004-10-27,0.926057,0.931881,0.91732,0.928969,27750434
2004-10-28,0.931881,0.94353,0.931881,0.937706,38028867
2004-10-29,0.937706,0.94353,0.934793,0.934793,24191419
2004-11-01,0.931881,0.940618,0.931881,0.940618,0
2004-11-02,0.94353,0.958091,0.940618,0.952266,23182891
2004-11-03,0.961003,0.963915,0.949354,0.952266,33271899
2004-11-04,0.955178,0.958091,0.940618,0.949354,28386557
2004-11-05,0.952266,0.961003,0.946442,0.952266,50241003
2004-11-08,0.952266,1.004685,0.934793,0.990124,158552885
2004-11-09,0.990124,1.004685,0.987212,1.001773,76575450
2004-11-10,1.010509,1.019245,0.993036,0.995948,60383217
2004-11-11,0.995948,0.99886,0.981388,0.987212,55126657
2004-11-12,0.993036,1.004684,0.987212,0.99886,42300490
2004-11-15,0.99886,1.004685,0.990124,0.995948,35348350
2004-11-16,0.995948,0.99886,0.981387,0.9843,36949872
2004-11-17,0.9843,1.022158,0.9843,1.019245,62892686
2004-11-18,1.016333,1.027982,1.010509,1.013421,62632681
2004-11-19,1.013421,1.033806,1.010509,1.010509,54826714
2004-11-22,1.007597,1.010509,0.9843,0.987212,52458520
2004-11-23,0.990124,0.993036,0.978475,0.981388,46070100
2004-11-24,0.9843,0.990124,0.969739,0.975563,39988416
2004-11-25,0.975563,0.993036,0.972651,0.993036,23287213
2004-11-26,0.990124,0.993036,0.978475,0.981388,19694254
2004-11-29,0.9843,0.993036,0.975563,0.975563,24485651
2004-11-30,0.978475,0.981388,0.961003,0.969739,42048600
2004-12-01,0.972651,0.990124,0.969739,0.981388,27069929
2004-12-02,0.987212,0.99886,0.9843,0.987212,27859003
2004-12-03,0.993036,0.995948,0.978475,0.993036,27694754
2004-12-06,0.990124,0.99886,0.987212,0.990124,19877162
2004-12-07,0.990124,0.99886,0.9843,0.993036,24956926
2004-12-08,0.993036,0.99886,0.990124,0.99886,0
2004-12-09,0.995948,1.004685,0.987212,0.990124,24949849
2004-12-10,0.995948,1.001773,0.990124,0.995948,15361687
2004-12-13,0.995948,1.010509,0.995948,1.007597,22926763
2004-12-14,1.010509,1.016333,1.001772,1.007597,27870965
2004-12-15,1.007597,1.010509,0.995948,1.001773,23390453
2004-12-16,1.001773,1.019245,0.99886,1.019245,23001824
2004-12-17,1.027982,1.027982,1.016333,1.022157,67111412
2004-12-20,1.025069,1.030894,1.019245,1.022157,25631119
2004-12-21,1.022157,1.027982,1.010509,1.013421,25189367
2004-12-22,1.016333,1.030894,1.007597,1.025069,26508518
2004-12-23,1.025069,1.03963,1.019245,1.030894,26719479
2004-12-24,1.030894,1.030894,1.030894,1.030894,0
2004-12-27,1.030894,1.033806,1.025069,1.025069,6187588
2004-12-28,1.027982,1.027982,1.022158,1.027982,5313027
2004-12-29,1.027982,1.030894,1.019245,1.019245,7255754
2004-12-30,1.025069,1.030894,1.022157,1.030894,9982556
2004-12-31,1.030894,1.030894,1.030894,1.030894,0
2005-01-03,1.030894,1.036718,1.022157,1.025069,14207682
2005-01-04,1.022158,1.036718,1.022158,1.027982,20430932
2005-01-05,1.022158,1.048367,1.019245,1.036718,43207850
2005-01-06,1.03963,1.054191,1.036718,1.054191,0
2005-01-07,1.051279,1.068751,1.048366,1.060015,31859246
2005-01-10,1.057103,1.065839,1.051279,1.060015,28164298
2005-01-11,1.062927,1.065839,1.03963,1.048366,41610200
2005-01-12,1.045454,1.060015,1.03963,1.048366,34032070
2005-01-13,1.051278,1.054191,1.03963,1.042542,33955715
2005-01-14,1.03963,1.045454,1.030894,1.042542,30971958
2005-01-17,1.045454,1.054191,1.036718,1.051279,23026836
2005-01-18,1.054191,1.057103,1.042542,1.048366,28878647
2005-01-19,1.051279,1.065839,1.045454,1.060015,33792755
2005-01-20,1.051279,1.057103,1.048367,1.054191,16117861
2005-01-21,1.051279,1.057103,1.051279,1.051279,19073541
2005-01-24,1.051278,1.051278,1.036718,1.045454,27900946
2005-01-25,1.045454,1.051278,1.03963,1.045454,24586324
2005-01-26,1.045455,1.048367,1.027982,1.036718,35182275
2005-01-27,1.03963,1.042542,1.016333,1.033806,47106132
2005-01-28,1.033806,1.03963,1.030894,1.036718,18816891
2005-01-31,1.038174,1.03963,1.030894,1.037446,24230629
2005-02-01,1.041814,1.04691,1.035262,1.041086,27059239
2005-02-02,1.03963,1.042542,1.027982,1.027982,33821792
2005-02-03,1.027254,1.037446,1.027254,1.034534,31655093
2005-02-04,1.033806,1.055647,1.033806,1.053463,30279081
2005-02-07,1.056375,1.058559,1.049094,1.052735,21476186
2005-02-08,1.051279,1.065839,1.051279,1.065111,27889608
2005-02-09,1.068023,1.096417,1.065839,1.089136,44151712
2005-02-10,1.085496,1.105153,1.085496,1.093504,29437668
2005-02-11,1.098601,1.100057,1.090593,1.097145,16062238
2005-02-14,1.103697,1.106609,1.091321,1.094961,15565897
2005-02-15,1.093504,1.120442,1.093504,1.118257,19801652
2005-02-16,1.112433,1.118257,1.093504,1.101513,20832415
2005-02-17,1.098601,1.100785,1.086224,1.086952,16023913
2005-02-18,1.094232,1.094232,1.074576,1.0804,17271921
2005-02-21,1.083312,1.089864,1.059287,1.065111,18127858
2005-02-22,1.066567,1.08404,1.052735,1.078216,19510392
2005-02-23,1.067295,1.084768,1.066567,1.079672,15657680
2005-02-24,1.076032,1.076032,1.063655,1.065839,14576534
2005-02-25,1.070935,1.084768,1.065839,1.081856,15941725
2005-02-28,1.0804,1.092049,1.07312,1.077488,12795826
2005-03-01,1.072392,1.086224,1.068751,1.0804,12583879
2005-03-02,1.083312,1.088408,1.072392,1.083312,16741918
2005-03-03,1.077488,1.086224,1.071663,1.078944,13084429
2005-03-04,1.076032,1.088408,1.07312,1.088408,14787265
2005-03-07,1.093504,1.115345,1.061471,1.065111,67031528
2005-03-08,1.070935,1.072391,1.043998,1.048366,56044318
2005-03-09,1.054191,1.070935,1.052735,1.056375,28049958
2005-03-10,1.054191,1.072392,1.05055,1.065111,22542864
2005-03-11,1.071663,1.07676,1.061471,1.062927,20803751
2005-03-14,1.060743,1.082584,1.060743,1.0804,21189573
2005-03-15,1.084768,1.102241,1.077488,1.089864,35217576
2005-03-16,1.089136,1.097873,1.060015,1.066567,51381229
2005-03-17,1.068751,1.071663,1.057103,1.064383,14845900
2005-03-18,1.058559,1.084768,1.058559,1.08404,30823257
2005-03-21,1.086224,1.099329,1.085496,1.08768,26026812
2005-03-22,1.090592,1.109521,1.088408,1.105881,29506827
2005-03-23,1.092048,1.116073,1.092048,1.110977,24393019
2005-03-24,1.110977,1.137186,1.109521,1.136459,43592681
2005-03-25,1.136459,1.136459,1.136459,1.136459,0
2005-03-28,1.136459,1.136459,1.136459,1.136459,0
2005-03-29,1.138642,1.141555,1.124082,1.124082,18459304
2005-03-30,1.119713,1.131362,1.116801,1.118257,26209238
2005-03-31,1.133546,1.144467,1.126994,1.141555,78364299
2005-04-01,1.140098,1.161212,1.13937,1.141555,85799744
2005-04-04,1.141555,1.144466,1.129178,1.129906,58314549
2005-04-05,1.133546,1.137914,1.12845,1.129906,37633095
2005-04-06,1.13573,1.151747,1.135002,1.141555,83188347
2005-04-07,1.144467,1.145923,1.133546,1.141555,24868386
2005-04-08,1.147379,1.158299,1.143739,1.145923,133701374
2005-04-11,1.138643,1.153203,1.138643,1.147379,136163148
2005-04-12,1.148835,1.157571,1.144466,1.150291,48587717
2005-04-13,1.159027,1.164852,1.140099,1.143011,65866050
2005-04-14,1.144467,1.148835,1.140099,1.143739,113333608
2005-04-15,1.145195,1.145195,1.100057,1.100785,131810419
2005-04-18,1.082813,1.082813,1.040878,1.073827,45225798
2005-04-19,1.089552,1.101533,1.076073,1.079817,114181388
2005-04-20,1.098538,1.098538,1.08431,1.094045,29703113
2005-04-21,1.085808,1.102282,1.079817,1.085808,51180169
2005-04-22,1.096292,1.098538,1.085808,1.086557,17442578
2005-04-25,1.081315,1.09105,1.073078,1.086557,13607348
2005-04-26,1.086557,1.121003,1.081315,1.120254,167441159
2005-04-27,1.120254,1.131487,1.08431,1.09105,39508351
2005-04-28,1.09105,1.112766,1.09105,1.106027,33788858
2005-04-29,1.106027,1.11651,1.093296,1.104529,17549586
2005-05-02,1.114264,1.127743,1.112766,1.12325,13063891
2005-05-03,1.12325,1.126994,1.114264,1.126994,12135181
2005-05-04,1.126994,1.137477,1.122501,1.136729,28772151
2005-05-05,1.141971,1.147213,1.127743,1.12999,26808834
2005-05-06,1.129989,1.140473,1.109771,1.114264,42000615
2005-05-09,1.120254,1.123998,1.109022,1.117259,21030094
2005-05-10,1.115761,1.122501,1.109022,1.109022,13015742
2005-05-11,1.109022,1.120254,1.105278,1.11651,35151581
2005-05-12,1.120254,1.121752,1.10378,1.112766,18367877
2005-05-13,1.112017,1.11651,1.10378,1.109022,16813943
2005-05-16,1.103031,1.109771,1.103031,1.108273,14094948
2005-05-17,1.112766,1.112766,1.085059,1.085808,19404270
2005-05-18,1.089552,1.094794,1.080566,1.09105,24016280
2005-05-19,1.093296,1.106027,1.088803,1.093296,24425384
2005-05-20,1.088055,1.091799,1.083562,1.088055,40830525
2005-05-23,1.079817,1.097789,1.079068,1.096292,16006165
2005-05-24,1.093296,1.095543,1.079068,1.085808,21570041
2005-05-25,1.079817,1.094794,1.079817,1.093296,16334069
2005-05-26,1.09105,1.111268,1.09105,1.108273,24599249
2005-05-27,1.113515,1.115761,1.094045,1.097789,25402489
2005-05-30,1.100036,1.126245,1.098538,1.12325,34883305
2005-05-31,1.131487,1.146464,1.121752,1.137477,52864254
2005-06-01,1.138975,1.153203,1.138975,1.153203,27997667
2005-06-02,1.152454,1.156199,1.147212,1.152454,9808912
2005-06-03,1.150957,1.163687,1.133733,1.136729,22370186
2005-06-06,1.136729,1.152454,1.127743,1.136729,11128071
2005-06-07,1.140473,1.154701,1.139724,1.14871,13889714
2005-06-08,1.144966,1.145715,1.134482,1.138227,13053804
2005-06-09,1.138226,1.138226,1.123999,1.128492,19138445
2005-06-10,1.129241,1.154701,1.127743,1.152454,26883559
2005-06-13,1.150207,1.150956,1.136729,1.142719,15395360
2005-06-14,1.14272,1.147962,1.131487,1.138227,15933165
2005-06-15,1.14272,1.14272,1.12325,1.12325,26518268
2005-06-16,1.129989,1.134482,1.122501,1.127743,22725415
2005-06-17,1.136729,1.136729,1.127743,1.132236,27655967
2005-06-20,1.132236,1.132236,1.115762,1.12325,13846002
2005-06-21,1.128492,1.129989,1.117259,1.120254,15670173
2005-06-22,1.12325,1.140473,1.121752,1.132236,22842158
2005-06-23,1.135231,1.151705,1.132236,1.132984,28274208
2005-06-24,1.128491,1.130738,1.119505,1.121003,12417048
2005-06-27,1.118757,1.119506,1.096292,1.108273,14933297
2005-06-28,1.111268,1.117259,1.108273,1.114264,13304755
2005-06-29,1.117259,1.121003,1.109771,1.120254,12537981
2005-06-30,1.12325,1.14272,1.120255,1.133734,21237184
2005-07-01,1.134482,1.147213,1.12325,1.138227,19961892
2005-07-04,1.14272,1.14272,1.131487,1.133734,11602681
2005-07-05,1.129989,1.138975,1.123998,1.138975,18068391
2005-07-06,1.144217,1.167431,1.141222,1.162189,34427917
2005-07-07,1.156199,1.164436,1.093296,1.135231,49645374
2005-07-08,1.14871,1.162189,1.136729,1.162189,19569494
2005-07-11,1.165185,1.180161,1.165185,1.177166,21418186
2005-07-12,1.183156,1.185403,1.158445,1.167431,28709046
2005-07-13,1.18765,1.225091,1.186901,1.220598,92431664
2005-07-14,1.233329,1.235575,1.204124,1.225091,42174398
2005-07-15,1.225091,1.230333,1.20637,1.210863,26425165
2005-07-18,1.21311,1.222844,1.204872,1.21311,13273654
2005-07-19,1.219849,1.233329,1.218352,1.226589,26265727
2005-07-20,1.228087,1.228087,1.204124,1.216105,32510732
2005-07-21,1.213859,1.228087,1.205621,1.205621,32060847
2005-07-22,1.208617,1.214607,1.203375,1.21311,12168810
2005-07-25,1.216105,1.218352,1.207119,1.213859,12929179
2005-07-26,1.214608,1.215357,1.204873,1.208617,14827904
2005-07-27,1.212361,1.215356,1.205621,1.205621,16294833
2005-07-28,1.208617,1.208617,1.195138,1.203375,15668923
2005-07-29,1.203375,1.208617,1.197384,1.201129,11186358
2005-08-01,1.201877,1.217603,1.201128,1.21311,17122660
2005-08-02,1.216105,1.221347,1.207868,1.215356,14590599
2005-08-03,1.21311,1.228087,1.207119,1.210114,14587768
2005-08-04,1.209365,1.212361,1.198882,1.198882,12068796
2005-08-05,1.190645,1.202626,1.177166,1.195138,17651315
2005-08-08,1.195886,1.210863,1.195886,1.201877,9271556
2005-08-09,1.202626,1.203375,1.189896,1.203375,13811049
2005-08-10,1.198133,1.218352,1.192891,1.213859,17695701
2005-08-11,1.212361,1.213859,1.201129,1.205621,9664503
2005-08-12,1.205621,1.205621,1.190645,1.190645,10316388
2005-08-15,1.190645,1.190645,1.190645,1.190645,0
2005-08-16,1.196635,1.201128,1.184654,1.186901,13090664
2005-08-17,1.186152,1.186901,1.170426,1.176417,11743350
2005-08-18,1.176417,1.18091,1.165184,1.174171,10564729
2005-08-19,1.178664,1.196636,1.171175,1.192143,12876736
2005-08-22,1.18765,1.189147,1.176417,1.177166,12461378
2005-08-23,1.176417,1.184654,1.171924,1.178663,13389598
2005-08-24,1.175668,1.189147,1.16818,1.180161,14168727
2005-08-25,1.171175,1.172673,1.162189,1.167431,12037700
2005-08-26,1.165184,1.170426,1.14871,1.153952,12563155
2005-08-29,1.146463,1.16818,1.141971,1.16818,11570381
2005-08-30,1.173421,1.173421,1.156198,1.157696,11186253
2005-08-31,1.156199,1.171175,1.153952,1.169677,18459243
2005-09-01,1.174171,1.196635,1.174171,1.186152,24128762
2005-09-02,1.195138,1.201129,1.183905,1.189147,16365494
2005-09-05,1.195886,1.202626,1.176417,1.183156,22461842
2005-09-06,1.185403,1.186901,1.162938,1.180161,27805195
2005-09-07,1.177914,1.180161,1.162189,1.166682,34208091
2005-09-08,1.168929,1.174919,1.160692,1.169677,24997603
2005-09-09,1.168928,1.170426,1.16144,1.166682,13683348
2005-09-12,1.16818,1.170426,1.162938,1.165933,11735287
2005-09-13,1.165933,1.171175,1.156198,1.159194,20489851
2005-09-14,1.157696,1.180161,1.157696,1.174171,21833522
2005-09-15,1.170426,1.176417,1.165185,1.171924,11861243
2005-09-16,1.176417,1.190645,1.174919,1.183156,56504771
2005-09-19,1.180161,1.183156,1.17492,1.182408,18002196
2005-09-20,1.185403,1.185403,1.174171,1.182408,14384094
2005-09-21,1.175668,1.178663,1.16818,1.170426,15264505
2005-09-22,1.165184,1.172673,1.159942,1.16818,14651856
2005-09-23,1.171924,1.172673,1.159194,1.168929,9895203
2005-09-26,1.177166,1.183156,1.172673,1.180161,19240652
2005-09-27,1.173422,1.174171,1.157696,1.161441,39811881
2005-09-28,1.159943,1.169677,1.156199,1.165933,59099526
2005-09-29,1.170426,1.170426,1.159194,1.160691,24173431
2005-09-30,1.164436,1.173422,1.156947,1.161441,26440196
2005-10-03,1.163687,1.169677,1.160691,1.16818,40935141
2005-10-04,1.166682,1.171175,1.162938,1.164436,24893583
2005-10-05,1.16144,1.163686,1.14871,1.157696,23334742
2005-10-06,1.150208,1.157696,1.141222,1.156947,15341993
2005-10-07,1.150957,1.15545,1.14272,1.145715,16509281
2005-10-10,1.147213,1.150957,1.13598,1.138227,14540302
2005-10-11,1.135231,1.150957,1.135231,1.141971,15781923
2005-10-12,1.13598,1.138226,1.121752,1.12999,27360700
2005-10-13,1.130738,1.144966,1.127743,1.141222,32174008
2005-10-14,1.153203,1.162189,1.145715,1.160691,37826437
2005-10-17,1.156947,1.165185,1.151706,1.153203,19342755
2005-10-18,1.153203,1.156947,1.139724,1.145715,21392629
2005-10-19,1.144217,1.144966,1.112017,1.121752,30248958
2005-10-20,1.131487,1.144217,1.123999,1.133734,19523630
2005-10-21,1.126245,1.151705,1.126245,1.135231,25929472
2005-10-24,1.138975,1.147212,1.126994,1.144966,22176920
2005-10-25,1.14272,1.147961,1.134482,1.135231,21456388
2005-10-26,1.147212,1.159942,1.138226,1.159194,30960645
2005-10-27,1.157696,1.161441,1.147213,1.153203,29555032
2005-10-28,1.157696,1.159194,1.138975,1.14871,24202092
2005-10-31,1.175668,1.175668,1.150207,1.166682,19824583
2005-11-01,1.165184,1.174171,1.159943,1.164436,0
2005-11-02,1.159194,1.166682,1.159194,1.165184,17728929
2005-11-03,1.167431,1.180161,1.164436,1.177166,27221500
2005-11-04,1.177914,1.183156,1.164435,1.16818,27123841
2005-11-07,1.168928,1.198133,1.165933,1.192891,37574742
2005-11-08,1.19364,1.207119,1.184654,1.187649,18562894
2005-11-09,1.185403,1.188398,1.174919,1.186901,28379953
2005-11-10,1.183156,1.197384,1.180161,1.19364,25941313
2005-11-11,1.207119,1.225091,1.201877,1.207119,57499382
2005-11-14,1.21311,1.231831,1.207119,1.225091,45876541
2005-11-15,1.215356,1.215356,1.202626,1.205621,42187705
2005-11-16,1.205621,1.214607,1.198133,1.204872,19571298
2005-11-17,1.203375,1.219849,1.203375,1.205621,23516530
2005-11-18,1.221347,1.221347,1.207868,1.216105,26916596
2005-11-21,1.211612,1.216854,1.208617,1.213859,15522589
2005-11-22,1.216105,1.220598,1.211612,1.2191,25720521
2005-11-23,1.220598,1.227338,1.217603,1.226589,25632035
2005-11-24,1.228086,1.254295,1.227337,1.243811,43970054
2005-11-25,1.243812,1.255793,1.243063,1.250551,21507067
2005-11-28,1.252798,1.261035,1.24456,1.246058,21998443
2005-11-29,1.240817,1.252049,1.233328,1.240068,26018564
2005-11-30,1.240068,1.242314,1.22584,1.228087,25360008
2005-12-01,1.225091,1.244561,1.225091,1.244561,16771537
2005-12-02,1.249054,1.250551,1.235575,1.239319,17597895
2005-12-05,1.240068,1.252798,1.239319,1.24531,24160906
2005-12-06,1.246807,1.253547,1.23857,1.243063,16967831
2005-12-07,1.24531,1.246058,1.232579,1.239319,20516563
2005-12-08,1.236323,1.243811,1.233328,1.243811,0
2005-12-09,1.244561,1.247556,1.236324,1.244561,13547028
2005-12-12,1.250551,1.254296,1.244561,1.248305,18347012
2005-12-13,1.246058,1.250551,1.243063,1.243811,11217725
2005-12-14,1.247556,1.256542,1.240817,1.253547,19618651
2005-12-15,1.256542,1.259538,1.252798,1.256542,16864246
2005-12-16,1.255044,1.279756,1.252798,1.279007,64192349
2005-12-19,1.279756,1.3157,1.276012,1.312705,48988092
2005-12-20,1.310458,1.3479,1.30896,1.329928,63332684
2005-12-21,1.335169,1.341909,1.314202,1.336667,37912552
2005-12-22,1.332923,1.343407,1.320942,1.320942,19418937
2005-12-23,1.325435,1.329928,1.314202,1.323937,14801200
2005-12-26,1.323937,1.323937,1.323937,1.323937,0
2005-12-27,1.326932,1.329179,1.318695,1.326932,6415707
2005-12-28,1.322439,1.345653,1.322439,1.344904,14206278
2005-12-29,1.3479,1.362128,1.346402,1.350895,12119584
2005-12-30,1.349398,1.359881,1.334421,1.340411,12211473
2006-01-02,1.342658,1.356137,1.34116,1.350895,8582965
2006-01-03,1.351644,1.365123,1.333672,1.345654,20378208
2006-01-04,1.351644,1.365123,1.351644,1.365123,23735830
2006-01-05,1.363625,1.364374,1.339663,1.340411,21136387
2006-01-06,1.340411,1.346402,1.332175,1.345654,0
2006-01-09,1.3479,1.349398,1.320193,1.330677,20277920
2006-01-10,1.324686,1.330677,1.3157,1.326932,19127667
2006-01-11,1.326184,1.352393,1.323937,1.351644,23750920
2006-01-12,1.3479,1.368867,1.341909,1.362876,26279666
2006-01-13,1.356886,1.369616,1.338914,1.353142,19089045
2006-01-16,1.348649,1.370365,1.348649,1.370365,15900118
2006-01-17,1.362876,1.385341,1.350146,1.35389,30737151
2006-01-18,1.338914,1.359132,1.32244,1.349398,23947651
2006-01-19,1.353891,1.362877,1.337416,1.3479,25502278
2006-01-20,1.3479,1.356137,1.32169,1.325435,17250843
2006-01-23,1.3157,1.332174,1.314951,1.329179,15462885
2006-01-24,1.324686,1.326184,1.314951,1.320942,18324553
2006-01-25,1.321691,1.352393,1.321691,1.346402,18741503
2006-01-26,1.356886,1.383844,1.350895,1.380848,27860163
2006-01-27,1.394327,1.401067,1.374109,1.378602,21750736
2006-01-30,1.378602,1.392081,1.372611,1.389834,12566054
2006-01-31,1.384593,1.404811,1.384593,1.402565,19158501
2006-02-01,1.401067,1.439258,1.401067,1.433267,34770855
2006-02-02,1.44375,1.446746,1.417541,1.417541,21921617
2006-02-03,1.420536,1.427276,1.40556,1.419788,24946826
2006-02-06,1.446746,1.475201,1.439257,1.466215,47003616
2006-02-07,1.466216,1.466216,1.431769,1.443751,32273917
2006-02-08,1.440006,1.447495,1.423532,1.433267,19407353
2006-02-09,1.43776,1.45049,1.428025,1.444499,21688782
2006-02-10,1.440755,1.444499,1.410802,1.410802,29098917
2006-02-13,1.416793,1.43102,1.404062,1.43102,22458181
2006-02-14,1.43102,1.439257,1.417541,1.429522,16745069
2006-02-15,1.430272,1.430272,1.403314,1.409304,27228185
2006-02-16,1.413797,1.421285,1.403313,1.417541,20157326
2006-02-17,1.430271,1.440755,1.419039,1.434764,23330974
2006-02-20,1.432518,1.459476,1.431769,1.439258,22484239
2006-02-21,1.446746,1.497666,1.441504,1.476699,63097369
2006-02-22,1.472955,1.511145,1.470708,1.499913,36554499
2006-02-23,1.500662,1.506653,1.479694,1.484187,27931887
2006-02-24,1.493173,1.503657,1.483438,1.487183,23425858
2006-02-27,1.48868,1.515638,1.48868,1.515638,25117784
2006-02-28,1.509648,1.524624,1.478197,1.485685,56008430
2006-03-01,1.488681,1.493173,1.477448,1.484936,33047450
2006-03-02,1.476699,1.487932,1.46322,1.476699,24322306
2006-03-03,1.470708,1.497666,1.461723,1.464718,25495642
2006-03-06,1.484187,1.496917,1.451239,1.460974,41109488
2006-03-07,1.467713,1.472955,1.445997,1.451239,29862009
2006-03-08,1.467713,1.473704,1.435513,1.443751,28778500
2006-03-09,1.446746,1.497667,1.446746,1.488681,37507531
2006-03-10,1.496917,1.526871,1.491676,1.518634,57207026
2006-03-13,1.500662,1.517136,1.484187,1.514141,67531779
2006-03-14,1.509647,1.526122,1.496169,1.526122,26805018
2006-03-15,1.532113,1.566559,1.532113,1.556075,46707887
2006-03-16,1.557573,1.563564,1.530615,1.538103,21125097
2006-03-17,1.544094,1.548587,1.515639,1.520131,30431960
2006-03-20,1.532113,1.538104,1.521629,1.52762,24119756
2006-03-21,1.539601,1.542596,1.518633,1.535108,15884880
2006-03-22,1.52762,1.53361,1.50815,1.515638,36771466
2006-03-23,1.517136,1.517136,1.487183,1.50216,36495459
2006-03-24,1.500662,1.50815,1.467713,1.478197,37940203
2006-03-27,1.469211,1.480443,1.464718,1.464718,18393294
2006-03-28,1.458727,1.506653,1.458727,1.485685,44315984
2006-03-29,1.485685,1.490927,1.459476,1.470708,29061858
2006-03-30,1.476699,1.493173,1.471457,1.491676,21680867
2006-03-31,1.488681,1.497666,1.472206,1.476699,15439998
2006-04-03,1.491676,1.500662,1.481192,1.500662,23860123
2006-04-04,1.497666,1.509648,1.488681,1.493174,26634352
2006-04-05,1.503657,1.526871,1.493174,1.521629,44418205
2006-04-06,1.515639,1.518634,1.493173,1.497666,44097023
2006-04-07,1.506652,1.50815,1.475201,1.48269,59290239
2006-04-10,1.470708,1.503657,1.464718,1.500662,80823538
2006-04-11,1.48269,1.488681,1.439258,1.451239,126954279
2006-04-12,1.433267,1.462471,1.432518,1.455732,135226083
2006-04-13,1.464718,1.46996,1.439258,1.451239,129819833
2006-04-18,1.449741,1.449741,1.420536,1.425778,62328744
2006-04-19,1.451987,1.470708,1.448243,1.466215,146578501
2006-04-20,1.473704,1.510396,1.472206,1.499913,97494691
2006-04-21,1.503657,1.517136,1.497666,1.500662,50639635
2006-04-24,1.521025,1.521025,1.481864,1.48578,45655765
2006-04-25,1.482648,1.494396,1.481081,1.481081,0
2006-04-26,1.481864,1.516326,1.481864,1.510061,60111748
2006-04-27,1.518676,1.524158,1.476382,1.48813,134765941
2006-04-28,1.48813,1.48813,1.450535,1.472465,89830129
2006-05-02,1.500662,1.500662,1.475599,1.48813,39560951
2006-05-03,1.496746,1.496746,1.453668,1.459151,83522310
2006-05-04,1.454452,1.477165,1.454452,1.470116,44435429
2006-05-05,1.483431,1.502228,1.473249,1.502228,42456863
2006-05-08,1.472466,1.522592,1.472466,1.520242,53609677
2006-05-09,1.519459,1.532774,1.505361,1.524158,21105491
2006-05-10,1.522592,1.537474,1.519459,1.525725,20060676
2006-05-11,1.522592,1.53904,1.516326,1.532774,17774898
2006-05-12,1.525725,1.546089,1.477165,1.496745,76898430
2006-05-15,1.484997,1.494396,1.463066,1.479514,29231925
2006-05-16,1.477948,1.495962,1.462284,1.471682,25427641
2006-05-17,1.480298,1.480298,1.41529,1.416074,29226401
2006-05-18,1.413724,1.440354,1.397276,1.412157,32033424
2006-05-19,1.412157,1.430171,1.402758,1.418423,32390102
2006-05-22,1.412941,1.422339,1.381611,1.396493,32063210
2006-05-23,1.39336,1.416073,1.378478,1.403541,27203699
2006-05-24,1.401975,1.423905,1.378478,1.39336,25556025
2006-05-25,1.405108,1.423905,1.387877,1.418423,21290272
2006-05-26,1.434871,1.43722,1.41059,1.422339,28945500
2006-05-29,1.422339,1.423906,1.404325,1.408241,10136869
2006-05-30,1.401975,1.416073,1.379262,1.385528,21922146
2006-05-31,1.371429,1.421556,1.36908,1.41529,27802692
2006-06-01,1.416857,1.441137,1.403542,1.427822,22403863
2006-06-02,1.444269,1.452885,1.423122,1.425472,0
2006-06-05,1.427038,1.438003,1.420773,1.428604,17747370
2006-06-06,1.409807,1.423906,1.394926,1.396493,36516370
2006-06-07,1.397276,1.43722,1.397276,1.427038,24536554
2006-06-08,1.406674,1.416073,1.398059,1.398842,34815678
2006-06-09,1.41294,1.422339,1.403541,1.414507,25230162
2006-06-12,1.407458,1.416073,1.39336,1.394143,17338099
2006-06-13,1.377695,1.387877,1.360464,1.36908,32447874
2006-06-14,1.365947,1.385528,1.36438,1.375345,19572139
2006-06-15,1.389444,1.411374,1.379262,1.400409,23169944
2006-06-16,1.419207,1.419207,1.370647,1.370647,80013072
2006-06-19,1.373779,1.39336,1.373779,1.387094,12578515
2006-06-20,1.376912,1.387094,1.362814,1.381611,23900100
2006-06-21,1.378479,1.389444,1.372996,1.387877,20555119
2006-06-22,1.397276,1.402758,1.378478,1.395709,14333408
2006-06-23,1.394143,1.409024,1.39101,1.405108,12960910
2006-06-26,1.412157,1.416073,1.401192,1.405891,18822562
2006-06-27,1.416073,1.416073,1.392576,1.394926,16418341
2006-06-28,1.39336,1.409024,1.384744,1.394926,19580938
2006-06-29,1.405108,1.427822,1.400409,1.423122,26572784
2006-06-30,1.425472,1.441137,1.414507,1.434871,24241469
2006-07-03,1.441137,1.450535,1.432521,1.450535,17461284
2006-07-04,1.450535,1.456801,1.441137,1.448186,10592940
2006-07-05,1.448186,1.451318,1.433304,1.435654,17487948
2006-07-06,1.44192,1.447402,1.422339,1.423122,23795368
2006-07-07,1.419989,1.419989,1.394926,1.405108,29146801
2006-07-10,1.409024,1.416073,1.394926,1.409807,17518459
2006-07-11,1.400409,1.403542,1.386311,1.394143,22632060
2006-07-12,1.398843,1.401975,1.383178,1.387877,22191655
2006-07-13,1.381611,1.381611,1.357331,1.362814,28747350
2006-07-14,1.350282,1.370646,1.340884,1.352632,15425915
2006-07-17,1.354198,1.354982,1.325219,1.3448,22330034
2006-07-18,1.339317,1.352632,1.328352,1.332268,12926375
2006-07-19,1.336968,1.377695,1.336968,1.377695,21994364
2006-07-20,1.380045,1.383178,1.360464,1.367513,16549323
2006-07-21,1.358115,1.367513,1.347149,1.355765,12182425
2006-07-24,1.353415,1.398842,1.353415,1.394143,15935596
2006-07-25,1.396493,1.397276,1.373779,1.380045,23050722
2006-07-26,1.384744,1.392577,1.374562,1.389444,9819374
2006-07-27,1.39101,1.416073,1.39101,1.412157,17632163
2006-07-28,1.406674,1.429388,1.401975,1.428604,14210534
2006-07-31,1.431738,1.434871,1.41294,1.418423,13326101
2006-08-01,1.413724,1.425472,1.401192,1.403541,13883195
2006-08-02,1.413724,1.425472,1.398842,1.419206,17674145
2006-08-03,1.422339,1.422339,1.399626,1.405891,13496214
2006-08-04,1.409808,1.41999,1.401192,1.416074,23063265
2006-08-07,1.405891,1.409024,1.395709,1.406675,12627582
2006-08-08,1.412158,1.423906,1.409025,1.416074,11732130
2006-08-09,1.416073,1.447402,1.409807,1.447402,28360558
2006-08-10,1.438004,1.438004,1.416073,1.426255,17267633
2006-08-11,1.423905,1.434088,1.412157,1.419989,17846955
2006-08-14,1.428605,1.440354,1.41999,1.431738,11671481
2006-08-16,1.436437,1.463067,1.434871,1.461501,24278717
2006-08-17,1.461501,1.496745,1.457584,1.494396,31507953
2006-08-18,1.497529,1.498312,1.481865,1.49283,15901152
2006-08-21,1.491263,1.492829,1.467766,1.472465,20820026
2006-08-22,1.475598,1.480298,1.452102,1.478731,22312330
2006-08-23,1.478731,1.478731,1.459151,1.463067,12898088
2006-08-24,1.470116,1.610314,1.463067,1.569586,184815909
2006-08-25,1.594649,1.644776,1.577418,1.582118,135286608
2006-08-28,1.597782,1.60718,1.550788,1.561753,103794060
2006-08-29,1.561753,1.593866,1.560187,1.588383,62097255
2006-08-30,1.593083,1.63851,1.574285,1.619712,113058967
2006-08-31,1.619712,1.647908,1.618146,1.63851,112804905
2006-09-01,1.647908,1.674538,1.641642,1.66044,87779365
2006-09-04,1.663573,1.672972,1.624412,1.635377,54340817
2006-09-05,1.630677,1.63851,1.615013,1.63851,38189609
2006-09-06,1.635376,1.65574,1.627544,1.651041,58172727
2006-09-07,1.63851,1.665139,1.629111,1.646342,44326675
2006-09-08,1.649475,1.658874,1.627544,1.630677,40574612
2006-09-11,1.616579,1.622845,1.599348,1.604048,32394580
2006-09-12,1.61188,1.61188,1.593082,1.599348,26458237
2006-09-13,1.613446,1.616579,1.600915,1.607181,28424604
2006-09-14,1.605615,1.618146,1.604048,1.610314,21283161
2006-09-15,1.605614,1.613446,1.58525,1.608747,51796713
2006-09-18,1.616579,1.616579,1.588383,1.588383,18950195
2006-09-19,1.593082,1.594649,1.569586,1.591516,24453760
2006-09-20,1.58995,1.605614,1.58525,1.594649,33032553
2006-09-21,1.599348,1.625978,1.593082,1.616579,33694038
2006-09-22,1.608747,1.616579,1.596215,1.596215,32663042
2006-09-25,1.597782,1.615013,1.586817,1.597782,32458451
2006-09-26,1.602481,1.61188,1.593082,1.599348,47384712
2006-09-27,1.610313,1.613446,1.597782,1.602481,35002176
2006-09-28,1.60718,1.630677,1.597782,1.621278,43255642
2006-09-29,1.619712,1.630677,1.619712,1.625978,22265277
2006-10-02,1.629111,1.63381,1.615013,1.619712,26906524
2006-10-03,1.619712,1.629111,1.60718,1.629111,19436717
2006-10-04,1.632244,1.657307,1.629111,1.652608,35602042
2006-10-05,1.657307,1.662006,1.644775,1.649474,25149507
2006-10-06,1.654174,1.65574,1.647908,1.651041,18883345
2006-10-09,1.646343,1.690203,1.644776,1.688636,35293369
2006-10-10,1.693335,1.743462,1.691769,1.73093,71805685
2006-10-11,1.726231,1.765392,1.707434,1.75756,102586394
2006-10-12,1.75286,1.762259,1.726231,1.751294,60841070
2006-10-13,1.754427,1.755993,1.694902,1.7043,84308539
2006-10-16,1.704301,1.723098,1.704301,1.7137,33104942
2006-10-17,1.701168,1.705867,1.685503,1.698035,53832269
2006-10-18,1.704301,1.7137,1.693336,1.701168,53290635
2006-10-19,1.693335,1.702734,1.672971,1.676104,65106895
2006-10-20,1.690203,1.690203,1.655741,1.672972,74889891
2006-10-23,1.677671,1.679238,1.657307,1.666706,33998659
2006-10-24,1.676105,1.677671,1.662006,1.672972,45440718
2006-10-25,1.666706,1.674538,1.65574,1.669838,30365234
2006-10-26,1.674538,1.679237,1.647908,1.651041,49412454
2006-10-27,1.651041,1.663573,1.638509,1.647908,35084668
2006-10-30,1.644775,1.662006,1.632244,1.66044,36455434
2006-10-31,1.655741,1.690203,1.655741,1.677671,41115335
2006-11-01,1.680804,1.694902,1.671405,1.68237,0
2006-11-02,1.676104,1.691769,1.666706,1.676104,31719978
2006-11-03,1.679237,1.693335,1.665139,1.674538,37063210
2006-11-06,1.685504,1.696469,1.677671,1.688636,41629552
2006-11-07,1.687069,1.688636,1.674538,1.68237,30809574
2006-11-08,1.672972,1.677671,1.66044,1.671405,44288083
2006-11-09,1.668272,1.683936,1.666705,1.674538,34507068
2006-11-10,1.669838,1.690202,1.668272,1.685503,43110282
2006-11-13,1.685503,1.710566,1.68237,1.696468,46761438
2006-11-14,1.699601,1.712133,1.68707,1.698035,51545415
2006-11-15,1.707433,1.732497,1.705867,1.727797,66645090
2006-11-16,1.730931,1.737196,1.710567,1.7137,38914469
2006-11-17,1.719965,1.729363,1.713699,1.719965,39498203
2006-11-20,1.73093,1.737196,1.719965,1.726231,53639861
2006-11-21,1.727798,1.754427,1.726231,1.734064,55681481
2006-11-22,1.740329,1.754427,1.738762,1.745028,31602264
2006-11-23,1.746595,1.748161,1.737196,1.741896,25746233
2006-11-24,1.734063,1.738762,1.718399,1.727797,42981181
2006-11-27,1.721532,1.729364,1.693336,1.693336,57980285
2006-11-28,1.691769,1.704301,1.677671,1.691769,54507514
2006-11-29,1.701168,1.709,1.690202,1.694902,39226002
2006-11-30,1.699601,1.699601,1.671405,1.671405,50613446
2006-12-01,1.679238,1.693336,1.646342,1.655741,116670385
2006-12-04,1.657307,1.683936,1.65574,1.669838,95751533
2006-12-05,1.671405,1.691769,1.662006,1.669838,63708342
2006-12-06,1.677671,1.701168,1.665139,1.691769,88802361
2006-12-07,1.698035,1.699602,1.674538,1.683937,53502851
2006-12-08,1.676104,1.68237,1.658874,1.663573,0
2006-12-11,1.669839,1.680804,1.655741,1.66514,58777916
2006-12-12,1.665139,1.669839,1.658874,1.663573,33524151
2006-12-13,1.666706,1.68237,1.663573,1.672972,26510785
2006-12-14,1.683936,1.683936,1.669838,1.669838,39765312
2006-12-15,1.677671,1.685503,1.668272,1.680804,52784791
2006-12-18,1.674538,1.693336,1.672972,1.688636,50807405
2006-12-19,1.68237,1.693335,1.671405,1.685503,39603220
2006-12-20,1.698035,1.707434,1.688636,1.688636,57202427
2006-12-21,1.68707,1.718399,1.68707,1.709,52689650
2006-12-22,1.704301,1.707434,1.68707,1.68707,29532638
2006-12-27,1.694902,1.709,1.693336,1.709,15546664
2006-12-28,1.715266,1.75756,1.710566,1.752861,79693273
2006-12-29,1.763826,1.832749,1.762259,1.832749,285584947
2007-01-02,1.83275,1.835883,1.812386,1.829617,119453416
2007-01-03,1.832749,1.864079,1.829617,1.832749,157076250
2007-01-04,1.824918,1.829617,1.802987,1.80612,109614724
2007-01-05,1.802988,1.812386,1.78889,1.790456,99404013
2007-01-08,1.790456,1.799854,1.771658,1.779491,96982844
2007-01-09,1.785756,1.809253,1.781057,1.782623,124455421
2007-01-10,1.770092,1.777924,1.75756,1.75756,108616845
2007-01-11,1.763825,1.799854,1.763825,1.798287,98850670
2007-01-12,1.80612,1.826484,1.798288,1.81082,84967052
2007-01-15,1.820218,1.832749,1.813952,1.824917,66638421
2007-01-16,1.823351,1.842149,1.81082,1.815519,85662106
2007-01-17,1.829617,1.83275,1.790456,1.804554,73439183
2007-01-18,1.813952,1.818652,1.782623,1.785756,69357820
2007-01-19,1.784189,1.817085,1.774791,1.807686,109424282
2007-01-22,1.848414,1.859379,1.826484,1.832749,105377932
2007-01-23,1.832749,1.862512,1.832749,1.853113,93518599
2007-01-24,1.857813,1.860946,1.837449,1.856246,73961357
2007-01-25,1.853113,1.886009,1.835882,1.851547,116406757
2007-01-26,1.835883,1.845282,1.812386,1.826484,99936153
2007-01-29,1.820218,1.837449,1.815519,1.832749,48832086
2007-01-30,1.826484,1.828051,1.804554,1.812386,80974308
2007-01-31,1.809253,1.823351,1.80612,1.812386,68039352
2007-02-01,1.829617,1.831183,1.818652,1.818652,54876163
2007-02-02,1.82805,1.82805,1.812386,1.813952,49760064
2007-02-05,1.813952,1.817085,1.790456,1.799854,77142256
2007-02-06,1.795155,1.815518,1.793588,1.798287,85030068
2007-02-07,1.798288,1.80612,1.782623,1.802987,65025633
2007-02-08,1.802988,1.815519,1.782624,1.78889,67533614
2007-02-09,1.795155,1.812386,1.793588,1.807686,64533395
2007-02-12,1.798288,1.801421,1.774791,1.774791,68137978
2007-02-13,1.785756,1.787323,1.763826,1.774791,65976626
2007-02-14,1.77949,1.795155,1.771658,1.793589,75902983
2007-02-15,1.795155,1.795155,1.774791,1.785756,63227110
2007-02-16,1.787322,1.788889,1.771658,1.782623,65300907
2007-02-19,1.781057,1.792022,1.776357,1.782623,37251280
2007-02-20,1.785756,1.787322,1.762259,1.773224,48046659
2007-02-21,1.77949,1.793588,1.745028,1.751294,93108652
2007-02-22,1.752861,1.765392,1.748162,1.75756,66663763
2007-02-23,1.759126,1.788889,1.75756,1.782623,97909009
2007-02-26,1.787323,1.798288,1.782624,1.78889,62525129
2007-02-27,1.768525,1.774791,1.748162,1.748162,88980693
2007-02-28,1.723098,1.749728,1.723098,1.724665,120678059
2007-03-01,1.726231,1.737196,1.690202,1.723098,161307019
2007-03-02,1.73563,1.748161,1.712133,1.727797,90335154
2007-03-05,1.704301,1.709,1.688636,1.698035,90148557
2007-03-06,1.710566,1.719965,1.694902,1.7043,67344617
2007-03-07,1.707433,1.707433,1.685503,1.685503,67867983
2007-03-08,1.691769,1.713699,1.680804,1.707434,91582094
2007-03-09,1.705867,1.716832,1.691769,1.705867,68179231
2007-03-12,1.710566,1.715266,1.683936,1.685503,66545642
2007-03-13,1.687069,1.691769,1.669838,1.674538,82295719
2007-03-14,1.658874,1.66044,1.635377,1.641642,136144356
2007-03-15,1.672971,1.676104,1.647908,1.676104,110671456
2007-03-16,1.677671,1.679238,1.649475,1.666706,124187295
2007-03-19,1.672972,1.694902,1.666706,1.690202,79074603
2007-03-20,1.685503,1.693336,1.672972,1.693336,61480839
2007-03-21,1.712133,1.749728,1.696469,1.746595,144526847
2007-03-22,1.777924,1.798288,1.766959,1.793589,158613702
2007-03-23,1.790456,1.817085,1.763826,1.81082,123194510
2007-03-26,1.809253,1.846848,1.78419,1.792022,143838461
2007-03-27,1.807686,1.809253,1.766959,1.773224,109444661
2007-03-28,1.763825,1.766958,1.743462,1.751294,87238378
2007-03-29,1.759127,1.78419,1.754427,1.78419,57571525
2007-03-30,1.77949,1.795155,1.765392,1.781057,66366348
2007-04-02,1.776357,1.784189,1.763825,1.773224,39504598
2007-04-03,1.777924,1.804554,1.773225,1.801421,64550194
2007-04-04,1.804554,1.807687,1.795155,1.804554,50951220
2007-04-05,1.801421,1.812386,1.796721,1.802987,47195915
2007-04-10,1.802987,1.849981,1.802987,1.845282,87164831
2007-04-11,1.845282,1.875044,1.840582,1.860946,119038994
2007-04-12,1.860946,1.860946,1.820218,1.832749,82327012
2007-04-13,1.842149,1.845282,1.81082,1.843715,97623293
2007-04-16,1.845282,1.889142,1.839016,1.871911,175625187
2007-04-17,1.870345,1.884443,1.85468,1.871911,140658820
2007-04-18,1.882876,1.882876,1.842148,1.862512,100217357
2007-04-19,1.840582,1.848414,1.82805,1.839016,84259113
2007-04-20,1.853114,1.876611,1.851547,1.871911,88664182
2007-04-23,1.87661,1.889142,1.870345,1.887576,81413845
2007-04-24,1.887576,1.900107,1.870345,1.895408,76478002
2007-04-25,1.901674,1.933003,1.896975,1.933003,0
2007-04-26,1.945534,1.945534,1.928303,1.929869,167697330
2007-04-27,1.933002,1.939268,1.914205,1.929869,115472906
2007-04-30,1.926737,1.937702,1.923604,1.936136,52917010
2007-05-02,1.936135,1.948667,1.936135,1.939268,158029481
2007-05-03,1.950234,1.950234,1.920471,1.933003,202283631
2007-05-04,1.936136,1.948667,1.931437,1.945535,147315861
2007-05-07,1.945534,1.964332,1.943968,1.961199,77067281
2007-05-08,1.958066,1.958066,1.936136,1.945535,170013797
2007-05-09,1.954933,1.965898,1.937702,1.950233,115008917
2007-05-10,1.9518,1.962766,1.92987,1.933003,136432018
2007-05-11,1.923604,1.926737,1.898541,1.915772,210095547
2007-05-14,1.920471,1.923604,1.904806,1.912639,214481020
2007-05-15,1.909506,1.922037,1.875044,1.901673,440168997
2007-05-16,1.896974,1.922037,1.892275,1.900107,465862377
2007-05-17,1.914205,1.915772,1.889142,1.893841,380088768
2007-05-18,1.895408,1.911073,1.890709,1.90794,115741426
2007-05-21,1.93467,1.951377,1.912951,1.916293,119836552
2007-05-22,1.921305,1.944695,1.90961,1.917963,125927391
2007-05-23,1.917964,1.943025,1.917964,1.933,147431389
2007-05-24,1.924646,1.93133,1.894574,1.896245,294612010
2007-05-25,1.892903,1.896244,1.871184,1.891232,297435984
2007-05-28,1.897915,1.902927,1.887891,1.894574,93158925
2007-05-29,1.897915,1.90794,1.887891,1.891232,106367312
2007-05-30,1.877867,1.906269,1.867843,1.904598,133516938
2007-05-31,1.922976,1.926317,1.886221,1.894574,141334065
2007-06-01,1.897916,1.901257,1.869514,1.88455,80488317
2007-06-04,1.877867,1.896245,1.851136,1.869514,123138419
2007-06-05,1.871184,1.896245,1.866172,1.88455,105644453
2007-06-06,1.887891,1.894574,1.864501,1.867842,76231301
2007-06-07,1.879538,1.879538,1.839441,1.846124,93051699
2007-06-08,1.834429,1.852806,1.816051,1.844453,164704381
2007-06-11,1.859489,1.859489,1.826075,1.839441,77468333
2007-06-12,1.8361,1.849465,1.81271,1.824405,91468494
2007-06-13,1.819392,1.849465,1.811039,1.842782,78799528
2007-06-14,1.86116,1.874525,1.852806,1.867842,67418073
2007-06-15,1.874526,1.914623,1.871185,1.911281,149029273
2007-06-18,1.90794,1.911281,1.894574,1.904598,63029324
2007-06-19,1.912952,1.919635,1.892904,1.90794,63946665
2007-06-20,1.914622,1.921305,1.887891,1.894574,75625905
2007-06-21,1.877867,1.891233,1.856148,1.876196,77380694
2007-06-22,1.876196,1.881208,1.86283,1.867842,48137655
2007-06-25,1.847794,1.864501,1.847794,1.857819,65777579
2007-06-26,1.847795,1.871184,1.842783,1.847795,77363877
2007-06-27,1.839441,1.849466,1.816051,1.826076,80608486
2007-06-28,1.841112,1.847794,1.824405,1.831087,60259361
2007-06-29,1.831087,1.852806,1.81271,1.847795,70659104
2007-07-02,1.842782,1.854477,1.827746,1.846124,51673461
2007-07-03,1.851136,1.867843,1.851136,1.857819,39123455
2007-07-04,1.864502,1.866172,1.851136,1.854477,28774193
2007-07-05,1.857819,1.857819,1.824404,1.8361,58885280
2007-07-06,1.841112,1.842783,1.819393,1.822734,60374945
2007-07-09,1.831087,1.8361,1.817722,1.822734,37435705
2007-07-10,1.822734,1.824405,1.784308,1.790991,79835055
2007-07-11,1.780966,1.790991,1.762589,1.787649,73022429
2007-07-12,1.792662,1.801015,1.780967,1.790991,69268289
2007-07-13,1.809368,1.832758,1.802685,1.824405,59467713
2007-07-16,1.824404,1.836099,1.822733,1.834429,51417176
2007-07-17,1.831087,1.834429,1.81271,1.821063,59601057
2007-07-18,1.811039,1.8361,1.794332,1.807698,66655000
2007-07-19,1.81438,1.832758,1.806027,1.832758,63842364
2007-07-20,1.829417,1.844453,1.796003,1.799344,86503264
2007-07-23,1.802686,1.81271,1.782637,1.81271,61938865
2007-07-24,1.807698,1.827746,1.779295,1.780966,71547958
2007-07-25,1.772613,1.827746,1.767601,1.790991,97092374
2007-07-26,1.816051,1.839441,1.784308,1.787649,162503544
2007-07-27,1.779296,1.842783,1.777626,1.827747,118845724
2007-07-30,1.826075,1.834429,1.804356,1.821063,99266050
2007-07-31,1.834429,1.887892,1.832758,1.866172,157351614
2007-08-01,1.826075,1.854477,1.806027,1.829417,115068873
2007-08-02,1.844453,1.857819,1.8361,1.846124,64636952
2007-08-03,1.851136,1.867843,1.834429,1.841112,50594461
2007-08-06,1.821064,1.831088,1.81104,1.827747,62401228
2007-08-07,1.847795,1.879538,1.842783,1.877867,81355345
2007-08-08,1.882879,1.919635,1.877867,1.914623,95856960
2007-08-09,1.904598,1.933,1.876196,1.887891,136858670
2007-08-10,1.862831,1.886221,1.802686,1.847795,135271862
2007-08-13,1.864502,1.891233,1.862831,1.882879,57411944
2007-08-14,1.864501,1.899586,1.857819,1.867842,60913592
2007-08-16,1.821064,1.83777,1.804356,1.814381,130905521
2007-08-17,1.801015,1.93133,1.790991,1.874526,165412407
2007-08-20,1.886221,1.904598,1.867843,1.876196,105080916
2007-08-21,1.882879,1.891233,1.866172,1.881208,80850485
2007-08-22,1.886221,1.897916,1.866172,1.877867,105552801
2007-08-23,1.887891,1.892903,1.881208,1.882879,82042876
2007-08-24,1.874526,1.886221,1.867843,1.879538,53329854
2007-08-27,1.882879,1.886221,1.871184,1.876196,36015192
2007-08-28,1.872855,1.882879,1.832758,1.841112,64977995
2007-08-29,1.834429,1.86116,1.826075,1.839441,91531025
2007-08-30,1.847794,1.857819,1.816051,1.83777,103915622
2007-08-31,1.851136,1.852806,1.832758,1.847795,62171343
2007-09-03,1.857819,1.857819,1.842782,1.854477,33161629
2007-09-04,1.849465,1.86116,1.834429,1.852806,67352185
2007-09-05,1.844453,1.846124,1.792662,1.799344,96424146
2007-09-06,1.807698,1.81271,1.767601,1.797673,76211533
2007-09-07,1.790991,1.796003,1.735858,1.74087,84258475
2007-09-10,1.744211,1.755906,1.715809,1.734187,71829427
2007-09-11,1.745882,1.784308,1.729175,1.76593,94277050
2007-09-12,1.764259,1.772613,1.734187,1.764259,82608732
2007-09-13,1.762589,1.777625,1.735858,1.769272,77042057
2007-09-14,1.759248,1.769272,1.744211,1.76593,59863996
2007-09-17,1.759248,1.78932,1.739199,1.775955,79304286
2007-09-18,1.764259,1.817722,1.759247,1.807698,90307030
2007-09-19,1.857819,1.871184,1.8361,1.842782,120791888
2007-09-20,1.824405,1.844453,1.821063,1.839441,64171713
2007-09-21,1.826076,1.844453,1.809369,1.81271,116980098
2007-09-24,1.787649,1.822734,1.787649,1.816051,52044265
2007-09-25,1.804357,1.81104,1.789321,1.801015,68537642
2007-09-26,1.809369,1.814381,1.797674,1.804356,63159361
2007-09-27,1.814381,1.816052,1.785979,1.801015,83171061
2007-09-28,1.802685,1.817722,1.797673,1.809368,65859972
2007-10-01,1.801015,1.857819,1.784308,1.847795,81149043
2007-10-02,1.846123,1.871184,1.829417,1.83777,116072163
2007-10-03,1.841112,1.864502,1.83777,1.854477,88615607
2007-10-04,1.849465,1.889562,1.847794,1.881208,107215116
2007-10-05,1.887891,1.894574,1.866172,1.882879,63938032
2007-10-08,1.88455,1.889562,1.854477,1.866172,76812899
2007-10-09,1.866172,1.876196,1.852806,1.867842,108543491
2007-10-10,1.867843,1.867843,1.841112,1.851137,92788986
2007-10-11,1.852806,1.857819,1.83777,1.842782,73167435
2007-10-12,1.824404,1.83777,1.811039,1.83777,102635572
2007-10-15,1.831087,1.8361,1.797674,1.799344,84788954
2007-10-16,1.792662,1.804356,1.772613,1.804356,68868939
2007-10-17,1.804356,1.821063,1.784308,1.794332,98998294
2007-10-18,1.790991,1.801015,1.774284,1.784308,75823888
2007-10-19,1.774284,1.809369,1.757577,1.801015,138330614
2007-10-22,1.782637,1.792661,1.754235,1.779295,149232277
2007-10-23,1.787649,1.804356,1.784308,1.790991,116960203
2007-10-24,1.777625,1.78932,1.762589,1.770942,89746595
2007-10-25,1.777625,1.782637,1.754235,1.767601,92605481
2007-10-26,1.770942,1.797673,1.734187,1.785978,130861967
2007-10-29,1.801015,1.817722,1.797674,1.804356,87099000
2007-10-30,1.802685,1.824404,1.799344,1.817721,83778944
2007-10-31,1.819393,1.8361,1.814381,1.824405,80512349
2007-11-01,1.832758,1.832758,1.780967,1.790991,0
2007-11-02,1.774284,1.78932,1.754235,1.769272,99826739
2007-11-05,1.762589,1.772613,1.745882,1.762589,99324254
2007-11-06,1.772613,1.78932,1.764259,1.772613,113116501
2007-11-07,1.777625,1.784308,1.747553,1.767601,86449702
2007-11-08,1.735858,1.750894,1.724163,1.727504,100472911
2007-11-09,1.732517,1.747553,1.700773,1.71748,88681541
2007-11-12,1.710797,1.752565,1.695761,1.74254,104410668
2007-11-13,1.737528,1.774284,1.722492,1.767601,72000030
2007-11-14,1.79099,1.799344,1.715809,1.735857,148159922
2007-11-15,1.732517,1.737529,1.69409,1.719151,103976985
2007-11-16,1.714138,1.732516,1.702443,1.729174,68221231
2007-11-19,1.729174,1.734187,1.699102,1.707456,68031680
2007-11-20,1.724163,1.739199,1.714138,1.729174,73442078
2007-11-21,1.704114,1.71748,1.689078,1.705784,74504719
2007-11-22,1.707456,1.727504,1.700773,1.707456,47229106
2007-11-23,1.710797,1.752564,1.709126,1.744211,71022926
2007-11-26,1.757577,1.764259,1.712468,1.74254,58636687
2007-11-27,1.730846,1.752565,1.724163,1.74087,51833175
2007-11-28,1.750894,1.794332,1.729175,1.784308,87659031
2007-11-29,1.797674,1.809369,1.772613,1.799344,59313695
2007-11-30,1.799344,1.834429,1.797674,1.821063,67842479
2007-12-03,1.81271,1.826075,1.799344,1.809368,46666430
2007-12-04,1.811039,1.811039,1.782638,1.796003,65801485
2007-12-05,1.801014,1.827746,1.796002,1.819392,51428002
2007-12-06,1.827746,1.844453,1.814381,1.829417,78111737
2007-12-07,1.832758,1.841111,1.826075,1.832758,45745137
2007-12-10,1.826075,1.846123,1.819392,1.834429,55513996
2007-12-11,1.8361,1.8361,1.816051,1.829417,50041047
2007-12-12,1.81438,1.83777,1.79099,1.817721,102099486
2007-12-13,1.801015,1.819393,1.792662,1.806027,79290199
2007-12-14,1.817722,1.822734,1.804356,1.816051,57598893
2007-12-17,1.796003,1.807698,1.78765,1.801015,61460292
2007-12-18,1.799344,1.824405,1.796003,1.804356,50230627
2007-12-19,1.794332,1.811039,1.78932,1.794332,80345180
2007-12-20,1.797673,1.797673,1.757576,1.757576,72226579
2007-12-21,1.775954,1.809368,1.769271,1.785978,101566440
2007-12-27,1.796003,1.804356,1.78932,1.796003,23422068
2007-12-28,1.794332,1.811039,1.78932,1.807698,21229617
2008-01-02,1.804356,1.809368,1.76593,1.770942,49468698
2008-01-03,1.769272,1.775955,1.749224,1.775955,37388787
2008-01-04,1.779296,1.787649,1.747552,1.762589,46618858
2008-01-07,1.764259,1.769271,1.745881,1.759247,50351609
2008-01-08,1.760918,1.760918,1.729174,1.732516,93640073
2008-01-09,1.725833,1.74254,1.705785,1.710797,102904207
2008-01-10,1.71748,1.747552,1.71748,1.737528,84319154
2008-01-11,1.737528,1.779296,1.735857,1.762589,85845869
2008-01-14,1.762589,1.796003,1.759247,1.769272,80410007
2008-01-15,1.767601,1.769272,1.704114,1.707456,110628274
2008-01-16,1.707456,1.722492,1.685736,1.697431,122538529
2008-01-17,1.709126,1.715809,1.667359,1.679054,84374561
2008-01-18,1.677383,1.710797,1.638957,1.653993,106688440
2008-01-21,1.63478,1.63478,1.563775,1.568787,138680133
2008-01-22,1.505301,1.632274,1.487758,1.599695,141116736
2008-01-23,1.617238,1.617238,1.48024,1.536209,146107916
2008-01-24,1.582988,1.608049,1.564611,1.578812,116054046
2008-01-25,1.593013,1.601366,1.557093,1.559599,63648730
2008-01-28,1.527855,1.58633,1.527855,1.583824,58720736
2008-01-29,1.588001,1.617238,1.580483,1.592177,60542338
2008-01-30,1.587165,1.593848,1.572964,1.584659,49606116
2008-01-31,1.585495,1.590507,1.546233,1.588001,65395276
2008-02-01,1.59886,1.619744,1.578812,1.592177,63672655
2008-02-04,1.600531,1.608884,1.587165,1.599695,42313564
2008-02-05,1.597189,1.597189,1.522008,1.528691,88409316
2008-02-06,1.517832,1.553751,1.517832,1.532868,81416238
2008-02-07,1.528691,1.530361,1.497783,1.515325,80355048
2008-02-08,1.524514,1.532867,1.481076,1.486923,61899295
2008-02-11,1.468545,1.490265,1.460192,1.472722,70859649
2008-02-12,1.483582,1.520337,1.461863,1.51616,90262355
2008-02-13,1.509477,1.538715,1.498618,1.525349,74192341
2008-02-14,1.53955,1.546233,1.516996,1.522843,50848372
2008-02-15,1.527855,1.527855,1.483582,1.490264,80587629
2008-02-18,1.500289,1.526184,1.4911,1.518666,33954441
2008-02-19,1.510313,1.535373,1.490264,1.515325,48473177
2008-02-20,1.495277,1.512819,1.487758,1.511984,45824604
2008-02-21,1.518667,1.547904,1.505301,1.51616,65582834
2008-02-22,1.507807,1.518666,1.45518,1.46771,82133817
2008-02-25,1.482746,1.506136,1.471887,1.496947,60018013
2008-02-26,1.501959,1.543727,1.496947,1.537044,71310839
2008-02-27,1.540386,1.553751,1.523679,1.546233,47104863
2008-02-28,1.533703,1.541221,1.496948,1.505301,57816754
2008-02-29,1.488594,1.499453,1.474393,1.486923,61839111
2008-03-03,1.474393,1.488594,1.453509,1.471887,66890751
2008-03-04,1.473558,1.486924,1.436802,1.445156,57299146
2008-03-05,1.451838,1.472722,1.447662,1.468545,40591395
2008-03-06,1.45518,1.45518,1.427613,1.432626,46815939
2008-03-07,1.426779,1.450168,1.410907,1.420096,63716474
2008-03-10,1.417589,1.435131,1.398376,1.4084,43204022
2008-03-11,1.413412,1.47857,1.405894,1.466875,80064918
2008-03-12,1.491935,1.507807,1.473557,1.491935,69792160
2008-03-13,1.464369,1.475228,1.441814,1.475228,104263664
2008-03-14,1.471052,1.513655,1.441815,1.477735,107032514
2008-03-17,1.425943,1.470216,1.410906,1.43179,97146381
2008-03-18,1.457686,1.486924,1.447662,1.479405,76808713
2008-03-19,1.492771,1.493607,1.396706,1.420096,138681616
2008-03-20,1.405894,1.470216,1.323195,1.452674,215336224
2008-03-25,1.522008,1.522008,1.492771,1.504466,95724574
2008-03-26,1.500289,1.500289,1.471052,1.479405,62877982
2008-03-27,1.476064,1.513655,1.474393,1.501124,66523591
2008-03-28,1.501124,1.502795,1.48024,1.502795,39048489
2008-03-31,1.486923,1.500289,1.481076,1.491935,44278166
2008-04-01,1.479405,1.562105,1.47857,1.552081,89519237
2008-04-02,1.553751,1.618073,1.551245,1.597189,111763392
2008-04-03,1.59719,1.59719,1.56127,1.58633,56434149
2008-04-04,1.583824,1.602201,1.571293,1.585494,41830549
2008-04-07,1.596354,1.614732,1.583824,1.606379,50450539
2008-04-08,1.592178,1.610555,1.588001,1.606379,34225871
2008-04-09,1.593848,1.602201,1.582988,1.590506,37696598
2008-04-10,1.584659,1.587165,1.55208,1.572129,43192267
2008-04-11,1.581318,1.589671,1.547903,1.569623,44002489
2008-04-14,1.549574,1.563775,1.545397,1.552081,35682390
2008-04-15,1.56294,1.567117,1.52702,1.556257,49857755
2008-04-16,1.567117,1.58633,1.547903,1.582153,49432762
2008-04-17,1.582153,1.594683,1.570458,1.585494,39762966
2008-04-18,1.601366,1.627262,1.591342,1.617238,69087543
2008-04-21,1.618908,1.629768,1.598024,1.612225,61931519
2008-04-22,1.601366,1.618908,1.595519,1.603872,62022278
2008-04-23,1.603037,1.608885,1.570458,1.603872,43051571
2008-04-24,1.59886,1.613896,1.577976,1.607213,38034828
2008-04-25,1.600531,1.637286,1.597189,1.608884,41693965
2008-04-28,1.614732,1.623085,1.584659,1.603037,58678003
2008-04-29,1.587165,1.607214,1.582989,1.592177,39385387
2008-04-30,1.591342,1.612226,1.591342,1.604707,116502666
2008-05-02,1.620579,1.633945,1.616403,1.623086,124029912
2008-05-05,1.62392,1.624756,1.603037,1.607213,62926864
2008-05-06,1.606378,1.613896,1.593012,1.599695,131017336
2008-05-07,1.603872,1.60972,1.589671,1.596354,89408757
2008-05-08,1.567117,1.587165,1.540385,1.553751,246952304
2008-05-09,1.542056,1.542891,1.500289,1.525349,302630124
2008-05-12,1.525349,1.532868,1.501959,1.506972,369324674
2008-05-13,1.513654,1.515325,1.46771,1.511148,339322963
2008-05-14,1.522008,1.554587,1.520337,1.549575,444216289
2008-05-15,1.55041,1.563775,1.540385,1.557928,227212904
2008-05-16,1.562105,1.58633,1.545398,1.547068,188894380
2008-05-19,1.57073,1.57073,1.539789,1.554349,77366138
2008-05-20,1.540698,1.545248,1.521588,1.538878,169649346
2008-05-21,1.532508,1.533418,1.508847,1.518857,249378519
2008-05-22,1.506117,1.536148,1.487916,1.519767,192614519
2008-05-23,1.522498,1.531598,1.506117,1.514307,221427897
2008-05-26,1.507027,1.518857,1.493376,1.509757,72234778
2008-05-27,1.541608,1.547068,1.512487,1.522497,254493523
2008-05-28,1.525227,1.536148,1.510667,1.514307,69615103
2008-05-29,1.518857,1.521587,1.493376,1.503386,55535286
2008-05-30,1.508847,1.543428,1.508847,1.534328,79189334
2008-06-02,1.529778,1.530688,1.497016,1.503386,60658293
2008-06-03,1.497927,1.516127,1.488826,1.502477,107539976
2008-06-04,1.493376,1.506117,1.479726,1.502477,62305314
2008-06-05,1.500656,1.501566,1.471535,1.475175,51064639
2008-06-06,1.482456,1.485186,1.415112,1.426033,93273356
2008-06-09,1.423303,1.441504,1.406012,1.419663,60744988
2008-06-10,1.410563,1.428764,1.386902,1.419663,66443461
2008-06-11,1.425123,1.442414,1.376891,1.377801,77666504
2008-06-12,1.380532,1.404193,1.363241,1.391452,72934417
2008-06-13,1.377801,1.401462,1.3596,1.398732,60536258
2008-06-16,1.401462,1.407832,1.34868,1.365061,77126477
2008-06-17,1.368701,1.390542,1.36051,1.373251,63069373
2008-06-18,1.36233,1.376891,1.35505,1.35778,68916421
2008-06-19,1.34959,1.3596,1.34049,1.342309,66470927
2008-06-20,1.3414,1.34686,1.297718,1.320469,133181242
2008-06-23,1.319558,1.331389,1.302268,1.308638,49273011
2008-06-24,1.308638,1.313188,1.284977,1.307728,57830461
2008-06-25,1.319558,1.35414,1.315008,1.34595,65330000
2008-06-26,1.335939,1.34686,1.319558,1.328659,65180081
2008-06-27,1.325929,1.328658,1.302268,1.317738,62457315
2008-06-30,1.317739,1.325929,1.298628,1.320469,60475875
2008-07-01,1.306818,1.325019,1.292257,1.320469,61737002
2008-07-02,1.333209,1.365061,1.310458,1.342309,82499330
2008-07-03,1.326839,1.370521,1.326839,1.367791,76572389
2008-07-04,1.372341,1.372341,1.322289,1.331389,50953599
2008-07-07,1.338669,1.34686,1.320468,1.335939,38369822
2008-07-08,1.310458,1.321379,1.298628,1.315918,59871048
2008-07-09,1.329569,1.34686,1.322289,1.336849,50309587
2008-07-10,1.317739,1.367791,1.317739,1.342309,80116585
2008-07-11,1.34504,1.3505,1.274057,1.277697,108393710
2008-07-14,1.288617,1.299537,1.267686,1.274966,71581618
2008-07-15,1.266776,1.266776,1.204893,1.232194,129033489
2008-07-16,1.235835,1.252216,1.195793,1.247665,72148527
2008-07-17,1.259496,1.286797,1.244025,1.258586,123595055
2008-07-18,1.252216,1.283157,1.246755,1.264956,116199125
2008-07-21,1.273146,1.273146,1.242205,1.262226,86650727
2008-07-22,1.250395,1.260406,1.226734,1.242205,84455301
2008-07-23,1.264956,1.321378,1.263136,1.309548,177162491
2008-07-24,1.328659,1.365061,1.323199,1.35414,141827399
2008-07-25,1.332299,1.35414,1.324109,1.342309,94958593
2008-07-28,1.33958,1.34231,1.319559,1.335029,50824315
2008-07-29,1.297717,1.319558,1.285887,1.310458,69722122
2008-07-30,1.332299,1.332299,1.305908,1.316829,60814655
2008-07-31,1.318648,1.34322,1.310458,1.318648,53771403
2008-08-01,1.308638,1.3414,1.302268,1.325929,49902746
2008-08-04,1.321379,1.331389,1.308638,1.315009,42136067
2008-08-05,1.323199,1.403282,1.323199,1.394182,100136215
2008-08-06,1.408743,1.424213,1.377801,1.401462,73910453
2008-08-07,1.394182,1.421483,1.392362,1.402372,58833514
2008-08-08,1.395092,1.406922,1.374161,1.397822,61937232
2008-08-11,1.406922,1.445144,1.400552,1.433314,60414935
2008-08-12,1.431493,1.446054,1.412383,1.419663,66316252
2008-08-13,1.410562,1.413293,1.36415,1.3687,72691424
2008-08-14,1.372341,1.377801,1.34777,1.3687,34478383
2008-08-18,1.35869,1.374161,1.339579,1.36233,38577114
2008-08-19,1.339579,1.342309,1.312278,1.317738,59472764
2008-08-20,1.320468,1.325929,1.276787,1.293167,59746387
2008-08-21,1.283157,1.288617,1.239475,1.244935,81061638
2008-08-22,1.248575,1.267686,1.226734,1.262226,60701932
2008-08-25,1.259496,1.261316,1.234924,1.243115,42512414
2008-08-26,1.236745,1.259496,1.220364,1.253126,57152879
2008-08-27,1.254036,1.260406,1.240385,1.246755,52391084
2008-08-28,1.244935,1.34049,1.244935,1.325019,132193371
2008-08-29,1.34322,1.36051,1.334119,1.336849,112088081
2008-09-01,1.328659,1.36597,1.323199,1.35323,57750975
2008-09-02,1.3596,1.445144,1.35232,1.414203,171258804
2008-09-03,1.407832,1.436044,1.396912,1.425123,91066176
2008-09-04,1.429673,1.436954,1.36688,1.372341,86548457
2008-09-05,1.3596,1.381441,1.345949,1.35869,96533412
2008-09-08,1.419663,1.447874,1.408742,1.410563,116507390
2008-09-09,1.412383,1.466985,1.402372,1.441504,114887798
2008-09-10,1.435134,1.450604,1.408742,1.412383,90416952
2008-09-11,1.406922,1.407833,1.365971,1.389632,82160246
2008-09-12,1.412383,1.426033,1.390542,1.422393,79302294
2008-09-15,1.383261,1.388722,1.3414,1.380531,136843148
2008-09-16,1.35323,1.361421,1.283157,1.315009,164967952
2008-09-17,1.342309,1.34959,1.259496,1.265866,183117409
2008-09-18,1.241295,1.334119,1.241295,1.290437,149136699
2008-09-19,1.366881,1.466985,1.365061,1.434224,257272693
2008-09-22,1.446054,1.487006,1.397822,1.401462,123562113
2008-09-23,1.405103,1.416023,1.357781,1.385082,84306663
2008-09-24,1.388722,1.413293,1.383261,1.405102,48574795
2008-09-25,1.393272,1.469715,1.389632,1.452425,78490395
2008-09-26,1.446964,1.490646,1.423303,1.456065,102243738
2008-09-29,1.443324,1.443324,1.385992,1.389632,89444060
2008-09-30,1.34595,1.410563,1.34049,1.399642,95248419
2008-10-01,1.427854,1.427854,1.324109,1.392362,99623764
2008-10-02,1.392362,1.439684,1.365061,1.372341,61741870
2008-10-03,1.374161,1.442414,1.35414,1.419663,64715976
2008-10-06,1.34322,1.377801,1.245845,1.259496,91443243
2008-10-07,1.308638,1.357781,1.233105,1.275877,79889446
2008-10-08,1.212174,1.274056,1.146651,1.201253,136555108
2008-10-09,1.226734,1.234015,1.105699,1.110249,141565084
2008-10-10,1.037446,1.099329,0.957362,1.055647,206977235
2008-10-13,1.11753,1.222185,1.097509,1.222185,135887040
2008-10-14,1.271326,1.342309,1.230375,1.258586,134093764
2008-10-15,1.244935,1.244935,1.182143,1.190333,107080022
2008-10-16,1.120259,1.13482,1.035626,1.041086,163746514
2008-10-17,1.092048,1.12845,1.021065,1.095689,132705053
2008-10-20,1.143011,1.145741,1.076578,1.11662,65384733
2008-10-21,1.12117,1.132091,1.082948,1.132091,47921994
2008-10-22,1.098418,1.12299,1.088408,1.095689,47214775
2008-10-23,1.095689,1.109339,1.052006,1.074757,63371768
2008-10-24,0.997404,1.006505,0.926421,0.959183,127372202
2008-10-27,0.89457,0.89912,0.849977,0.861808,110401494
2008-10-28,0.89548,0.90276,0.780815,0.789915,133956966
2008-10-29,0.844517,0.928241,0.829957,0.928241,126596987
2008-10-30,0.958272,1.035626,0.918231,1.015605,148735235
2008-10-31,0.999224,1.040176,0.935521,1.034716,107786954
2008-11-03,1.054737,1.064747,1.015605,1.059287,47672975
2008-11-04,1.068388,1.178502,1.059287,1.157572,111573473
2008-11-05,1.164852,1.172132,1.11025,1.12845,87673866
2008-11-06,1.092048,1.157571,1.073848,1.102969,62142821
2008-11-07,1.097509,1.108429,1.044726,1.102969,74782460
2008-11-10,1.141191,1.155751,1.073848,1.101149,62842713
2008-11-11,1.082038,1.082038,0.915501,0.915501,179401548
2008-11-12,0.950082,0.950082,0.841787,0.852708,204562858
2008-11-13,0.853618,0.91641,0.848158,0.869998,118428102
2008-11-14,0.90913,0.90913,0.875459,0.878189,89582157
2008-11-17,0.866358,0.880919,0.789005,0.806296,105496622
2008-11-18,0.806296,0.826316,0.748053,0.826316,117122782
2008-11-19,0.818126,0.826316,0.775354,0.778994,86640354
2008-11-20,0.748053,0.806296,0.733492,0.786274,98994987
2008-11-21,0.793555,0.814486,0.749873,0.778085,76397445
2008-11-24,0.797195,0.869998,0.777174,0.869998,102954367
2008-11-25,0.851798,0.89457,0.834507,0.855438,85279329
2008-11-26,0.844517,0.89457,0.824497,0.871819,64058722
2008-11-27,0.90458,0.90731,0.884559,0.884559,41849974
2008-11-28,0.884559,0.88911,0.840877,0.859078,74620881
2008-12-01,0.843607,0.843607,0.783545,0.785365,94369291
2008-12-02,0.769894,0.829957,0.764434,0.819946,69186399
2008-12-03,0.815396,0.840877,0.788095,0.837237,58894015
2008-12-04,0.844517,0.877279,0.800836,0.812666,92579043
2008-12-05,0.808116,0.831777,0.766254,0.780815,71699455
2008-12-08,0.853618,0.859988,0.805386,0.859988,0
2008-12-09,0.884559,0.884559,0.833597,0.877279,97808971
2008-12-10,0.877279,0.893659,0.859078,0.893659,56053174
2008-12-11,0.887289,0.8882,0.852708,0.854528,76782985
2008-12-12,0.812666,0.828137,0.769894,0.814486,124894442
2008-12-15,0.822677,0.835417,0.791735,0.792645,60417079
2008-12-16,0.804475,0.829957,0.794465,0.829957,66470804
2008-12-17,0.849978,0.858168,0.822677,0.839057,66557234
2008-12-18,0.847248,0.8882,0.823587,0.8882,69668622
2008-12-19,0.862718,0.934611,0.862718,0.934611,97995209
2008-12-22,0.931881,0.931881,0.9064,0.91004,53710384
2008-12-23,0.90458,0.937342,0.90094,0.91004,31150754
2008-12-29,0.91459,0.931881,0.90003,0.91368,21447154
2008-12-30,0.918231,0.928241,0.89548,0.923691,28198712
2009-01-02,0.932791,0.938251,0.91368,0.924601,37523055
2009-01-05,0.935521,0.943712,0.924601,0.936432,39444236
2009-01-06,0.940982,1.001954,0.930971,0.986484,64942965
2009-01-07,0.979203,1.001044,0.976473,0.993764,49836971
2009-01-08,0.977383,1.013785,0.973743,1.004685,50440347
2009-01-09,1.006505,1.015605,0.955542,0.957363,76629179
2009-01-12,0.953722,0.982843,0.950082,0.965553,30624424
2009-01-13,0.956452,0.959183,0.917321,0.926421,89283920
2009-01-14,0.939162,0.939162,0.867268,0.926421,80958450
2009-01-15,0.89548,0.91459,0.866358,0.880009,77643179
2009-01-16,0.91459,0.920961,0.890019,0.90094,66643659
2009-01-19,0.90822,0.927331,0.818126,0.866358,96481519
2009-01-20,0.869998,0.877279,0.811756,0.829957,76444430
2009-01-21,0.829957,0.829957,0.768074,0.786274,159526515
2009-01-22,0.809026,0.825407,0.766254,0.788095,82652622
2009-01-23,0.778994,0.800835,0.752603,0.800835,56139374
2009-01-26,0.789005,0.856348,0.786274,0.843607,90246605
2009-01-27,0.843607,0.858168,0.829957,0.855438,60264338
2009-01-28,0.873639,0.940982,0.871819,0.915501,127730171
2009-01-29,0.90458,0.926421,0.882739,0.90276,68015301
2009-01-30,0.889109,0.9155,0.877279,0.90003,66544118
2009-02-02,0.882739,0.883649,0.845427,0.870909,63977751
2009-02-03,0.879099,0.879099,0.829957,0.848158,63830388
2009-02-04,0.855438,0.873638,0.838147,0.851798,62666740
2009-02-05,0.826316,0.847247,0.819036,0.842697,68311387
2009-02-06,0.855438,0.880919,0.849977,0.877279,65503800
2009-02-09,0.862718,0.90913,0.859988,0.89821,59261066
2009-02-10,0.8882,0.915501,0.873639,0.882739,59601803
2009-02-11,0.865449,0.880919,0.859988,0.868178,48135422
2009-02-12,0.857258,0.864538,0.826316,0.836327,75067287
2009-02-13,0.852708,0.872729,0.829957,0.855438,60134536
2009-02-16,0.839057,0.844517,0.823587,0.826316,30030649
2009-02-17,0.825407,0.825407,0.758974,0.763524,94263902
2009-02-18,0.770804,0.788095,0.729852,0.777175,77109875
2009-02-19,0.777174,0.778994,0.747143,0.765344,48887161
2009-02-20,0.738043,0.741683,0.647949,0.647949,157047529
2009-02-23,0.67343,0.704371,0.637028,0.638484,103395783
2009-02-24,0.623196,0.693451,0.619555,0.679254,73845001
2009-02-25,0.702551,0.717112,0.670154,0.682166,71212152
2009-02-26,0.702187,0.728032,0.695999,0.724392,68845180
2009-02-27,0.703643,0.71966,0.688355,0.704735,54163953
2009-03-02,0.67525,0.67889,0.648313,0.648313,49950386
2009-03-03,0.649405,0.653409,0.611547,0.616279,72527881
2009-03-04,0.629748,0.643945,0.600627,0.629748,62226242
2009-03-05,0.620647,0.621376,0.570777,0.570777,66101328
2009-03-06,0.567865,0.571505,0.473949,0.528551,144796933
2009-03-09,0.531464,0.531464,0.488146,0.509622,75272116
2009-03-10,0.520543,0.593346,0.515083,0.589706,110614788
2009-03-11,0.589706,0.660689,0.575873,0.619555,113419807
2009-03-12,0.602447,0.637756,0.586794,0.618827,84240938
2009-03-13,0.639576,0.655229,0.60281,0.618827,60659752
2009-03-16,0.652317,0.674886,0.63448,0.653773,75796066
2009-03-17,0.656685,0.656685,0.621376,0.647949,82449545
2009-03-18,0.670881,0.698911,0.664329,0.695271,102184207
2009-03-19,0.713472,0.766254,0.663237,0.669789,178499372
2009-03-20,0.661417,0.702551,0.624288,0.681438,207323322
2009-03-23,0.698911,0.749873,0.697091,0.745323,135273875
2009-03-24,0.770804,0.782635,0.709831,0.746233,108252527
2009-03-25,0.728032,0.764434,0.718932,0.757153,81597621
2009-03-26,0.753513,0.800835,0.749873,0.800835,66729119
2009-03-27,0.804475,0.815396,0.768074,0.793555,51060494
2009-03-30,0.762614,0.768984,0.71056,0.717112,68483340
2009-03-31,0.711651,0.754423,0.71056,0.754423,72698695
2009-04-01,0.738953,0.759884,0.717112,0.747143,82310883
2009-04-02,0.775354,0.781725,0.746233,0.775354,110088105
2009-04-03,0.761704,0.799015,0.749873,0.788095,89494094
2009-04-06,0.786274,0.806296,0.738043,0.769894,82934300
2009-04-07,0.771714,0.772624,0.722572,0.738952,75204389
2009-04-08,0.717112,0.765344,0.711287,0.759884,61835513
2009-04-09,0.775354,0.812666,0.761704,0.811756,79116816
2009-04-14,0.819036,0.861808,0.808116,0.848158,94331869
2009-04-15,0.826316,0.847248,0.810846,0.833597,67605172
2009-04-16,0.844517,0.864538,0.826316,0.842697,80428488
2009-04-17,0.855438,0.879099,0.836327,0.859078,81477980
2009-04-20,0.849977,0.867268,0.798105,0.815396,78655598
2009-04-21,0.811756,0.826316,0.769894,0.810846,76229225
2009-04-22,0.806296,0.837237,0.796285,0.830867,66963126
2009-04-23,0.819946,0.842697,0.811756,0.830867,52375003
2009-04-24,0.824497,0.839967,0.812666,0.839057,58996948
2009-04-27,0.819946,0.848158,0.815396,0.846337,49177640
2009-04-28,0.825407,0.834507,0.804475,0.817216,66584513
2009-04-29,0.843607,0.843607,0.813576,0.837237,63493760
2009-04-30,0.846337,0.88911,0.844517,0.887289,99885759
2009-05-04,0.890019,0.90731,0.884559,0.90094,51105414
2009-05-05,0.90913,0.918231,0.877279,0.890019,65746213
2009-05-06,0.881829,0.933701,0.881829,0.920961,90446851
2009-05-07,0.932791,0.950992,0.884559,0.90094,94242500
2009-05-08,0.912771,0.937341,0.90458,0.931881,76595279
2009-05-11,0.944622,0.947352,0.89548,0.928241,70345464
2009-05-12,0.91095,0.930061,0.9064,0.928241,50368001
2009-05-13,0.928241,0.930061,0.838147,0.851798,90148531
2009-05-14,0.838147,0.873638,0.810846,0.840877,85055654
2009-05-15,0.859078,0.90276,0.852708,0.90276,101797497
2009-05-18,0.887289,0.943712,0.874548,0.942802,72416472
2009-05-19,0.950082,0.957362,0.924601,0.951902,69241865
2009-05-20,0.946442,0.974653,0.946442,0.970103,58218673
2009-05-21,0.955542,0.962823,0.930971,0.938251,44724777
2009-05-22,0.930971,0.961913,0.930971,0.946442,42302243
2009-05-25,0.943712,0.953722,0.9155,0.940982,22092248
2009-05-26,0.943712,0.946442,0.90822,0.945532,57198286
2009-05-27,0.946442,0.952812,0.929151,0.938251,47263640
2009-05-28,0.924601,0.939161,0.91186,0.920961,56003457
2009-05-29,0.931881,0.933701,0.90822,0.912771,41487687
2009-06-01,0.928241,0.961912,0.928241,0.956452,58680895
2009-06-02,0.940982,0.945532,0.930061,0.939161,47535584
2009-06-03,0.937341,0.937341,0.91095,0.91459,58572414
2009-06-04,0.917321,0.920961,0.8973,0.9064,52977872
2009-06-05,0.91368,0.924601,0.8973,0.90003,53946319
2009-06-08,0.89184,0.90003,0.859078,0.873639,60251572
2009-06-09,0.876369,0.89184,0.875459,0.886379,43659552
2009-06-10,0.90094,0.911861,0.89184,0.91004,52974360
2009-06-11,0.91186,0.921871,0.90185,0.91732,47373244
2009-06-12,0.90822,0.911861,0.90003,0.90276,32740454
2009-06-15,0.89639,0.8973,0.872729,0.872729,50040982
2009-06-16,0.865449,0.870909,0.842697,0.850888,48811016
2009-06-17,0.843607,0.847248,0.824497,0.839967,67179575
2009-06-18,0.840877,0.850888,0.819036,0.850888,53009433
2009-06-19,0.855438,0.864538,0.815396,0.829957,136182134
2009-06-22,0.829957,0.838147,0.819036,0.829957,55575331
2009-06-23,0.811756,0.831777,0.805386,0.813576,66871331
2009-06-24,0.825407,0.839057,0.810846,0.839057,44756483
2009-06-25,0.831777,0.837237,0.813576,0.831777,45537977
2009-06-26,0.835417,0.850888,0.823587,0.827227,39086397
2009-06-29,0.823586,0.844517,0.817216,0.842697,33227163
2009-06-30,0.839057,0.845427,0.826316,0.835417,46547148
2009-07-01,0.837237,0.864538,0.834507,0.862718,55295682
2009-07-02,0.859078,0.859078,0.820856,0.820856,55010693
2009-07-03,0.825407,0.829957,0.809026,0.829957,33534913
2009-07-06,0.812666,0.818126,0.799015,0.808116,51774186
2009-07-07,0.815396,0.835417,0.806296,0.808116,49734022
2009-07-08,0.799925,0.803565,0.774444,0.778085,56044381
2009-07-09,0.787185,0.808116,0.782635,0.799015,42372569
2009-07-10,0.795375,0.810846,0.787185,0.789915,42278343
2009-07-13,0.778085,0.802655,0.765344,0.798105,60945808
2009-07-14,0.803565,0.839057,0.797195,0.833597,68703319
2009-07-15,0.838147,0.862718,0.838147,0.858168,53731398
2009-07-16,0.853618,0.873638,0.842697,0.867268,56918045
2009-07-17,0.862718,0.865449,0.846337,0.864538,75723829
2009-07-20,0.868178,0.877279,0.860898,0.868178,42483595
2009-07-21,0.870909,0.90276,0.868178,0.891839,64885249
2009-07-22,0.89548,0.898209,0.878189,0.893659,35540073
2009-07-23,0.89912,0.912771,0.880009,0.912771,56666670
2009-07-24,0.912771,0.929151,0.90458,0.915501,57664237
2009-07-27,0.920051,0.921871,0.89821,0.90822,46981192
2009-07-28,0.90822,0.91368,0.89548,0.89912,47712467
2009-07-29,0.89548,0.917321,0.89548,0.9064,46145012
2009-07-30,0.9155,0.957362,0.90731,0.952812,78166528
2009-07-31,0.951902,0.960093,0.943712,0.950992,52757144
2009-08-03,0.953722,0.974653,0.944622,0.956452,61498475
2009-08-04,0.961002,0.969193,0.948262,0.957363,61559152
2009-08-05,0.953722,0.968283,0.943712,0.953722,76721973
2009-08-06,0.953722,0.991944,0.951902,0.987394,75300154
2009-08-07,0.983754,1.037446,0.960093,1.031986,100166356
2009-08-10,1.030166,1.066567,1.020155,1.062927,81722130
2009-08-11,1.062927,1.083858,1.038356,1.044726,98689106
2009-08-12,1.036536,1.049276,1.009235,1.048366,78039499
2009-08-13,1.055647,1.078398,1.052006,1.063837,72085814
2009-08-14,1.068387,1.073847,1.035626,1.043816,45308504
2009-08-17,1.028346,1.043816,0.997404,1.001044,71446413
2009-08-18,1.010145,1.015605,0.978293,1.003774,73062186
2009-08-19,0.990124,1.000135,0.975563,0.979203,70523717
2009-08-20,0.993764,0.997404,0.983754,0.988304,54098633
2009-08-21,0.989214,1.009235,0.981024,1.006505,90666357
2009-08-24,1.011965,1.043816,1.010145,1.033806,63236297
2009-08-25,1.021975,1.061107,1.017425,1.056557,89110294
2009-08-26,1.056557,1.094779,1.056557,1.082038,110828883
2009-08-27,1.082038,1.112069,1.071118,1.085678,98964348
2009-08-28,1.101149,1.143011,1.096599,1.112069,162720987
2009-08-31,1.097509,1.103879,1.085678,1.100239,56941335
2009-09-01,1.112979,1.116619,1.058377,1.058377,127997734
2009-09-02,1.050186,1.050186,1.016515,1.035626,106886433
2009-09-03,1.039266,1.056557,1.024705,1.041086,76411160
2009-09-04,1.049276,1.075668,1.049276,1.070207,68521100
2009-09-07,1.085678,1.095689,1.079308,1.091138,42545315
2009-09-08,1.091139,1.092049,1.059287,1.071118,85703687
2009-09-09,1.062927,1.082038,1.059287,1.081128,67071553
2009-09-10,1.091138,1.095689,1.063837,1.081128,75327694
2009-09-11,1.099329,1.121169,1.094779,1.102059,114829249
2009-09-14,1.092048,1.093869,1.073847,1.091138,52487411
2009-09-15,1.094779,1.098418,1.082038,1.095689,50209841
2009-09-16,1.102969,1.12117,1.101149,1.11753,61489903
2009-09-17,1.12663,1.13027,1.107519,1.11753,62648705
2009-09-18,1.117529,1.13755,1.106609,1.121169,127298277
2009-09-21,1.1239,1.13118,1.093869,1.101149,61191077
2009-09-22,1.104789,1.11844,1.093869,1.102969,59425768
2009-09-23,1.107519,1.13573,1.104789,1.13118,66616505
2009-09-24,1.116619,1.116619,1.092048,1.092048,118618422
2009-09-25,1.087498,1.092048,1.067477,1.074757,82077793
2009-09-28,1.068387,1.101149,1.052007,1.101149,70762811
2009-09-29,1.104789,1.11116,1.092959,1.101149,52826118
2009-09-30,1.108429,1.12299,1.079308,1.100239,107334385
2009-10-01,1.093869,1.109339,1.071118,1.077488,66053260
2009-10-02,1.067477,1.072028,1.043816,1.054737,84788850
2009-10-05,1.052007,1.054737,1.038356,1.047457,67402001
2009-10-06,1.055647,1.101149,1.055647,1.101149,104591866
2009-10-07,1.098419,1.110249,1.083858,1.098419,91451635
2009-10-08,1.112069,1.11753,1.105699,1.111159,75417636
2009-10-09,1.112069,1.12572,1.110249,1.1239,72998690
2009-10-12,1.13209,1.146651,1.12663,1.143921,65896633
2009-10-13,1.143011,1.146651,1.11935,1.12481,83086452
2009-10-14,1.13846,1.151201,1.13573,1.151201,79537785
2009-10-15,1.163031,1.168492,1.143011,1.146651,79129337
2009-10-16,1.153021,1.153931,1.12117,1.12936,77023299
2009-10-19,1.148471,1.163032,1.145741,1.162122,75480243
2009-10-20,1.164852,1.169402,1.147561,1.152111,68177145
2009-10-21,1.156661,1.166672,1.1239,1.164852,95451325
2009-10-22,1.143011,1.148471,1.121169,1.12754,85965432
2009-10-23,1.143011,1.146651,1.095689,1.108429,88618640
2009-10-26,1.115709,1.11753,1.067477,1.073847,94281102
2009-10-27,1.067477,1.073847,1.039266,1.062017,110031544
2009-10-28,1.052917,1.062927,1.035626,1.049276,79386719
2009-10-29,1.047457,1.082038,1.038356,1.072028,77809601
2009-10-30,1.087498,1.090228,1.041996,1.046546,93611734
2009-11-02,1.050186,1.063837,1.032896,1.048366,73453187
2009-11-03,1.037446,1.040176,1.011965,1.021975,78980660
2009-11-04,1.032896,1.037446,1.020156,1.024706,65527876
2009-11-05,1.012875,1.046547,0.997404,1.041996,80285607
2009-11-06,1.042906,1.054737,1.023796,1.040176,72461277
2009-11-09,1.048366,1.063837,1.046546,1.055647,65249347
2009-11-10,1.069297,1.085678,1.063837,1.072028,97953985
2009-11-11,1.087498,1.11571,1.082948,1.103879,118100202
2009-11-12,1.102969,1.11844,1.090228,1.107519,73237949
2009-11-13,1.098419,1.11753,1.093869,1.114799,62063732
2009-11-16,1.1239,1.147561,1.1239,1.142101,70760634
2009-11-17,1.13573,1.143921,1.12208,1.12208,57381507
2009-11-18,1.13118,1.13209,1.11935,1.12208,61189205
2009-11-19,1.117529,1.121169,1.084768,1.085678,78578068
2009-11-20,1.083858,1.090228,1.063837,1.064747,80695516
2009-11-23,1.079308,1.085678,1.072028,1.080218,47579734
2009-11-24,1.070207,1.094779,1.065657,1.085678,58090045
2009-11-25,1.092048,1.098419,1.075668,1.087498,50811150
2009-11-26,1.081128,1.082038,1.038356,1.042906,69914367
2009-11-27,1.013785,1.063838,1.008325,1.057467,102417623
2009-11-30,1.062927,1.066567,1.041996,1.050186,67724863
2009-12-01,1.054737,1.074757,1.054737,1.074757,51850894
2009-12-02,1.070207,1.082948,1.064747,1.074757,51144570
2009-12-03,1.085678,1.104789,1.081128,1.090228,65192854
2009-12-04,1.084768,1.12663,1.077488,1.121169,97858973
2009-12-07,1.117529,1.121169,1.107519,1.107519,37669575
2009-12-08,1.112069,1.1239,1.086588,1.098419,67039842
2009-12-09,1.095689,1.102969,1.076578,1.092048,75233484
2009-12-10,1.088408,1.104789,1.084768,1.094779,57644713
2009-12-11,1.097509,1.11116,1.095689,1.096599,59613604
2009-12-14,1.110249,1.113889,1.105699,1.108429,45403424
2009-12-15,1.113889,1.117529,1.098418,1.109339,49750877
2009-12-16,1.112069,1.12663,1.11025,1.12663,49461702
2009-12-17,1.117529,1.12299,1.103879,1.107519,60394570
2009-12-18,1.102969,1.114799,1.090228,1.094779,103878861
2009-12-21,1.101149,1.110249,1.091138,1.107519,39969823
2009-12-22,1.112979,1.13027,1.110249,1.12299,49526990
2009-12-23,1.13118,1.143011,1.12572,1.13482,36128235
2009-12-28,1.143921,1.153931,1.143921,1.153931,31847778
2009-12-29,1.156661,1.163942,1.154841,1.163032,33290310
2009-12-30,1.160301,1.165762,1.144831,1.146651,35299694
2010-01-04,1.145741,1.154841,1.13391,1.152111,56266333
2010-01-05,1.153931,1.156661,1.140281,1.143921,48336764
2010-01-06,1.149381,1.162121,1.14483,1.158481,41122752
2010-01-07,1.154841,1.154841,1.13846,1.142101,67227361
2010-01-08,1.149381,1.159391,1.140281,1.157572,67902692
2010-01-11,1.163942,1.167582,1.152111,1.152111,42366758
2010-01-12,1.159391,1.161211,1.13937,1.146651,44994625
2010-01-13,1.143921,1.159391,1.140281,1.157572,45876930
2010-01-14,1.167581,1.167581,1.156661,1.165762,48025624
2010-01-15,1.170312,1.174862,1.13482,1.13482,82622755
2010-01-18,1.142101,1.143921,1.1239,1.12845,37994503
2010-01-19,1.12481,1.143011,1.109339,1.141191,58863820
2010-01-20,1.13846,1.144831,1.102969,1.102969,84528543
2010-01-21,1.112069,1.12299,1.086588,1.086588,88944158
2010-01-22,1.074757,1.080218,1.037446,1.053827,115315171
2010-01-25,1.040176,1.065657,1.026525,1.048366,72196190
2010-01-26,1.033805,1.052916,1.024705,1.052006,61563307
2010-01-27,1.035626,1.040176,1.011965,1.021065,88564814
2010-01-28,1.037446,1.043816,0.996494,0.996494,91563313
2010-01-29,0.996494,1.024705,0.991034,1.011055,80285015
2010-02-01,0.999224,1.031076,0.998314,1.026525,60484044
2010-02-02,1.024705,1.043816,1.012875,1.041996,61132029
2010-02-03,1.045637,1.049277,1.022886,1.024706,53987148
2010-02-04,1.022885,1.031076,0.968283,0.970103,95853412
2010-02-05,0.963733,0.966463,0.930061,0.930971,159386352
2010-02-08,0.938252,0.965553,0.915501,0.962823,115394430
2010-02-09,0.957362,0.974653,0.939161,0.941892,78104752
2010-02-10,0.960093,0.986484,0.958273,0.983754,93976286
2010-02-11,0.992854,1.000135,0.943712,0.954632,98140082
2010-02-12,0.971013,0.975563,0.940072,0.958273,69504750
2010-02-15,0.967373,0.971923,0.947352,0.953722,32657798
2010-02-16,0.964643,0.970103,0.927331,0.942802,120107061
2010-02-17,0.959183,0.990124,0.954632,0.982844,78261997
2010-02-18,0.981934,0.984664,0.964643,0.973743,63820054
2010-02-19,0.959183,0.984664,0.954632,0.983754,65364535
2010-02-22,0.991944,0.993764,0.976473,0.981934,41022603
2010-02-23,0.985573,0.994674,0.947352,0.955542,73945734
2010-02-24,0.961002,0.961912,0.928241,0.950082,76094556
2010-02-25,0.943712,0.972833,0.935521,0.941892,83432555
2010-02-26,0.950992,0.956453,0.926421,0.940072,69802581
2010-03-01,0.952812,0.959183,0.939161,0.953722,51794675
2010-03-02,0.951902,0.962823,0.944622,0.952812,54781706
2010-03-03,0.946442,0.974653,0.938251,0.969193,81495117
2010-03-04,0.961002,0.999224,0.955542,0.988304,81495747
2010-03-05,0.999225,1.034716,0.991944,1.032896,106454565
2010-03-08,1.041086,1.044726,1.031076,1.036536,44551850
2010-03-09,1.036536,1.036536,1.010145,1.026525,55565440
2010-03-10,1.025615,1.037446,1.020155,1.036536,52812597
2010-03-11,1.026525,1.033806,1.016515,1.021975,54518805
2010-03-12,1.025615,1.045636,1.024705,1.036536,53900236
2010-03-15,1.036536,1.038356,1.024705,1.026525,40176826
2010-03-16,1.027435,1.045636,1.026525,1.041086,43974448
2010-03-17,1.054737,1.066567,1.048366,1.060197,71433740
2010-03-18,1.060197,1.069297,1.053827,1.058377,66496586
2010-03-19,1.064747,1.087498,1.024705,1.032896,193324259
2010-03-22,1.026525,1.030165,0.990124,1.020155,107154766
2010-03-23,1.020155,1.024705,1.001954,1.011965,95551146
2010-03-24,1.017425,1.017425,0.997404,1.012875,68588239
2010-03-25,1.011965,1.028346,1.008325,1.025615,57513579
2010-03-26,1.025615,1.029256,1.015605,1.025615,48653788
2010-03-29,1.030166,1.041086,1.021065,1.028346,54040071
2010-03-30,1.036536,1.037446,1.012875,1.014695,43749432
2010-03-31,1.013785,1.022885,0.993764,1.003774,61403902
2010-04-01,1.009235,1.024706,1.005595,1.024706,43524144
2010-04-06,1.032896,1.032896,1.017425,1.024706,40275516
2010-04-07,1.021065,1.022886,1.006505,1.006505,60629988
2010-04-08,1.002864,1.005595,0.980113,0.983754,75504434
2010-04-09,0.994674,0.998314,0.985573,0.998314,51407775
2010-04-12,1.004685,1.017425,1.002865,1.016515,59011682
2010-04-13,1.010145,1.021065,1.006505,1.019245,49201217
2010-04-14,1.026525,1.055647,1.025615,1.055647,106398079
2010-04-15,1.062927,1.064747,1.041086,1.050186,72880108
2010-04-16,1.047456,1.053827,1.015605,1.018335,106315470
2010-04-19,1.008325,1.021065,0.991944,1.006505,82975211
2010-04-20,1.015605,1.023795,1.001954,1.023795,76588813
2010-04-21,1.029256,1.029256,1.004685,1.005595,63674718
2010-04-22,1.011055,1.019245,0.981023,0.988304,89099987
2010-04-23,0.988304,0.992854,0.969193,0.981934,77053112
2010-04-26,0.991944,0.998314,0.976473,0.981023,49361947
2010-04-27,0.976473,0.979203,0.925511,0.925511,115690906
2010-04-28,0.9155,0.933701,0.890019,0.91186,158809072
2010-04-29,0.916411,0.919141,0.89639,0.9064,141404934
2010-04-30,0.91004,0.933702,0.89639,0.90913,158012729
2010-05-03,0.90549,0.91459,0.8973,0.90913,63994141
2010-05-04,0.90458,0.91186,0.837237,0.843607,167628386
2010-05-05,0.848158,0.851798,0.802655,0.824497,204857104
2010-05-06,0.811756,0.839967,0.706555,0.760794,293875771
2010-05-07,0.740773,0.797195,0.710195,0.730762,308727335
2010-05-10,0.819036,0.875459,0.808116,0.874548,391341719
2010-05-11,0.858168,0.861808,0.821766,0.852708,290340442
2010-05-12,0.847248,0.880009,0.833597,0.866358,229868354
2010-05-13,0.880919,0.880919,0.819946,0.836327,256282453
2010-05-14,0.835417,0.835417,0.760794,0.791735,473003932
2010-05-17,0.780814,0.815396,0.769894,0.800835,275382318
2010-05-18,0.818126,0.829957,0.801746,0.820856,265622245
2010-05-19,0.802655,0.804475,0.766254,0.781725,366390273
2010-05-20,0.792645,0.801746,0.748053,0.770804,233047498
2010-05-21,0.774444,0.796285,0.761704,0.796285,232771679
2010-05-24,0.814232,0.821789,0.785894,0.793451,107234012
2010-05-25,0.767947,0.770781,0.734509,0.767003,291596487
2010-05-26,0.78495,0.791562,0.769837,0.769837,291972486
2010-05-27,0.777393,0.825567,0.77456,0.823678,273876117
2010-05-28,0.831235,0.834069,0.805731,0.811399,343683581
2010-05-31,0.805731,0.824622,0.802897,0.820844,100351839
2010-06-01,0.816121,0.816121,0.768892,0.794396,175167848
2010-06-02,0.789673,0.806676,0.772671,0.788728,146932175
2010-06-03,0.813288,0.8199,0.800063,0.801952,96101094
2010-06-04,0.802897,0.808565,0.743199,0.753023,170476471
2010-06-07,0.739421,0.768892,0.725441,0.750001,143533422
2010-06-08,0.755668,0.763225,0.718262,0.743577,173103911
2010-06-09,0.753401,0.765114,0.744333,0.764169,150092690
2010-06-10,0.760391,0.802897,0.751889,0.799119,161063241
2010-06-11,0.804786,0.825567,0.799119,0.822734,128061021
2010-06-14,0.835013,0.849182,0.83218,0.846348,113115214
2010-06-15,0.833124,0.874685,0.826512,0.872797,120206848
2010-06-16,0.880353,0.888855,0.850126,0.870907,131033494
2010-06-17,0.870907,0.884131,0.862406,0.869963,115400070
2010-06-18,0.874686,0.905857,0.869963,0.904912,174830258
2010-06-21,0.925693,0.938918,0.896411,0.902079,101666936
2010-06-22,0.889799,0.892633,0.863351,0.878464,149006194
2010-06-23,0.862406,0.893577,0.857683,0.876575,113722850
2010-06-24,0.885076,0.885076,0.845404,0.850126,113864334
2010-06-25,0.856739,0.886021,0.844459,0.880353,146853406
2010-06-28,0.884132,0.888855,0.856739,0.876575,130015400
2010-06-29,0.85485,0.859572,0.808565,0.808565,189022588
2010-06-30,0.815177,0.843514,0.801008,0.825567,169674627
2010-07-01,0.808565,0.828401,0.798175,0.80762,129504887
2010-07-02,0.818955,0.821789,0.802897,0.810454,89399214
2010-07-05,0.812343,0.814232,0.787784,0.794396,75168752
2010-07-06,0.799119,0.833124,0.79534,0.822734,118562510
2010-07-07,0.811398,0.88791,0.806676,0.886965,194029882
2010-07-08,0.895467,0.906802,0.886965,0.903968,156984246
2010-07-09,0.907746,0.921915,0.904913,0.916247,97387950
2010-07-12,0.916247,0.928527,0.904912,0.919081,70459732
2010-07-13,0.92097,0.940806,0.915303,0.938918,75044131
2010-07-14,0.94553,0.950252,0.921915,0.932305,67537882
2010-07-15,0.925693,0.937028,0.900189,0.907746,87278893
2010-07-16,0.91058,0.926638,0.888855,0.903968,102173996
2010-07-19,0.890743,0.903968,0.873741,0.888855,104923128
2010-07-20,0.897356,0.902078,0.867129,0.88791,92706113
2010-07-21,0.896411,0.903023,0.869963,0.87563,108565169
2010-07-22,0.871852,0.917192,0.869963,0.917192,112736054
2010-07-23,0.917192,0.926638,0.893577,0.907746,83883121
2010-07-26,0.924749,0.944585,0.917192,0.944585,106390691
2010-07-27,0.950252,0.983313,0.949308,0.982368,163736082
2010-07-28,0.987091,0.994648,0.965366,0.970089,114027506
2010-07-29,0.974812,0.984257,0.962532,0.964421,79230121
2010-07-30,0.962532,0.970089,0.944585,0.959698,85365097
2010-08-02,0.963477,0.997482,0.960643,0.994648,67577973
2010-08-03,0.991814,1.00126,0.982368,0.997482,72250901
2010-08-04,0.991814,0.995593,0.957809,0.983313,91532712
2010-08-05,0.987091,0.992759,0.963477,0.970089,67620660
2010-08-06,0.976701,0.988036,0.94553,0.949308,83635670
2010-08-09,0.965366,0.974812,0.961588,0.971034,51023748
2010-08-10,0.96631,0.980479,0.956864,0.973867,56284559
2010-08-11,0.960643,0.96631,0.912469,0.915303,101308682
2010-08-12,0.912469,0.920971,0.885076,0.903968,94060948
2010-08-13,0.911525,0.915303,0.880353,0.892633,91534759
2010-08-16,0.894522,0.899245,0.872797,0.886965,64253681
2010-08-17,0.890743,0.903023,0.880353,0.902079,57296844
2010-08-18,0.896411,0.904912,0.885076,0.891688,59244899
2010-08-19,0.899245,0.902079,0.859572,0.86524,105405528
2010-08-20,0.860517,0.867129,0.844459,0.845404,98199826
2010-08-23,0.851071,0.87563,0.844459,0.862406,73796889
2010-08-24,0.853905,0.861461,0.844459,0.856739,100291747
2010-08-25,0.85296,0.859572,0.825567,0.835958,116750248
2010-08-26,0.846348,0.879409,0.841625,0.869963,113696769
2010-08-27,0.861461,0.867129,0.832179,0.85296,136089851
2010-08-30,0.858628,0.862406,0.837847,0.843514,46869431
2010-08-31,0.826512,0.84257,0.817066,0.836903,123691779
2010-09-01,0.840681,0.881298,0.83029,0.87563,118896938
2010-09-02,0.872797,0.884131,0.868074,0.878464,76586374
2010-09-03,0.880354,0.912469,0.879409,0.903968,112380790
2010-09-06,0.91058,0.914358,0.903023,0.907746,61735086
2010-09-07,0.903023,0.903023,0.881298,0.889799,102533851
2010-09-08,0.881298,0.903023,0.871852,0.8983,82883761
2010-09-09,0.893577,0.938918,0.888855,0.926638,116792232
2010-09-10,0.915303,0.927583,0.906802,0.920026,83714062
2010-09-13,0.932305,0.944585,0.925693,0.920026,97414824
2010-09-14,0.926638,0.934195,0.91058,0.926638,72334508
2010-09-15,0.931361,0.93325,0.907746,0.920026,60656087
2010-09-16,0.918137,0.924749,0.903968,0.91058,67086443
2010-09-17,0.925693,0.938918,0.892633,0.907746,178257436
2010-09-20,0.908691,0.924749,0.899245,0.918137,82098761
2010-09-21,0.91058,0.940806,0.908691,0.932305,89165339
2010-09-22,0.93325,0.93325,0.91058,0.913414,91694107
2010-09-23,0.921915,0.924749,0.882242,0.892633,98846643
2010-09-24,0.88791,0.925693,0.880353,0.921915,120237860
2010-09-27,0.923804,0.925693,0.914359,0.920026,71471944
2010-09-28,0.912469,0.921915,0.899245,0.908691,115006468
2010-09-29,0.913414,0.919081,0.890743,0.894522,100471633
2010-09-30,0.885076,0.915303,0.879409,0.900189,124272221
2010-10-01,0.903968,0.91058,0.886965,0.895467,104893948
2010-10-04,0.897356,0.8983,0.871852,0.874685,85392628
2010-10-05,0.871852,0.909635,0.866184,0.906801,100721919
2010-10-06,0.914358,0.92097,0.908691,0.917192,88778501
2010-10-07,0.919081,0.926638,0.909635,0.92097,81496200
2010-10-08,0.918137,0.927582,0.913414,0.921915,72525890
2010-10-11,0.923804,0.926638,0.919081,0.925693,37230062
2010-10-12,0.920026,0.942696,0.911525,0.937028,79468173
2010-10-13,0.940807,0.964421,0.937028,0.957809,101494536
2010-10-14,0.960643,0.967255,0.946474,0.949308,62345662
2010-10-15,0.954975,0.965365,0.948363,0.953086,77498759
2010-10-18,0.951197,0.976701,0.949308,0.975756,71945647
2010-10-19,0.976701,1.00126,0.973867,0.983313,98215958
2010-10-20,0.976701,1.007872,0.974812,1.000316,99834544
2010-10-21,1.000315,1.019207,0.995593,1.011651,98966759
2010-10-22,1.007872,1.01354,0.999371,1.005038,59489970
2010-10-25,1.010706,1.012595,0.971034,0.97859,95783717
2010-10-26,0.969144,0.984257,0.968199,0.980479,74415413
2010-10-27,0.973867,0.997482,0.969144,0.97859,86453127
2010-10-28,0.985202,0.989925,0.9682,0.977645,93897305
2010-10-29,0.970089,0.971978,0.94553,0.954976,103483604
2010-11-01,0.958754,0.960643,0.932305,0.940807,79533482
2010-11-02,0.937028,0.954976,0.934195,0.951197,64961307
2010-11-03,0.954031,0.954975,0.92286,0.927582,80876564
2010-11-04,0.944585,0.95592,0.938918,0.941751,88288707
2010-11-05,0.945529,0.950252,0.906801,0.913414,124457064
2010-11-08,0.916247,0.935139,0.907746,0.931361,77673631
2010-11-09,0.938918,0.950252,0.92286,0.940807,123465036
2010-11-10,0.932305,0.939862,0.884131,0.891688,188012918
2010-11-11,0.899245,0.901134,0.862406,0.879409,145341030
2010-11-12,0.861462,0.897356,0.84257,0.883187,155321352
2010-11-15,0.876575,0.897356,0.869018,0.894522,105903187
2010-11-16,0.888855,0.899245,0.878464,0.884131,101321126
2010-11-17,0.880353,0.894522,0.876575,0.882242,72507066
2010-11-18,0.891688,0.894522,0.881298,0.886021,89613055
2010-11-19,0.890743,0.890743,0.85296,0.869963,111388395
2010-11-22,0.885076,0.886021,0.836902,0.846348,131119797
2010-11-23,0.837847,0.841625,0.813288,0.817066,138645054
2010-11-24,0.817066,0.824623,0.795341,0.818955,128105358
2010-11-25,0.815177,0.822734,0.800063,0.809509,88359677
2010-11-26,0.801008,0.804787,0.785895,0.804787,133099319
2010-11-29,0.815177,0.820844,0.770781,0.771726,169161796
2010-11-30,0.77456,0.778338,0.748111,0.757557,198706159
2010-12-01,0.764169,0.784005,0.761335,0.778338,174232124
2010-12-02,0.785895,0.808565,0.755668,0.80762,321392685
2010-12-03,0.80762,0.813288,0.793451,0.809509,157609322
2010-12-06,0.812343,0.818955,0.783061,0.786839,116840912
2010-12-07,0.787784,0.80762,0.779283,0.798174,108287155
2010-12-08,0.789673,0.816121,0.787784,0.814232,111443904
2010-12-09,0.823678,0.840681,0.820844,0.833124,144506427
2010-12-10,0.837847,0.837847,0.81801,0.8199,85595103
2010-12-13,0.827456,0.838792,0.814232,0.829346,90308384
2010-12-14,0.83218,0.841625,0.817066,0.835013,102133712
2010-12-15,0.831235,0.831235,0.810454,0.811399,125369226
2010-12-16,0.810454,0.820844,0.801953,0.813288,83436423
2010-12-17,0.813288,0.814232,0.782116,0.785895,134206974
2010-12-20,0.784005,0.80762,0.77267,0.799119,102780281
2010-12-21,0.804786,0.820844,0.802897,0.81801,75866790
2010-12-22,0.818955,0.827456,0.810454,0.810454,55949881
2010-12-23,0.815177,0.817066,0.802897,0.80762,35478915
2010-12-27,0.809509,0.813288,0.791562,0.793451,38587773
2010-12-28,0.79534,0.799119,0.784005,0.785895,31648010
2010-12-29,0.788729,0.794396,0.782117,0.78495,36941986
2010-12-30,0.785895,0.787784,0.764169,0.767003,69906876
2011-01-03,0.773615,0.79534,0.773615,0.776449,78710278
2011-01-04,0.775504,0.79534,0.769837,0.791562,101848913
2011-01-05,0.787784,0.790618,0.766058,0.777393,121059030
2011-01-06,0.779283,0.790618,0.77456,0.775504,87136014
2011-01-07,0.775504,0.776449,0.757557,0.757557,140469198
2011-01-10,0.755668,0.756613,0.714484,0.714484,226631806
2011-01-11,0.722041,0.732998,0.711083,0.732242,147681405
2011-01-12,0.731487,0.80762,0.731109,0.80762,391442866
2011-01-13,0.809509,0.833124,0.801008,0.827456,207664937
2011-01-14,0.823678,0.852015,0.81801,0.848237,157594925
2011-01-17,0.847293,0.869018,0.83029,0.841625,149304968
2011-01-18,0.844459,0.869018,0.844459,0.862406,141636804
2011-01-19,0.867129,0.880353,0.849182,0.86524,190368941
2011-01-20,0.860517,0.906801,0.857683,0.895467,242058339
2011-01-21,0.903968,0.942696,0.897356,0.908691,262444363
2011-01-24,0.911524,0.923804,0.896411,0.913414,138732091
2011-01-25,0.917192,0.923804,0.876575,0.893577,214490689
2011-01-26,0.901134,0.903968,0.87563,0.882242,134949373
2011-01-27,0.879409,0.93325,0.863351,0.925693,241438112
2011-01-28,0.926638,0.951197,0.904913,0.909635,211562535
2011-01-31,0.903023,0.93325,0.882242,0.918137,179441251
2011-02-01,0.928527,0.939862,0.903968,0.939862,140217111
2011-02-02,0.942696,0.971978,0.938918,0.964421,184307728
2011-02-03,0.958754,0.980479,0.927582,0.936084,223583321
2011-02-04,0.944585,0.954031,0.937973,0.947419,125289361
2011-02-07,0.950252,0.96631,0.947419,0.951197,113031173
2011-02-08,0.94553,0.949308,0.927583,0.940807,152653664
2011-02-09,0.937028,0.941751,0.922859,0.931361,128842090
2011-02-10,0.92286,0.927582,0.897356,0.918137,173252740
2011-02-11,0.906801,0.931361,0.900189,0.925693,136415743
2011-02-14,0.929472,0.93325,0.91058,0.915303,116478137
2011-02-15,0.908691,0.943641,0.907746,0.943641,147309953
2011-02-16,0.941751,0.97859,0.941751,0.97859,159342331
2011-02-17,0.97859,0.994648,0.964421,0.975756,151940784
2011-02-18,0.976701,0.984258,0.946474,0.956865,141179374
2011-02-21,0.95592,0.958943,0.906801,0.907557,153185210
2011-02-22,0.891688,0.909824,0.881865,0.892444,99709552
2011-02-23,0.891688,0.913603,0.888665,0.900001,131791961
2011-02-24,0.892444,0.909069,0.884887,0.902267,120205631
2011-02-25,0.909069,0.927205,0.903779,0.921159,101848286
2011-02-28,0.918136,0.936272,0.903023,0.923426,111648601
2011-03-01,0.930983,0.940051,0.890933,0.898489,158155218
2011-03-02,0.887154,0.909068,0.872797,0.899245,151080416
2011-03-03,0.903023,0.91587,0.88791,0.896222,171301395
2011-03-04,0.912091,0.930227,0.903023,0.904535,178802320
2011-03-07,0.895467,0.912847,0.881865,0.889421,145677629
2011-03-08,0.896222,0.903779,0.885643,0.903779,122256539
2011-03-09,0.906801,0.914358,0.897733,0.906801,116836210
2011-03-10,0.896978,0.903779,0.887154,0.893199,96145972
2011-03-11,0.884131,0.895467,0.874308,0.879597,127411605
2011-03-14,0.880353,0.915114,0.879597,0.893955,184199141
2011-03-15,0.86524,0.886399,0.841814,0.85466,263378571
2011-03-16,0.861462,0.86524,0.804786,0.808565,332044383
2011-03-17,0.81461,0.838791,0.80403,0.83199,196685659
2011-03-18,0.840303,0.845592,0.824434,0.83199,196541881
2011-03-21,0.847103,0.861461,0.839547,0.861461,129713971
2011-03-22,0.86524,0.880353,0.851638,0.861461,139647773
2011-03-23,0.85466,0.85995,0.84786,0.858439,109523490
2011-03-24,0.851638,0.865995,0.850882,0.863729,122044464
2011-03-25,0.869018,0.872797,0.858439,0.861461,76040802
2011-03-28,0.858439,0.869018,0.856171,0.866751,64704252
2011-03-29,0.858439,0.860706,0.816877,0.827456,234287357
2011-03-30,0.835769,0.838792,0.818388,0.825945,152924811
2011-03-31,0.827456,0.828212,0.775315,0.788917,314364658
2011-04-01,0.789673,0.797985,0.757179,0.79723,408460273
2011-04-04,0.783628,0.805542,0.766247,0.804787,228874538
2011-04-05,0.801008,0.812343,0.789673,0.804787,159028991
2011-04-06,0.817633,0.856927,0.806298,0.84786,352990668
2011-04-07,0.847859,0.879597,0.846348,0.863729,254621190
2011-04-08,0.874308,0.878086,0.846348,0.853905,171662749
2011-04-11,0.853905,0.869018,0.853149,0.858439,94683803
2011-04-12,0.853149,0.865995,0.84786,0.850126,118128456
2011-04-13,0.85466,0.861461,0.846348,0.850126,81525167
2011-04-14,0.846348,0.849371,0.823678,0.830479,148933073
2011-04-15,0.83199,0.833502,0.813098,0.816121,132602576
2011-04-18,0.81461,0.815366,0.77456,0.782116,209810863
2011-04-19,0.785895,0.796474,0.780605,0.790429,117001643
2011-04-20,0.79723,0.802519,0.785895,0.787406,112275882
2011-04-21,0.792696,0.828968,0.78665,0.820655,150182848
2011-04-26,0.818388,0.830479,0.813099,0.819144,81811121
2011-04-27,0.820656,0.851638,0.816877,0.841058,121447400
2011-04-28,0.848615,0.852394,0.836524,0.846348,95111873
2011-04-29,0.845592,0.852393,0.841058,0.847104,48042029
2011-05-02,0.853149,0.856927,0.838036,0.839547,63531150
2011-05-03,0.844081,0.846348,0.827456,0.841814,153964155
2011-05-04,0.834258,0.84786,0.816877,0.818388,151081297
2011-05-05,0.819144,0.821411,0.799496,0.80403,117869238
2011-05-06,0.805542,0.825189,0.797985,0.813098,132217637
2011-05-09,0.80932,0.810076,0.79194,0.794963,114934066
2011-05-10,0.79194,0.812343,0.785139,0.809321,178297471
2011-05-11,0.812343,0.819144,0.804787,0.809321,122530558
2011-05-12,0.799497,0.807053,0.791184,0.794963,172882568
2011-05-13,0.804786,0.808564,0.771537,0.776071,224984542
2011-05-16,0.767759,0.782872,0.759446,0.779849,100084082
2011-05-17,0.780605,0.787406,0.760957,0.760957,210620484
2011-05-18,0.767759,0.768514,0.748489,0.757935,146842049
2011-05-19,0.762469,0.773804,0.748489,0.759446,143344517
2011-05-20,0.757935,0.766247,0.730731,0.732242,273262266
2011-05-23,0.726088,0.731162,0.713401,0.716362,272109922
2011-05-24,0.718899,0.720168,0.699447,0.70875,266060512
2011-05-25,0.701138,0.747655,0.699446,0.744695,460818025
2011-05-26,0.748501,0.771336,0.726088,0.73962,480275959
2011-05-27,0.753152,0.754844,0.738352,0.753152,332518136
2011-05-30,0.761187,0.761187,0.741312,0.744695,125300741
2011-05-31,0.753575,0.769222,0.752729,0.762456,357125515
2011-06-01,0.762879,0.768376,0.737083,0.740889,279037336
2011-06-02,0.727357,0.753575,0.726088,0.739197,225455072
2011-06-03,0.731586,0.782331,0.731586,0.775565,392889285
2011-06-06,0.775142,0.775142,0.745963,0.752307,193330171
2011-06-07,0.749769,0.769222,0.748078,0.766685,160591404
2011-06-08,0.763301,0.769645,0.748501,0.756535,153187083
2011-06-09,0.75273,0.762456,0.741312,0.75273,146721335
2011-06-10,0.748924,0.760341,0.737506,0.744695,159547400
2011-06-13,0.743849,0.753575,0.741735,0.744695,81172912
2011-06-14,0.755267,0.766262,0.749347,0.763302,161101870
2011-06-15,0.755267,0.756958,0.725665,0.725665,240710237
2011-06-16,0.716785,0.736237,0.702407,0.735814,248855714
2011-06-17,0.735814,0.769222,0.727357,0.769222,355488441
2011-06-20,0.748923,0.76457,0.741312,0.762879,184771807
2011-06-21,0.76753,0.78656,0.762879,0.78656,161407282
2011-06-22,0.78952,0.796709,0.778103,0.788252,160659608
2011-06-23,0.781908,0.781908,0.752307,0.753998,184276650
2011-06-24,0.767531,0.768799,0.699447,0.721859,252566555
2011-06-27,0.715939,0.739197,0.712979,0.730317,117113493
2011-06-28,0.73666,0.750615,0.715516,0.745118,130435267
2011-06-29,0.749769,0.776834,0.747655,0.755267,172530081
2011-06-30,0.759919,0.776411,0.749769,0.776411,127359302
2011-07-01,0.776411,0.812779,0.770914,0.808973,195784374
2011-07-04,0.807281,0.807704,0.791635,0.803475,91901251
2011-07-05,0.799669,0.803052,0.782331,0.787406,106288302
2011-07-06,0.780217,0.781908,0.738351,0.752307,218440524
2011-07-07,0.759073,0.775988,0.732854,0.732854,189090311
2011-07-08,0.740466,0.741735,0.690143,0.699446,272233571
2011-07-11,0.689297,0.706213,0.634746,0.645318,332529852
2011-07-12,0.628825,0.673651,0.597955,0.666885,383155170
2011-07-13,0.663924,0.702829,0.660118,0.694372,328063295
2011-07-14,0.685491,0.701561,0.667308,0.679571,224317953
2011-07-15,0.675342,0.688029,0.66181,0.669422,147166143
2011-07-18,0.665193,0.675765,0.622482,0.625865,207434615
2011-07-19,0.630094,0.666039,0.629671,0.652929,179605470
2011-07-20,0.66181,0.696486,0.649969,0.696063,205332897
2011-07-21,0.696909,0.771336,0.6838,0.762456,497461325
2011-07-22,0.782331,0.802207,0.734546,0.740889,342273089
2011-07-25,0.728625,0.729048,0.674074,0.679148,312848389
2011-07-26,0.690566,0.711287,0.675342,0.700292,260532792
2011-07-27,0.681263,0.689297,0.652084,0.664347,237731933
2011-07-28,0.651238,0.685914,0.641089,0.685491,308629082
2011-07-29,0.672382,0.690143,0.659273,0.683377,217009905
2011-08-01,0.712133,0.712133,0.627134,0.629671,296049672
2011-08-02,0.620368,0.627979,0.596686,0.596686,327440719
2011-08-03,0.578079,0.612333,0.567084,0.580194,377327748
2011-08-04,0.600492,0.603029,0.520145,0.520145,281168729
2011-08-05,0.504921,0.572159,0.479971,0.520145,571478323
2011-08-08,0.566662,0.600492,0.537906,0.548478,470002265
2011-08-09,0.549746,0.590343,0.538329,0.554821,425965504
2011-08-10,0.579348,0.581463,0.478702,0.478702,372402023
2011-08-11,0.494349,0.52099,0.450369,0.510841,397365365
2011-08-12,0.515493,0.532831,0.491389,0.527334,274143280
2011-08-16,0.528602,0.5489,0.522259,0.546363,131776809
2011-08-17,0.536214,0.56793,0.533254,0.557358,140877376
2011-08-18,0.546363,0.549746,0.496886,0.505767,195489134
2011-08-19,0.500692,0.504921,0.475742,0.478702,250410078
2011-08-22,0.474051,0.499,0.465593,0.466016,172726842
2011-08-23,0.475742,0.479971,0.450369,0.463056,177919070
2011-08-24,0.469399,0.479971,0.456712,0.473628,116867864
2011-08-25,0.482931,0.510418,0.477856,0.48124,181626409
2011-08-26,0.481239,0.490966,0.46517,0.474896,130525456
2011-08-29,0.487583,0.494772,0.479971,0.489274,77513041
2011-08-30,0.496463,0.496886,0.476165,0.479548,114070622
2011-08-31,0.481239,0.487583,0.469822,0.479548,181182162
2011-09-01,0.482085,0.493926,0.477856,0.491389,159247823
2011-09-02,0.48124,0.485891,0.467284,0.467707,132797467
2011-09-05,0.454175,0.456289,0.425842,0.435145,180306276
2011-09-06,0.433454,0.441489,0.401738,0.421613,255735928
2011-09-07,0.44022,0.442757,0.427533,0.437683,175451697
2011-09-08,0.441489,0.455444,0.43726,0.441489,181068338
2011-09-09,0.436414,0.439797,0.405755,0.405755,162413838
2011-09-12,0.393069,0.394337,0.36537,0.367061,306542229
2011-09-13,0.384822,0.393491,0.360718,0.39032,346579793
2011-09-14,0.381862,0.405966,0.378691,0.403429,231404739
2011-09-15,0.405544,0.446986,0.403429,0.444872,226711967
2011-09-16,0.456712,0.460095,0.424996,0.432185,307292911
2011-09-19,0.414424,0.433454,0.408081,0.414424,148988216
2011-09-20,0.403641,0.432608,0.403641,0.421613,163716738
2011-09-21,0.424996,0.429225,0.40787,0.408927,129118062
2011-09-22,0.392646,0.418653,0.391166,0.402795,207047256
2011-09-23,0.411253,0.430071,0.396452,0.427534,203221339
2011-09-26,0.421402,0.485891,0.418864,0.463056,351934200
2011-09-27,0.485891,0.496463,0.475319,0.489697,266384977
2011-09-28,0.479125,0.496886,0.474896,0.489274,213082716
2011-09-29,0.486314,0.521413,0.485468,0.51803,245297111
2011-09-30,0.513801,0.530294,0.49604,0.503229,185616521
2011-10-03,0.486314,0.51211,0.475319,0.499001,149511043
2011-10-04,0.488006,0.497732,0.463056,0.46813,198226947
2011-10-05,0.477856,0.494772,0.467284,0.494772,155413124
2011-10-06,0.499001,0.523105,0.493926,0.523105,218728373
2011-10-07,0.525219,0.547632,0.52099,0.54002,243541159
2011-10-10,0.549746,0.57089,0.541289,0.57089,172211303
2011-10-11,0.571313,0.592034,0.548901,0.563701,271445068
2011-10-12,0.558627,0.591189,0.557358,0.591189,238964544
2011-10-13,0.589497,0.600492,0.540443,0.54298,223734180
2011-10-14,0.546363,0.567507,0.529448,0.548901,195478107
2011-10-17,0.560318,0.569622,0.508727,0.519722,187204979
2011-10-18,0.51211,0.5341,0.510841,0.526065,131234854
2011-10-19,0.53706,0.566239,0.529871,0.564547,162158056
2011-10-20,0.553975,0.559896,0.505767,0.50915,243234726
2011-10-21,0.52099,0.549323,0.518453,0.541712,197258019
2011-10-24,0.551015,0.561587,0.526488,0.546363,135276342
2011-10-25,0.543826,0.551438,0.528179,0.538328,116219035
2011-10-26,0.538329,0.560741,0.533254,0.540443,136957376
2011-10-27,0.572582,0.594995,0.567507,0.594995,282819238
2011-10-28,0.596263,0.611487,0.575965,0.589497,218373930
2011-10-31,0.581462,0.581462,0.54594,0.54594,163117357
2011-11-01,0.524373,0.527334,0.458404,0.459673,327416306
2011-11-02,0.477011,0.491389,0.453329,0.482931,278346805
2011-11-03,0.461364,0.517184,0.457135,0.500692,375260666
2011-11-04,0.507458,0.51803,0.46517,0.476588,242369149
2011-11-07,0.469399,0.512956,0.460941,0.49012,249231715
2011-11-08,0.49604,0.528602,0.493926,0.507458,264395665
2011-11-09,0.528602,0.528602,0.467707,0.485891,323260229
2011-11-10,0.473205,0.517607,0.472359,0.498578,292192079
2011-11-11,0.504498,0.549323,0.504075,0.542557,249218021
2011-11-14,0.57089,0.57089,0.51507,0.520145,280803393
2011-11-15,0.515916,0.529871,0.496463,0.51507,212142719
2011-11-16,0.510418,0.53706,0.507881,0.518453,191469679
2011-11-17,0.514647,0.523528,0.502384,0.503229,144150465
2011-11-18,0.496886,0.524373,0.494772,0.515493,143012731
2011-11-21,0.512956,0.515916,0.486314,0.486314,116801424
2011-11-22,0.492234,0.498578,0.469822,0.474473,114924265
2011-11-23,0.465593,0.483354,0.456712,0.456712,119064766
2011-11-24,0.46221,0.48124,0.455021,0.463478,130820700
2011-11-25,0.466861,0.469822,0.445294,0.456289,140996365
2011-11-28,0.466439,0.494772,0.458827,0.488428,186543347
2011-11-29,0.493503,0.500269,0.477856,0.489274,126995002
2011-11-30,0.482085,0.526065,0.479971,0.519299,228435483
2011-12-01,0.523528,0.539174,0.519722,0.524796,180938141
2011-12-02,0.533677,0.560318,0.531985,0.548901,246207082
2011-12-05,0.570468,0.581463,0.562856,0.570045,220549582
2011-12-06,0.56201,0.58104,0.556935,0.565393,167388915
2011-12-07,0.583577,0.587383,0.533677,0.549746,191782430
2011-12-08,0.558204,0.558627,0.497732,0.500692,237452158
2011-12-09,0.499846,0.540866,0.49604,0.54002,244272232
2011-12-12,0.533254,0.5489,0.508727,0.508727,170570327
2011-12-13,0.513378,0.526488,0.503229,0.510418,163620714
2011-12-14,0.516761,0.526488,0.501115,0.504498,209238778
2011-12-15,0.51211,0.532408,0.50619,0.531985,197721251
2011-12-16,0.533677,0.547632,0.514224,0.514224,354229154
2011-12-19,0.51507,0.542557,0.513801,0.515916,185389774
2011-12-20,0.519299,0.547209,0.518453,0.54594,164939108
2011-12-21,0.554398,0.587806,0.543826,0.552284,359909274
2011-12-22,0.562433,0.569199,0.555244,0.566239,151963953
2011-12-23,0.575119,0.576811,0.549746,0.553975,99712944
2011-12-27,0.555667,0.558204,0.532408,0.540866,73932287
2011-12-28,0.540443,0.559472,0.537483,0.538328,111896672
2011-12-29,0.542557,0.547209,0.533677,0.546363,95020041
2011-12-30,0.552284,0.553552,0.54002,0.547209,58817944
2012-01-02,0.545517,0.563701,0.544672,0.562433,74459288
2012-01-03,0.566662,0.571313,0.555667,0.564124,132349462
2012-01-04,0.560741,0.56201,0.538328,0.542557,151796476
2012-01-05,0.542557,0.545095,0.501115,0.502806,215819636
2012-01-06,0.501961,0.510418,0.477856,0.480817,162045860
2012-01-09,0.483777,0.493926,0.46221,0.465593,139731229
2012-01-10,0.476165,0.499423,0.47109,0.496463,148129690
2012-01-11,0.499,0.510841,0.49308,0.504075,127757306
2012-01-12,0.505344,0.543403,0.505344,0.524374,216491125
2012-01-13,0.53706,0.544672,0.511687,0.524374,174001156
2012-01-16,0.509995,0.534523,0.503229,0.53114,147205645
2012-01-17,0.544672,0.547209,0.529025,0.534945,145875655
2012-01-18,0.533677,0.548055,0.525219,0.541712,151175474
2012-01-19,0.549746,0.580194,0.547209,0.575119,290488249
2012-01-20,0.575119,0.595841,0.572159,0.584,247214302
2012-01-23,0.594572,0.63094,0.588651,0.615716,278789104
2012-01-24,0.611064,0.61783,0.598801,0.614447,165797918
2012-01-25,0.620368,0.628825,0.599646,0.612333,169899887
2012-01-26,0.616139,0.638974,0.615716,0.616562,267194765
2012-01-27,0.613179,0.628402,0.597109,0.612333,175943587
2012-01-30,0.60895,0.619099,0.587806,0.598801,132238171
2012-01-31,0.608527,0.625019,0.599223,0.617407,189166943
2012-02-01,0.62079,0.658004,0.617407,0.651661,269519923
2012-02-02,0.659695,0.670268,0.645318,0.654198,187678253
2012-02-03,0.651238,0.67069,0.647855,0.661387,207585915
2012-02-06,0.659696,0.663502,0.644472,0.64574,137522321
2012-02-07,0.655467,0.660964,0.644049,0.655467,144221410
2012-02-08,0.663502,0.697755,0.66181,0.674919,303895748
2012-02-09,0.685069,0.690989,0.664347,0.666885,165349046
2012-02-10,0.660118,0.669422,0.638551,0.643203,147375130
2012-02-13,0.652929,0.658004,0.628402,0.630517,104435066
2012-02-14,0.627556,0.645317,0.622059,0.627133,121888519
2012-02-15,0.638552,0.648278,0.62798,0.63094,127700651
2012-02-16,0.622059,0.644472,0.617407,0.641934,113991143
2012-02-17,0.654621,0.659273,0.647855,0.651661,103061698
2012-02-20,0.657581,0.66773,0.651238,0.66181,79792501
2012-02-21,0.667307,0.668153,0.638974,0.646163,118871159
2012-02-22,0.647009,0.648701,0.625442,0.626288,101645756
2012-02-23,0.622905,0.632208,0.599646,0.612333,115052359
2012-02-24,0.615293,0.635591,0.609373,0.630094,92881986
2012-02-27,0.621213,0.631785,0.603452,0.627557,120373871
2012-02-28,0.630094,0.639397,0.609373,0.623328,134092272
2012-02-29,0.626288,0.637283,0.616562,0.61783,174812275
2012-03-01,0.615716,0.645318,0.610219,0.645318,185654422
2012-03-02,0.646586,0.653352,0.630517,0.638551,133334946
2012-03-05,0.633477,0.641089,0.622482,0.634323,110120953
2012-03-06,0.629671,0.632631,0.603029,0.603029,153859510
2012-03-07,0.600915,0.622905,0.599224,0.618676,168107343
2012-03-08,0.629248,0.637283,0.622482,0.635591,165532480
2012-03-09,0.638974,0.641934,0.614447,0.616984,138090006
2012-03-12,0.614024,0.625019,0.603029,0.606835,115862642
2012-03-13,0.615716,0.632631,0.614024,0.63094,133592143
2012-03-14,0.64278,0.654621,0.628825,0.633477,206637425
2012-03-15,0.636437,0.65885,0.609373,0.65885,292988870
2012-03-16,0.668153,0.670268,0.655044,0.661387,259835068
2012-03-19,0.65589,0.660964,0.646163,0.65589,125574164
2012-03-20,0.652507,0.655467,0.644049,0.644049,98708429
2012-03-21,0.647855,0.652507,0.622059,0.631362,128830346
2012-03-22,0.630094,0.631785,0.610641,0.617407,131871009
2012-03-23,0.620368,0.625865,0.606835,0.624596,152924561
2012-03-26,0.626711,0.630094,0.608104,0.617407,127977025
2012-03-27,0.621636,0.627134,0.602606,0.606835,139922907
2012-03-28,0.603452,0.610641,0.597532,0.602606,133794829
2012-03-29,0.597109,0.611064,0.567507,0.570468,192835439
2012-03-30,0.575965,0.578079,0.554398,0.568353,180094255
2012-04-02,0.573851,0.573851,0.546786,0.563278,159369112
2012-04-03,0.561164,0.565816,0.536637,0.536637,176284696
2012-04-04,0.532408,0.547209,0.522259,0.527334,233331227
2012-04-05,0.528602,0.5341,0.510841,0.522259,186410627
2012-04-10,0.510418,0.514224,0.479125,0.480817,204087281
2012-04-11,0.481662,0.516762,0.480817,0.507035,254252817
2012-04-12,0.513378,0.51803,0.49308,0.516761,196718208
2012-04-13,0.511687,0.516762,0.487583,0.491812,200812223
2012-04-16,0.488006,0.502384,0.480394,0.487583,146164582
2012-04-17,0.488851,0.526911,0.486737,0.526911,191153071
2012-04-18,0.526911,0.526911,0.499423,0.499423,158940822
2012-04-19,0.502806,0.510841,0.480394,0.483354,202373728
2012-04-20,0.482508,0.494772,0.471513,0.483777,204754884
2012-04-23,0.476165,0.477433,0.452483,0.453329,193398208
2012-04-24,0.458404,0.472359,0.448255,0.471513,174441556
2012-04-25,0.47405,0.499846,0.47405,0.489274,193959610
2012-04-26,0.489697,0.499001,0.474473,0.484623,162127658
2012-04-27,0.474051,0.497732,0.465593,0.49308,170646607
2012-04-30,0.496886,0.501538,0.482085,0.483354,107205972
2012-05-02,0.492657,0.49604,0.458404,0.460941,195635952
2012-05-03,0.46517,0.473628,0.444026,0.446563,186272299
2012-05-04,0.447832,0.463478,0.44022,0.444449,170873594
2012-05-07,0.429648,0.463901,0.424996,0.461787,134148884
2012-05-08,0.456289,0.465593,0.44318,0.445294,168947870
2012-05-09,0.447409,0.452484,0.424996,0.432608,186033516
2012-05-10,0.439797,0.466016,0.431762,0.459673,209407877
2012-05-11,0.452061,0.458404,0.442334,0.452906,153230636
2012-05-14,0.444872,0.446563,0.430494,0.436837,124790480
2012-05-15,0.439797,0.450792,0.404486,0.412944,238478969
2012-05-16,0.409138,0.433877,0.398355,0.421402,261989547
2012-05-17,0.424573,0.427111,0.399623,0.419076,219700802
2012-05-18,0.411041,0.43726,0.407658,0.421825,253887493
2012-05-21,0.424996,0.435991,0.416539,0.433031,158098134
2012-05-22,0.441066,0.455444,0.436837,0.452906,197506966
2012-05-23,0.442757,0.447409,0.429225,0.433031,160527430
2012-05-24,0.438528,0.438951,0.422882,0.433454,162597680
2012-05-25,0.436837,0.44318,0.432608,0.436837,150513488
2012-05-28,0.441066,0.444026,0.428379,0.429648,106140553
2012-05-29,0.433454,0.434722,0.420133,0.427111,139659418
2012-05-30,0.420345,0.44318,0.415481,0.423728,201741080
2012-05-31,0.424996,0.429225,0.420133,0.42415,130247733
2012-06-01,0.425842,0.429648,0.41527,0.421825,228623578
2012-06-04,0.416116,0.449946,0.414847,0.44614,177531808
2012-06-05,0.452061,0.457981,0.44318,0.452061,149182009
2012-06-06,0.456289,0.477434,0.452906,0.476165,251416321
2012-06-07,0.474051,0.488006,0.47109,0.478702,320453506
2012-06-08,0.46813,0.471936,0.457981,0.464324,235362103
2012-06-11,0.486737,0.487583,0.435568,0.436837,459863837
2012-06-12,0.427111,0.442757,0.416539,0.420556,415521207
2012-06-13,0.422882,0.432185,0.417384,0.420133,221238966
2012-06-14,0.422247,0.433031,0.413578,0.432185,194098690
2012-06-15,0.435991,0.448255,0.4343,0.447832,258083871
2012-06-18,0.472243,0.47313,0.433185,0.436292,281268310
2012-06-19,0.438511,0.45804,0.425862,0.457152,244842958
2012-06-20,0.45804,0.46958,0.453602,0.466029,172457832
2012-06-21,0.459815,0.478457,0.457596,0.465585,348834104
2012-06-22,0.459372,0.477569,0.456265,0.460259,289416088
2012-06-25,0.45804,0.462922,0.430078,0.4303,161709751
2012-06-26,0.429412,0.442506,0.423643,0.426971,152556476
2012-06-27,0.431854,0.442062,0.427193,0.44073,122404351
2012-06-28,0.441618,0.449163,0.431854,0.444725,190242333
2012-06-29,0.471355,0.497098,0.462478,0.49621,337316263
2012-07-02,0.497098,0.505531,0.485114,0.489109,241475391
2012-07-03,0.491328,0.502424,0.489996,0.500205,165322752
2012-07-04,0.499761,0.50198,0.48112,0.48467,138581176
2012-07-05,0.487333,0.489552,0.449163,0.463366,291724014
2012-07-06,0.45804,0.46958,0.449163,0.449163,158135043
2012-07-09,0.449607,0.460703,0.444725,0.457152,121152331
2012-07-10,0.458928,0.466917,0.449607,0.452714,136980176
2012-07-11,0.450495,0.46381,0.44872,0.462479,118891866
2012-07-12,0.45804,0.46381,0.449163,0.454489,106617345
2012-07-13,0.455377,0.455821,0.444725,0.453602,125351206
2012-07-16,0.450495,0.454489,0.44184,0.447388,77586300
2012-07-17,0.447388,0.449163,0.43141,0.433629,160418862
2012-07-18,0.43607,0.444725,0.426749,0.442284,145125115
2012-07-19,0.444281,0.446056,0.433851,0.445169,141948453
2012-07-20,0.441618,0.44295,0.410106,0.416098,204305281
2012-07-23,0.406555,0.420758,0.378815,0.408774,293499061
2012-07-24,0.410549,0.412325,0.38747,0.390133,142207712
2012-07-25,0.387692,0.407886,0.38636,0.395681,115442936
2012-07-26,0.398344,0.432076,0.389467,0.430522,191075319
2012-07-27,0.433629,0.443837,0.422977,0.439621,180520950
2012-07-30,0.443837,0.470467,0.442506,0.468692,171497234
2012-07-31,0.468692,0.474462,0.449163,0.458484,139091863
2012-08-01,0.457152,0.466029,0.453158,0.460703,97710477
2012-08-02,0.457596,0.480676,0.416319,0.416319,223292208
2012-08-03,0.425196,0.468692,0.412325,0.468692,218642911
2012-08-06,0.468692,0.496654,0.464254,0.486446,257688169
2012-08-07,0.48467,0.497985,0.473574,0.495322,172165577
2012-08-08,0.495322,0.504643,0.489553,0.499317,118551306
2012-08-09,0.504199,0.509525,0.497541,0.497541,124431138
2012-08-10,0.493991,0.497542,0.484226,0.485114,72482026
2012-08-13,0.486889,0.497985,0.485558,0.489109,75246065
2012-08-14,0.492216,0.497098,0.490884,0.493103,59378051
2012-08-16,0.495766,0.520621,0.493991,0.515739,143693899
2012-08-17,0.526391,0.537043,0.51929,0.521065,159895826
2012-08-20,0.521953,0.545032,0.508638,0.523284,159032643
2012-08-21,0.529054,0.552577,0.52861,0.549914,127459770
2012-08-22,0.548583,0.568999,0.54592,0.553465,167655928
2012-08-23,0.562786,0.569887,0.534824,0.535711,151783812
2012-08-24,0.532605,0.539706,0.518846,0.528166,132642372
2012-08-27,0.530829,0.544144,0.526835,0.544144,95949245
2012-08-28,0.541038,0.553465,0.538375,0.541925,98583138
2012-08-29,0.544144,0.546364,0.534824,0.537931,67265233
2012-08-30,0.537931,0.543701,0.530829,0.533049,68976280
2012-08-31,0.533936,0.554797,0.532605,0.554797,138957547
2012-09-03,0.554797,0.561454,0.55169,0.559679,106067147
2012-09-04,0.562342,0.571662,0.556128,0.55746,130007709
2012-09-05,0.558347,0.564561,0.547251,0.559679,125293740
2012-09-06,0.564117,0.600956,0.559679,0.592967,361453276
2012-09-07,0.605394,0.62226,0.59563,0.601843,313107920
2012-09-10,0.603175,0.607613,0.592079,0.596961,117988396
2012-09-11,0.589416,0.602731,0.579208,0.602731,174255653
2012-09-12,0.603619,0.613383,0.594742,0.605838,267077209
2012-09-13,0.609389,0.610276,0.581427,0.591635,124617823
2012-09-14,0.607169,0.611608,0.597405,0.600512,160971242
2012-09-17,0.592967,0.597405,0.586309,0.596517,108491632
2012-09-18,0.590747,0.592079,0.560567,0.561454,254346557
2012-09-19,0.565005,0.572106,0.549471,0.562786,204722892
2012-09-20,0.554797,0.561898,0.534824,0.543701,181881540
2012-09-21,0.550358,0.56101,0.543257,0.55746,184338391
2012-09-24,0.550802,0.557903,0.544144,0.553909,93833791
2012-09-25,0.554797,0.570331,0.546807,0.568555,137748731
2012-09-26,0.558791,0.560123,0.533936,0.541925,180635533
2012-09-27,0.54592,0.549915,0.535712,0.541925,145302015
2012-09-28,0.546364,0.550358,0.525059,0.525059,161432306
2012-10-01,0.523284,0.548139,0.522396,0.548139,135855605
2012-10-02,0.544144,0.560123,0.538818,0.547695,148794206
2012-10-03,0.543701,0.557903,0.543257,0.552134,129256244
2012-10-04,0.55746,0.562786,0.552577,0.557903,161125086
2012-10-05,0.562786,0.577432,0.558791,0.576101,168643406
2012-10-08,0.568112,0.570331,0.556572,0.55746,122835646
2012-10-09,0.557903,0.567668,0.551246,0.553021,150274715
2012-10-10,0.54947,0.554797,0.543701,0.548139,116576760
2012-10-11,0.543701,0.570331,0.54015,0.567224,186894784
2012-10-12,0.565005,0.573882,0.562342,0.562342,185906135
2012-10-15,0.56323,0.571663,0.560567,0.562786,126314055
2012-10-16,0.569443,0.587197,0.568112,0.587197,234269205
2012-10-17,0.592523,0.604506,0.589416,0.603619,237519254
2012-10-18,0.607169,0.607613,0.586753,0.59918,222438337
2012-10-19,0.597849,0.600956,0.57832,0.580095,181403062
2012-10-22,0.581871,0.592523,0.573882,0.581427,166358307
2012-10-23,0.584977,0.586753,0.567224,0.568999,179759834
2012-10-24,0.570775,0.576988,0.56101,0.573882,167951032
2012-10-25,0.574769,0.582758,0.561454,0.562342,168977964
2012-10-26,0.556128,0.568112,0.552134,0.564561,162592723
2012-10-29,0.557903,0.559235,0.546808,0.549471,95159802
2012-10-30,0.552577,0.55746,0.549027,0.554797,69222135
2012-10-31,0.557903,0.561898,0.549914,0.549914,105342585
2012-11-01,0.548139,0.565005,0.544144,0.565005,96936814
2012-11-02,0.565449,0.568112,0.556572,0.561454,101928879
2012-11-05,0.555684,0.558347,0.54592,0.549471,87977680
2012-11-06,0.550358,0.556572,0.548139,0.556572,74594947
2012-11-07,0.562342,0.564561,0.537487,0.537931,146353487
2012-11-08,0.542813,0.547251,0.533049,0.540594,131289252
2012-11-09,0.538375,0.542369,0.524616,0.537043,143222305
2012-11-12,0.533936,0.538375,0.528166,0.529942,103989802
2012-11-13,0.526391,0.558791,0.525947,0.55746,220933908
2012-11-14,0.553465,0.555684,0.541925,0.547695,126211678
2012-11-15,0.541481,0.547695,0.539706,0.543257,136187893
2012-11-16,0.545032,0.547251,0.525503,0.525947,148140402
2012-11-19,0.532605,0.549027,0.530386,0.547251,117656360
2012-11-20,0.541481,0.545476,0.533492,0.541481,109299258
2012-11-21,0.536155,0.558791,0.534824,0.554353,145381178
2012-11-22,0.557016,0.562342,0.553021,0.558791,76479565
2012-11-23,0.560123,0.565893,0.553021,0.564561,94381867
2012-11-26,0.562786,0.565449,0.556128,0.558347,82421375
2012-11-27,0.563673,0.566336,0.553909,0.558347,99356379
2012-11-28,0.555684,0.558347,0.544144,0.553465,123255775
2012-11-29,0.56101,0.578764,0.558347,0.576545,206380502
2012-11-30,0.576545,0.580539,0.572106,0.574325,120458529
2012-12-03,0.576545,0.593854,0.574769,0.579651,167541562
2012-12-04,0.580983,0.59341,0.580095,0.588528,133980799
2012-12-05,0.594298,0.602287,0.575213,0.582315,198870558
2012-12-06,0.588084,0.594298,0.564561,0.574325,205305078
2012-12-07,0.575213,0.57832,0.561898,0.568999,149855576
2012-12-10,0.54592,0.546364,0.527279,0.539706,273393633
2012-12-11,0.542813,0.553465,0.531717,0.547695,155714838
2012-12-12,0.548139,0.56101,0.547695,0.559235,145158648
2012-12-13,0.562786,0.569443,0.559235,0.565449,140804908
2012-12-14,0.56678,0.569443,0.560567,0.566336,106055877
2012-12-17,0.568556,0.571662,0.559679,0.569887,103474743
2012-12-18,0.57255,0.582315,0.571662,0.580539,179494923
2012-12-19,0.58409,0.590304,0.579208,0.582315,214007755
2012-12-20,0.576988,0.585421,0.575657,0.582315,122706925
2012-12-21,0.575657,0.580983,0.571218,0.574769,138914232
2012-12-27,0.576988,0.590304,0.574769,0.582758,109049429
2012-12-28,0.587197,0.587641,0.576101,0.576988,101758711
2013-01-02,0.593854,0.610276,0.590747,0.610276,234660990
2013-01-03,0.609832,0.614271,0.606725,0.608945,145772978
2013-01-04,0.608945,0.614271,0.606282,0.613383,170088318
2013-01-07,0.616934,0.642233,0.61649,0.623148,207785897
2013-01-08,0.615158,0.632468,0.609832,0.622704,203952729
2013-01-09,0.62803,0.642676,0.627586,0.638238,224820926
2013-01-10,0.64312,0.665756,0.633356,0.656879,315378563
2013-01-11,0.661317,0.666643,0.649778,0.661761,226094167
2013-01-14,0.665312,0.667975,0.645783,0.653772,200485723
2013-01-15,0.652441,0.667088,0.64889,0.663981,210636497
2013-01-16,0.662205,0.662649,0.640013,0.650222,205824925
2013-01-17,0.651553,0.662205,0.649778,0.661318,154789341
2013-01-18,0.66975,0.670194,0.662205,0.668863,181657125
2013-01-21,0.669307,0.673301,0.6662,0.668419,87112875
2013-01-22,0.667531,0.670194,0.651997,0.666644,149692091
2013-01-23,0.669307,0.66975,0.647115,0.649334,188970192
2013-01-24,0.647115,0.667975,0.641789,0.665312,167598576
2013-01-25,0.665312,0.67197,0.655104,0.659542,224153581
2013-01-28,0.662205,0.676852,0.658654,0.676852,201746393
2013-01-29,0.674633,0.679515,0.666644,0.676408,199790664
2013-01-30,0.679071,0.684397,0.661761,0.665312,157358822
2013-01-31,0.665756,0.671526,0.645339,0.666644,193150675
2013-02-01,0.665312,0.67197,0.641789,0.647115,204244832
2013-02-04,0.647115,0.647115,0.61072,0.612495,187800729
2013-02-05,0.609832,0.636906,0.608057,0.625367,170944515
2013-02-06,0.625367,0.632024,0.600068,0.615158,221677350
2013-02-07,0.615158,0.625811,0.606726,0.606726,131961816
2013-02-08,0.61072,0.622704,0.604506,0.620928,116740123
2013-02-11,0.618265,0.624479,0.609832,0.611608,87273606
2013-02-12,0.610276,0.626698,0.606282,0.62581,114288221
2013-02-13,0.626698,0.62803,0.618709,0.624479,104679554
2013-02-14,0.624479,0.62581,0.608945,0.614271,136665488
2013-02-15,0.610276,0.616934,0.604506,0.609832,108550292
2013-02-18,0.607613,0.607613,0.600068,0.605394,73838253
2013-02-19,0.602287,0.620041,0.601843,0.618265,113353284
2013-02-20,0.616046,0.621816,0.609389,0.61072,109871098
2013-02-21,0.604506,0.604506,0.581871,0.585865,172794641
2013-02-22,0.588084,0.598737,0.586753,0.596961,123956566
2013-02-25,0.59918,0.636463,0.591635,0.601843,281717275
2013-02-26,0.539262,0.56323,0.528166,0.547251,375182275
2013-02-27,0.557016,0.558791,0.544145,0.55746,127020626
2013-02-28,0.561898,0.562342,0.54592,0.55169,149501713
2013-03-01,0.547251,0.553465,0.532605,0.550802,164870606
2013-03-04,0.538818,0.542369,0.530386,0.533049,130568038
2013-03-05,0.542369,0.557016,0.541481,0.557016,144909097
2013-03-06,0.557016,0.574325,0.553465,0.560123,165073059
2013-03-07,0.563673,0.566336,0.551246,0.55169,119143592
2013-03-08,0.556572,0.563673,0.553465,0.56101,116660897
2013-03-11,0.550358,0.559679,0.548139,0.557016,81727002
2013-03-12,0.559235,0.567224,0.55169,0.559235,149274085
2013-03-13,0.55746,0.56678,0.539706,0.546364,154314680
2013-03-14,0.550358,0.558791,0.541925,0.555684,120416971
2013-03-15,0.55746,0.558347,0.54592,0.546364,167817149
2013-03-18,0.527723,0.535268,0.517958,0.532605,190931755
2013-03-19,0.531717,0.536599,0.513076,0.517514,157134340
2013-03-20,0.522396,0.536599,0.51707,0.535268,180340635
2013-03-21,0.533492,0.543701,0.531273,0.538375,158894276
2013-03-22,0.537487,0.550358,0.532161,0.542813,148150791
2013-03-25,0.553021,0.556128,0.503311,0.509081,269305503
2013-03-26,0.51352,0.517958,0.492659,0.498873,285983370
2013-03-27,0.501536,0.511301,0.482895,0.503311,255122708
2013-03-28,0.505087,0.523284,0.500205,0.506862,199755118
2013-04-02,0.503311,0.51707,0.497542,0.51707,124006537
2013-04-03,0.513076,0.516627,0.502424,0.502868,129649071
2013-04-04,0.505087,0.516183,0.495766,0.499761,185784357
2013-04-05,0.499761,0.512188,0.499761,0.510413,180404519
2013-04-08,0.509081,0.52284,0.509081,0.517514,136115261
2013-04-09,0.52284,0.541038,0.521509,0.536155,186409259
2013-04-10,0.541038,0.560123,0.539706,0.560123,182172172
2013-04-11,0.559235,0.564561,0.552577,0.56101,163457225
2013-04-12,0.557016,0.558791,0.547251,0.550802,130906546
2013-04-15,0.55169,0.560566,0.544588,0.55524,138323639
2013-04-16,0.551246,0.561454,0.548139,0.550802,119831616
2013-04-17,0.558791,0.560566,0.548139,0.554797,180180106
2013-04-18,0.556128,0.564561,0.553021,0.558347,185844145
2013-04-19,0.568555,0.580983,0.562786,0.574325,263553283
2013-04-22,0.586753,0.593854,0.575213,0.584534,177404547
2013-04-23,0.584534,0.603175,0.576988,0.603175,234711279
2013-04-24,0.603619,0.611608,0.592967,0.602731,194373922
2013-04-25,0.602731,0.609389,0.597849,0.602731,103281107
2013-04-26,0.600068,0.605838,0.594298,0.602731,101239908
2013-04-29,0.612495,0.621816,0.611164,0.618709,144642504
2013-04-30,0.62581,0.62803,0.611164,0.611164,130910118
2013-05-02,0.61072,0.624035,0.592079,0.609832,197214815
2013-05-03,0.614271,0.615158,0.604063,0.615158,116866236
2013-05-06,0.617378,0.617822,0.607613,0.61072,71117114
2013-05-07,0.615158,0.624479,0.611608,0.620928,138478688
2013-05-08,0.622704,0.627142,0.613827,0.618709,118087397
2013-05-09,0.61649,0.618265,0.606726,0.608057,99075453
2013-05-10,0.609832,0.623591,0.609389,0.622704,183673086
2013-05-13,0.621372,0.625367,0.611164,0.615158,93658676
2013-05-14,0.620928,0.632024,0.609832,0.626698,173831214
2013-05-15,0.626698,0.64889,0.623147,0.648002,185218017
2013-05-16,0.645783,0.658211,0.644008,0.652441,167726551
2013-05-17,0.647559,0.659098,0.646227,0.655548,174132019
2013-05-20,0.667492,0.674383,0.665195,0.669329,132752372
2013-05-21,0.665195,0.671167,0.650035,0.654169,152433307
2013-05-22,0.657845,0.674842,0.656926,0.671167,173198948
2013-05-23,0.647738,0.655548,0.640388,0.642225,193888671
2013-05-24,0.648197,0.650954,0.635335,0.635335,126022181
2013-05-27,0.639469,0.646819,0.63901,0.645441,47458230
2013-05-28,0.650035,0.671167,0.650035,0.670248,165111630
2013-05-29,0.663817,0.669789,0.656007,0.656007,120434890
2013-05-30,0.654629,0.674842,0.653251,0.66887,142692585
2013-05-31,0.671167,0.671626,0.657845,0.670248,126585675
2013-06-03,0.661979,0.667951,0.656926,0.656926,142432211
2013-06-04,0.663357,0.66887,0.659223,0.665654,97482064
2013-06-05,0.659682,0.669329,0.654629,0.654629,121915494
2013-06-06,0.657385,0.659223,0.625228,0.625228,163471085
2013-06-07,0.628903,0.644063,0.618337,0.644063,156453841
2013-06-10,0.642685,0.649576,0.620175,0.625228,137067084
2013-06-11,0.621093,0.624769,0.593989,0.607312,185669365
2013-06-12,0.606393,0.613743,0.588936,0.593071,133096898
2013-06-13,0.584342,0.611906,0.581127,0.608231,161833725
2013-06-14,0.614662,0.617418,0.603177,0.613743,107150029
2013-06-17,0.619715,0.624769,0.607771,0.619715,85380196
2013-06-18,0.618796,0.627984,0.615581,0.620175,88953074
2013-06-19,0.62385,0.626606,0.60869,0.60869,101448493
2013-06-20,0.595827,0.602258,0.57883,0.580667,186597645
2013-06-21,0.579289,0.588477,0.559076,0.559076,213041371
2013-06-24,0.559995,0.57883,0.547591,0.565967,193102238
2013-06-25,0.576992,0.580208,0.558157,0.56321,148380190
2013-06-26,0.565048,0.584802,0.556779,0.582964,146551992
2013-06-27,0.585721,0.589855,0.572858,0.577911,112580174
2013-06-28,0.580667,0.584802,0.559995,0.565507,121465080
2013-07-01,0.569183,0.57883,0.55632,0.569642,107083379
2013-07-02,0.571939,0.571939,0.560914,0.561832,74462103
2013-07-03,0.555401,0.564589,0.538404,0.564589,160357753
2013-07-04,0.567345,0.597205,0.56321,0.597205,161885332
2013-07-05,0.598583,0.610528,0.583883,0.583883,166309206
2013-07-08,0.590314,0.597205,0.583883,0.597205,81423781
2013-07-09,0.599962,0.608231,0.592611,0.601799,121779460
2013-07-10,0.597205,0.604096,0.588018,0.589396,121003045
2013-07-11,0.601799,0.603177,0.587558,0.591693,101834340
2013-07-12,0.594449,0.599043,0.577911,0.57837,110022401
2013-07-15,0.581586,0.587099,0.574236,0.587099,78471396
2013-07-16,0.588017,0.590314,0.579748,0.580208,65114457
2013-07-17,0.582964,0.594449,0.57837,0.584802,107507107
2013-07-18,0.584802,0.610528,0.582046,0.606393,130679058
2013-07-19,0.606852,0.624309,0.605015,0.618797,119460198
2013-07-22,0.618797,0.632578,0.618337,0.629363,78019264
2013-07-23,0.632119,0.647279,0.631659,0.635335,117348331
2013-07-24,0.635794,0.649116,0.635335,0.645441,98817350
2013-07-25,0.644982,0.648657,0.634416,0.6459,77742282
2013-07-26,0.648198,0.652791,0.640847,0.642225,81259533
2013-07-29,0.644063,0.647279,0.634875,0.640388,63661716
2013-07-30,0.643144,0.658763,0.63901,0.658304,89756424
2013-07-31,0.656926,0.658304,0.650035,0.655088,72541104
2013-08-01,0.658304,0.672086,0.657845,0.670248,115314812
2013-08-02,0.667492,0.678058,0.640388,0.656926,192421761
2013-08-05,0.656466,0.657845,0.641307,0.649576,84414047
2013-08-06,0.650954,0.656467,0.642685,0.644982,117601547
2013-08-07,0.644522,0.66152,0.642225,0.657845,91108714
2013-08-08,0.660141,0.679895,0.659682,0.679895,122750246
2013-08-09,0.682652,0.690002,0.674383,0.686327,139169719
2013-08-12,0.687245,0.689083,0.677598,0.68403,80900265
2013-08-13,0.687245,0.689083,0.679895,0.684948,94061807
2013-08-14,0.689083,0.689083,0.679895,0.689083,79470865
2013-08-16,0.685408,0.733184,0.684489,0.733184,246145636
2013-08-19,0.735022,0.742832,0.702865,0.702865,176429076
2013-08-20,0.700568,0.701487,0.68403,0.698271,158844897
2013-08-21,0.699649,0.708837,0.685408,0.695515,132417474
2013-08-22,0.695974,0.722159,0.695974,0.720321,129365945
2013-08-23,0.722618,0.723078,0.705621,0.718024,133042695
2013-08-26,0.716646,0.716646,0.688164,0.694136,125405067
2013-08-27,0.689083,0.696433,0.659682,0.663817,184070385
2013-08-28,0.662898,0.676679,0.655548,0.670707,144836475
2013-08-29,0.677598,0.690002,0.674383,0.688164,136716287
2013-08-30,0.688623,0.695974,0.682192,0.682192,130787838
2013-09-02,0.691839,0.706999,0.69092,0.705621,97637881
2013-09-03,0.707918,0.714349,0.694136,0.703324,122808602
2013-09-04,0.701946,0.705621,0.681733,0.692758,121676629
2013-09-05,0.697811,0.701946,0.683111,0.695974,118248063
2013-09-06,0.693217,0.709296,0.68357,0.705621,161714740
2013-09-09,0.704702,0.723078,0.703324,0.720781,168911024
2013-09-10,0.725375,0.738238,0.714809,0.738238,253100945
2013-09-11,0.740535,0.752938,0.740075,0.7511,197895494
2013-09-12,0.750641,0.759829,0.740075,0.744669,124390736
2013-09-13,0.742831,0.743291,0.730887,0.741453,79926411
2013-09-16,0.752479,0.754776,0.742831,0.748803,95236926
2013-09-17,0.748344,0.749263,0.7364,0.745588,97659060
2013-09-18,0.745588,0.759369,0.740534,0.755694,137300848
2013-09-19,0.774529,0.785095,0.772692,0.783258,251813763
2013-09-20,0.785555,0.789689,0.773151,0.775907,156011264
2013-09-23,0.777286,0.786014,0.773151,0.776367,103461006
2013-09-24,0.782798,0.783717,0.774529,0.779583,110447260
2013-09-25,0.77407,0.777286,0.763963,0.76626,146737494
2013-09-26,0.764882,0.765342,0.730887,0.737319,240625426
2013-09-27,0.737778,0.743291,0.724456,0.726293,154835305
2013-09-30,0.700568,0.70608,0.685408,0.700568,224784123
2013-10-01,0.740534,0.747425,0.704702,0.740534,198937313
2013-10-02,0.775448,0.776367,0.739616,0.775448,375451292
2013-10-03,0.769017,0.783717,0.76626,0.769017,144715143
2013-10-04,0.774989,0.789689,0.768557,0.774989,196303330
2013-10-07,0.786933,0.791067,0.768098,0.786933,142730165
2013-10-08,0.782339,0.798417,0.781879,0.782339,212078219
2013-10-09,0.801174,0.80439,0.779583,0.801174,187526073
2013-10-10,0.818631,0.837465,0.808524,0.818631,276276772
2013-10-11,0.816334,0.831494,0.80439,0.816334,189681655
2013-10-14,0.812659,0.821846,0.80439,0.812659,103254101
2013-10-15,0.816334,0.820928,0.806687,0.81128,132269730
2013-10-16,0.81128,0.845275,0.809443,0.838384,205335962
2013-10-17,0.838844,0.840681,0.823684,0.83425,146902260
2013-10-18,0.839303,0.844816,0.827818,0.83379,138625677
2013-10-21,0.834709,0.8416,0.824143,0.837465,96923284
2013-10-22,0.838844,0.851247,0.834709,0.845734,142558478
2013-10-23,0.840222,0.841141,0.81955,0.823684,166191979
2013-10-24,0.831494,0.836088,0.812659,0.836088,140583278
2013-10-25,0.83379,0.837006,0.821387,0.8269,105445381
2013-10-28,0.831034,0.832412,0.801633,0.807605,141050279
2013-10-29,0.802093,0.836547,0.797958,0.836088,170774564
2013-10-30,0.838844,0.855841,0.825521,0.829656,172375645
2013-10-31,0.828278,0.844816,0.825521,0.841141,142103243
2013-11-01,0.839303,0.854463,0.83425,0.840681,126110838
2013-11-04,0.845734,0.84895,0.836547,0.8416,91101397
2013-11-05,0.845735,0.847113,0.81909,0.822306,134011739
2013-11-06,0.828278,0.83425,0.81909,0.824603,99502333
2013-11-07,0.821846,0.843438,0.792905,0.801174,233469331
2013-11-08,0.794742,0.812658,0.78877,0.808065,149922503
2013-11-11,0.813118,0.822306,0.805308,0.822306,66208378
2013-11-12,0.821846,0.832872,0.812199,0.813577,94289010
2013-11-13,0.802093,0.813118,0.780501,0.794742,164214441
2013-11-14,0.80393,0.807146,0.776826,0.797958,145036969
2013-11-15,0.798417,0.800714,0.77407,0.780501,118812117
2013-11-18,0.776367,0.808064,0.772692,0.804389,136860503
2013-11-19,0.797499,0.810821,0.792445,0.792445,104740494
2013-11-20,0.790148,0.79658,0.779123,0.780042,116795682
2013-11-21,0.774989,0.798417,0.769476,0.797958,143270475
2013-11-22,0.800714,0.801633,0.790149,0.792905,81445230
2013-11-25,0.798877,0.801174,0.786014,0.792905,76053984
2013-11-26,0.790608,0.802552,0.784176,0.801174,87127146
2013-11-27,0.799336,0.808983,0.797958,0.805768,89667136
2013-11-28,0.806687,0.827818,0.806687,0.822306,106562254
2013-11-29,0.824143,0.828737,0.815874,0.817712,94736305
2013-12-02,0.820928,0.824603,0.807146,0.81128,69092410
2013-12-03,0.814956,0.821846,0.791067,0.791067,118831764
2013-12-04,0.79612,0.801174,0.780961,0.791527,110473645
2013-12-05,0.792446,0.79658,0.764423,0.764423,154729878
2013-12-06,0.770854,0.777286,0.749263,0.777286,182428896
2013-12-09,0.780501,0.784176,0.771773,0.780961,71686689
2013-12-10,0.779123,0.787392,0.774529,0.780961,84407072
2013-12-11,0.78142,0.786933,0.769017,0.770395,74082573
2013-12-12,0.768557,0.769017,0.754316,0.761207,92885617
2013-12-13,0.762585,0.772232,0.758451,0.759829,68065669
2013-12-16,0.759829,0.791527,0.75891,0.791527,80161646
2013-12-17,0.786014,0.78923,0.770854,0.771314,67323261
2013-12-18,0.777286,0.785555,0.771313,0.78142,72836146
2013-12-19,0.792445,0.801633,0.78923,0.801174,126851115
2013-12-20,0.800715,0.820928,0.792446,0.815874,141163074
2013-12-23,0.817252,0.821846,0.814037,0.817712,48477399
2013-12-27,0.824603,0.825981,0.815415,0.825981,38235621
2013-12-30,0.825522,0.8269,0.820468,0.824143,39578835
2014-01-02,0.828278,0.839303,0.818171,0.81909,104977447
2014-01-03,0.823224,0.834709,0.820009,0.831034,61232116
2014-01-06,0.831034,0.844356,0.829656,0.839762,89282140
2014-01-07,0.84114,0.872838,0.840681,0.867326,199327238
2014-01-08,0.875135,0.899024,0.872838,0.886161,215610890
2014-01-09,0.887079,0.90959,0.873757,0.893052,192337874
2014-01-10,0.894889,0.900861,0.87192,0.877892,157734849
2014-01-13,0.88662,0.893511,0.884783,0.887539,90052009
2014-01-14,0.877432,0.895808,0.872838,0.895808,107723475
2014-01-15,0.90178,0.926127,0.900861,0.925209,164346133
2014-01-16,0.926128,0.929803,0.893511,0.89397,149965186
2014-01-17,0.89443,0.904536,0.888458,0.899483,134993647
2014-01-20,0.894889,0.899024,0.887998,0.894889,67899006
2014-01-21,0.900402,0.907752,0.895808,0.897646,99592087
2014-01-22,0.916021,0.922452,0.89443,0.908211,162098591
2014-01-23,0.904536,0.91648,0.896267,0.900861,122083752
2014-01-24,0.903158,0.912346,0.88708,0.88708,220448825
2014-01-27,0.882945,0.904077,0.867785,0.89397,173147875
2014-01-28,0.904536,0.922452,0.903158,0.904077,176447716
2014-01-29,0.915102,0.922452,0.882945,0.896727,184467852
2014-01-30,0.899483,0.910968,0.885242,0.899483,135886608
2014-01-31,0.904996,0.923371,0.884323,0.923371,186859385
2014-02-03,0.926128,0.938072,0.896727,0.896727,215193408
2014-02-04,0.896267,0.919696,0.89443,0.917399,197769726
2014-02-05,0.915562,0.945422,0.90959,0.934397,173634610
2014-02-06,0.942666,0.963797,0.935315,0.96196,236516698
2014-02-07,0.965635,0.972985,0.949097,0.962879,155514728
2014-02-10,0.966554,0.970229,0.950934,0.956447,95020354
2014-02-11,0.962879,0.983092,0.960122,0.983092,103307504
2014-02-12,0.984929,0.994117,0.979417,0.987686,124038097
2014-02-13,0.984929,0.984929,0.960122,0.979417,120097554
2014-02-14,0.986767,0.997792,0.979417,0.992279,120003256
2014-02-17,0.993198,1.010655,0.99228,1.006061,72565424
2014-02-18,1.017086,1.022599,1.00698,1.018924,125704840
2014-02-19,1.019843,1.02903,1.012492,1.026274,100486844
2014-02-20,1.006061,1.026274,1.002386,1.026274,102996441
2014-02-21,1.030868,1.032706,1.00698,1.007899,101555640
2014-02-24,1.006061,1.026274,0.99963,1.026274,80147421
2014-02-25,1.019843,1.027193,1.011574,1.027193,66955953
2014-02-26,1.026274,1.029949,1.013411,1.018005,56216280
2014-02-27,1.018924,1.024437,1.00698,1.018005,75967156
2014-02-28,1.018005,1.031787,1.006061,1.031787,79134476
2014-03-03,1.006061,1.020762,0.988604,0.990442,119505345
2014-03-04,1.009736,1.025355,0.998711,1.025355,118784958
2014-03-05,1.025356,1.055675,1.022599,1.051081,135493239
2014-03-06,1.063025,1.069457,1.052919,1.065782,110332945
2014-03-07,1.065782,1.068538,1.045569,1.045569,102141421
2014-03-10,1.043731,1.065782,1.033625,1.049244,91677074
2014-03-11,1.057513,1.05935,1.031787,1.033625,129116640
2014-03-12,1.029031,1.041893,1.023518,1.036381,109998706
2014-03-13,1.042812,1.049244,1.017087,1.017087,83139146
2014-03-14,1.007899,1.022599,0.983092,0.988604,145420515
2014-03-17,0.993198,0.997792,0.980335,0.996873,124949125
2014-03-18,0.996874,1.04465,0.987686,1.029031,162664699
2014-03-19,1.030868,1.042812,1.029949,1.039137,83666970
2014-03-20,1.029949,1.052,1.027193,1.052,113369295
2014-03-21,1.061188,1.068538,1.054756,1.058431,129592070
2014-03-24,1.056594,1.063025,1.026274,1.031787,125468164
2014-03-25,1.034543,1.047406,1.027193,1.038218,99224501
2014-03-26,1.047406,1.054756,1.036381,1.053837,132613302
2014-03-27,1.052,1.071294,1.046487,1.065782,120444098
2014-03-28,1.08967,1.123665,1.08232,1.103452,388164512
2014-03-31,1.125502,1.140203,1.115396,1.130096,155958034
2014-04-01,1.141121,1.163172,1.138365,1.163172,181963661
2014-04-02,1.171441,1.176035,1.13469,1.135609,192707051
2014-04-03,1.139284,1.17236,1.130096,1.17236,205164694
2014-04-04,1.174197,1.188898,1.163172,1.188898,153253569
2014-04-07,1.175116,1.188897,1.166847,1.173278,126646717
2014-04-08,1.183385,1.186141,1.139284,1.151228,202442995
2014-04-09,1.169604,1.171441,1.139284,1.145715,145642568
2014-04-10,1.153065,1.153984,1.126421,1.128258,129542721
2014-04-11,1.111721,1.123665,1.088751,1.098858,206061199
2014-04-14,1.087832,1.106208,1.075888,1.100695,112919557
2014-04-15,1.101614,1.102533,1.056594,1.056594,147175770
2014-04-16,1.07497,1.10437,1.066701,1.10437,125360584
2014-04-17,1.102533,1.115396,1.095183,1.115396,93135236
2014-04-22,1.121827,1.138365,1.099776,1.138365,93046895
2014-04-23,1.133771,1.150309,1.121827,1.123665,94050899
2014-04-24,1.133771,1.142959,1.108964,1.131015,98550675
2014-04-25,1.120908,1.12734,1.095183,1.10437,81437625
2014-04-28,1.109883,1.122746,1.101614,1.109883,74299104
2014-04-29,1.112639,1.141122,1.111721,1.139284,103592728
2014-04-30,1.136527,1.139284,1.119071,1.130096,90246530
2014-05-02,1.131015,1.142959,1.125502,1.130096,79424222
2014-05-05,1.128259,1.137446,1.108964,1.130096,77057457
2014-05-06,1.13469,1.141121,1.120908,1.124583,76949281
2014-05-07,1.122746,1.122746,1.07497,1.077726,134415901
2014-05-08,1.086913,1.129177,1.085076,1.12734,155952347
2014-05-09,1.128259,1.131934,1.090589,1.100695,92915219
2014-05-12,1.108045,1.114477,1.08967,1.095183,92709638
2014-05-13,1.097939,1.100695,1.072213,1.081401,103734005
2014-05-14,1.071294,1.088751,1.063944,1.077726,89843319
2014-05-15,1.0667,1.085995,1.010655,1.010655,266387639
2014-05-16,1.010655,1.052919,0.975742,1.040975,252319167
2014-05-19,1.046612,1.052249,1.012789,1.040035,109476851
2014-05-20,1.036277,1.075736,1.03064,1.071039,127489867
2014-05-21,1.062584,1.085132,1.052249,1.080434,102654947
2014-05-22,1.089829,1.090769,1.05037,1.065402,101575840
2014-05-23,1.06916,1.08889,1.056007,1.08795,99508992
2014-05-26,1.118014,1.143381,1.114256,1.133986,173717293
2014-05-27,1.133986,1.149958,1.119894,1.122712,110344986
2014-05-28,1.128349,1.1462,1.123651,1.144321,106295582
2014-05-29,1.148079,1.153716,1.139623,1.144321,76076886
2014-05-30,1.14526,1.16405,1.140562,1.154655,113624286
2014-06-02,1.16499,1.168748,1.155595,1.166869,69608174
2014-06-03,1.162171,1.16499,1.1462,1.150897,82204735
2014-06-04,1.143381,1.154655,1.130228,1.151837,80104274
2014-06-05,1.157474,1.195994,1.150897,1.179082,266465610
2014-06-06,1.193175,1.230755,1.188478,1.226997,245448306
2014-06-09,1.244848,1.251425,1.214784,1.226997,159313715
2014-06-10,1.226058,1.24015,1.217602,1.223239,126247780
2014-06-11,1.220421,1.2223,1.197872,1.20163,172741647
2014-06-12,1.195054,1.199752,1.172506,1.177203,172825970
2014-06-13,1.179083,1.181901,1.147139,1.172506,177180850
2014-06-16,1.165929,1.179082,1.148079,1.154655,92555926
2014-06-17,1.159353,1.16593,1.138684,1.1462,128252490
2014-06-18,1.149958,1.154655,1.137744,1.1462,81349527
2014-06-19,1.16499,1.169687,1.138684,1.138684,123290734
2014-06-20,1.147139,1.147139,1.113317,1.114256,150204269
2014-06-23,1.116135,1.119894,1.092648,1.097345,145044098
2014-06-24,1.101103,1.102043,1.070099,1.077615,140828072
2014-06-25,1.074797,1.103922,1.067281,1.076676,142957260
2014-06-26,1.082313,1.092648,1.0701,1.075737,157017973
2014-06-27,1.080434,1.093587,1.061644,1.070099,108071356
2014-06-30,1.075736,1.080434,1.047551,1.059765,121666428
2014-07-01,1.063523,1.098285,1.056007,1.090769,131601477
2014-07-02,1.090769,1.102982,1.079495,1.095466,120215305
2014-07-03,1.096406,1.10768,1.085132,1.102043,148493178
2014-07-04,1.096406,1.098285,1.058825,1.06822,116284491
2014-07-07,1.063523,1.072918,1.048491,1.048491,75781399
2014-07-08,1.04943,1.052249,1.004334,1.005274,177314348
2014-07-09,1.012789,1.042854,1.008092,1.034398,153602547
2014-07-10,1.034398,1.037217,0.983665,1.023124,237264603
2014-07-11,1.025003,1.052249,1.016547,1.032519,158661617
2014-07-14,1.041914,1.056007,1.021245,1.051309,138295383
2014-07-15,1.045672,1.054128,1.023124,1.034398,132965971
2014-07-16,1.038156,1.079495,1.03064,1.078555,150743949
2014-07-17,1.071979,1.073858,1.046612,1.047551,109515370
2014-07-18,1.035338,1.056946,1.03064,1.054128,113218821
2014-07-21,1.055067,1.055067,1.025942,1.034398,91625353
2014-07-22,1.041914,1.061644,1.034398,1.054128,84910626
2014-07-23,1.052249,1.077616,1.047551,1.063523,112723150
2014-07-24,1.068221,1.102043,1.056007,1.101103,156204590
2014-07-25,1.098285,1.120833,1.077616,1.082313,138442335
2014-07-28,1.089829,1.098285,1.064462,1.073857,85649063
2014-07-29,1.078555,1.096406,1.071039,1.080434,103216988
2014-07-30,1.081373,1.092647,1.073857,1.074797,100545844
2014-07-31,1.075737,1.080434,1.040035,1.047551,124340815
2014-08-01,1.047551,1.081374,1.03158,1.060704,180799050
2014-08-04,1.074797,1.084192,1.065402,1.075737,108021581
2014-08-05,1.083253,1.099224,1.040975,1.05037,157962733
2014-08-06,1.038156,1.05037,0.998697,1.016548,187336024
2014-08-07,1.013729,1.0297,0.984604,0.989302,197149890
2014-08-08,0.97333,1.021245,0.944205,0.999636,194574995
2014-08-11,1.020306,1.025003,0.991181,1.009971,100950536
2014-08-12,1.004334,1.027822,0.99306,0.995878,122048146
2014-08-13,1.004334,1.013729,0.998697,1.006213,82022432
2014-08-14,0.994939,1.015608,0.984604,0.993999,118206978
2014-08-18,1.004334,1.019366,0.999636,1.012789,91714708
2014-08-19,1.018427,1.021245,1.009032,1.015608,87722868
2014-08-20,1.012789,1.022184,1.009031,1.013729,67792581
2014-08-21,1.013729,1.055067,1.007153,1.047551,137829047
2014-08-22,1.044733,1.064462,1.038156,1.046612,129643965
2014-08-25,1.057886,1.076676,1.055067,1.074797,84480904
2014-08-26,1.077615,1.092648,1.06822,1.092648,128199838
2014-08-27,1.093587,1.102982,1.084192,1.095466,110434215
2014-08-28,1.08795,1.094527,1.059765,1.062583,115345266
2014-08-29,1.064462,1.079495,1.056946,1.063523,80242107
2014-09-01,1.067281,1.0701,1.040975,1.055068,70032525
2014-09-02,1.060704,1.077616,1.056007,1.063523,88320798
2014-09-03,1.071979,1.100164,1.071979,1.094527,157733450
2014-09-04,1.091708,1.159353,1.08795,1.155595,331199224
2014-09-05,1.161232,1.172506,1.1462,1.154655,229326313
2014-09-08,1.163111,1.170627,1.142441,1.155595,108348488
2014-09-09,1.150897,1.162171,1.143381,1.14526,111640882
2014-09-10,1.139623,1.154655,1.133986,1.147139,107548488
2014-09-11,1.153716,1.156534,1.136804,1.149018,96088659
2014-09-12,1.149957,1.153716,1.132107,1.137744,92984100
2014-09-15,1.132107,1.147139,1.127409,1.139623,100275781
2014-09-16,1.142441,1.142441,1.117075,1.131167,114014328
2014-09-17,1.137744,1.157474,1.133986,1.155595,114630286
2014-09-18,1.159353,1.176264,1.153716,1.158414,171575227
2014-09-19,1.169687,1.171566,1.134926,1.135865,195397556
2014-09-22,1.129289,1.14526,1.125531,1.132107,109740897
2014-09-23,1.128349,1.130228,1.110498,1.111438,117874160
2014-09-24,1.10862,1.132107,1.094527,1.132107,134015442
2014-09-25,1.136805,1.144321,1.104861,1.110498,170727419
2014-09-26,1.110498,1.143381,1.105801,1.140563,127856645
2014-09-29,1.137744,1.142442,1.102043,1.118015,117362786
2014-09-30,1.119893,1.134925,1.116135,1.130228,142675222
2014-10-01,1.124591,1.138683,1.123651,1.12647,120804369
2014-10-02,1.127409,1.131167,1.064462,1.064462,238308292
2014-10-03,1.077616,1.098285,1.06916,1.095466,123734061
2014-10-06,1.103922,1.114256,1.094527,1.095466,114684867
2014-10-07,1.089829,1.098285,1.06822,1.072918,137339455
2014-10-08,1.063523,1.087011,1.061644,1.06916,143384661
2014-10-09,1.082313,1.085132,1.028761,1.038156,221148362
2014-10-10,1.024063,1.063523,1.021245,1.036277,202071159
2014-10-13,1.024064,1.071039,1.021245,1.045672,207186095
2014-10-14,1.042854,1.062583,1.023124,1.059765,220278357
2014-10-15,1.058825,1.065402,0.991181,0.997757,258128000
2014-10-16,1.007152,1.016548,0.940447,0.986483,345642959
2014-10-17,0.987423,1.036278,0.97333,1.029701,283505458
2014-10-20,1.03158,1.04943,1.014668,1.021245,166091956
2014-10-21,1.015608,1.06822,1.015608,1.06822,220473840
2014-10-22,1.072918,1.082313,1.052249,1.082313,189940055
2014-10-23,1.076676,1.098284,1.06916,1.089829,187015186
2014-10-24,1.087011,1.108619,1.078555,1.10674,175558836
2014-10-27,1.140563,1.141502,1.056947,1.071979,246510431
2014-10-28,1.082313,1.099224,1.076676,1.097345,122875205
2014-10-29,1.100164,1.103922,1.05037,1.056007,159319472
2014-10-30,1.063523,1.0701,1.01091,1.056946,247123483
2014-10-31,1.079495,1.102043,1.059765,1.098285,193124794
2014-11-03,1.097345,1.10674,1.071039,1.071039,149764483
2014-11-04,1.06822,1.083252,1.026882,1.032519,190214328
2014-11-05,1.038156,1.063523,1.025942,1.059765,175030542
2014-11-06,1.053188,1.094527,1.037217,1.054128,251588045
2014-11-07,1.060704,1.061644,1.024064,1.038156,188564640
2014-11-10,1.028761,1.055067,1.017487,1.054128,167210417
2014-11-11,1.055067,1.08795,1.038156,1.052249,215254793
2014-11-12,1.051309,1.051309,1.006213,1.013729,216370830
2014-11-13,1.021245,1.03158,0.99306,1.022185,195463300
2014-11-14,1.025943,1.042854,1.017487,1.038156,159301548
2014-11-17,1.025943,1.06916,1.022185,1.056007,162790827
2014-11-18,1.058825,1.074797,1.054128,1.062583,148297054
2014-11-19,1.060704,1.081374,1.055068,1.075737,151811151
2014-11-20,1.075737,1.075737,1.046612,1.058825,150572120
2014-11-21,1.066341,1.112377,1.060704,1.110498,239649766
2014-11-24,1.111438,1.140562,1.105801,1.121772,223534242
2014-11-25,1.118954,1.155595,1.118954,1.141502,200196015
2014-11-26,1.1462,1.154655,1.12647,1.130228,135863232
2014-11-27,1.133986,1.154655,1.130228,1.152776,122604372
2014-11-28,1.157474,1.167808,1.149018,1.16405,140858183
2014-12-01,1.151837,1.162171,1.118015,1.12741,213204354
2014-12-02,1.135865,1.148079,1.117075,1.130228,149917813
2014-12-03,1.135865,1.150897,1.129289,1.1462,117880568
2014-12-04,1.152776,1.163111,1.10674,1.10674,255733026
2014-12-05,1.122712,1.18472,1.122712,1.18472,259078927
2014-12-08,1.174385,1.214783,1.167808,1.199751,181615698
2014-12-09,1.18378,1.204449,1.170627,1.175324,261733236
2014-12-10,1.180022,1.184719,1.155594,1.168748,238599588
2014-12-11,1.162171,1.187538,1.156534,1.174385,189635654
2014-12-12,1.16499,1.179082,1.149018,1.149018,191865089
2014-12-15,1.152776,1.161232,1.093587,1.099224,229474707
2014-12-16,1.105801,1.149018,1.058825,1.149018,394921013
2014-12-17,1.12741,1.14526,1.104861,1.134926,197977040
2014-12-18,1.155595,1.178143,1.153716,1.173445,222505730
2014-12-19,1.181901,1.185659,1.123651,1.144321,278556326
2014-12-22,1.155595,1.166869,1.148079,1.16499,92737018
2014-12-23,1.165929,1.172506,1.152776,1.172506,88861287
2014-12-29,1.170627,1.173445,1.121773,1.14526,131995059
2014-12-30,1.143381,1.155595,1.136804,1.137744,76387434
2015-01-02,1.150897,1.163111,1.141502,1.152776,120095860
2015-01-05,1.1462,1.157474,1.084192,1.084192,196551153
2015-01-06,1.089829,1.113317,1.06916,1.06916,176500529
2015-01-07,1.074797,1.083253,1.040975,1.056007,201297976
2015-01-08,1.075736,1.118014,1.059765,1.114256,215791154
2015-01-09,1.103922,1.119893,1.055067,1.06916,226851496
2015-01-12,1.078555,1.095466,1.061644,1.092648,129799550
2015-01-13,1.08795,1.132107,1.083253,1.12553,143962737
2015-01-14,1.103922,1.149958,1.102043,1.123651,189312898
2015-01-15,1.138684,1.168748,1.094527,1.156534,240827525
2015-01-16,1.149958,1.173445,1.147139,1.173445,203606739
2015-01-19,1.174385,1.197872,1.165929,1.188477,152501025
2015-01-20,1.189417,1.206328,1.189417,1.204449,171001511
2015-01-21,1.211965,1.214783,1.16499,1.199751,210406057
2015-01-22,1.199752,1.237332,1.187538,1.225118,318876915
2015-01-23,1.235453,1.258941,1.217602,1.227937,247738573
2015-01-26,1.212905,1.239211,1.195994,1.235453,138068116
2015-01-27,1.233574,1.238271,1.209147,1.231695,144052402
2015-01-28,1.237332,1.242969,1.211965,1.216663,162358280
2015-01-29,1.211026,1.237332,1.197873,1.231695,185732297
2015-01-30,1.239211,1.239211,1.211965,1.220421,167453839
2015-02-02,1.215723,1.218542,1.179083,1.204449,170374292
2015-02-03,1.211026,1.24015,1.208207,1.24015,181785654
2015-02-04,1.240151,1.24203,1.215723,1.228876,142209853
2015-02-05,1.211965,1.217602,1.200691,1.209147,127882000
2015-02-06,1.211026,1.219481,1.200691,1.209147,103356188
2015-02-09,1.194114,1.196933,1.161232,1.169687,173482049
2015-02-10,1.174385,1.228876,1.172506,1.216663,200167394
2015-02-11,1.217602,1.229816,1.212905,1.22136,135521450
2015-02-12,1.223239,1.286186,1.220421,1.283368,253224104
2015-02-13,1.291823,1.326585,1.288065,1.323767,225229697
2015-02-16,1.318129,1.328464,1.306855,1.311553,88414989
2015-02-17,1.305916,1.33598,1.289005,1.334101,148057515
2015-02-18,1.351012,1.365105,1.344436,1.356649,156215877
2015-02-19,1.35571,1.363226,1.33692,1.357589,186256111
2015-02-20,1.345375,1.364166,1.33598,1.364166,182569948
2015-02-23,1.378258,1.385774,1.358528,1.370742,140333471
2015-02-24,1.370742,1.378258,1.350073,1.372621,126645205
2015-02-25,1.369802,1.371681,1.33692,1.351952,129303354
2015-02-26,1.351952,1.385774,1.351952,1.383895,130543572
2015-02-27,1.382016,1.407383,1.381076,1.401746,207379001
2015-03-02,1.409262,1.421475,1.378258,1.383895,142365433
2015-03-03,1.392351,1.39329,1.353831,1.359468,126742189
2015-03-04,1.366044,1.368863,1.335041,1.357589,145600180
2015-03-05,1.365105,1.388593,1.357589,1.385774,131977730
2015-03-06,1.388593,1.400806,1.384835,1.390472,112345711
2015-03-09,1.386713,1.408322,1.3745,1.402685,141814933
2015-03-10,1.402685,1.409262,1.390472,1.397048,127267779
2015-03-11,1.399867,1.417717,1.397988,1.417717,147380304
2015-03-12,1.419596,1.433689,1.416778,1.428052,124124667
2015-03-13,1.435568,1.444024,1.419597,1.43181,91202230
2015-03-16,1.437447,1.483483,1.437447,1.475967,158763084
2015-03-17,1.479725,1.481604,1.440266,1.458116,115338922
2015-03-18,1.459056,1.463753,1.41208,1.420536,181693701
2015-03-19,1.425233,1.442145,1.417717,1.425233,132152533
2015-03-20,1.436508,1.468451,1.417717,1.468451,171614414
2015-03-23,1.468451,1.472209,1.452479,1.453419,95923750
2015-03-24,1.45154,1.515426,1.446842,1.503213,150769633
2015-03-25,1.506031,1.522003,1.485362,1.488181,111321810
2015-03-26,1.475027,1.481604,1.446842,1.47033,132736679
2015-03-27,1.481604,1.485362,1.45154,1.475028,104849190
2015-03-30,1.477846,1.510729,1.473148,1.506031,117243804
2015-03-31,1.50697,1.511668,1.483483,1.487241,130104216
2015-04-01,1.483483,1.512608,1.481604,1.504152,134906877
2015-04-02,1.512608,1.512608,1.488181,1.494757,86765416
2015-04-07,1.506971,1.522003,1.503213,1.514487,99816866
2015-04-08,1.510729,1.520124,1.493818,1.500394,85184150
2015-04-09,1.501334,1.510729,1.495696,1.502273,76550555
2015-04-10,1.506031,1.50697,1.483483,1.495696,90799447
2015-04-13,1.497575,1.504152,1.494757,1.501334,58264392
2015-04-14,1.498515,1.506031,1.453419,1.462814,141200681
2015-04-15,1.47033,1.496636,1.464693,1.48912,98179455
2015-04-16,1.494757,1.495696,1.444963,1.455297,147619389
2015-04-17,1.451539,1.47033,1.39235,1.401746,201703933
2015-04-20,1.399867,1.439326,1.397048,1.436508,116553813
2015-04-21,1.447782,1.458116,1.405504,1.424294,142036531
2015-04-22,1.436508,1.459996,1.429931,1.443084,143532288
2015-04-23,1.453419,1.458116,1.41302,1.429931,119475179
2015-04-24,1.442145,1.46939,1.403625,1.444963,170802073
2015-04-27,1.452479,1.483483,1.424294,1.482543,132355113
2015-04-28,1.477846,1.481604,1.444023,1.4506,115609214
2015-04-29,1.456237,1.459055,1.408322,1.408322,153780641
2015-04-30,1.41302,1.43181,1.395169,1.416778,156729176
2015-05-04,1.426173,1.449661,1.401746,1.43275,97594383
2015-05-05,1.428052,1.448721,1.385774,1.386714,137699003
2015-05-06,1.382016,1.425234,1.379198,1.41396,145636457
2015-05-07,1.408322,1.445903,1.391411,1.444024,137385674
2015-05-08,1.4506,1.477846,1.440266,1.477846,131118938
2015-05-11,1.479725,1.522003,1.465632,1.506031,196796561
2015-05-12,1.517305,1.518245,1.486301,1.504152,234544777
2015-05-13,1.518245,1.541733,1.513547,1.537035,238062956
2015-05-14,1.534217,1.54737,1.518245,1.545491,224068563
2015-05-15,1.542672,1.575555,1.536095,1.561462,195759387
2015-05-18,1.5701,1.579697,1.539389,1.556664,126420806
2015-05-19,1.571059,1.60369,1.56818,1.60369,142911542
2015-05-20,1.60273,1.618085,1.599851,1.607528,111189674
2015-05-21,1.60465,1.611368,1.592173,1.60273,115765639
2015-05-22,1.596012,1.612327,1.596012,1.607528,61777662
2015-05-25,1.596012,1.596012,1.565301,1.573938,52861767
2015-05-26,1.566261,1.591213,1.559543,1.563382,152362568
2015-05-27,1.572979,1.620005,1.572019,1.616166,198703745
2015-05-28,1.608488,1.619045,1.594092,1.608488,93809258
2015-05-29,1.608488,1.615206,1.574898,1.574898,127087177
2015-06-01,1.583536,1.60273,1.5701,1.573938,94137348
2015-06-02,1.588334,1.608488,1.573938,1.586415,119056308
2015-06-03,1.586414,1.612327,1.578737,1.595052,109212031
2015-06-04,1.586415,1.60177,1.575858,1.583536,109995458
2015-06-05,1.571059,1.578737,1.530751,1.541308,136385102
2015-06-08,1.536509,1.548986,1.524033,1.524033,71088158
2015-06-09,1.519234,1.537469,1.488523,1.514436,88295495
2015-06-10,1.514435,1.577777,1.502919,1.569139,110723071
2015-06-11,1.561462,1.599851,1.556663,1.577777,103451427
2015-06-12,1.576818,1.592173,1.53555,1.561462,113099759
2015-06-15,1.530751,1.53363,1.502919,1.511557,111679014
2015-06-16,1.50004,1.524033,1.478926,1.513476,126416495
2015-06-17,1.513476,1.53459,1.495241,1.50004,111721110
2015-06-18,1.49908,1.525952,1.467409,1.525952,136907955
2015-06-19,1.521154,1.557623,1.511557,1.546106,150050246
2015-06-22,1.583536,1.624803,1.581616,1.624803,172561361
2015-06-23,1.644957,1.658394,1.632481,1.639199,124272591
2015-06-24,1.647837,1.650716,1.597931,1.625763,122219806
2015-06-25,1.612327,1.669911,1.610408,1.656474,146431782
2015-06-26,1.648796,1.680467,1.634401,1.66895,116663441
2015-06-29,1.530751,1.609448,1.526912,1.567221,217674521
2015-06-30,1.554744,1.600811,1.551865,1.560503,176695898
2015-07-01,1.572019,1.623844,1.56818,1.604649,166311279
2015-07-02,1.607529,1.619045,1.563382,1.563382,102173023
2015-07-03,1.559543,1.586415,1.545147,1.556664,84715435
2015-07-06,1.511557,1.519234,1.459732,1.463571,198541043
2015-07-07,1.473168,1.490443,1.421343,1.421343,174216140
2015-07-08,1.420384,1.478926,1.403109,1.472208,145172628
2015-07-09,1.482765,1.547066,1.477007,1.540348,149795710
2015-07-10,1.60081,1.608488,1.581616,1.608488,163032858
2015-07-13,1.625763,1.650716,1.605609,1.639199,153860647
2015-07-14,1.63632,1.645917,1.619045,1.63728,93792609
2015-07-15,1.638239,1.661273,1.63728,1.661273,111557471
2015-07-16,1.677588,1.700621,1.67087,1.696783,129312588
2015-07-17,1.7035,1.708299,1.691024,1.707339,101167385
2015-07-20,1.710218,1.753406,1.708299,1.725574,109824102
2015-07-21,1.733252,1.743809,1.680467,1.686225,103314513
2015-07-22,1.674709,1.70542,1.67183,1.684306,89567763
2015-07-23,1.699661,1.712138,1.684306,1.684306,74829350
2015-07-24,1.683346,1.70542,1.675669,1.691984,87184845
2015-07-27,1.667031,1.67183,1.612327,1.612327,150866495
2015-07-28,1.623844,1.657434,1.623844,1.653595,91163044
2015-07-29,1.665112,1.66895,1.625763,1.649756,76345327
2015-07-30,1.665111,1.667991,1.640159,1.659353,71854187
2015-07-31,1.660313,1.695823,1.647837,1.680467,127080431
2015-08-03,1.688145,1.701581,1.675669,1.693903,86388458
2015-08-04,1.689105,1.691024,1.632481,1.649756,130982816
2015-08-05,1.658394,1.66991,1.631522,1.658394,114813919
2015-08-06,1.658394,1.682387,1.645917,1.66895,95729304
2015-08-07,1.66895,1.67183,1.648796,1.648796,60625093
2015-08-10,1.66895,1.676628,1.642078,1.672789,55123719
2015-08-11,1.67279,1.682387,1.659354,1.663193,81171515
2015-08-12,1.654555,1.654555,1.60273,1.611368,131581036
2015-08-13,1.63632,1.662232,1.630562,1.639199,112997600
2015-08-14,1.642078,1.656474,1.614247,1.625763,71227491
2015-08-17,1.63824,1.651676,1.622884,1.644958,68309684
2015-08-18,1.642078,1.664152,1.63824,1.660313,66537485
2015-08-19,1.646877,1.658394,1.632481,1.632481,79082413
2015-08-20,1.626723,1.644958,1.572979,1.573938,126733979
2015-08-21,1.537469,1.577777,1.517315,1.517315,138896056
2015-08-24,1.451094,1.49908,1.385834,1.424222,253567030
2015-08-25,1.455893,1.545147,1.439578,1.541308,228064968
2015-08-26,1.523073,1.565301,1.507718,1.549945,137337468
2015-08-27,1.582576,1.599851,1.572019,1.588334,143184698
2015-08-28,1.593133,1.596972,1.543228,1.556664,91485145
2015-08-31,1.538429,1.561462,1.53555,1.561462,58415632
2015-09-01,1.544187,1.553784,1.503879,1.515396,127427923
2015-09-02,1.526912,1.565301,1.524033,1.552825,114835491
2015-09-03,1.563381,1.592173,1.558583,1.580656,127284194
2015-09-04,1.559543,1.562422,1.50196,1.506758,165944031
2015-09-07,1.525953,1.529792,1.495242,1.506758,62303967
2015-09-08,1.521154,1.557623,1.519234,1.539389,99527219
2015-09-09,1.576817,1.580656,1.540348,1.540348,106514616
2015-09-10,1.525953,1.550905,1.521154,1.537469,79915169
2015-09-11,1.549945,1.550905,1.511557,1.517315,76990184
2015-09-14,1.524993,1.529791,1.490443,1.490443,85922600
2015-09-15,1.494282,1.53267,1.491403,1.522113,95360399
2015-09-16,1.540348,1.546106,1.513476,1.522113,86516096
2015-09-17,1.524033,1.540349,1.521154,1.53555,78562383
2015-09-18,1.528832,1.528832,1.477966,1.477966,193489019
2015-09-21,1.475087,1.529791,1.474128,1.516355,118321032
2015-09-22,1.518275,1.523073,1.474128,1.475087,118001173
2015-09-23,1.479886,1.501,1.464531,1.46837,105571520
2015-09-24,1.472209,1.495242,1.441497,1.449175,119090200
2015-09-25,1.477966,1.513476,1.469329,1.501959,114540342
2015-09-28,1.495241,1.50004,1.46645,1.471249,88667610
2015-09-29,1.448215,1.484685,1.443417,1.471249,98233334
2015-09-30,1.495241,1.518275,1.487564,1.514436,108342435
2015-10-01,1.529791,1.529791,1.479886,1.497161,109113066
2015-10-02,1.518275,1.53555,1.491403,1.510597,119122830
2015-10-05,1.53459,1.559543,1.526912,1.548986,123048587
2015-10-06,1.548986,1.56626,1.538429,1.56626,83154280
2015-10-07,1.56914,1.572019,1.521154,1.521154,147466078
2015-10-08,1.524033,1.539388,1.520194,1.527872,81958321
2015-10-09,1.540348,1.543228,1.519235,1.528832,91575915
2015-10-12,1.527872,1.531711,1.49908,1.523073,70173039
2015-10-13,1.518274,1.538429,1.495241,1.526912,75533282
2015-10-14,1.516355,1.531711,1.508678,1.517315,66087533
2015-10-15,1.528832,1.547066,1.523073,1.539389,88358966
2015-10-16,1.550905,1.563381,1.546107,1.562422,96101660
2015-10-19,1.564341,1.580656,1.562422,1.573938,68465145
2015-10-20,1.571059,1.582576,1.549946,1.565301,69948174
2015-10-21,1.56818,1.571059,1.540348,1.546106,69760268
2015-10-22,1.540348,1.555704,1.526912,1.554744,110222116
2015-10-23,1.563382,1.5701,1.543228,1.543228,115048337
2015-10-26,1.538429,1.553784,1.53363,1.540348,56824987
2015-10-27,1.540348,1.564341,1.537469,1.545147,62268312
2015-10-28,1.549945,1.573938,1.548026,1.5701,68461411
2015-10-29,1.578737,1.581616,1.526912,1.544187,102822344
2015-10-30,1.547066,1.550905,1.509637,1.520194,101649337
2015-11-02,1.514436,1.541308,1.504838,1.525952,83134443
2015-11-03,1.528831,1.548985,1.457812,1.508677,213991707
2015-11-04,1.516356,1.521154,1.472209,1.476047,125762944
2015-11-05,1.483725,1.503879,1.461651,1.483725,96875908
2015-11-06,1.482765,1.524993,1.478926,1.524033,103779922
2015-11-09,1.520194,1.529791,1.496201,1.496201,62850822
2015-11-10,1.501,1.521154,1.491403,1.520194,65115580
2015-11-11,1.521154,1.538429,1.510597,1.517315,70817968
2015-11-12,1.516355,1.532671,1.495242,1.498121,84079225
2015-11-13,1.491403,1.506758,1.469329,1.49908,83774537
2015-11-16,1.480846,1.512516,1.479886,1.501959,60303499
2015-11-17,1.515396,1.524993,1.508678,1.521154,70963801
2015-11-18,1.519234,1.523073,1.494282,1.497161,66194294
2015-11-19,1.512516,1.526912,1.504839,1.513476,78573217
2015-11-20,1.512516,1.520194,1.483725,1.494282,91602837
2015-11-23,1.489483,1.516355,1.481806,1.510597,61717723
2015-11-24,1.498121,1.504839,1.484685,1.491403,77753617
2015-11-25,1.497161,1.529791,1.490443,1.525952,95624967
2015-11-26,1.527872,1.539388,1.521154,1.53363,46318466
2015-11-27,1.526913,1.557624,1.522114,1.542268,62668024
2015-11-30,1.542268,1.56914,1.539389,1.558583,65002040
2015-12-01,1.571059,1.581616,1.554744,1.554744,75096571
2015-12-02,1.561462,1.572979,1.542268,1.548026,75784274
2015-12-03,1.548986,1.558583,1.502919,1.502919,154860680
2015-12-04,1.50196,1.526912,1.497161,1.519235,100243734
2015-12-07,1.525953,1.544187,1.514436,1.521154,63276123
2015-12-08,1.515396,1.522114,1.481806,1.492363,84700429
2015-12-09,1.494282,1.501,1.469329,1.482765,75564683
2015-12-10,1.476047,1.483725,1.462611,1.470289,78624423
2015-12-11,1.46549,1.471249,1.441497,1.448215,89617488
2015-12-14,1.449175,1.470289,1.421343,1.421343,80537685
2015-12-15,1.434779,1.485644,1.43286,1.485644,100662328
2015-12-16,1.481805,1.488523,1.46549,1.475087,69041340
2015-12-17,1.501959,1.516355,1.488523,1.497161,122460342
2015-12-18,1.475087,1.50004,1.473168,1.481806,115265556
2015-12-21,1.484685,1.50196,1.471249,1.487564,68336877
2015-12-22,1.496202,1.50292,1.478927,1.487564,59197504
2015-12-23,1.496201,1.497161,1.477966,1.482765,65743343
2015-12-28,1.478926,1.485644,1.46453,1.475087,36591713
2015-12-29,1.482765,1.504839,1.482765,1.502919,49548076
2015-12-30,1.495242,1.502919,1.480846,1.481806,48024505
2015-12-31,1.481806,1.481806,1.481806,1.481806,0
2016-01-04,1.463571,1.46741,1.430941,1.430941,103103922
2016-01-05,1.441497,1.458772,1.43286,1.458772,70473223
2016-01-06,1.453014,1.458772,1.419424,1.419424,84184856
2016-01-07,1.386794,1.408867,1.355123,1.395431,122691238
2016-01-08,1.39831,1.425182,1.390632,1.390632,96943673
2016-01-11,1.385834,1.414625,1.371438,1.371438,75364956
2016-01-12,1.375277,1.409826,1.368559,1.399269,81961998
2016-01-13,1.408867,1.447256,1.408867,1.425182,96167028
2016-01-14,1.407907,1.414625,1.380075,1.388713,96205377
2016-01-15,1.380075,1.392552,1.334969,1.344566,132187909
2016-01-18,1.334009,1.347445,1.272587,1.277385,131261310
2016-01-19,1.323452,1.331129,1.258191,1.290821,151784491
2016-01-20,1.26011,1.264909,1.202527,1.219802,178220318
2016-01-21,1.216923,1.283144,1.195809,1.279305,253498471
2016-01-22,1.320573,1.32825,1.289862,1.302338,160479064
2016-01-25,1.321532,1.325371,1.259151,1.265869,107039611
2016-01-26,1.237077,1.299459,1.22844,1.283144,124257062
2016-01-27,1.29754,1.304258,1.256272,1.270667,97353493
2016-01-28,1.265869,1.285063,1.19197,1.206366,159433030
2016-01-29,1.232279,1.257231,1.220762,1.256271,125636501
2016-02-01,1.259151,1.276426,1.219802,1.229399,84715632
2016-02-02,1.223641,1.22844,1.178534,1.187172,100676804
2016-02-03,1.180454,1.19293,1.0912,1.12479,176874960
2016-02-04,1.155501,1.195809,1.117112,1.190051,183695403
2016-02-05,1.172776,1.247634,1.143025,1.143985,234890436
2016-02-08,1.174695,1.176615,1.080643,1.097918,173369219
2016-02-09,1.117112,1.12383,1.019221,1.029778,243231645
2016-02-10,1.042254,1.190051,1.037456,1.178535,258422129
2016-02-11,1.148783,1.149743,1.0912,1.097918,209024344
2016-02-12,1.122871,1.15838,1.100797,1.149743,206377215
2016-02-15,1.190051,1.209245,1.173736,1.190051,169290142
2016-02-16,1.196769,1.206366,1.153582,1.170857,138471368
2016-02-17,1.172776,1.203487,1.16126,1.198689,126647062
2016-02-18,1.203487,1.214044,1.12575,1.140146,160137980
2016-02-19,1.12383,1.148783,1.08928,1.117112,185115483
2016-02-22,1.136307,1.154541,1.131508,1.153582,109536216
2016-02-23,1.143025,1.173736,1.122871,1.122871,123900714
2016-02-24,1.123831,1.134388,1.076804,1.084482,114284300
2016-02-25,1.103676,1.121911,1.095998,1.103676,104551512
2016-02-26,1.118072,1.132468,1.106556,1.121911,130890070
2016-02-29,1.104636,1.123831,1.086401,1.123831,99851290
2016-03-01,1.114233,1.149743,1.112314,1.144944,129626106
2016-03-02,1.168937,1.19485,1.163179,1.188132,148899259
2016-03-03,1.19293,1.238997,1.188132,1.236118,163056237
2016-03-04,1.240916,1.252433,1.19389,1.211165,159165029
2016-03-07,1.201568,1.203487,1.152622,1.182373,130748965
2016-03-08,1.168937,1.203487,1.148783,1.19293,108089089
2016-03-09,1.190051,1.230359,1.190051,1.207326,106543628
2016-03-10,1.212124,1.309056,1.194849,1.220762,331293137
2016-03-11,1.270667,1.319613,1.259151,1.311935,223051653
2016-03-14,1.323452,1.336888,1.266828,1.285063,192360706
2016-03-15,1.282184,1.299459,1.26107,1.271627,115814014
2016-03-16,1.270667,1.286023,1.238997,1.243795,133655466
2016-03-17,1.258191,1.259151,1.178534,1.209245,222281833
2016-03-18,1.215004,1.222681,1.187172,1.195809,158554622
2016-03-21,1.19389,1.231319,1.183333,1.208285,117695550
2016-03-22,1.198689,1.207326,1.170857,1.207326,86147194
2016-03-23,1.209245,1.218843,1.167977,1.175655,89569124
2016-03-24,1.165098,1.185252,1.152622,1.155501,80677070
2016-03-29,1.15742,1.181413,1.141105,1.167977,80777724
2016-03-30,1.170857,1.183333,1.153582,1.1603,100172534
2016-03-31,1.151662,1.172776,1.133427,1.167977,124602284
2016-04-01,1.144944,1.173736,1.138226,1.138226,122268037
2016-04-04,1.127669,1.145904,1.108475,1.109435,91859136
2016-04-05,1.087361,1.094079,1.061449,1.061449,135378493
2016-04-06,1.069127,1.098878,1.05857,1.073925,138300926
2016-04-07,1.081603,1.088321,1.030738,1.038415,126869273
2016-04-08,1.044174,1.106556,1.044174,1.100797,151885875
2016-04-11,1.103676,1.147823,1.089281,1.119992,140150138
2016-04-12,1.129589,1.147823,1.041295,1.073925,189283026
2016-04-13,1.098878,1.163179,1.095039,1.163179,202073509
2016-04-14,1.166058,1.175655,1.130549,1.168937,153723498
2016-04-15,1.166058,1.178534,1.145904,1.174695,109907197
2016-04-18,1.153582,1.190051,1.149743,1.180454,97222328
2016-04-19,1.184293,1.197729,1.141106,1.16126,131789843
2016-04-20,1.149743,1.190051,1.135347,1.182373,104932193
2016-04-21,1.184293,1.211165,1.177575,1.19485,135297478
2016-04-22,1.196769,1.208285,1.176615,1.180454,97549594
2016-04-25,1.178534,1.188132,1.142065,1.151662,115577142
2016-04-26,1.156461,1.190051,1.148783,1.184293,100696024
2016-04-27,1.186212,1.196769,1.165098,1.185253,87861439
2016-04-28,1.175655,1.204447,1.169897,1.19485,105962943
2016-04-29,1.180454,1.207326,1.15934,1.16126,135163413
2016-05-02,1.15742,1.178534,1.121911,1.138226,129461621
2016-05-03,1.140146,1.144944,1.099837,1.111354,121685603
2016-05-04,1.105596,1.123831,1.086401,1.086401,136127641
2016-05-05,1.09216,1.095999,1.049932,1.065288,122730639
2016-05-06,1.072965,1.089281,1.038416,1.068167,163873945
2016-05-09,1.073925,1.079683,1.047053,1.074885,114425736
2016-05-10,1.078724,1.113274,1.072965,1.100797,131223997
2016-05-11,1.095039,1.101757,1.05569,1.082563,148607931
2016-05-12,1.076804,1.098878,1.068167,1.071046,98092472
2016-05-13,1.05569,1.077764,1.047053,1.067207,123623945
2016-05-16,1.049932,1.055691,1.041295,1.055691,108742535
2016-05-17,1.063368,1.084482,1.039375,1.048013,130371900
2016-05-18,1.044174,1.077764,1.039375,1.075845,101324658
2016-05-19,1.075845,1.120951,1.071046,1.101757,171297089
2016-05-20,1.120951,1.12479,1.101757,1.110394,136096908
2016-05-23,1.128782,1.144105,1.108351,1.109373,133113625
2016-05-24,1.108351,1.177815,1.101201,1.176793,150017604
2016-05-25,1.184965,1.20846,1.177815,1.203353,184762850
2016-05-26,1.195181,1.216633,1.182923,1.212547,120552504
2016-05-27,1.20846,1.214589,1.197224,1.203353,77468084
2016-05-30,1.209482,1.216633,1.204375,1.212547,60995325
2016-05-31,1.210503,1.218675,1.165556,1.178836,106426219
2016-06-01,1.178837,1.189052,1.143083,1.159428,114167556
2016-06-02,1.156363,1.182922,1.147169,1.150234,104250743
2016-06-03,1.159427,1.160449,1.108351,1.129803,105051540
2016-06-06,1.119588,1.133889,1.105287,1.125717,79140232
2016-06-07,1.132868,1.153298,1.131846,1.145126,91430041
2016-06-08,1.144105,1.144105,1.111416,1.131847,89188896
2016-06-09,1.121631,1.137975,1.112437,1.121631,80647075
2016-06-10,1.115502,1.119588,1.068512,1.075662,135709680
2016-06-13,1.056254,1.06034,1.012328,1.012328,157372377
2016-06-14,1.00007,1.025608,0.971467,0.977086,174571939
2016-06-15,0.99343,1.015904,0.986279,1.004667,157927246
2016-06-16,0.974021,0.995984,0.965849,0.995984,215675671
2016-06-17,1.008753,1.04706,1.00671,1.041953,153852361
2016-06-20,1.082813,1.096093,1.065447,1.073619,137233792
2016-06-21,1.08077,1.106308,1.070555,1.100179,97040905
2016-06-22,1.10733,1.110394,1.081792,1.099158,85995919
2016-06-23,1.100179,1.153298,1.088942,1.153298,164518857
2016-06-24,0.87953,0.958188,0.858589,0.888724,711715261
2016-06-27,0.888724,0.909155,0.777378,0.79168,604627013
2016-06-28,0.835605,0.862675,0.817218,0.829476,398500065
2016-06-29,0.858079,0.877488,0.817728,0.841734,302152856
2016-06-30,0.835605,0.895364,0.796787,0.869315,302839633
2016-07-01,0.912219,0.918348,0.844288,0.858078,213850023
2016-07-04,0.858589,0.860122,0.815685,0.83203,176031686
2016-07-05,0.819261,0.847353,0.810578,0.813642,196036667
2016-07-06,0.807002,0.828454,0.795255,0.81211,224534048
2016-07-07,0.822325,0.840202,0.807513,0.817218,178053175
2016-07-08,0.809045,0.903536,0.804959,0.898939,287435372
2016-07-11,0.910176,0.91937,0.877487,0.91937,208209394
2016-07-12,0.921413,1.001092,0.918348,0.97964,307248423
2016-07-13,0.984236,1.002113,0.957166,0.968403,185776016
2016-07-14,0.985258,1.00671,0.978107,0.988833,190357448
2016-07-15,0.977596,1.012839,0.974532,0.986279,184538306
2016-07-18,0.984747,1.005688,0.967381,0.988322,158562028
2016-07-19,0.983215,1.00007,0.94644,0.982193,186269328
2016-07-20,0.994452,1.007731,0.98679,0.994452,153151982
2016-07-21,0.992919,1.012328,0.981683,0.997516,169746590
2016-07-22,0.990876,1.001602,0.985769,0.999048,117253631
2016-07-25,1.001092,1.004667,0.976575,0.980661,119335485
2016-07-26,0.985258,0.991898,0.959209,0.984747,126887659
2016-07-27,0.983726,1.011307,0.983215,1.002113,151492958
2016-07-28,1.003645,1.005688,0.965849,0.971978,158742676
2016-07-29,0.983215,1.022544,0.979129,1.006199,207095017
2016-08-01,1.04706,1.053189,0.970957,0.970957,233152925
2016-08-02,0.97351,0.977596,0.926009,0.934182,224063328
2016-08-03,0.944908,0.961763,0.920391,0.929074,226336039
2016-08-04,0.937757,0.947972,0.921413,0.929585,149783348
2016-08-05,0.930606,0.970446,0.929585,0.970446,161731029
2016-08-08,0.975553,0.995473,0.975553,0.982704,97526175
2016-08-09,0.983215,0.995984,0.978618,0.987301,75583961
2016-08-10,0.989344,1.006199,0.984236,0.995984,105381446
2016-08-11,1.004667,1.009264,0.991387,1.006199,89147112
2016-08-12,1.004667,1.01335,1.004667,1.009264,68295368
2016-08-16,0.997516,1.007731,0.988322,0.989344,88566682
2016-08-17,0.989855,0.992919,0.963295,0.963295,86935317
2016-08-18,0.974021,0.977597,0.948483,0.970957,86464995
2016-08-19,0.964317,0.967381,0.923966,0.934182,153828821
2016-08-22,0.934693,0.95972,0.931628,0.943886,99385093
2016-08-23,0.950015,0.992919,0.948483,0.990876,127183919
2016-08-24,0.983726,1.021522,0.977086,1.021011,169540039
2016-08-25,1.011817,1.02663,1.004667,1.011817,105033476
2016-08-26,1.01335,1.028673,0.995473,1.028673,99519411
2016-08-29,1.021522,1.039909,1.012839,1.018968,57707494
2016-08-30,1.028672,1.043995,1.025608,1.043995,87151804
2016-08-31,1.036845,1.087921,1.035823,1.087921,179867217
2016-09-01,1.088942,1.133889,1.078727,1.087921,210107062
2016-09-02,1.102222,1.121631,1.085878,1.119588,135913209
2016-09-05,1.124695,1.131846,1.109373,1.11448,94198206
2016-09-06,1.119588,1.121631,1.092007,1.092007,87273122
2016-09-07,1.096093,1.111416,1.073619,1.102222,99481646
2016-09-08,1.101201,1.12061,1.093029,1.119588,117652073
2016-09-09,1.112438,1.126739,1.105287,1.106308,109037970
2016-09-12,1.079749,1.088942,1.069534,1.083835,115027726
2016-09-13,1.100179,1.100179,1.063404,1.063404,89625213
2016-09-14,1.069533,1.072598,1.04706,1.062383,107624855
2016-09-15,1.053189,1.074641,1.043995,1.062383,103507018
2016-09-16,1.052168,1.06034,1.027651,1.028673,160698501
2016-09-19,1.041953,1.065448,1.035823,1.054211,88657610
2016-09-20,1.055232,1.061361,1.017947,1.025608,104549445
2016-09-21,1.049103,1.062383,1.038888,1.039909,81210246
2016-09-22,1.056254,1.065447,1.043995,1.053189,86789533
2016-09-23,1.053189,1.055232,1.019479,1.019479,104957421
2016-09-26,1.011307,1.014882,0.978618,1.007732,123937909
2016-09-27,1.017436,1.021522,0.981683,0.994962,110107255
2016-09-28,0.997005,1.017947,0.992409,0.992409,82024339
2016-09-29,1.009264,1.012839,0.984747,0.993941,77449123
2016-09-30,0.95972,1.009775,0.945929,1.008242,157559050
2016-10-03,0.995984,1.008242,0.978107,0.984747,86049596
2016-10-04,0.991387,0.996495,0.978107,0.985769,84602428
2016-10-05,0.979129,1.021011,0.976064,1.018457,126065903
2016-10-06,1.02663,1.043995,1.020501,1.025608,124944891
2016-10-07,1.028673,1.040931,1.01335,1.022544,104125206
2016-10-10,1.016925,1.039909,1.003645,1.028673,91827267
2016-10-11,1.02663,1.028673,1.00671,1.00671,100026131
2016-10-12,1.011307,1.017436,0.998027,1.009264,94185748
2016-10-13,1.00007,1.000581,0.976064,0.985769,98372077
2016-10-14,0.988323,1.022544,0.985258,1.012839,115714230
2016-10-17,1.015904,1.030716,1.013861,1.022544,87250141
2016-10-18,1.029694,1.051146,1.027651,1.050125,89371706
2016-10-19,1.053189,1.065447,1.043995,1.057275,74939591
2016-10-20,1.064426,1.077705,1.051146,1.076684,92288662
2016-10-21,1.079749,1.081792,1.068512,1.078727,73356218
2016-10-24,1.087921,1.103244,1.084856,1.101201,98520424
2016-10-25,1.101201,1.108351,1.08077,1.100179,92127060
2016-10-26,1.098136,1.10733,1.090986,1.106308,70938799
2016-10-27,1.110394,1.123674,1.102222,1.123674,109618941
2016-10-28,1.118567,1.121631,1.100179,1.105287,86967216
2016-10-31,1.097115,1.101201,1.074641,1.077706,81182968
2016-11-01,1.081792,1.089964,1.058297,1.064426,67752427
2016-11-02,1.057275,1.057275,1.027651,1.027651,107530236
2016-11-03,1.027651,1.050124,1.022543,1.039909,100856039
2016-11-04,1.048081,1.049103,1.0205,1.024586,97275422
2016-11-07,1.057275,1.084856,1.052168,1.084856,100247631
2016-11-08,1.086899,1.09405,1.07362,1.093029,82035203
2016-11-09,1.041952,1.093029,1.036845,1.093029,197470096
2016-11-10,1.113459,1.149212,1.106308,1.14104,303486753
2016-11-11,1.149212,1.159427,1.122652,1.138997,163148385
2016-11-14,1.150234,1.1676,1.123674,1.125717,158481571
2016-11-15,1.126739,1.128782,1.088942,1.100179,119565234
2016-11-16,1.093028,1.106308,1.065447,1.079749,118932395
2016-11-17,1.058297,1.068512,1.029694,1.06749,208222101
2016-11-18,1.066469,1.074641,1.021522,1.039909,190958487
2016-11-21,1.036845,1.042974,1.01999,1.028673,111110202
2016-11-22,1.039909,1.066469,1.036845,1.053189,103604368
2016-11-23,1.056254,1.058297,1.01335,1.046039,147685689
2016-11-24,1.04706,1.059318,1.03378,1.041953,74291194
2016-11-25,1.040931,1.050125,1.02663,1.031737,77251499
2016-11-28,1.021522,1.02663,0.988833,0.998538,141783660
2016-11-29,0.998538,1.040931,0.995473,1.040931,129502053
2016-11-30,1.039909,1.075663,1.035823,1.070555,151400275
2016-12-01,1.062383,1.09405,1.051146,1.093029,144606280
2016-12-02,1.083835,1.098136,1.076684,1.087921,137183225
2016-12-05,1.036845,1.110394,1.026629,1.076684,245569053
2016-12-06,1.082813,1.164535,1.078727,1.164535,219889540
2016-12-07,1.190073,1.219697,1.173729,1.183944,251733778
2016-12-08,1.197224,1.270773,1.183944,1.223783,284417540
2016-12-09,1.229912,1.233998,1.184965,1.203353,163292010
2016-12-12,1.209482,1.233998,1.190073,1.195181,129702761
2016-12-13,1.18803,1.241149,1.176793,1.241149,186415486
2016-12-14,1.225826,1.251364,1.20846,1.20846,147387080
2016-12-15,1.218675,1.249321,1.211525,1.249321,213323091
2016-12-16,1.262601,1.263622,1.227869,1.232977,192204649
2016-12-19,1.236042,1.242171,1.21459,1.223783,73132941
2016-12-20,1.225826,1.250343,1.222762,1.250343,86971075
2016-12-21,1.250343,1.26158,1.229912,1.251364,89041031
2016-12-22,1.2483,1.26158,1.227869,1.241149,86028804
2016-12-23,1.256472,1.269752,1.246257,1.256472,87830763
2016-12-27,1.256472,1.261579,1.246257,1.252386,31900456
2016-12-28,1.251364,1.256472,1.237063,1.242171,40681048
2016-12-29,1.231956,1.242171,1.222762,1.231956,49149698
2016-12-30,1.22787,1.240128,1.22174,1.239106,48084836
2017-01-02,1.233998,1.260558,1.231955,1.250343,57039371
2017-01-03,1.26158,1.29529,1.252386,1.278946,104179098
2017-01-04,1.294268,1.307548,1.283032,1.297333,104668526
2017-01-05,1.294268,1.319806,1.287118,1.306527,100996502
2017-01-06,1.313677,1.321849,1.29529,1.299376,82750043
2017-01-09,1.307548,1.309591,1.252386,1.264644,106310296
2017-01-10,1.266687,1.26873,1.229912,1.260558,86317082
2017-01-11,1.25545,1.271795,1.238085,1.258515,81130755
2017-01-12,1.251364,1.259537,1.23502,1.241149,84604778
2017-01-13,1.251365,1.273838,1.243192,1.259537,102257407
2017-01-16,1.252386,1.259537,1.233999,1.236042,70376417
2017-01-17,1.230934,1.254429,1.225826,1.236042,87283600
2017-01-18,1.241149,1.241149,1.222762,1.232977,73472153
2017-01-19,1.24217,1.269752,1.227869,1.25545,100602856
2017-01-20,1.266687,1.272817,1.250343,1.26158,99589201
2017-01-23,1.238084,1.244213,1.213568,1.224805,111544515
2017-01-24,1.163513,1.192116,1.156363,1.170664,299513500
2017-01-25,1.149212,1.193137,1.123674,1.17475,304441135
2017-01-26,1.194159,1.196202,1.14104,1.149212,184220072
2017-01-27,1.15432,1.171686,1.131846,1.158406,130539326
2017-01-30,1.146148,1.153298,1.121631,1.122653,121322301
2017-01-31,1.119588,1.133889,1.101201,1.108351,148412022
2017-02-01,1.115502,1.128782,1.102222,1.123674,122761008
2017-02-02,1.122653,1.130825,1.110394,1.113459,94760794
2017-02-03,1.142062,1.15432,1.115502,1.143083,140664219
2017-02-06,1.149212,1.153298,1.10733,1.115502,120969529
2017-02-07,1.108351,1.11448,1.09405,1.09405,112328415
2017-02-08,1.102222,1.104265,1.061361,1.092007,164959236
2017-02-09,1.098136,1.105287,1.08077,1.097115,109552593
2017-02-10,1.106308,1.10733,1.072598,1.089964,113826217
2017-02-13,1.086899,1.101201,1.084856,1.095072,96710563
2017-02-14,1.093028,1.112437,1.084856,1.109373,88888831
2017-02-15,1.113459,1.134911,1.113459,1.118567,109848852
2017-02-16,1.121631,1.133889,1.11448,1.121631,79907440
2017-02-17,1.118567,1.129803,1.087921,1.108351,147869408
2017-02-20,1.116524,1.123674,1.102222,1.106308,58685334
2017-02-21,1.108351,1.121631,1.090985,1.104265,72090328
2017-02-22,1.10733,1.111416,1.075663,1.093029,114542223
2017-02-23,1.093029,1.096093,1.079749,1.084856,83405388
2017-02-24,1.084856,1.090985,1.054211,1.06034,146199480
2017-02-27,1.123674,1.128782,1.098136,1.118567,214018601
2017-02-28,1.126739,1.133889,1.116524,1.123674,129028281
2017-03-01,1.133889,1.18803,1.131846,1.170664,218944435
2017-03-02,1.174751,1.184966,1.163514,1.169643,119659621
2017-03-03,1.164535,1.198245,1.158406,1.193138,187803202
2017-03-06,1.18803,1.196202,1.178836,1.185987,101939333
2017-03-07,1.193137,1.19518,1.180879,1.189051,83450681
2017-03-08,1.18803,1.199267,1.182922,1.191095,96634813
2017-03-09,1.190073,1.231956,1.189052,1.220719,199880605
2017-03-10,1.232977,1.259537,1.229912,1.242171,222200620
2017-03-13,1.250343,1.256472,1.239106,1.254429,96096562
2017-03-14,1.25545,1.25545,1.228891,1.237063,134448739
2017-03-15,1.23502,1.254429,1.231955,1.250343,106541795
2017-03-16,1.266687,1.274859,1.260558,1.262601,191680908
2017-03-17,1.271795,1.278946,1.266687,1.267709,196407999
2017-03-20,1.262601,1.280989,1.260558,1.267709,109271525
2017-03-21,1.276903,1.302441,1.271795,1.278946,188221155
2017-03-22,1.264644,1.29529,1.254429,1.279967,161566080
2017-03-23,1.294268,1.305505,1.291204,1.300397,157784579
2017-03-24,1.301419,1.304484,1.289161,1.296312,106787956
2017-03-27,1.284053,1.298355,1.277924,1.293247,113871917
2017-03-28,1.300397,1.304483,1.286096,1.297333,98369291
2017-03-29,1.302441,1.30857,1.275881,1.287118,125811060
2017-03-30,1.284053,1.290182,1.27486,1.290182,72832152
2017-03-31,1.285075,1.300397,1.283032,1.300397,91411956
2017-04-03,1.300397,1.300397,1.273838,1.279967,122681562
2017-04-04,1.271795,1.289161,1.266687,1.289161,104191279
2017-04-05,1.28201,1.301419,1.280989,1.285075,108671556
2017-04-06,1.276903,1.296312,1.271795,1.293247,98415184
2017-04-07,1.286096,1.301419,1.285075,1.297333,94166030
2017-04-10,1.297333,1.297333,1.284053,1.290182,80152799
2017-04-11,1.277924,1.286096,1.263622,1.277924,131082034
2017-04-12,1.279967,1.286096,1.257494,1.265666,118482538
2017-04-13,1.256472,1.258515,1.239106,1.245235,125298633
2017-04-18,1.249321,1.252386,1.219697,1.219697,126846688
2017-04-19,1.223783,1.274859,1.222762,1.263623,153468216
2017-04-20,1.260558,1.28201,1.259537,1.271795,125128242
2017-04-21,1.278945,1.285075,1.256472,1.284053,162662447
2017-04-24,1.347388,1.397442,1.34228,1.380076,416365323
2017-04-25,1.391313,1.412765,1.373947,1.407657,155543350
2017-04-26,1.404593,1.406636,1.382119,1.397442,126934887
2017-04-27,1.38927,1.398463,1.363732,1.364753,144908232
2017-04-28,1.36884,1.38927,1.358624,1.365775,133623785
2017-05-02,1.378033,1.380076,1.357603,1.367818,102127186
2017-05-03,1.370882,1.378033,1.366796,1.374968,90750103
2017-05-04,1.380076,1.413786,1.37599,1.4097,164949834
2017-05-05,1.419915,1.464862,1.414808,1.451583,220120701
2017-05-08,1.478142,1.480185,1.44341,1.45669,157803137
2017-05-09,1.464863,1.480185,1.451583,1.454647,137669866
2017-05-10,1.459755,1.470991,1.431152,1.455668,120195181
2017-05-11,1.460776,1.465884,1.432174,1.446475,155522363
2017-05-12,1.448518,1.458733,1.442389,1.444432,118410666
2017-05-15,1.450561,1.458733,1.440346,1.451583,98832438
2017-05-16,1.458733,1.460776,1.440346,1.450561,114616421
2017-05-17,1.440346,1.447497,1.417873,1.429109,148516817
2017-05-18,1.427066,1.435238,1.390291,1.42298,199153679
2017-05-19,1.435238,1.444432,1.420937,1.430131,149846902
2017-05-22,1.465039,1.480311,1.455221,1.463948,144069656
2017-05-23,1.461766,1.480311,1.459584,1.468311,105029719
2017-05-24,1.469402,1.469402,1.450857,1.465039,81385390
2017-05-25,1.46722,1.468311,1.437767,1.453039,101639098
2017-05-26,1.443221,1.446494,1.406132,1.430131,139082310
2017-05-29,1.42904,1.432313,1.389769,1.400677,103145427
2017-05-30,1.390859,1.411586,1.375587,1.39195,147227637
2017-05-31,1.396314,1.41704,1.379951,1.389769,155350049
2017-06-01,1.394132,1.420313,1.384314,1.402859,102737657
2017-06-02,1.415949,1.437767,1.401768,1.412677,116711081
2017-06-05,1.413768,1.420313,1.387587,1.394132,70547796
2017-06-06,1.381042,1.394132,1.372315,1.394132,118166092
2017-06-07,1.389768,1.414858,1.37886,1.387587,107753154
2017-06-08,1.389769,1.420313,1.371224,1.401768,150823585
2017-06-09,1.402859,1.426858,1.39195,1.410495,122776251
2017-06-12,1.409404,1.434494,1.400677,1.40395,106719263
2017-06-13,1.406132,1.418131,1.402859,1.410495,80332316
2017-06-14,1.408313,1.413768,1.399586,1.406132,120257845
2017-06-15,1.40395,1.413768,1.387587,1.399586,163326223
2017-06-16,1.412677,1.41704,1.374496,1.394132,182729527
2017-06-19,1.394132,1.405041,1.383223,1.387587,84649705
2017-06-20,1.393041,1.397405,1.37886,1.382132,72738656
2017-06-21,1.37886,1.423585,1.361406,1.415949,161703044
2017-06-22,1.41595,1.426858,1.408313,1.425767,99069752
2017-06-23,1.427949,1.438858,1.41704,1.426858,88354585
2017-06-26,1.478129,1.502128,1.469402,1.477038,237928533
2017-06-27,1.474856,1.511946,1.468311,1.503219,182826113
2017-06-28,1.511946,1.541399,1.489038,1.533763,205523356
2017-06-29,1.545763,1.55449,1.510855,1.513037,198067972
2017-06-30,1.518491,1.538127,1.50431,1.514128,138186264
2017-07-03,1.520673,1.557762,1.519582,1.55449,153228730
2017-07-04,1.552308,1.568671,1.545763,1.55449,104838226
2017-07-05,1.556672,1.561035,1.540308,1.551217,114972668
2017-07-06,1.545763,1.563217,1.539217,1.563217,126602600
2017-07-07,1.563217,1.564308,1.546854,1.549036,93650885
2017-07-10,1.556672,1.564308,1.552308,1.559944,79378701
2017-07-11,1.561035,1.568671,1.545763,1.545763,92861865
2017-07-12,1.551217,1.564308,1.545763,1.553399,84232460
2017-07-13,1.55449,1.557762,1.545763,1.555581,70172930
2017-07-14,1.557763,1.562126,1.539218,1.562126,101283656
2017-07-17,1.561035,1.568671,1.556672,1.565399,103514974
2017-07-18,1.559944,1.567581,1.547945,1.565399,121548961
2017-07-19,1.566489,1.56758,1.550126,1.557763,80369208
2017-07-20,1.557763,1.576308,1.553399,1.564308,109119319
2017-07-21,1.559944,1.56758,1.543581,1.555581,107467830
2017-07-24,1.550127,1.569762,1.542491,1.562126,92116392
2017-07-25,1.559944,1.585034,1.559944,1.574125,118162321
2017-07-26,1.576308,1.583944,1.569762,1.582853,73224727
2017-07-27,1.575216,1.59267,1.575216,1.585034,83951917
2017-07-28,1.586125,1.586125,1.565399,1.583943,113507107
2017-07-31,1.57958,1.606852,1.578489,1.588307,102230997
2017-08-01,1.603579,1.60467,1.557762,1.590489,160302556
2017-08-02,1.597034,1.599215,1.576307,1.581761,77470279
2017-08-03,1.578489,1.581761,1.561035,1.581761,88930731
2017-08-04,1.57958,1.602488,1.569762,1.592671,90863117
2017-08-07,1.595943,1.600306,1.589398,1.597034,53693917
2017-08-08,1.59267,1.601397,1.591579,1.593761,52534853
2017-08-09,1.587216,1.590488,1.563217,1.573035,102310435
2017-08-10,1.56758,1.574126,1.559944,1.568671,78191309
2017-08-11,1.555581,1.564308,1.54249,1.552308,90060855
2017-08-14,1.558854,1.574126,1.553399,1.562126,71652377
2017-08-16,1.574126,1.606852,1.571944,1.595943,105442094
2017-08-17,1.59267,1.60467,1.581762,1.590489,101001514
2017-08-18,1.570853,1.593761,1.568671,1.590489,75646361
2017-08-21,1.583944,1.588307,1.568671,1.57958,71319789
2017-08-22,1.586125,1.59267,1.561035,1.568671,89857113
2017-08-23,1.567581,1.577398,1.5414,1.545763,92453760
2017-08-24,1.553399,1.564308,1.544672,1.549036,76697582
2017-08-25,1.549036,1.56649,1.546854,1.549036,61166965
2017-08-28,1.543581,1.567581,1.543581,1.562126,53578785
2017-08-29,1.552308,1.563217,1.531582,1.533763,116232429
2017-08-30,1.545763,1.549035,1.533763,1.535945,58382689
2017-08-31,1.540309,1.561035,1.539218,1.546854,72814163
2017-09-01,1.55449,1.561035,1.550126,1.550126,61133251
2017-09-04,1.540309,1.550127,1.537036,1.546854,36965318
2017-09-05,1.545763,1.555581,1.528309,1.535945,59599727
2017-09-06,1.525036,1.544672,1.520673,1.533763,66275247
2017-09-07,1.539218,1.545763,1.527218,1.530491,91483360
2017-09-08,1.526127,1.544672,1.516309,1.533763,73009297
2017-09-11,1.54249,1.562126,1.54249,1.556672,87252887
2017-09-12,1.565399,1.573035,1.558853,1.571944,93932148
2017-09-13,1.574126,1.593761,1.570853,1.582853,86102638
2017-09-14,1.581762,1.600307,1.580671,1.595943,90191023
2017-09-15,1.600307,1.600307,1.589398,1.589398,144233911
2017-09-18,1.597034,1.606852,1.594852,1.599216,70253215
2017-09-19,1.601397,1.605761,1.598125,1.605761,49497463
2017-09-20,1.603579,1.612306,1.594852,1.599216,60799415
2017-09-21,1.60467,1.625397,1.60467,1.619942,88959303
2017-09-22,1.614488,1.635214,1.612306,1.621033,77132051
2017-09-25,1.619942,1.628669,1.60467,1.612306,72374991
2017-09-26,1.611215,1.624306,1.609034,1.622124,58803044
2017-09-27,1.624306,1.636305,1.623215,1.630851,91985139
2017-09-28,1.635214,1.640669,1.625397,1.628669,79785040
2017-09-29,1.630851,1.635214,1.626487,1.631942,69469762
2017-10-02,1.628669,1.633033,1.61776,1.633033,67747634
2017-10-03,1.635214,1.639578,1.625397,1.627578,47344472
2017-10-04,1.626487,1.627578,1.587216,1.600307,120487389
2017-10-05,1.590488,1.603579,1.574125,1.603579,110554554
2017-10-06,1.601398,1.60467,1.580671,1.598125,80959512
2017-10-09,1.593761,1.60467,1.581762,1.588307,57840409
2017-10-10,1.577398,1.57958,1.559944,1.575217,83984245
2017-10-11,1.575216,1.57958,1.549035,1.574125,117787172
2017-10-12,1.570853,1.575217,1.552308,1.558854,61371154
2017-10-13,1.555581,1.569762,1.547945,1.559944,77477558
2017-10-16,1.555581,1.568671,1.549035,1.563217,113365807
2017-10-17,1.563217,1.570853,1.55449,1.558854,67692339
2017-10-18,1.561035,1.570853,1.549035,1.570853,69421857
2017-10-19,1.571944,1.57958,1.545763,1.55449,88786797
2017-10-20,1.556672,1.569762,1.555581,1.564308,73397536
2017-10-23,1.56649,1.576308,1.552308,1.564308,56718908
2017-10-24,1.565399,1.590489,1.558854,1.582853,78847783
2017-10-25,1.581762,1.600307,1.576308,1.57958,69141177
2017-10-26,1.583944,1.603579,1.575217,1.594852,87160626
2017-10-27,1.603579,1.607943,1.574126,1.590489,91959369
2017-10-30,1.595943,1.600306,1.580671,1.588307,59530492
2017-10-31,1.586125,1.587216,1.566489,1.574125,69879883
2017-11-01,1.578489,1.582852,1.56758,1.569762,67290043
2017-11-02,1.569762,1.575216,1.552308,1.563217,79726883
2017-11-03,1.566489,1.56758,1.545763,1.55449,65831433
2017-11-06,1.553399,1.55449,1.537036,1.550126,64147976
2017-11-07,1.55449,1.576307,1.549035,1.55449,91361017
2017-11-08,1.558854,1.559944,1.534854,1.558854,83782883
2017-11-09,1.559944,1.569762,1.549036,1.553399,71929872
2017-11-10,1.553399,1.564308,1.5414,1.543581,68616832
2017-11-13,1.546854,1.547945,1.511946,1.530491,80322994
2017-11-14,1.532672,1.540308,1.516309,1.527218,54149762
2017-11-15,1.5174,1.533763,1.495583,1.527218,89744664
2017-11-16,1.531582,1.537036,1.511946,1.528309,72099308
2017-11-17,1.527218,1.538127,1.505401,1.511946,85492028
2017-11-20,1.505401,1.515219,1.498856,1.509764,65061478
2017-11-21,1.506492,1.526127,1.501037,1.509764,65018462
2017-11-22,1.513037,1.543581,1.508673,1.533763,81295987
2017-11-23,1.530491,1.544672,1.522855,1.535945,52404257
2017-11-24,1.530491,1.558854,1.530491,1.537036,61665398
2017-11-27,1.532673,1.540309,1.508673,1.508673,66423487
2017-11-28,1.509764,1.518491,1.502128,1.514128,52726583
2017-11-29,1.523945,1.545763,1.522855,1.538127,82168490
2017-11-30,1.545763,1.557762,1.535945,1.539218,74965769
2017-12-01,1.543581,1.544672,1.509764,1.509764,84177750
2017-12-04,1.5294,1.538127,1.522855,1.535945,65214084
2017-12-05,1.532672,1.545763,1.523945,1.527218,60393276
2017-12-06,1.514128,1.526127,1.507582,1.513037,71577216
2017-12-07,1.51631,1.537036,1.511946,1.530491,57434956
2017-12-08,1.539218,1.585034,1.539218,1.570853,125815870
2017-12-11,1.571944,1.589398,1.565399,1.568671,84532241
2017-12-12,1.573035,1.588307,1.555581,1.585034,109952546
2017-12-13,1.585034,1.601397,1.562126,1.566489,116782411
2017-12-14,1.558854,1.569762,1.531582,1.531582,113620705
2017-12-15,1.518491,1.528309,1.497765,1.528309,179327730
2017-12-18,1.535945,1.546854,1.527218,1.537036,77616210
2017-12-19,1.532673,1.5414,1.522855,1.522855,56598868
2017-12-20,1.523946,1.5294,1.511946,1.520673,63374469
2017-12-21,1.520673,1.549036,1.509764,1.543581,83732327
2017-12-22,1.535945,1.551217,1.525036,1.549036,63983318
2017-12-27,1.552308,1.55449,1.533764,1.537036,41058003
2017-12-28,1.532673,1.535945,1.521764,1.521764,56512100
2017-12-29,1.523946,1.525037,1.502128,1.510855,73906621
2018-01-02,1.510855,1.519582,1.493401,1.502128,81991381
2018-01-03,1.50431,1.507583,1.480311,1.499946,64884639
2018-01-04,1.502128,1.549035,1.498855,1.539218,99301235
2018-01-05,1.537036,1.547945,1.520673,1.535945,67577007
2018-01-08,1.538127,1.542491,1.526128,1.531582,57196438
2018-01-09,1.531582,1.550126,1.530491,1.549036,59647496
2018-01-10,1.550126,1.626487,1.549036,1.619942,190999413
2018-01-11,1.619942,1.64176,1.615579,1.62976,126866120
2018-01-12,1.639578,1.661395,1.631942,1.650487,96420364
2018-01-15,1.651578,1.66685,1.638487,1.657032,59442616
2018-01-16,1.660304,1.671213,1.650487,1.660304,85883671
2018-01-17,1.646123,1.669031,1.64285,1.66794,78418759
2018-01-18,1.667941,1.687576,1.660304,1.687576,90380357
2018-01-19,1.67994,1.697394,1.675577,1.684304,100442963
2018-01-22,1.67994,1.710484,1.676667,1.70503,86151823
2018-01-23,1.712666,1.729029,1.699576,1.706121,73579464
2018-01-24,1.70503,1.715939,1.681031,1.681031,66438793
2018-01-25,1.686485,1.709393,1.683213,1.702848,90788171
2018-01-26,1.702848,1.723575,1.699576,1.723575,81859611
2018-01-29,1.723575,1.737756,1.720848,1.737211,101609018
2018-01-30,1.722757,1.741847,1.703939,1.715939,93792617
2018-01-31,1.721393,1.727665,1.705303,1.723847,67978842
2018-02-01,1.733392,1.73612,1.70203,1.711848,90384495
2018-02-02,1.709939,1.714302,1.674758,1.699303,96470900
2018-02-05,1.691122,1.700667,1.668486,1.681849,104099682
2018-02-06,1.636305,1.732029,1.626488,1.693031,295915516
2018-02-07,1.731483,1.761755,1.71212,1.750846,212445236
2018-02-08,1.745938,1.754938,1.705848,1.716757,151329118
2018-02-09,1.703394,1.715666,1.663577,1.681849,169635676
2018-02-12,1.705848,1.714848,1.680485,1.693576,93087594
2018-02-13,1.690576,1.692757,1.669577,1.67694,87771019
2018-02-14,1.690576,1.700394,1.657032,1.691394,173898869
2018-02-15,1.700939,1.716484,1.677758,1.689212,109790420
2018-02-16,1.70503,1.716484,1.697121,1.711303,108623253
2018-02-19,1.717848,1.720575,1.69303,1.694939,53593576
2018-02-20,1.695485,1.700667,1.672849,1.684849,88577821
2018-02-21,1.677758,1.69194,1.666304,1.689758,59097508
2018-02-22,1.67994,1.684304,1.655668,1.668213,99979510
2018-02-23,1.666577,1.684031,1.655941,1.681576,69910537
2018-02-26,1.683485,1.69194,1.669577,1.682667,52879394
2018-02-27,1.687576,1.707485,1.678304,1.69194,102932473
2018-02-28,1.685667,1.706121,1.684031,1.688667,81781752
2018-03-01,1.683213,1.686213,1.665759,1.676122,83239350
2018-03-02,1.664395,1.667122,1.621306,1.639851,145067426
2018-03-05,1.597579,1.628124,1.581762,1.61667,135834799
2018-03-06,1.627851,1.636305,1.60767,1.631669,92747840
2018-03-07,1.625396,1.658668,1.62076,1.650214,75922016
2018-03-08,1.656213,1.67694,1.644486,1.659486,85101505
2018-03-09,1.653214,1.664668,1.647487,1.657032,76854534
2018-03-12,1.665486,1.670667,1.656213,1.664395,45642846
2018-03-13,1.662487,1.667123,1.64476,1.659759,78538306
2018-03-14,1.658123,1.661123,1.630851,1.634942,80136735
2018-03-15,1.636305,1.649941,1.627305,1.646123,100303717
2018-03-16,1.649669,1.68894,1.647487,1.678304,234461130
2018-03-19,1.677213,1.687031,1.651578,1.658123,76062430
2018-03-20,1.658668,1.678576,1.658668,1.668486,68742134
2018-03-21,1.670668,1.672577,1.639305,1.658668,77133191
2018-03-22,1.651032,1.658941,1.607125,1.629215,117634923
2018-03-23,1.603579,1.616942,1.587216,1.610397,126038145
2018-03-26,1.612306,1.613942,1.584762,1.594852,85543439
2018-03-27,1.618306,1.621033,1.589943,1.596216,78143695
2018-03-28,1.584489,1.61067,1.578762,1.61067,91493660
2018-03-29,1.611488,1.624851,1.610943,1.610943,69943006
2018-04-03,1.607943,1.623488,1.600034,1.612852,68040935
2018-04-04,1.612579,1.615579,1.588034,1.607124,81469484
2018-04-05,1.624033,1.644759,1.62376,1.637941,83202420
2018-04-06,1.636305,1.639305,1.625942,1.633851,64304778
2018-04-09,1.636033,1.655123,1.634124,1.647759,59040817
2018-04-10,1.656759,1.664668,1.647759,1.655941,68200984
2018-04-11,1.655941,1.657577,1.636305,1.644487,55766432
2018-04-12,1.646942,1.663577,1.640669,1.663577,62114753
2018-04-13,1.665759,1.695212,1.660577,1.672849,100391796
2018-04-16,1.673122,1.682122,1.671486,1.677759,53119076
2018-04-17,1.683213,1.711575,1.683213,1.693576,101079897
2018-04-18,1.709667,1.71103,1.685668,1.696303,76822705
2018-04-19,1.69603,1.702303,1.691939,1.697121,58863428
2018-04-20,1.703939,1.717575,1.695213,1.709939,82250850
2018-04-23,1.709939,1.729029,1.709666,1.727938,85610795
2018-04-24,1.729029,1.745392,1.724393,1.742938,93437136
2018-04-25,1.737211,1.74512,1.709394,1.72003,92667131
2018-04-26,1.723848,1.735302,1.718393,1.730666,60695344
2018-04-27,1.730393,1.735029,1.708303,1.719757,74106248
2018-04-30,1.726029,1.73312,1.716484,1.721938,72177707
2018-05-02,1.72412,1.733393,1.718666,1.728211,76396540
2018-05-03,1.727938,1.731211,1.712666,1.719757,67002503
2018-05-04,1.720848,1.722757,1.703939,1.718393,75904508
2018-05-07,1.722757,1.732847,1.713757,1.724393,57959608
2018-05-08,1.726575,1.728211,1.683758,1.714575,155650712
2018-05-09,1.72003,1.735574,1.717302,1.723575,112507959
2018-05-10,1.723575,1.729029,1.697121,1.707757,114481736
2018-05-11,1.711575,1.717029,1.699848,1.715939,60259451
2018-05-14,1.718121,1.718393,1.698212,1.718121,70081725
2018-05-15,1.714302,1.734484,1.712939,1.733393,88694144
2018-05-16,1.721394,1.725484,1.672304,1.690849,194978071
2018-05-17,1.687576,1.701757,1.655395,1.677485,134659097
2018-05-18,1.683758,1.684031,1.62676,1.636305,222493112
2018-05-21,1.63806,1.664678,1.616122,1.62636,174633405
2018-05-22,1.63572,1.652101,1.61583,1.637475,159117521
2018-05-23,1.63338,1.63338,1.603544,1.608809,129946214
2018-05-24,1.619925,1.630455,1.579558,1.593891,120848258
2018-05-25,1.591259,1.591259,1.518131,1.543287,246039655
2018-05-28,1.574293,1.590966,1.466942,1.493268,211952766
2018-05-29,1.450853,1.458459,1.392936,1.432133,331224162
2018-05-30,1.450561,1.490342,1.430085,1.474839,259393413
2018-05-31,1.499703,1.511403,1.443248,1.471037,239100403
2018-06-01,1.521056,1.556157,1.509355,1.519593,227519520
2018-06-04,1.546797,1.553817,1.496485,1.519301,145346806
2018-06-05,1.50526,1.528954,1.455826,1.461091,178269995
2018-06-06,1.458166,1.471622,1.41195,1.453486,197198018
2018-06-07,1.473084,1.478642,1.423065,1.436228,135756543
2018-06-08,1.406392,1.42248,1.398494,1.418677,132646746
2018-06-11,1.478057,1.516668,1.463724,1.512866,203010305
2018-06-12,1.521056,1.532756,1.501458,1.511988,119025826
2018-06-13,1.513451,1.534219,1.508478,1.519886,113513534
2018-06-14,1.513158,1.523396,1.493267,1.517546,166461180
2018-06-15,1.526321,1.526614,1.470159,1.490342,180104551
2018-06-18,1.48186,1.506723,1.480397,1.493852,86012432
2018-06-19,1.472792,1.513743,1.463724,1.501165,90819711
2018-06-20,1.515206,1.537144,1.514621,1.528954,111670303
2018-06-21,1.530416,1.539192,1.495023,1.498825,97067062
2018-06-22,1.50994,1.529246,1.497655,1.514035,70011217
2018-06-25,1.503213,1.503505,1.464894,1.464894,80965272
2018-06-26,1.483907,1.483907,1.440323,1.449683,93486491
2018-06-27,1.447343,1.450561,1.403174,1.427453,145788464
2018-06-28,1.416629,1.455533,1.407854,1.455533,107924201
2018-06-29,1.473084,1.497655,1.454656,1.454656,109861742
2018-07-02,1.43769,1.450268,1.411949,1.444125,85086529
2018-07-03,1.458166,1.484785,1.443833,1.473669,93656586
2018-07-04,1.468404,1.48186,1.466649,1.480982,44211759
2018-07-05,1.485955,1.514328,1.485662,1.50058,88984452
2018-07-06,1.505553,1.508771,1.49239,1.498533,58805112
2018-07-09,1.50877,1.509941,1.495023,1.501458,49033767
2018-07-10,1.50292,1.5076,1.469867,1.477472,64415483
2018-07-11,1.468404,1.472792,1.443248,1.447928,77143039
2018-07-12,1.450853,1.456118,1.430377,1.430963,81375847
2018-07-13,1.441493,1.445881,1.424528,1.439446,69891811
2018-07-16,1.439446,1.460506,1.43652,1.43652,53989460
2018-07-17,1.4412,1.456996,1.428037,1.450853,66562214
2018-07-18,1.452023,1.454364,1.432133,1.4412,77920836
2018-07-19,1.435643,1.446173,1.413705,1.4178,75956986
2018-07-20,1.409902,1.416045,1.394984,1.407269,115260340
2018-07-23,1.405222,1.422187,1.396446,1.404637,65406832
2018-07-24,1.419847,1.447928,1.41897,1.447928,84896023
2018-07-25,1.445003,1.454071,1.429793,1.431255,63411094
2018-07-26,1.435935,1.449391,1.432133,1.449391,57633017
2018-07-27,1.452023,1.474839,1.445003,1.468112,61124770
2018-07-30,1.466064,1.480105,1.461969,1.480105,54239795
2018-07-31,1.47718,1.540947,1.47718,1.540947,150133167
2018-08-01,1.541532,1.555572,1.468989,1.470159,154014473
2018-08-02,1.468404,1.469282,1.404052,1.413412,161620465
2018-08-03,1.42365,1.43418,1.384161,1.430378,111477320
2018-08-06,1.437983,1.438568,1.422187,1.427453,100161455
2018-08-07,1.433303,1.436228,1.42365,1.427453,67345994
2018-08-08,1.430377,1.43067,1.409609,1.410194,85027282
2018-08-09,1.409025,1.413997,1.392644,1.395277,78293517
2018-08-10,1.384161,1.385038,1.323319,1.344379,167747835
2018-08-13,1.327999,1.337944,1.301673,1.322149,116866376
2018-08-14,1.339114,1.342332,1.306061,1.310448,86709631
2018-08-16,1.298748,1.313666,1.28266,1.286755,107773448
2018-08-17,1.287047,1.287925,1.256334,1.276809,114516530
2018-08-20,1.275639,1.289387,1.263939,1.268912,64763105
2018-08-21,1.268912,1.311911,1.268619,1.311911,95819045
2018-08-22,1.308986,1.324489,1.289095,1.29319,75475476
2018-08-23,1.291143,1.29436,1.277395,1.287047,67007382
2018-08-24,1.286755,1.296993,1.280905,1.289095,54916832
2018-08-27,1.290265,1.291143,1.271252,1.288803,54383636
2018-08-28,1.288217,1.294945,1.258674,1.274762,92874377
2018-08-29,1.268327,1.291728,1.261599,1.291728,76722184
2018-08-30,1.287047,1.292313,1.261306,1.261306,89771346
2018-08-31,1.263647,1.270667,1.235273,1.244634,102691706
2018-09-03,1.246096,1.270082,1.245511,1.270082,68602255
2018-09-04,1.28149,1.339992,1.272714,1.335896,165665193
2018-09-05,1.329461,1.392351,1.327706,1.363978,196201234
2018-09-06,1.361053,1.382113,1.345549,1.345549,87353943
2018-09-07,1.3514,1.355495,1.308108,1.323611,107148746
2018-09-10,1.332679,1.396154,1.325951,1.383576,141861817
2018-09-11,1.400249,1.403759,1.356372,1.361638,99138309
2018-09-12,1.361053,1.370705,1.319224,1.36895,145195760
2018-09-13,1.35725,1.377433,1.352277,1.362515,75319527
2018-09-14,1.367195,1.371876,1.349352,1.371291,66268611
2018-09-17,1.36895,1.404052,1.36895,1.403174,103913487
2018-09-18,1.397909,1.402882,1.380066,1.401419,86070222
2018-09-19,1.404637,1.424527,1.385624,1.42014,118116879
2018-09-20,1.418092,1.436813,1.404052,1.41312,151498643
2018-09-21,1.426575,1.439153,1.414875,1.432425,277832823
2018-09-24,1.425698,1.427453,1.401419,1.402297,84039167
2018-09-25,1.409609,1.445003,1.407855,1.445003,111388105
2018-09-26,1.439446,1.443541,1.423065,1.423065,113650396
2018-09-27,1.396154,1.408439,1.36427,1.406392,136048301
2018-09-28,1.327999,1.35842,1.283537,1.287632,304694035
2018-10-01,1.280612,1.311618,1.228253,1.23732,171356411
2018-10-02,1.212165,1.241708,1.182914,1.233225,201658035
2018-10-03,1.283245,1.286755,1.232055,1.239953,165957646
2018-10-04,1.251946,1.271837,1.23615,1.266572,147886699
2018-10-05,1.258089,1.259844,1.222695,1.227668,136760214
2018-10-08,1.208947,1.209825,1.176186,1.187594,160514698
2018-10-09,1.192274,1.213627,1.169575,1.213627,221949297
2018-10-10,1.189934,1.248436,1.189934,1.220062,136924449
2018-10-11,1.201049,1.22796,1.185546,1.189934,154777212
2018-10-12,1.200757,1.22094,1.184961,1.185254,128190371
2018-10-15,1.184376,1.208654,1.182328,1.194321,85600627
2018-10-16,1.196662,1.215967,1.186131,1.210995,109539983
2018-10-17,1.216552,1.226205,1.195199,1.197247,105194643
2018-10-18,1.188764,1.200464,1.157758,1.157758,147961068
2018-10-19,1.153896,1.178818,1.116689,1.1608,210807750
2018-10-22,1.196954,1.215675,1.134123,1.151088,169099784
2018-10-23,1.133187,1.172383,1.129091,1.151439,147732658
2018-10-24,1.155651,1.157406,1.111892,1.111892,127689962
2018-10-25,1.111307,1.146876,1.10218,1.142664,156501370
2018-10-26,1.136112,1.139037,1.112945,1.133655,130691190
2018-10-29,1.160566,1.184961,1.149567,1.168054,138948024
2018-10-30,1.172383,1.191981,1.156353,1.165363,139416219
2018-10-31,1.179404,1.179696,1.142313,1.142547,143916292
2018-11-01,1.14009,1.164076,1.135761,1.161736,91713172
2018-11-02,1.178233,1.184083,1.169341,1.173846,109052982
2018-11-05,1.165948,1.168873,1.142196,1.15612,103652678
2018-11-06,1.150035,1.197539,1.136814,1.17092,132803129
2018-11-07,1.171798,1.204267,1.170043,1.202219,125316058
2018-11-08,1.205144,1.219185,1.177648,1.187009,106216198
2018-11-09,1.175893,1.182036,1.160098,1.173261,98184591
2018-11-12,1.173261,1.175308,1.146759,1.146759,79170654
2018-11-13,1.148865,1.174723,1.138803,1.171506,105234290
2018-11-14,1.158225,1.172675,1.142664,1.15764,76374993
2018-11-15,1.161736,1.172091,1.128156,1.143015,104677883
2018-11-16,1.144068,1.152141,1.115051,1.12289,139676738
2018-11-19,1.118561,1.149216,1.118561,1.126868,88806183
2018-11-20,1.120901,1.124177,1.08931,1.099138,127619731
2018-11-21,1.123241,1.141377,1.110956,1.130262,125373323
2018-11-22,1.125464,1.14828,1.110956,1.130144,97234477
2018-11-23,1.134942,1.154247,1.132134,1.142079,87275762
2018-11-26,1.182036,1.21275,1.177356,1.193736,166858254
2018-11-27,1.188764,1.211872,1.184084,1.193152,116192459
2018-11-28,1.193444,1.213335,1.193444,1.201634,125809191
2018-11-29,1.216845,1.22445,1.182621,1.189056,125288930
2018-11-30,1.192859,1.198124,1.171798,1.198124,100495146
2018-12-03,1.225912,1.242,1.222695,1.235858,147050057
2018-12-04,1.231178,1.238198,1.207484,1.207484,107007794
2018-12-05,1.193444,1.222402,1.185546,1.217137,110688306
2018-12-06,1.201634,1.204559,1.149801,1.154481,191779021
2018-12-07,1.166299,1.17092,1.15612,1.159513,98272066
2018-12-10,1.152726,1.169458,1.134708,1.134708,109203349
2018-12-11,1.138452,1.144185,1.126869,1.131432,98428574
2018-12-12,1.135995,1.183206,1.131198,1.177648,132886707
2018-12-13,1.199294,1.226205,1.184084,1.188764,144099680
2018-12-14,1.182914,1.187009,1.1608,1.178234,81335907
2018-12-17,1.181743,1.182621,1.154247,1.154247,91045602
2018-12-18,1.146408,1.174723,1.141494,1.161268,95631383
2018-12-19,1.190226,1.22094,1.179988,1.181158,155252646
2018-12-20,1.163608,1.167352,1.137867,1.137867,191159766
2018-12-21,1.130613,1.135644,1.108031,1.118678,228601040
2018-12-27,1.111541,1.120433,1.100659,1.116806,131601243
2018-12-28,1.123358,1.147695,1.119497,1.134825,101913177
2019-01-02,1.127688,1.130847,1.101479,1.115285,98236797
2019-01-03,1.108733,1.138335,1.108616,1.11236,120516423
2019-01-04,1.124996,1.169575,1.123241,1.169575,135132352
2019-01-07,1.175893,1.195199,1.170628,1.189349,106166510
2019-01-08,1.191689,1.203389,1.172383,1.175601,110672611
2019-01-09,1.184376,1.187301,1.165948,1.173846,105878636
2019-01-10,1.16782,1.185254,1.163374,1.182328,73505445
2019-01-11,1.182036,1.184669,1.16431,1.176478,82192921
2019-01-14,1.169926,1.175308,1.14594,1.159396,106073872
2019-01-15,1.168873,1.174723,1.125231,1.144887,137344144
2019-01-16,1.150503,1.187594,1.150503,1.187594,131053327
2019-01-17,1.175893,1.192274,1.16899,1.177941,93866981
2019-01-18,1.191104,1.197539,1.184376,1.192567,113360522
2019-01-21,1.189349,1.192859,1.179988,1.192859,44841235
2019-01-22,1.179696,1.187594,1.174138,1.185546,83454859
2019-01-23,1.179111,1.208362,1.170628,1.192859,95948108
2019-01-24,1.199001,1.210994,1.178526,1.186424,126587456
2019-01-25,1.198124,1.209824,1.188471,1.207777,112174223
2019-01-28,1.199879,1.201927,1.190519,1.196662,99402495
2019-01-29,1.194029,1.204559,1.186424,1.198417,78962784
2019-01-30,1.197831,1.205729,1.190226,1.205729,90439865
2019-01-31,1.209825,1.213335,1.154248,1.167001,230822472
2019-02-01,1.167001,1.176478,1.128038,1.148163,151095232
2019-02-04,1.145355,1.157758,1.133889,1.147578,104941723
2019-02-05,1.151791,1.184669,1.143132,1.165831,217949783
2019-02-06,1.152609,1.198124,1.150737,1.193736,163685712
2019-02-07,1.183791,1.204559,1.160917,1.160917,173132240
2019-02-08,1.155651,1.171798,1.144536,1.155651,119326417
2019-02-11,1.155534,1.186716,1.155066,1.169809,128091867
2019-02-12,1.178818,1.182328,1.162555,1.173553,125391300
2019-02-13,1.176478,1.184376,1.167703,1.177648,111583633
2019-02-14,1.183791,1.183791,1.158343,1.160683,133836477
2019-02-15,1.152493,1.199294,1.150738,1.197539,199670916
2019-02-18,1.199587,1.216552,1.199294,1.20807,123201050
2019-02-19,1.203389,1.21275,1.188764,1.202512,128775029
2019-02-20,1.203974,1.204267,1.189934,1.203097,93228353
2019-02-21,1.202804,1.208947,1.185839,1.193444,109980712
2019-02-22,1.191397,1.202219,1.191104,1.194614,64899447
2019-02-25,1.208069,1.222402,1.206607,1.219477,128508271
2019-02-26,1.21392,1.22094,1.209825,1.214797,130698068
2019-02-27,1.210702,1.253701,1.21041,1.246973,173552692
2019-02-28,1.244341,1.280612,1.242293,1.268912,203535962
2019-03-01,1.277102,1.282952,1.262476,1.262476,119028692
2019-03-04,1.270959,1.275054,1.254286,1.266864,94725899
2019-03-05,1.268619,1.28032,1.257796,1.264524,99429968
2019-03-06,1.264524,1.285,1.257504,1.276517,106400334
2019-03-07,1.277395,1.298163,1.236151,1.248144,221736467
2019-03-08,1.240246,1.254871,1.229423,1.239661,168691981
2019-03-11,1.248436,1.255456,1.240831,1.250484,85171778
2019-03-12,1.261306,1.265109,1.243171,1.249606,87876437
2019-03-13,1.246388,1.261306,1.244341,1.260429,76477729
2019-03-14,1.259844,1.281197,1.259844,1.269497,139716426
2019-03-15,1.276517,1.286462,1.266572,1.286462,237234002
2019-03-18,1.292897,1.318053,1.289095,1.306353,134126834
2019-03-19,1.310741,1.323319,1.29553,1.308108,115295140
2019-03-20,1.307231,1.317761,1.304598,1.304598,83955242
2019-03-21,1.299333,1.306646,1.29436,1.295823,114219444
2019-03-22,1.299333,1.302258,1.249314,1.261599,213039394
2019-03-25,1.252239,1.271837,1.244633,1.257211,99232056
2019-03-26,1.260721,1.267157,1.250191,1.253994,99513116
2019-03-27,1.254579,1.29202,1.244048,1.263647,157251906
2019-03-28,1.259844,1.265987,1.252239,1.265987,92092637
2019-03-29,1.272714,1.277395,1.261892,1.270082,94054310
2019-04-01,1.27915,1.293775,1.274469,1.290265,124898782
2019-04-02,1.288217,1.292312,1.278857,1.285877,81454830
2019-04-03,1.291728,1.306353,1.289095,1.297285,121115740
2019-04-04,1.296993,1.313666,1.290265,1.306938,113821584
2019-04-05,1.310741,1.313958,1.299918,1.306938,84301002
2019-04-08,1.308401,1.313666,1.300795,1.306353,78481294
2019-04-09,1.308108,1.319809,1.30021,1.308401,97383914
2019-04-10,1.308986,1.314836,1.294945,1.299626,94117125
2019-04-11,1.300795,1.316298,1.28734,1.307231,136897066
2019-04-12,1.306938,1.348475,1.301965,1.335896,183635824
2019-04-15,1.345257,1.361345,1.340284,1.346135,107414847
2019-04-16,1.351692,1.364855,1.343794,1.358712,125716775
2019-04-17,1.365441,1.377726,1.357835,1.370121,121671772
2019-04-18,1.369535,1.3748,1.349352,1.364563,140068617
2019-04-23,1.36427,1.369535,1.348182,1.357835,89368925
2019-04-24,1.352862,1.354032,1.318346,1.330924,158537341
2019-04-25,1.332094,1.339992,1.323904,1.332094,75413729
2019-04-26,1.328876,1.338529,1.323319,1.336774,85149827
2019-04-29,1.348767,1.368365,1.345842,1.36427,131399255
2019-04-30,1.36076,1.372753,1.356372,1.367195,119004026
2019-05-02,1.3631,1.379773,1.353447,1.361345,107183606
2019-05-03,1.366025,1.367195,1.34906,1.35842,82241391
2019-05-06,1.327999,1.343209,1.321856,1.339407,118420285
2019-05-07,1.342917,1.360175,1.299918,1.311618,186608688
2019-05-08,1.298748,1.303428,1.283537,1.296408,148629660
2019-05-09,1.284122,1.289972,1.258966,1.266279,157669237
2019-05-10,1.276517,1.28851,1.258089,1.263354,111898694
2019-05-13,1.263647,1.265109,1.239076,1.239076,135034656
2019-05-14,1.247266,1.257796,1.229715,1.257796,125122222
2019-05-15,1.255164,1.256919,1.226205,1.246973,168757165
2019-05-16,1.243756,1.277395,1.238198,1.277395,159902179
2019-05-17,1.280905,1.282952,1.263939,1.269789,193412988
2019-05-20,1.293274,1.306142,1.272685,1.272685,267555796
2019-05-21,1.280406,1.28195,1.25557,1.272041,149315227
2019-05-22,1.267537,1.271398,1.245404,1.249264,141454533
2019-05-23,1.238583,1.2418,1.218123,1.224428,172501432
2019-05-24,1.232535,1.249264,1.228803,1.234594,129010405
2019-05-27,1.241543,1.254283,1.219281,1.227774,72898819
2019-05-28,1.223141,1.223913,1.195732,1.214133,163043820
2019-05-29,1.197404,1.208471,1.190713,1.200493,129483038
2019-05-30,1.206927,1.214133,1.188011,1.200107,100855754
2019-05-31,1.182091,1.18608,1.160344,1.179904,182606976
2019-06-03,1.168064,1.177458,1.16163,1.174885,106396116
2019-06-04,1.169737,1.207828,1.167936,1.20075,133987183
2019-06-05,1.200364,1.201522,1.167678,1.190327,112388136
2019-06-06,1.190327,1.212203,1.161116,1.175142,142311859
2019-06-07,1.180676,1.187238,1.171796,1.17926,86088119
2019-06-10,1.183249,1.193415,1.1763,1.187625,68321992
2019-06-11,1.184665,1.196375,1.178745,1.188525,83232508
2019-06-12,1.177458,1.185694,1.170381,1.176172,93685838
2019-06-13,1.172311,1.186852,1.163303,1.18518,71513585
2019-06-14,1.178745,1.186852,1.174241,1.18222,74125611
2019-06-17,1.184536,1.189297,1.178102,1.178102,62716233
2019-06-18,1.1763,1.206027,1.16073,1.205383,162257949
2019-06-19,1.208085,1.228288,1.203581,1.22713,119271192
2019-06-20,1.233822,1.241157,1.214133,1.216578,187776642
2019-06-21,1.221597,1.231377,1.204225,1.206412,224296291
2019-06-24,1.202166,1.221082,1.199077,1.206284,74685911
2019-06-25,1.20268,1.209243,1.1929,1.202166,72294208
2019-06-26,1.198434,1.214648,1.195088,1.208214,83972073
2019-06-27,1.21542,1.225071,1.207442,1.208729,100106160
2019-06-28,1.21053,1.214133,1.203967,1.210916,103490414
2019-07-01,1.222498,1.224943,1.20075,1.201651,94089515
2019-07-02,1.210916,1.217865,1.194831,1.212847,88887870
2019-07-03,1.20667,1.274486,1.203839,1.274486,204963830
2019-07-04,1.280406,1.314829,1.280406,1.303569,185480060
2019-07-05,1.30936,1.314185,1.291987,1.307429,112994574
2019-07-08,1.298421,1.312255,1.289092,1.2981,91326320
2019-07-09,1.294239,1.296491,1.276931,1.291022,102829883
2019-07-10,1.295526,1.320298,1.292952,1.306786,109618769
2019-07-11,1.314828,1.326732,1.307429,1.32255,83113779
2019-07-12,1.327054,1.334775,1.319654,1.319654,80930633
2019-07-15,1.323836,1.328662,1.306464,1.318046,65898461
2019-07-16,1.31322,1.334131,1.31322,1.326732,91533799
2019-07-17,1.325767,1.334453,1.313864,1.314507,78455921
2019-07-18,1.310003,1.328019,1.302604,1.319011,88689210
2019-07-19,1.332201,1.333809,1.283751,1.291987,157351048
2019-07-22,1.286711,1.298421,1.28388,1.294239,93385489
2019-07-23,1.297456,1.318367,1.296491,1.30936,83007946
2019-07-24,1.310646,1.315472,1.294239,1.30936,72952685
2019-07-25,1.311611,1.338313,1.291344,1.299708,153440321
2019-07-26,1.300351,1.302282,1.287483,1.293274,88679828
2019-07-29,1.291022,1.297778,1.281178,1.281178,62197711
2019-07-30,1.280406,1.281306,1.243087,1.264964,157098759
2019-07-31,1.267409,1.28877,1.256857,1.261361,122878586
2019-08-01,1.26136,1.301317,1.26136,1.28684,135656648
2019-08-02,1.262647,1.275258,1.249521,1.256342,138987735
2019-08-05,1.253382,1.273843,1.246562,1.266122,136389086
2019-08-06,1.271398,1.273585,1.251194,1.251194,75338356
2019-08-07,1.256084,1.259173,1.221726,1.228932,140309575
2019-08-08,1.242315,1.255956,1.227774,1.251709,85942153
2019-08-09,1.219023,1.219023,1.192,1.206284,200288827
2019-08-12,1.214906,1.219538,1.181319,1.181319,111863461
2019-08-13,1.178102,1.216064,1.165234,1.214262,133437048
2019-08-14,1.209629,1.213876,1.179003,1.187496,136479920
2019-08-16,1.194187,1.21735,1.184021,1.210916,196454418
2019-08-19,1.229447,1.245661,1.227259,1.231634,123200051
2019-08-20,1.228932,1.231506,1.210659,1.224685,88106928
2019-08-21,1.227645,1.249135,1.227645,1.237039,90895847
2019-08-22,1.23601,1.263291,1.232149,1.249393,99222242
2019-08-23,1.262776,1.264577,1.224557,1.224557,123055215
2019-08-26,1.22327,1.256213,1.222498,1.248235,118697120
2019-08-27,1.257243,1.265478,1.245018,1.253511,107341856
2019-08-28,1.254669,1.271526,1.246948,1.266636,165815557
2019-08-29,1.272685,1.307751,1.268695,1.295526,175020992
2019-08-30,1.299065,1.304534,1.275516,1.282465,139750829
2019-09-02,1.28684,1.299065,1.283108,1.289092,61050423
2019-09-03,1.293274,1.296491,1.273071,1.287161,76534306
2019-09-04,1.313542,1.317724,1.300351,1.304534,123880188
2019-09-05,1.31322,1.322871,1.304856,1.322871,125926029
2019-09-06,1.325445,1.336383,1.314828,1.329949,118252483
2019-09-09,1.336061,1.352469,1.332523,1.352147,104915430
2019-09-10,1.352147,1.37531,1.343782,1.366302,137847475
2019-09-11,1.372093,1.381744,1.338957,1.356329,163934956
2019-09-12,1.353756,1.376275,1.333166,1.365659,175115719
2019-09-13,1.376919,1.405872,1.374666,1.403942,178917743
2019-09-16,1.396221,1.407803,1.375954,1.379171,139357713
2019-09-17,1.37724,1.380779,1.360511,1.367267,121961163
2019-09-18,1.371128,1.379492,1.367911,1.367911,76733066
2019-09-19,1.371771,1.396221,1.368554,1.392361,113216968
2019-09-20,1.392361,1.403942,1.38657,1.393648,180464891
2019-09-23,1.393648,1.394291,1.365659,1.37724,103355544
2019-09-24,1.382066,1.387857,1.370485,1.370485,85999164
2019-09-25,1.363728,1.373701,1.335096,1.373701,118517774
2019-09-26,1.370485,1.386248,1.365659,1.378849,101312867
2019-09-27,1.386248,1.393969,1.380136,1.390109,76134291
2019-09-30,1.393004,1.40169,1.387857,1.39976,95370401
2019-10-01,1.402977,1.415202,1.381423,1.38657,117614257
2019-10-02,1.382066,1.387213,1.347321,1.347321,140336521
2019-10-03,1.347965,1.356651,1.326732,1.345391,114191476
2019-10-04,1.345391,1.352469,1.334131,1.348286,79152046
2019-10-07,1.345069,1.356329,1.33767,1.356329,62008746
2019-10-08,1.360512,1.361155,1.330593,1.342174,76194525
2019-10-09,1.33767,1.36212,1.33767,1.353434,70218069
2019-10-10,1.354721,1.38464,1.351182,1.383031,110513867
2019-10-11,1.387857,1.406516,1.380457,1.406516,151538267
2019-10-14,1.396543,1.405229,1.392361,1.402655,78616650
2019-10-15,1.411663,1.425819,1.403299,1.421958,137438957
2019-10-16,1.421314,1.454772,1.419384,1.440295,182533638
2019-10-17,1.435148,1.46378,1.434183,1.435791,142521621
2019-10-18,1.442226,1.4448,1.428392,1.437722,108436013
2019-10-21,1.437722,1.461207,1.434826,1.449625,118457476
2019-10-22,1.457346,1.46378,1.446408,1.46378,118319268
2019-10-23,1.45606,1.466354,1.446408,1.460563,135750647
2019-10-24,1.463137,1.470858,1.452842,1.461207,115864605
2019-10-25,1.461207,1.465067,1.449947,1.462172,70881348
2019-10-28,1.457668,1.468606,1.447051,1.466032,83098734
2019-10-29,1.468284,1.473432,1.461528,1.46185,77790299
2019-10-30,1.463459,1.467641,1.42614,1.44673,120392255
2019-10-31,1.447695,1.45059,1.431287,1.445121,102364086
2019-11-01,1.447695,1.462493,1.439652,1.462493,77603854
2019-11-04,1.466997,1.483726,1.465067,1.483726,138915066
2019-11-05,1.489195,1.511715,1.4863,1.505602,187207343
2019-11-06,1.509141,1.522975,1.492412,1.503994,149437952
2019-11-07,1.512359,1.529409,1.508498,1.515897,134439711
2019-11-08,1.516219,1.517184,1.493378,1.507533,126002191
2019-11-11,1.499169,1.516541,1.492734,1.516541,87593952
2019-11-12,1.522975,1.537452,1.518149,1.530053,122892061
2019-11-13,1.524262,1.526835,1.495951,1.50882,115224834
2019-11-14,1.505924,1.513645,1.495308,1.496595,80699701
2019-11-15,1.506568,1.509785,1.493378,1.504316,87576665
2019-11-18,1.50882,1.517506,1.501742,1.512037,91393189
2019-11-19,1.513324,1.529409,1.505924,1.510428,96904250
2019-11-20,1.503351,1.511072,1.49563,1.50882,86053281
2019-11-21,1.501742,1.517184,1.497881,1.51461,75237410
2019-11-22,1.518149,1.52587,1.504959,1.507854,77801082
2019-11-25,1.516219,1.520723,1.507211,1.513646,41444685
2019-11-26,1.511394,1.514289,1.500455,1.50689,82290353
2019-11-27,1.508176,1.510106,1.49756,1.49756,62688089
2019-11-28,1.492734,1.495952,1.477936,1.4863,64034958
2019-11-29,1.477292,1.489839,1.474719,1.480188,70270722
2019-12-02,1.484048,1.503029,1.456703,1.461207,104503483
2019-12-03,1.465067,1.474397,1.394934,1.444477,102108853
2019-12-04,1.450912,1.474075,1.446408,1.474075,77054982
2019-12-05,1.476005,1.487265,1.467962,1.472145,60910523
2019-12-06,1.479544,1.492734,1.467641,1.488552,81039977
2019-12-09,1.492734,1.493378,1.464424,1.477936,75045173
2019-12-10,1.476005,1.484691,1.464102,1.48244,67906401
2019-12-11,1.477935,1.490482,1.476649,1.486943,55054038
2019-12-12,1.490804,1.520723,1.489196,1.513646,110830282
2019-12-13,1.533591,1.537774,1.491126,1.497882,146026134
2019-12-16,1.507855,1.513645,1.501099,1.509785,65642064
2019-12-17,1.506568,1.521045,1.505603,1.520401,84817545
2019-12-18,1.521045,1.527801,1.516219,1.522332,70191489
2019-12-19,1.519115,1.53134,1.517184,1.53134,87441143
2019-12-20,1.544208,1.547425,1.527801,1.547425,220630496
2019-12-23,1.539704,1.545816,1.531661,1.54453,59129289
2019-12-27,1.538095,1.543886,1.515254,1.515254,85908015
2019-12-30,1.515254,1.522653,1.511072,1.511072,45563575
2020-01-02,1.523297,1.533913,1.517827,1.531983,71760019
2020-01-03,1.526192,1.526835,1.503672,1.511715,86629018
2020-01-06,1.496916,1.507533,1.470858,1.505602,86463465
2020-01-07,1.512037,1.517506,1.501742,1.50882,62600412
2020-01-08,1.494343,1.518471,1.489839,1.504316,97035178
2020-01-09,1.521688,1.531018,1.516863,1.527479,90032175
2020-01-10,1.528766,1.530375,1.515576,1.516541,65528049
2020-01-13,1.520723,1.522975,1.501742,1.506246,71221102
2020-01-14,1.505603,1.511072,1.486944,1.510107,90239786
2020-01-15,1.50882,1.50882,1.4863,1.492734,96739311
2020-01-16,1.495951,1.501742,1.478579,1.494343,90772913
2020-01-17,1.499812,1.511393,1.494986,1.50335,66933164
2020-01-20,1.498203,1.501742,1.4863,1.491769,49611652
2020-01-21,1.485013,1.4863,1.472467,1.48244,80836422
2020-01-22,1.479222,1.483726,1.456059,1.466997,102424188
2020-01-23,1.461206,1.478257,1.450912,1.459276,77107388
2020-01-24,1.466354,1.481153,1.461207,1.465711,70441500
2020-01-27,1.460242,1.491447,1.449303,1.450912,147158071
2020-01-28,1.457346,1.488873,1.440939,1.483405,112703643
2020-01-29,1.481796,1.49563,1.476971,1.492734,69010236
2020-01-30,1.477292,1.481153,1.455416,1.474397,108764240
2020-01-31,1.479866,1.481474,1.440295,1.444799,132575712
2020-02-03,1.448016,1.47311,1.445443,1.470214,92218747
2020-02-04,1.492091,1.529409,1.483083,1.513002,184520579
2020-02-05,1.518471,1.576057,1.516541,1.576057,241842028
2020-02-06,1.593429,1.617879,1.588604,1.590212,179797081
2020-02-07,1.58603,1.594073,1.577022,1.593108,86604351
2020-02-10,1.586995,1.599542,1.580883,1.58217,72979804
2020-02-11,1.591821,1.606298,1.583778,1.59729,103714466
2020-02-12,1.596968,1.627531,1.596968,1.613375,121747624
2020-02-13,1.60855,1.614984,1.589247,1.614984,103493811
2020-02-14,1.615627,1.616271,1.604046,1.613375,86112424
2020-02-17,1.615949,1.634286,1.615949,1.634286,87460739
2020-02-18,1.640721,1.693803,1.630748,1.672892,281544891
2020-02-19,1.68576,1.688334,1.672892,1.675144,129181068
2020-02-20,1.676109,1.682543,1.64072,1.64072,120096111
2020-02-21,1.633965,1.645546,1.611767,1.622383,151947458
2020-02-24,1.541312,1.559328,1.513324,1.529087,299262443
2020-02-25,1.539704,1.543243,1.498525,1.499169,193928270
2020-02-26,1.495308,1.547103,1.477292,1.531983,213617351
2020-02-27,1.506246,1.508819,1.451877,1.472466,255436464
2020-02-28,1.429357,1.447051,1.390752,1.414559,332036718
2020-03-02,1.440617,1.440617,1.335739,1.374666,299767078
2020-03-03,1.404908,1.423245,1.355364,1.363407,222749857
2020-03-04,1.367267,1.404586,1.342817,1.368876,197266498
2020-03-05,1.37917,1.37917,1.311933,1.316759,240842467
2020-03-06,1.285553,1.292952,1.262004,1.27217,271576259
2020-03-09,1.132419,1.182477,1.104495,1.125985,393565793
2020-03-10,1.145288,1.198692,1.085192,1.099476,353038018
2020-03-11,1.113245,1.161373,1.104366,1.144773,242753578
2020-03-12,1.080945,1.119551,0.937077,0.941195,451776106
2020-03-13,1.010298,1.116334,0.958696,1.000132,375441607
2020-03-16,0.952262,0.952262,0.840435,0.902589,369552585
2020-03-17,0.929227,0.955093,0.870032,0.93386,289715404
2020-03-18,0.894354,0.926525,0.868874,0.906321,247550491
2020-03-19,0.941066,0.949688,0.8977,0.917002,315594543
2020-03-20,0.932959,0.96899,0.932959,0.942867,374425005
2020-03-23,0.897828,0.952261,0.89178,0.932187,227269682
2020-03-24,0.97298,1.01892,0.966031,1.01892,264310315
2020-03-25,1.047359,1.097031,0.999231,1.039895,278462019
2020-03-26,1.024196,1.053407,1.006309,1.049418,178227536
2020-03-27,1.02381,1.044914,0.993698,1.007982,179037412
2020-03-30,0.981859,0.993054,0.928455,0.946342,215074452
2020-03-31,0.961655,0.974781,0.9143,0.957666,218397233
2020-04-01,0.923308,0.941066,0.917517,0.923179,143552849
2020-04-02,0.922021,0.929356,0.891137,0.925109,199640211
2020-04-03,0.91623,0.920991,0.855234,0.855234,262955606
2020-04-06,0.907222,0.938235,0.896413,0.938235,202326407
2020-04-07,0.971564,0.994984,0.928326,0.945184,242662247
2020-04-08,0.927812,0.936176,0.912755,0.932444,182965178
2020-04-09,0.947758,0.955221,0.914171,0.929742,208140147
2020-04-14,0.936176,0.936819,0.898986,0.904777,131457273
2020-04-15,0.897571,0.911726,0.867587,0.867587,175870841
2020-04-16,0.878654,0.905163,0.866558,0.87518,142549890
2020-04-17,0.905034,0.909024,0.878139,0.885474,158362300
2020-04-20,0.889464,0.893324,0.864756,0.88985,110025074
2020-04-21,0.874408,0.87904,0.847513,0.849314,150440268
2020-04-22,0.860767,0.869132,0.852145,0.861024,110627074
2020-04-23,0.869904,0.903748,0.862183,0.890751,133348849
2020-04-24,0.875051,0.891651,0.863212,0.864628,118161733
2020-04-27,0.904134,0.905935,0.883416,0.8977,107918673
2020-04-28,0.897828,0.95342,0.897313,0.931157,189203015
2020-04-29,0.926525,0.952519,0.914557,0.952519,138159186
2020-04-30,0.956894,0.961655,0.909152,0.915586,211954391
2020-05-04,0.886375,0.902332,0.875051,0.885346,145102162
2020-05-05,0.900788,0.936047,0.891137,0.933602,164031679
2020-05-06,0.932959,0.940809,0.909152,0.913785,132177064
2020-05-07,0.916487,0.920348,0.885732,0.903619,122975183
2020-05-08,0.911726,0.915329,0.891265,0.909796,82768667
2020-05-11,0.924208,0.932315,0.902075,0.906836,95640755
2020-05-12,0.905034,0.921377,0.90452,0.914171,82324684
2020-05-13,0.90452,0.91919,0.89667,0.89667,98680076
2020-05-14,0.891137,0.900659,0.86347,0.890236,130668548
2020-05-15,0.900788,0.90645,0.877882,0.890365,97665720
2020-05-18,0.900788,0.941452,0.897056,0.934374,127928045
2020-05-19,0.955478,0.959082,0.899758,0.920605,187102087
2020-05-20,0.917774,0.932959,0.892423,0.925881,150520818
2020-05-21,0.917517,0.92897,0.90542,0.914943,105857401
2020-05-22,0.905292,0.945184,0.897185,0.929484,135928077
2020-05-25,0.94261,0.94261,0.924723,0.937849,75260084
2020-05-26,0.949044,0.969248,0.947243,0.965902,173502752
2020-05-27,0.971049,1.016603,0.967703,0.989837,256405188
2020-05-28,1.009397,1.011199,0.983146,1.002834,174141556
2020-05-29,0.994084,1.013258,0.989837,0.998845,175482363
2020-06-01,1.019821,1.021107,0.999617,1.016603,108370965
2020-06-02,1.023166,1.057911,1.016732,1.045557,177941891
2020-06-03,1.061643,1.082232,1.053536,1.07657,218128390
2020-06-04,1.071294,1.107969,1.059198,1.089825,240920046
2020-06-05,1.119551,1.147733,1.116076,1.140655,296117466
2020-06-08,1.151722,1.181319,1.145416,1.160344,233912546
2020-06-09,1.136923,1.145287,1.094715,1.106682,264743879
2020-06-10,1.119551,1.130618,1.077728,1.095487,166853775
2020-06-11,1.053922,1.064088,1.032946,1.040925,226182636
2020-06-12,1.029472,1.060871,1.018534,1.043627,152139463
2020-06-15,1.001805,1.056624,0.998459,1.046587,142553754
2020-06-16,1.086994,1.116462,1.06486,1.093299,213849652
2020-06-17,1.093814,1.118779,1.089439,1.096259,143731254
2020-06-18,1.09613,1.116334,1.074511,1.084677,153642688
2020-06-19,1.096388,1.101535,1.073997,1.084034,269682632
2020-06-22,1.073996,1.095101,1.068206,1.08249,95640120
2020-06-23,1.093557,1.110286,1.083519,1.101149,135888266
2020-06-24,1.099476,1.118264,1.069364,1.072453,160943897
2020-06-25,1.064217,1.088667,1.049418,1.084034,123185666
2020-06-26,1.090468,1.097546,1.064088,1.068077,102581414
2020-06-29,1.067691,1.105396,1.061643,1.095101,110018394
2020-06-30,1.096387,1.102822,1.077342,1.09613,111657567
2020-07-01,1.103336,1.10591,1.068978,1.087766,98513384
2020-07-02,1.102822,1.140783,1.09716,1.127786,176355143
2020-07-03,1.134993,1.141813,1.114789,1.123926,91429484
2020-07-06,1.151722,1.167164,1.145287,1.153137,143329053
2020-07-07,1.145159,1.158156,1.133963,1.149534,89300618
2020-07-08,1.145288,1.152237,1.128816,1.134349,88582311
2020-07-09,1.139239,1.141813,1.105524,1.113889,76171288
2020-07-10,1.097288,1.137052,1.097031,1.135893,77483420
2020-07-13,1.154939,1.158156,1.127272,1.146188,108503588
2020-07-14,1.141942,1.157513,1.13628,1.145931,108648168
2020-07-15,1.156869,1.180547,1.145416,1.167421,137514596
2020-07-16,1.164461,1.191742,1.16266,1.183507,119840772
2020-07-17,1.181319,1.185952,1.167679,1.178617,117930603
2020-07-20,1.165362,1.201008,1.16073,1.193158,108464272
2020-07-21,1.216064,1.244374,1.209629,1.212718,197556694
2020-07-22,1.215549,1.227388,1.201265,1.207185,125285070
2020-07-23,1.214134,1.215806,1.178745,1.189812,112593688
2020-07-24,1.180418,1.18608,1.16266,1.168064,109836342
2020-07-27,1.167936,1.18119,1.155196,1.159057,66507298
2020-07-28,1.158799,1.171796,1.139883,1.149277,103878255
2020-07-29,1.167164,1.173598,1.129588,1.151336,96529926
2020-07-30,1.151722,1.159057,1.100248,1.116334,146308486
2020-07-31,1.116462,1.134993,1.097031,1.098447,128429624
2020-08-03,1.097546,1.099604,1.079401,1.09909,128397929
2020-08-04,1.106039,1.1763,1.102822,1.154038,190588902
2020-08-05,1.177458,1.206155,1.175013,1.18029,167060427
2020-08-06,1.180933,1.20371,1.155839,1.167035,373355516
2020-08-07,1.154939,1.167035,1.138338,1.16163,135207231
2020-08-10,1.173598,1.173598,1.15095,1.167164,75727210
2020-08-11,1.177458,1.202809,1.176815,1.197533,140499318
2020-08-12,1.198048,1.222498,1.194316,1.211431,133847221
2020-08-13,1.215034,1.219796,1.200364,1.200364,84260497
2020-08-14,1.192643,1.199335,1.167936,1.191356,88927105
2020-08-17,1.190327,1.195603,1.169866,1.173855,79692132
2020-08-18,1.165748,1.185308,1.154939,1.167679,78819802
2020-08-19,1.165491,1.187882,1.159571,1.18711,58788991
2020-08-20,1.174241,1.17733,1.160215,1.168579,80668988
2020-08-21,1.171796,1.174241,1.152365,1.165619,106953840
2020-08-24,1.171539,1.184665,1.169094,1.183378,90530814
2020-08-25,1.195088,1.20178,1.180032,1.180032,99564956
2020-08-26,1.177459,1.188397,1.171024,1.185566,70646008
2020-08-27,1.183893,1.184536,1.153781,1.160601,124410217
2020-08-28,1.169223,1.181834,1.156226,1.174241,108545631
2020-08-31,1.177458,1.18711,1.158284,1.161502,98310423
2020-09-01,1.167807,1.169737,1.144515,1.159314,119210233
2020-09-02,1.165234,1.171796,1.150435,1.154038,111812142
2020-09-03,1.162402,1.173341,1.137566,1.144515,118440833
2020-09-04,1.144644,1.163303,1.13525,1.144387,146523583
2020-09-07,1.151078,1.15777,1.138982,1.154167,82477553
2020-09-08,1.156097,1.161244,1.128172,1.133706,110542135
2020-09-09,1.133063,1.153909,1.128945,1.15185,110094048
2020-09-10,1.152365,1.172568,1.143872,1.158928,124584492
2020-09-11,1.158928,1.158928,1.139497,1.144773,108164503
2020-09-14,1.153008,1.154295,1.136666,1.144644,64880606
2020-09-15,1.14014,1.149405,1.129974,1.138081,80928281
2020-09-16,1.140526,1.144515,1.119679,1.132548,109613437
2020-09-17,1.113116,1.125985,1.10694,1.121738,95421734
2020-09-18,1.115047,1.133448,1.101663,1.103336,207838368
2020-09-21,1.095101,1.100248,1.043756,1.052378,180491201
2020-09-22,1.064731,1.072581,1.049418,1.056367,94910480
2020-09-23,1.059069,1.072581,1.036549,1.037322,99590996
2020-09-24,1.020593,1.048775,1.005665,1.034619,107212603
2020-09-25,1.035906,1.038866,1.003735,1.01596,105136110
2020-09-28,1.03166,1.045558,1.023167,1.0453,95432083
2020-09-29,1.041053,1.04723,1.033204,1.033847,76581863
2020-09-30,1.025611,1.04234,1.018148,1.031402,77738940
2020-10-01,1.04234,1.050705,1.017504,1.020721,87296782
2020-10-02,1.005537,1.024582,0.998073,1.024582,76231897
2020-10-05,1.03359,1.050833,1.030115,1.050833,93311289
2020-10-06,1.051348,1.080045,1.044399,1.073482,110406496
2020-10-07,1.073225,1.076442,1.055337,1.060871,81994791
2020-10-08,1.068077,1.084806,1.064217,1.077986,96169137
2020-10-09,1.080945,1.087122,1.073224,1.080302,77198886
2020-10-12,1.083905,1.085578,1.070522,1.074897,67156093
2020-10-13,1.074511,1.074511,1.043885,1.050833,84595184
2020-10-14,1.052506,1.065246,1.037708,1.040667,69796550
2020-10-15,1.029472,1.029472,0.988293,0.989322,156074761
2020-10-16,0.998459,1.006695,0.96899,1.001033,124618921
2020-10-19,1.002577,1.017504,0.998588,1.003606,62306184
2020-10-20,0.998073,1.025997,0.994341,1.016603,83275039
2020-10-21,1.025225,1.025225,0.985719,0.988164,86002609
2020-10-22,0.981988,0.990867,0.970535,0.988808,67584614
2020-10-23,0.994212,1.012357,0.992668,1.004507,82438494
2020-10-26,0.982116,1.006952,0.979414,0.982502,78169010
2020-10-27,0.990352,0.993054,0.955607,0.959082,103296987
2020-10-28,0.94068,0.942739,0.908509,0.91237,180017236
2020-10-29,0.917388,0.925753,0.888434,0.900273,126331783
2020-10-30,0.887919,0.913399,0.887019,0.913399,119203735
2020-11-02,0.918289,0.957151,0.908123,0.953806,126197482
2020-11-03,0.966417,0.9964,0.959468,0.991253,144194448
2020-11-04,0.970535,1.039123,0.964487,1.028057,203803920
2020-11-05,1.04234,1.062158,1.038222,1.053407,148729237
2020-11-06,1.045943,1.06679,1.02278,1.040281,128221808
2020-11-09,1.061643,1.147604,1.054179,1.136151,350239730
2020-11-10,1.149791,1.196761,1.136151,1.186595,372697750
2020-11-11,1.198691,1.204611,1.168965,1.174113,164347113
2020-11-12,1.158156,1.174499,1.140784,1.159443,137226115
2020-11-13,1.148762,1.179389,1.148762,1.169609,120909519
2020-11-16,1.195088,1.203195,1.175271,1.183893,182429381
2020-11-17,1.189555,1.195603,1.177459,1.189812,133645925
2020-11-18,1.19393,1.212847,1.186853,1.205383,168494137
2020-11-19,1.196632,1.204482,1.18711,1.193029,130608010
2020-11-20,1.19097,1.215034,1.188011,1.203453,124032958
2020-11-23,1.21349,1.234337,1.197018,1.198949,134749213
2020-11-24,1.216707,1.236653,1.213619,1.232792,194365001
2020-11-25,1.257243,1.264191,1.219281,1.24965,187349775
2020-11-26,1.25454,1.254669,1.23601,1.241286,90618411
2020-11-27,1.236138,1.257886,1.236138,1.251194,122489030
2020-11-30,1.245017,1.255698,1.230476,1.238841,149149925
2020-12-01,1.257886,1.280406,1.248492,1.272041,181361467
2020-12-02,1.267409,1.269854,1.239999,1.268181,139952774
2020-12-03,1.261232,1.279762,1.253639,1.277961,133461005
2020-12-04,1.279119,1.304212,1.275516,1.280792,172492636
2020-12-07,1.275258,1.27706,1.257243,1.268309,111289747
2020-12-08,1.26046,1.274358,1.259302,1.266894,63430700
2020-12-09,1.278733,1.28877,1.27024,1.271398,115470755
2020-12-10,1.276545,1.28684,1.245017,1.261618,135112365
2020-12-11,1.261618,1.267409,1.231506,1.245532,109870005
2020-12-14,1.261232,1.279505,1.24772,1.24772,115933387
2020-12-15,1.244117,1.270754,1.239227,1.270754,106282966
2020-12-16,1.255956,1.274872,1.235366,1.250165,152874195
2020-12-17,1.252224,1.25853,1.243602,1.251066,105481938
2020-12-18,1.242573,1.265993,1.240642,1.245146,209180263
2020-12-21,1.218637,1.222498,1.181576,1.201651,167425912
2020-12-22,1.20963,1.224686,1.206284,1.210402,72374137
2020-12-23,1.215549,1.235752,1.207184,1.230862,83841658
2020-12-28,1.248235,1.258272,1.233951,1.23691,64994533
2020-12-29,1.245018,1.246304,1.228417,1.235238,54797247
2020-12-30,1.241801,1.241801,1.230605,1.230605,44767538
2021-01-04,1.235366,1.240771,1.207571,1.225844,97808522
2021-01-05,1.21156,1.221211,1.203195,1.212461,107336916
2021-01-06,1.228932,1.271269,1.225586,1.253511,180135138
2021-01-07,1.273585,1.273972,1.250294,1.26625,111016785
2021-01-08,1.273972,1.279634,1.251066,1.257886,99293459
2021-01-11,1.250551,1.265221,1.233179,1.250036,79562489
2021-01-12,1.254669,1.255698,1.23987,1.247077,86415439
2021-01-13,1.2409,1.245017,1.224943,1.241286,73053957
2021-01-14,1.235495,1.247205,1.221855,1.232149,100024989
2021-01-15,1.230862,1.252095,1.21349,1.223785,109717434
2021-01-18,1.21838,1.240256,1.215034,1.233565,58589324
2021-01-19,1.238197,1.242315,1.224943,1.229189,70624807
2021-01-20,1.234079,1.244374,1.230991,1.239484,70031580
2021-01-21,1.244374,1.247591,1.22623,1.233565,82073015
2021-01-22,1.217093,1.225844,1.193544,1.212332,108164424
2021-01-25,1.218895,1.220439,1.168708,1.173083,107676051
2021-01-26,1.171024,1.190198,1.161373,1.183635,97547299
2021-01-27,1.180032,1.185051,1.147218,1.163046,117536076
2021-01-28,1.14992,1.18518,1.146446,1.179775,112474022
2021-01-29,1.160729,1.173984,1.149405,1.161502,114407663
2021-02-01,1.172311,1.18518,1.164848,1.172311,85626417
2021-02-02,1.177458,1.213233,1.177458,1.203839,111577562
2021-02-03,1.28684,1.294239,1.246433,1.255441,284805919
2021-02-04,1.263934,1.31129,1.248363,1.292309,208148447
2021-02-05,1.309359,1.348286,1.302282,1.326088,271387397
2021-02-08,1.351182,1.374345,1.344748,1.344748,207752994
2021-02-09,1.351182,1.35279,1.328984,1.342817,111885967
2021-02-10,1.35086,1.354077,1.334775,1.338313,109587009
2021-02-11,1.338313,1.348608,1.331879,1.342496,109116541
2021-02-12,1.34153,1.348608,1.325767,1.348608,93475043
2021-02-15,1.369841,1.373058,1.358259,1.362442,121949112
2021-02-16,1.36405,1.367267,1.342496,1.359224,90023354
2021-02-17,1.354721,1.36212,1.339278,1.348608,112830764
2021-02-18,1.342817,1.353112,1.326089,1.338313,91104219
2021-02-19,1.343783,1.364694,1.33767,1.356651,127889187
2021-02-22,1.351182,1.356651,1.338957,1.351182,77500902
2021-02-23,1.355686,1.363407,1.334775,1.358903,111519517
2021-02-24,1.354721,1.376275,1.351182,1.368876,116661586
2021-02-25,1.378205,1.403621,1.378205,1.38464,173565516
2021-02-26,1.357938,1.380457,1.353112,1.373058,126272077
2021-03-01,1.387535,1.394935,1.380779,1.389787,107371755
2021-03-02,1.385283,1.396865,1.384318,1.386248,91366774
2021-03-03,1.393969,1.419063,1.393647,1.417454,165022674
2021-03-04,1.409733,1.415846,1.3959,1.410376,99498924
2021-03-05,1.403299,1.43933,1.388822,1.411985,156204277
2021-03-08,1.425497,1.46764,1.420992,1.459276,183260416
2021-03-09,1.462493,1.471501,1.444478,1.460241,127355533
2021-03-10,1.455416,1.467963,1.452199,1.463137,99199260
2021-03-11,1.466032,1.476327,1.442547,1.458311,129883931
2021-03-12,1.463137,1.469571,1.457346,1.467319,86509649
2021-03-15,1.467319,1.48244,1.448338,1.457346,97473419
2021-03-16,1.462493,1.479544,1.460563,1.476005,133215619
2021-03-17,1.479222,1.500455,1.477292,1.489517,125777219
2021-03-18,1.50689,1.514611,1.499812,1.511393,127305992
2021-03-19,1.481474,1.513002,1.476971,1.488874,185205153
2021-03-22,1.476971,1.49756,1.470858,1.478901,80282586
2021-03-23,1.470858,1.47504,1.458311,1.472788,85263128
2021-03-24,1.458633,1.481474,1.449947,1.476971,83143926
2021-03-25,1.476649,1.479866,1.459276,1.476327,75903228
2021-03-26,1.483083,1.491448,1.472467,1.478257,66753359
2021-03-29,1.473753,1.48244,1.465711,1.470858,62197968
2021-03-30,1.477292,1.507533,1.476005,1.494986,93292845
2021-03-31,1.496595,1.502385,1.482439,1.486621,74090748
2021-04-01,1.492734,1.493378,1.485657,1.491447,45900385
2021-04-06,1.495308,1.498203,1.476971,1.481796,93212545
2021-04-07,1.479223,1.487265,1.465389,1.480188,68544001
2021-04-08,1.48437,1.49563,1.451234,1.456059,97993978
2021-04-09,1.458955,1.464424,1.440296,1.449947,64674105
2021-04-12,1.447373,1.45992,1.435148,1.454451,53202736
2021-04-13,1.458633,1.478257,1.451877,1.463137,72902211
2021-04-14,1.460563,1.473432,1.455416,1.467641,62902420
2021-04-15,1.468928,1.477614,1.460885,1.46378,67549197
2021-04-16,1.465389,1.478901,1.463137,1.476971,88404974
2021-04-19,1.474075,1.488231,1.470537,1.4863,69375128
2021-04-20,1.483083,1.485978,1.436113,1.444477,114504829
2021-04-21,1.447695,1.455738,1.412307,1.428392,86693360
2021-04-22,1.429036,1.436435,1.419706,1.432253,55624137
2021-04-23,1.426462,1.435791,1.416167,1.429036,47894610
2021-04-26,1.433218,1.469571,1.427105,1.462172,94471904
2021-04-27,1.460563,1.472788,1.454451,1.470214,76304447
2021-04-28,1.476971,1.484691,1.46378,1.477614,77477398
2021-04-29,1.484048,1.504316,1.479222,1.491126,124749996
2021-04-30,1.492734,1.503672,1.486622,1.493378,69852424
2021-05-03,1.493378,1.505603,1.492413,1.501742,76047467
2021-05-04,1.504959,1.517506,1.478257,1.485013,119313491
2021-05-05,1.492734,1.518471,1.488874,1.506246,110708385
2021-05-06,1.517184,1.539382,1.512358,1.517827,146510696
2021-05-07,1.530053,1.530053,1.506889,1.519758,86648440
2021-05-10,1.530696,1.539382,1.524905,1.537452,116646738
2021-05-11,1.525549,1.536809,1.519758,1.531661,110968200
2021-05-12,1.53134,1.539061,1.515254,1.532948,130242977
2021-05-13,1.520723,1.530053,1.486944,1.526514,128218509
2021-05-14,1.534235,1.53906,1.523297,1.536165,101869130
2021-05-17,1.53906,1.550642,1.531018,1.550642,98362315
2021-05-18,1.55772,1.567693,1.541312,1.545816,99201107
2021-05-19,1.531339,1.551607,1.500777,1.513002,101957155
2021-05-20,1.518471,1.521688,1.497238,1.515254,81362055
2021-05-21,1.515898,1.527479,1.500777,1.527479,109141186
2021-05-24,1.539041,1.552433,1.535775,1.543614,55638454
2021-05-25,1.548187,1.552759,1.539695,1.542307,77645937
2021-05-26,1.542307,1.552759,1.514218,1.532509,102208340
2021-05-27,1.528589,1.565824,1.525323,1.563865,126456450
2021-05-28,1.564518,1.574643,1.563865,1.573663,80054302
2021-05-31,1.573663,1.588361,1.571703,1.578562,71176865
2021-06-01,1.584768,1.610572,1.584768,1.597507,93212903
2021-06-02,1.594567,1.621677,1.590648,1.615144,82224347
2021-06-03,1.613511,1.622003,1.605019,1.617431,83191255
2021-06-04,1.614818,1.624943,1.614818,1.62037,93160555
2021-06-07,1.618737,1.624616,1.605019,1.623636,89536520
2021-06-08,1.620043,1.623636,1.59816,1.606978,84743621
2021-06-09,1.604692,1.611878,1.590647,1.602733,49579243
2021-06-10,1.597833,1.606979,1.586402,1.593261,90654080
2021-06-11,1.589341,1.591301,1.573336,1.584115,72788025
2021-06-14,1.583462,1.601099,1.583462,1.600446,61388649
2021-06-15,1.605672,1.605672,1.583789,1.6011,70737185
2021-06-16,1.602406,1.604366,1.574316,1.577583,79226829
2021-06-17,1.581502,1.603712,1.577583,1.578562,99599526
2021-06-18,1.573337,1.583788,1.531202,1.531202,213790594
2021-06-21,1.512258,1.5459,1.508992,1.5459,78928239
2021-06-22,1.546554,1.54786,1.526303,1.529896,65807390
2021-06-23,1.531202,1.538061,1.512912,1.512912,58963662
2021-06-24,1.521077,1.544267,1.515851,1.544267,74554826
2021-06-25,1.547207,1.560925,1.54688,1.558312,72087580
2021-06-28,1.559292,1.560598,1.52173,1.52173,58119540
2021-06-29,1.524997,1.550146,1.523037,1.539368,73128346
2021-06-30,1.531202,1.541328,1.505399,1.52173,85971308
2021-07-01,1.525323,1.547533,1.519117,1.538715,65307958
2021-07-02,1.540348,1.544921,1.52565,1.525977,59243634
2021-07-05,1.525976,1.554719,1.520097,1.547534,55738707
2021-07-06,1.5508,1.551453,1.509319,1.515851,73029996
2021-07-07,1.519117,1.525323,1.491028,1.504746,70896220
2021-07-08,1.489395,1.49756,1.446607,1.460652,130219087
2021-07-09,1.469798,1.498214,1.461632,1.492008,82854284
2021-07-12,1.496907,1.507686,1.472737,1.506052,51980584
2021-07-13,1.511605,1.514545,1.476003,1.482862,79671103
2021-07-14,1.477963,1.505072,1.476003,1.492334,46046095
2021-07-15,1.485475,1.487762,1.465878,1.473717,69027681
2021-07-16,1.47437,1.484169,1.451507,1.458039,67070993
2021-07-19,1.442688,1.446281,1.391408,1.396308,107766949
2021-07-20,1.411006,1.42603,1.388469,1.423417,89079539
2021-07-21,1.430603,1.464572,1.422111,1.460979,94782700
2021-07-22,1.469797,1.485475,1.460652,1.470124,72042721
2021-07-23,1.477963,1.503766,1.475023,1.492661,71928434
2021-07-26,1.492334,1.526956,1.475677,1.526956,111098708
2021-07-27,1.525323,1.52663,1.496907,1.511278,77938752
2021-07-28,1.516178,1.531203,1.511279,1.515525,67034136
2021-07-29,1.524343,1.541001,1.515525,1.533162,66063635
2021-07-30,1.52467,1.536755,1.520097,1.523037,81389220
2021-08-02,1.531856,1.549493,1.511932,1.511932,60263018
2021-08-03,1.512585,1.533815,1.511278,1.519771,57092163
2021-08-04,1.529896,1.546554,1.497887,1.528589,94571026
2021-08-05,1.534795,1.534795,1.510625,1.531856,77169519
2021-08-06,1.534142,1.56713,1.531202,1.566804,114998932
2021-08-09,1.567784,1.580849,1.561905,1.570724,69734544
2021-08-10,1.567784,1.576929,1.562558,1.57301,50798853
2021-08-11,1.578563,1.605672,1.571704,1.599793,95439749
2021-08-12,1.60012,1.60208,1.589015,1.593261,66285729
2021-08-13,1.590974,1.605672,1.586401,1.59914,53623200
2021-08-16,1.591954,1.59522,1.579542,1.581829,64908462
2021-08-17,1.571703,1.57301,1.551453,1.560272,79330596
2021-08-18,1.561905,1.575949,1.556025,1.572683,57206320
2021-08-19,1.54884,1.555046,1.536428,1.539368,87747524
2021-08-20,1.538062,1.547534,1.526303,1.547534,70227968
2021-08-23,1.559945,1.565171,1.54982,1.558639,63945074
2021-08-24,1.566478,1.568111,1.544594,1.554719,53916610
2021-08-25,1.554719,1.561252,1.54786,1.561252,48254761
2021-08-26,1.553413,1.558639,1.541001,1.544267,73692888
2021-08-27,1.541654,1.554719,1.538062,1.553413,44028348
2021-08-30,1.556352,1.557332,1.542961,1.547534,31114337
2021-08-31,1.549493,1.568764,1.543287,1.566151,92717758
2021-09-01,1.574316,1.592934,1.567784,1.581829,97353965
2021-09-02,1.586401,1.586401,1.568764,1.57399,49131925
2021-09-03,1.570397,1.577909,1.553413,1.559618,63676170
2021-09-06,1.563865,1.572683,1.559945,1.569744,44203753
2021-09-07,1.56909,1.57399,1.551779,1.557005,54698041
2021-09-08,1.548513,1.553413,1.52761,1.541001,71959305
2021-09-09,1.532509,1.553413,1.523363,1.549167,68355632
2021-09-10,1.552106,1.559619,1.527283,1.532835,60624597
2021-09-13,1.539041,1.566478,1.538061,1.563865,87276101
2021-09-14,1.563865,1.573663,1.547533,1.558965,90586956
2021-09-15,1.555372,1.563865,1.545247,1.552759,69845097
2021-09-16,1.559618,1.578562,1.555372,1.572683,78699432
2021-09-17,1.580849,1.586728,1.5508,1.5508,160810560
2021-09-20,1.528589,1.530549,1.484822,1.503766,145981965
2021-09-21,1.511278,1.533815,1.508339,1.516831,81089212
2021-09-22,1.528589,1.550146,1.528589,1.550146,85984698
2021-09-23,1.559945,1.588688,1.558965,1.585748,118034675
2021-09-24,1.579215,1.594567,1.573336,1.583788,80834608
2021-09-27,1.593914,1.622003,1.591627,1.614817,152224860
2021-09-28,1.622656,1.634088,1.586075,1.587054,126732769
2021-09-29,1.601099,1.608285,1.587381,1.606326,67083531
2021-09-30,1.616451,1.61939,1.59522,1.602733,101277895
2021-10-01,1.580849,1.604366,1.568764,1.599793,98871046
2021-10-04,1.59424,1.605345,1.580849,1.581829,67444990
2021-10-05,1.589995,1.636702,1.584442,1.635068,187008221
2021-10-06,1.627229,1.632782,1.600773,1.616777,163270472
2021-10-07,1.630495,1.650746,1.62037,1.639641,147595779
2021-10-08,1.640947,1.650746,1.638008,1.64454,88033927
2021-10-11,1.648133,1.653686,1.627556,1.635395,85990708
2021-10-12,1.615471,1.644214,1.609265,1.641274,75650093
2021-10-13,1.639967,1.647806,1.623963,1.629842,88519826
2021-10-14,1.634415,1.649766,1.630822,1.64846,137176210
2021-10-15,1.659238,1.693533,1.654012,1.682102,205770330
2021-10-18,1.712408,1.715806,1.683868,1.693042,148999911
2021-10-19,1.691343,1.69644,1.665521,1.665521,108016834
2021-10-20,1.664842,1.684208,1.660764,1.676394,68353785
2021-10-21,1.668239,1.673336,1.659405,1.661444,62365726
2021-10-22,1.664502,1.671977,1.659745,1.665861,61645319
2021-10-25,1.672656,1.687266,1.668579,1.673675,71624405
2021-10-26,1.678432,1.688965,1.673336,1.686247,67581431
2021-10-27,1.682509,1.684888,1.665181,1.66688,67731861
2021-10-28,1.663143,1.6679,1.648193,1.656687,71843270
2021-10-29,1.656687,1.669938,1.641738,1.669938,75046745
2021-11-01,1.671637,1.71037,1.671637,1.69542,89918632
2021-11-02,1.69542,1.70969,1.692362,1.706972,75535829
2021-11-03,1.71037,1.711729,1.688285,1.700177,92554399
2021-11-04,1.71003,1.711049,1.658726,1.669258,140613581
2021-11-05,1.675374,1.698478,1.665861,1.687606,96180503
2021-11-08,1.687606,1.707652,1.683529,1.693722,79553517
2021-11-09,1.689644,1.693721,1.678772,1.678772,60377250
2021-11-10,1.684888,1.694061,1.674355,1.683189,60307148
2021-11-11,1.683189,1.692702,1.673676,1.679791,48876774
2021-11-12,1.678432,1.68081,1.668239,1.679451,47158916
2021-11-15,1.672996,1.692023,1.670278,1.692023,50364935
2021-11-16,1.692023,1.694741,1.680811,1.686926,53248503
2021-11-17,1.685227,1.691003,1.68115,1.686586,50526482
2021-11-18,1.686247,1.6961,1.671637,1.676394,69180454
2021-11-19,1.68183,1.686247,1.603684,1.619993,153999062
2021-11-22,1.639333,1.640384,1.615859,1.630574,115114669
2021-11-23,1.624617,1.637931,1.609202,1.613056,74246215
2021-11-24,1.615158,1.62707,1.602545,1.613406,77475065
2021-11-25,1.619362,1.622515,1.599742,1.603246,46513961
2021-11-26,1.541582,1.54894,1.511101,1.511101,186685908
2021-11-29,1.536677,1.543685,1.493933,1.501641,116561166
2021-11-30,1.475014,1.506897,1.459598,1.482371,152236488
2021-12-01,1.493933,1.527568,1.493583,1.519509,94332635
2021-12-02,1.503043,1.514955,1.489379,1.504794,83918494
2021-12-03,1.52021,1.524064,1.489379,1.504094,72590456
2021-12-06,1.514605,1.554195,1.513203,1.550692,71379187
2021-12-07,1.562954,1.589932,1.557699,1.582224,89002541
2021-12-08,1.576618,1.58853,1.559451,1.563304,65648259
2021-12-09,1.568209,1.580472,1.552443,1.5591,67842869
2021-12-10,1.556648,1.56856,1.544385,1.552444,55644231
2021-12-13,1.554195,1.575217,1.541582,1.545086,60010376
2021-12-14,1.551042,1.56856,1.54929,1.55875,85998694
2021-12-15,1.560151,1.56891,1.542633,1.542633,71768908
2021-12-16,1.562604,1.585027,1.555597,1.571363,86922597
2021-12-17,1.561202,1.56821,1.52967,1.545436,123788028
2021-12-20,1.513554,1.536677,1.49043,1.528969,75024668
2021-12-21,1.544035,1.564356,1.528619,1.564356,55379091
2021-12-22,1.562254,1.570662,1.552093,1.562954,53159232
2021-12-23,1.569611,1.580122,1.563304,1.577319,46808722
2021-12-27,1.576618,1.589582,1.572064,1.585377,38903377
2021-12-28,1.586078,1.632676,1.585727,1.600092,51805910
2021-12-29,1.603246,1.606049,1.584676,1.595538,47138572
2021-12-30,1.596589,1.600092,1.590633,1.593435,46996417
2022-01-03,1.602895,1.644938,1.600443,1.643186,100071576
2022-01-04,1.650194,1.684529,1.640033,1.677522,109773020
2022-01-05,1.681376,1.699244,1.67542,1.694339,100244360
2022-01-06,1.677172,1.71431,1.669113,1.70485,104835421
2022-01-07,1.711857,1.72447,1.702398,1.717813,107325762
2022-01-10,1.730076,1.739185,1.723419,1.725871,98655905
2022-01-11,1.73428,1.740587,1.719915,1.739185,78079690
2022-01-12,1.751448,1.783681,1.74409,1.783681,159597055
2022-01-13,1.776323,1.794191,1.766513,1.794191,101354060
2022-01-14,1.781228,1.802951,1.766163,1.795243,105602145
2022-01-17,1.807856,1.814512,1.797345,1.806104,72427932
2022-01-18,1.797695,1.811009,1.774922,1.804352,92849184
2022-01-19,1.796994,1.800498,1.768265,1.775622,99165998
2022-01-20,1.769316,1.787885,1.765813,1.787885,89571701
2022-01-21,1.788936,1.813812,1.765812,1.788235,140162006
2022-01-24,1.779827,1.793141,1.713959,1.728324,108566464
2022-01-25,1.744791,1.751798,1.71501,1.74409,80527001
2022-01-26,1.754251,1.80295,1.748995,1.796994,114966373
2022-01-27,1.779827,1.847446,1.777024,1.830629,140783761
2022-01-28,1.827476,1.829578,1.788936,1.819768,105147045
2022-01-31,1.870921,1.874424,1.816965,1.835534,141955805
2022-02-01,1.847096,1.87092,1.844293,1.87092,126513539
2022-02-02,1.882132,1.920671,1.875475,1.88984,173050195
2022-02-03,1.897547,1.911562,1.868468,1.911562,159875762
2022-02-04,1.947299,1.951503,1.853753,1.868818,179274593
2022-02-07,1.888438,1.906306,1.844293,1.902452,127227231
2022-02-08,1.905956,1.941693,1.905606,1.940642,145016799
2022-02-09,1.947999,1.999502,1.931883,1.999502,206623550
2022-02-10,1.996349,2.0461,1.992845,2.0461,221256820
2022-02-11,2.015619,2.02718,1.976729,1.999502,158380102
2022-02-14,1.933985,1.943095,1.874774,1.939241,212759865
2022-02-15,1.937839,2.000203,1.92943,1.999152,159155445
2022-02-16,2.003356,2.010363,1.940992,1.955707,117092289
2022-02-17,1.947999,1.951853,1.905256,1.91927,111674644
2022-02-18,1.915416,1.945547,1.901051,1.907357,102033376
2022-02-21,1.920671,1.92873,1.854103,1.873723,91928126
2022-02-22,1.82187,1.894745,1.813461,1.863913,152285081
2022-02-23,1.872672,1.895445,1.826074,1.836235,92284663
2022-02-24,1.744791,1.771769,1.6558,1.690135,276738423
2022-02-25,1.699945,1.750397,1.638632,1.736032,214078265
2022-02-28,1.649493,1.664208,1.580122,1.6071,267012043
2022-03-01,1.604647,1.637931,1.483072,1.483072,265223138
2022-03-02,1.450489,1.513203,1.416854,1.503743,244964398
2022-03-03,1.506546,1.523364,1.455744,1.460299,146984826
2022-03-04,1.443482,1.445234,1.328704,1.328704,263849787
2022-03-07,1.251765,1.337813,1.17833,1.291566,286679922
2022-03-08,1.269843,1.377614,1.268862,1.307262,250249097
2022-03-09,1.389526,1.452241,1.361217,1.452241,284368758
2022-03-10,1.47151,1.475715,1.337673,1.341737,242662604
2022-03-11,1.346222,1.413,1.297732,1.34496,196708793
2022-03-14,1.381818,1.414402,1.358414,1.394431,138012223
2022-03-15,1.376913,1.427715,1.355051,1.407044,146874422
2022-03-16,1.457496,1.518108,1.445233,1.505145,249784468
2022-03-17,1.513904,1.523013,1.413701,1.45189,184646155
2022-03-18,1.456095,1.468708,1.420358,1.4617,166844591
2022-03-21,1.455394,1.486225,1.446985,1.448036,101038503
2022-03-22,1.458547,1.485525,1.453992,1.47151,95960950
2022-03-23,1.48097,1.484474,1.427015,1.435073,116587190
2022-03-24,1.436474,1.443481,1.417905,1.42316,86262852
2022-03-25,1.42246,1.43227,1.401789,1.424562,87563653
2022-03-28,1.425964,1.481671,1.425964,1.432621,110952011
2022-03-29,1.460299,1.533174,1.455394,1.514254,188276099
2022-03-30,1.506546,1.512152,1.478517,1.495335,112895255
2022-03-31,1.493933,1.503043,1.456094,1.459948,94608133
2022-04-01,1.467306,1.485174,1.450489,1.475014,86491264
2022-04-04,1.472562,1.474313,1.444182,1.468007,82479152
2022-04-05,1.458197,1.466605,1.426314,1.430869,93829143
2022-04-06,1.427365,1.44173,1.367944,1.388966,148549215
2022-04-07,1.393731,1.423862,1.367524,1.367524,87376256
2022-04-08,1.394431,1.414752,1.379015,1.388825,100604126
2022-04-11,1.394992,1.400037,1.371027,1.387985,78429599
2022-04-12,1.361357,1.378595,1.342718,1.360236,109265046
2022-04-13,1.359395,1.369766,1.348464,1.362338,73561429
2022-04-14,1.407044,1.407044,1.369486,1.381117,97532496
2022-04-19,1.380417,1.388265,1.361217,1.382519,71444615
2022-04-20,1.381818,1.434372,1.378315,1.415803,100571602
2022-04-21,1.421409,1.432621,1.409146,1.418957,66884456
2022-04-22,1.400458,1.411249,1.377614,1.389386,97479819
2022-04-25,1.365702,1.384902,1.352388,1.365422,85495161
2022-04-26,1.37341,1.378455,1.339074,1.343979,87503390
2022-04-27,1.345381,1.350987,1.31511,1.345941,133946403
2022-04-28,1.359395,1.376913,1.334029,1.349585,79017610
2022-04-29,1.360236,1.375091,1.345241,1.369766,99110634
2022-05-02,1.356733,1.365001,1.328704,1.347063,80377626
2022-05-03,1.359255,1.38364,1.35435,1.37355,89245697
2022-05-04,1.377193,1.381818,1.348044,1.349025,70175915
2022-05-05,1.380417,1.397514,1.343839,1.348604,116750113
2022-05-06,1.345381,1.359395,1.293948,1.317352,171259083
2022-05-09,1.312027,1.316511,1.282316,1.282316,116306775
2022-05-10,1.300255,1.331927,1.295349,1.304459,132537709
2022-05-11,1.317352,1.370186,1.301656,1.359395,138506255
2022-05-12,1.332768,1.388265,1.324219,1.374951,123853719
2022-05-13,1.38392,1.388265,1.374811,1.382099,87591938
2022-05-16,1.376213,1.386023,1.359535,1.369486,78594805
2022-05-17,1.380417,1.416153,1.372429,1.394431,110168925
2022-05-18,1.400037,1.404241,1.38392,1.394711,95392138
2022-05-19,1.377614,1.39303,1.365421,1.39303,115222027
2022-05-20,1.401439,1.417555,1.381118,1.389526,123804849
2022-05-23,1.412076,1.441412,1.406092,1.441412,129740997
2022-05-24,1.425941,1.463523,1.420541,1.444331,118434792
2022-05-25,1.45878,1.484686,1.444477,1.483592,118694156
2022-05-26,1.483591,1.5022,1.47374,1.497092,85012361
2022-05-27,1.498187,1.504754,1.477754,1.493808,84982308
2022-05-30,1.499646,1.518985,1.493078,1.50293,84372383
2022-05-31,1.493443,1.501106,1.468996,1.481767,127421864
2022-06-01,1.494538,1.499281,1.45805,1.45951,85115326
2022-06-02,1.471186,1.47228,1.445498,1.45951,50245570
2022-06-03,1.466807,1.467537,1.429006,1.439806,76855312
2022-06-06,1.451336,1.48943,1.446374,1.486875,84050321
2022-06-07,1.479213,1.481402,1.45119,1.461334,78735205
2022-06-08,1.460239,1.463888,1.443601,1.452212,74428268
2022-06-09,1.444914,1.472645,1.430611,1.435282,97060920
2022-06-10,1.423022,1.425941,1.3175,1.329322,228037211
2022-06-13,1.289477,1.289477,1.261016,1.283639,171971979
2022-06-14,1.301737,1.319105,1.272547,1.291666,124577741
2022-06-15,1.379237,1.389015,1.329175,1.351068,168241320
2022-06-16,1.347857,1.347857,1.29225,1.30845,148971742
2022-06-17,1.314289,1.379966,1.311953,1.316186,222626497
2022-06-20,1.319543,1.372815,1.319397,1.366539,116079461
2022-06-21,1.379237,1.411346,1.368728,1.376318,119462093
2022-06-22,1.352382,1.394415,1.345668,1.372377,103192172
2022-06-23,1.374712,1.387848,1.334138,1.342749,164285824
2022-06-24,1.355155,1.380696,1.339246,1.373544,121400748
2022-06-27,1.404778,1.426671,1.377777,1.381718,147678067
2022-06-28,1.390037,1.412659,1.385512,1.385512,114640001
2022-06-29,1.37048,1.384929,1.361723,1.36902,92133124
2022-06-30,1.344208,1.347127,1.284077,1.298964,193939309
2022-07-01,1.284222,1.308742,1.268752,1.289915,149502743
2022-07-04,1.288747,1.29006,1.242334,1.258973,149919583
2022-07-05,1.266709,1.278968,1.217231,1.219712,154084169
2022-07-06,1.239562,1.250362,1.210079,1.224675,136773354
2022-07-07,1.242918,1.276925,1.230804,1.273568,125880068
2022-07-08,1.27386,1.296774,1.257514,1.286266,111679647
2022-07-11,1.26014,1.289039,1.254302,1.263935,105799711
2022-07-12,1.247881,1.255178,1.212853,1.246129,157261239
2022-07-13,1.241021,1.250362,1.224091,1.241167,110683557
2022-07-14,1.216355,1.220588,1.17184,1.172424,179537785
2022-07-15,1.168338,1.213436,1.158851,1.19096,176257473
2022-07-18,1.199279,1.24394,1.196652,1.22161,156621774
2022-07-19,1.218545,1.296336,1.214166,1.293563,161406979
2022-07-20,1.302904,1.323483,1.241605,1.248173,186150352
2022-07-21,1.19096,1.240291,1.156078,1.213582,259407424
2022-07-22,1.208912,1.233286,1.199717,1.211393,169481257
2022-07-25,1.210663,1.241751,1.209642,1.231826,102787503
2022-07-26,1.223215,1.225988,1.204096,1.209058,102787399
2022-07-27,1.218545,1.229637,1.20176,1.223945,117272482
2022-07-28,1.236935,1.263352,1.235621,1.244816,150997246
2022-07-29,1.262476,1.281158,1.253135,1.261454,178060526
2022-08-01,1.267146,1.296482,1.261746,1.276487,113674111
2022-08-02,1.277071,1.290644,1.264081,1.274882,111573069
2022-08-03,1.281887,1.296044,1.277509,1.294439,94723322
2022-08-04,1.29911,1.30918,1.286996,1.301153,114143403
2022-08-05,1.301445,1.331511,1.301445,1.323775,106798358
2022-08-08,1.329321,1.337349,1.307721,1.32611,85229500
2022-08-09,1.321002,1.337495,1.318959,1.325235,70940368
2022-08-10,1.323191,1.339246,1.319834,1.337349,92842885
2022-08-11,1.342749,1.351214,1.334722,1.342749,82985477
2022-08-12,1.343479,1.356614,1.343479,1.352819,94750701
2022-08-16,1.352236,1.360847,1.335451,1.353549,83286392
2022-08-17,1.356176,1.36289,1.329613,1.33443,110163210
2022-08-18,1.330489,1.344792,1.330489,1.333262,89083505
2022-08-19,1.329905,1.330343,1.288893,1.294001,131113327
2022-08-22,1.277946,1.282179,1.240583,1.254011,130542383
2022-08-23,1.245108,1.286704,1.243648,1.276779,129050328
2022-08-24,1.267584,1.288017,1.2616,1.286996,98125529
2022-08-25,1.296774,1.298234,1.261746,1.268606,154508368
2022-08-26,1.272984,1.280428,1.228615,1.229637,143620238
2022-08-29,1.218691,1.24394,1.211393,1.241605,94775418
2022-08-30,1.245399,1.285244,1.24467,1.262038,127021780
2022-08-31,1.271233,1.280574,1.249632,1.257368,118369114
2022-09-01,1.248902,1.251529,1.230075,1.236059,107081783
2022-09-02,1.247005,1.271525,1.241897,1.26846,117750860
2022-09-05,1.234745,1.242335,1.220734,1.238394,95787643
2022-09-06,1.238394,1.256054,1.23241,1.243356,95749983
2022-09-07,1.226426,1.244962,1.226426,1.240583,102451510
2022-09-08,1.254448,1.27926,1.232994,1.270065,147592381
2022-09-09,1.28072,1.341727,1.27999,1.337787,164062120
2022-09-12,1.351506,1.391204,1.348879,1.383615,147161560
2022-09-13,1.390913,1.405362,1.367123,1.372815,142792288
2022-09-14,1.363912,1.397335,1.357344,1.38668,102741592
2022-09-15,1.390037,1.414265,1.383469,1.401129,173508257
2022-09-16,1.384929,1.404194,1.362744,1.39748,173065302
2022-09-19,1.391788,1.40434,1.36829,1.397772,70231300
2022-09-20,1.408427,1.414994,1.347857,1.349463,133225342
2022-09-21,1.331511,1.35209,1.321878,1.340268,100959495
2022-09-22,1.317207,1.37982,1.30918,1.351506,112666451
2022-09-23,1.350046,1.350192,1.287287,1.287287,121505511
2022-09-26,1.284952,1.325089,1.282179,1.290498,102969433
2022-09-27,1.306553,1.309764,1.260432,1.260432,135347804
2022-09-28,1.245692,1.259265,1.227448,1.239562,164438780
2022-09-29,1.241605,1.243794,1.193149,1.207744,145907693
2022-09-30,1.224529,1.244232,1.214312,1.242627,138178550
2022-10-03,1.223653,1.265687,1.217523,1.265395,105094816
2022-10-04,1.284368,1.30845,1.279114,1.304802,101897547
2022-10-05,1.297358,1.301007,1.252551,1.270649,98458233
2022-10-06,1.277071,1.282909,1.245546,1.249486,91107216
2022-10-07,1.241459,1.266563,1.239854,1.24467,94278325
2022-10-10,1.236205,1.258827,1.235183,1.246129,65328858
2022-10-11,1.23314,1.245254,1.210371,1.237226,102353887
2022-10-12,1.237664,1.238248,1.207014,1.222631,72636175
2022-10-13,1.211539,1.254595,1.209496,1.245254,100165823
2022-10-14,1.269773,1.278239,1.249632,1.249632,112769477
2022-10-17,1.256638,1.272109,1.247005,1.271963,77303862
2022-10-18,1.288017,1.330781,1.285974,1.315602,123182091
2022-10-19,1.318959,1.334138,1.307429,1.307429,71667081
2022-10-20,1.301883,1.338808,1.295315,1.334722,69461700
2022-10-21,1.318229,1.338224,1.308596,1.3337,77546049
2022-10-24,1.342749,1.364496,1.330343,1.354279,81163074
2022-10-25,1.363474,1.366101,1.331073,1.360701,86459969
2022-10-26,1.364642,1.371501,1.3445,1.361577,82369029
2022-10-27,1.359095,1.390767,1.341143,1.390767,138276464
2022-10-28,1.379237,1.39281,1.363474,1.390329,82677358
2022-10-31,1.394416,1.411638,1.390621,1.407697,105445312
2022-11-01,1.415724,1.437471,1.413389,1.419519,98268491
2022-11-02,1.427984,1.431049,1.408719,1.419227,88958984
2022-11-03,1.408135,1.437617,1.40507,1.437325,78538491
2022-11-04,1.450023,1.513147,1.433239,1.506944,219296454
2022-11-07,1.503295,1.555472,1.500011,1.553648,157498582
2022-11-08,1.552918,1.574081,1.549634,1.567513,100214488
2022-11-09,1.57627,1.590865,1.556567,1.571892,96225112
2022-11-10,1.563135,1.611299,1.562405,1.588676,131918597
2022-11-11,1.592325,1.596704,1.574081,1.576635,106813879
2022-11-14,1.583568,1.601812,1.577,1.595609,76484948
2022-11-15,1.601082,1.60838,1.575176,1.598163,98330604
2022-11-16,1.591595,1.604366,1.590501,1.598528,83941488
2022-11-17,1.604731,1.608745,1.566419,1.589406,125057831
2022-11-18,1.594514,1.618231,1.589771,1.617502,144857617
2022-11-21,1.653585,1.657737,1.612821,1.616218,121819037
2022-11-22,1.619993,1.640375,1.614709,1.630939,71148305
2022-11-23,1.632071,1.635845,1.60716,1.61886,77655565
2022-11-24,1.624899,1.632448,1.619238,1.630561,53336451
2022-11-25,1.629429,1.640375,1.621125,1.629429,51843429
2022-11-28,1.622257,1.622257,1.597346,1.597346,72652035
2022-11-29,1.60565,1.616596,1.576209,1.611312,75789759
2022-11-30,1.619993,1.629429,1.598856,1.601875,109846067
2022-12-01,1.611311,1.615086,1.56866,1.573567,115091167
2022-12-02,1.580739,1.58489,1.561866,1.582626,72507970
2022-12-05,1.582248,1.590552,1.567528,1.569038,52775172
2022-12-06,1.565263,1.57168,1.555827,1.559979,80031246
2022-12-07,1.555827,1.573567,1.541862,1.556205,67925819
2022-12-08,1.564508,1.566396,1.546014,1.553185,36678066
2022-12-09,1.561866,1.57017,1.532426,1.560356,80145546
2022-12-12,1.559224,1.572057,1.547523,1.561489,53844332
2022-12-13,1.563376,1.596214,1.562998,1.586023,91518771
2022-12-14,1.585268,1.587155,1.56715,1.575832,55349996
2022-12-15,1.566018,1.572812,1.505551,1.505551,170520010
2022-12-16,1.508269,1.553562,1.506759,1.553562,226813113
2022-12-19,1.551298,1.558847,1.535068,1.535822,64883257
2022-12-20,1.523367,1.570925,1.514308,1.566773,79765159
2022-12-21,1.575832,1.589797,1.555827,1.585645,75415157
2022-12-22,1.59093,1.598856,1.567528,1.57319,48170856
2022-12-23,1.577719,1.5864,1.572057,1.579606,42830245
2022-12-27,1.592817,1.593949,1.56866,1.57168,32080866
2022-12-28,1.578851,1.579606,1.566018,1.570547,31436499
2022-12-29,1.56866,1.592062,1.560356,1.590552,56048058
2022-12-30,1.581493,1.5864,1.56866,1.56866,38312976
2023-01-02,1.578474,1.613576,1.577719,1.60263,71014244
2023-01-03,1.596591,1.642262,1.595081,1.639997,121075081
2023-01-04,1.645659,1.686046,1.642262,1.682271,129229984
2023-01-05,1.676609,1.684913,1.664154,1.67208,77021869
2023-01-06,1.680006,1.690197,1.674722,1.686046,90070647
2023-01-09,1.690952,1.696614,1.676987,1.682271,88257359
2023-01-10,1.683026,1.698501,1.675477,1.698501,85970959
2023-01-11,1.699256,1.71058,1.687178,1.705673,96255257
2023-01-12,1.709447,1.728319,1.707182,1.724167,103697648
2023-01-13,1.724168,1.739265,1.70756,1.727187,93836524
2023-01-16,1.735491,1.743795,1.715864,1.724923,71298973
2023-01-17,1.728319,1.732849,1.686046,1.706805,114692137
2023-01-18,1.71058,1.721148,1.691707,1.698501,84271279
2023-01-19,1.690197,1.696614,1.663776,1.678119,92000057
2023-01-20,1.692085,1.701143,1.624899,1.646036,133344756
2023-01-23,1.693972,1.701898,1.675855,1.690575,106881130
2023-01-24,1.693972,1.728697,1.687178,1.7253,91605533
2023-01-25,1.730584,1.737755,1.717751,1.732471,94735821
2023-01-26,1.743795,1.77248,1.739265,1.768328,119608376
2023-01-27,1.772103,1.781161,1.760025,1.774745,92809857
2023-01-30,1.769838,1.782294,1.758138,1.769461,96291593
2023-01-31,1.795127,1.829097,1.780784,1.819284,202992610
2023-02-01,1.84344,1.864577,1.835513,1.851744,164610747
2023-02-02,1.864954,1.870616,1.815509,1.853253,143424755
2023-02-03,1.857028,1.8759,1.774368,1.798902,244629399
2023-02-06,1.80796,1.856651,1.787201,1.847214,147706295
2023-02-07,1.857028,1.887223,1.84042,1.863444,162594550
2023-02-08,1.877788,1.884959,1.859293,1.863822,106287691
2023-02-09,1.877788,1.903454,1.872881,1.890243,129582434
2023-02-10,1.887224,1.890243,1.850234,1.869861,124437439
2023-02-13,1.870616,1.892131,1.86118,1.886469,120404174
2023-02-14,1.894772,1.903076,1.884959,1.889111,101713173
2023-02-15,1.887601,1.89666,1.863822,1.883449,111838338
2023-02-16,1.887224,1.927987,1.887224,1.925723,158258662
2023-02-17,1.928365,1.948747,1.905341,1.935914,134831879
2023-02-20,1.942331,1.946105,1.927233,1.927988,104400451
2023-02-21,1.921949,1.938179,1.887978,1.927233,120667583
2023-02-22,1.917419,1.9261,1.860425,1.869484,156482959
2023-02-23,1.872881,1.906096,1.864577,1.897792,92983714
2023-02-24,1.901567,1.914022,1.880807,1.883449,112231610
2023-02-27,1.887223,1.931007,1.885714,1.912135,95909748
2023-02-28,1.902322,1.96158,1.897792,1.93365,226324212
2023-03-01,1.946482,1.947615,1.908361,1.915154,118176910
2023-03-02,1.903076,1.929498,1.889489,1.918929,90394060
2023-03-03,1.930252,1.94535,1.924968,1.943463,88738444
2023-03-06,1.947615,1.964977,1.942331,1.957051,87485453
2023-03-07,1.960448,1.964222,1.935536,1.936291,106233571
2023-03-08,1.927988,1.956674,1.927988,1.941953,92680272
2023-03-09,1.944595,1.946482,1.902321,1.911003,106751461
2023-03-10,1.849479,1.873636,1.815509,1.873636,162776675
2023-03-13,1.864954,1.870616,1.720393,1.75927,311886033
2023-03-14,1.760402,1.828342,1.743795,1.818151,191163322
2023-03-15,1.811735,1.829852,1.674722,1.693594,282185531
2023-03-16,1.743795,1.75776,1.661512,1.696991,222595733
2023-03-17,1.713599,1.739265,1.638865,1.655473,271403865
2023-03-20,1.623012,1.737378,1.57168,1.717373,260032289
2023-03-21,1.748701,1.790598,1.741152,1.777765,175412167
2023-03-22,1.77399,1.807583,1.760402,1.768706,138055590
2023-03-23,1.751343,1.785314,1.740398,1.750589,130696051
2023-03-24,1.737378,1.738888,1.662644,1.708315,208662465
2023-03-27,1.74002,1.749834,1.708315,1.714731,118530064
2023-03-28,1.737756,1.74304,1.714732,1.731339,99581417
2023-03-29,1.736246,1.76078,1.72832,1.757383,127111365
2023-03-30,1.769461,1.796259,1.763044,1.785313,85313025
2023-03-31,1.792485,1.796637,1.766441,1.787201,121342088
2023-04-03,1.787201,1.809093,1.784181,1.785313,94347728
2023-04-04,1.787578,1.792485,1.754363,1.757383,100305024
2023-04-05,1.749834,1.762667,1.724545,1.74304,96649986
2023-04-06,1.746437,1.780029,1.741152,1.780029,68237848
2023-04-11,1.789088,1.798524,1.784559,1.794372,63773376
2023-04-12,1.796637,1.82419,1.79475,1.808338,87665249
2023-04-13,1.80796,1.818151,1.796637,1.802676,66213228
2023-04-14,1.812867,1.869484,1.805695,1.863444,131478431
2023-04-17,1.878165,1.885336,1.838533,1.843062,69223869
2023-04-18,1.855896,1.886091,1.850989,1.870616,74584410
2023-04-19,1.870616,1.894773,1.863822,1.886091,67694983
2023-04-20,1.901566,1.905718,1.873636,1.879297,84032731
2023-04-21,1.866087,1.88043,1.856273,1.875523,88540596
2023-04-24,1.863445,1.900434,1.86118,1.892508,57001923
2023-04-25,1.868729,1.870616,1.844195,1.857783,70689820
2023-04-26,1.845704,1.849479,1.80645,1.837401,100629547
2023-04-27,1.838911,1.866464,1.834382,1.855518,68528830
2023-04-28,1.848347,1.852876,1.774368,1.800034,123616239
2023-05-02,1.811357,1.831362,1.750589,1.75776,87408825
2023-05-03,1.789088,1.805318,1.77701,1.788333,76218578
2023-05-04,1.784559,1.79324,1.762289,1.770593,89134529
2023-05-05,1.792863,1.84344,1.775878,1.835891,115050175
2023-05-08,1.834759,1.861935,1.824945,1.859293,67941189
2023-05-09,1.866842,1.871371,1.842308,1.854386,62604834
2023-05-10,1.864577,1.8759,1.815886,1.823435,98257521
2023-05-11,1.82872,1.833626,1.783426,1.812867,86726003
2023-05-12,1.822303,1.844195,1.821548,1.832872,62366293
2023-05-15,1.843817,1.849856,1.806828,1.82721,51589183
2023-05-16,1.815509,1.833626,1.80947,1.819284,52122450
2023-05-17,1.804563,1.817019,1.787956,1.813999,67984524
2023-05-18,1.82721,1.84797,1.803809,1.803809,87412467
2023-05-19,1.80796,1.831739,1.795127,1.82419,93975553
2023-05-22,1.837991,1.861515,1.827797,1.835639,84599176
2023-05-23,1.834854,1.841911,1.823484,1.836423,45111624
2023-05-24,1.819172,1.823877,1.765459,1.765851,126204845
2023-05-25,1.765067,1.779966,1.745856,1.765067,79764577
2023-05-26,1.772125,1.774085,1.721548,1.760363,87296495
2023-05-29,1.775261,1.778005,1.729389,1.745072,48664355
2023-05-30,1.740759,1.749777,1.725861,1.732918,77211489
2023-05-31,1.719196,1.745072,1.67254,1.690183,317362978
2023-06-01,1.711747,1.753697,1.705866,1.748601,96885081
2023-06-02,1.752913,1.787807,1.743896,1.781142,65158505
2023-06-05,1.785063,1.791728,1.755266,1.77134,63524977
2023-06-06,1.765851,1.79604,1.755658,1.79212,65297578
2023-06-07,1.798784,1.805842,1.771732,1.805842,70849250
2023-06-08,1.803881,1.842304,1.801137,1.822308,79772566
2023-06-09,1.823877,1.831718,1.798393,1.810939,51736386
2023-06-12,1.815251,1.825837,1.791335,1.808194,57074807
2023-06-13,1.815643,1.815643,1.790159,1.812899,58164303
2023-06-14,1.814859,1.857986,1.808978,1.842696,85862035
2023-06-15,1.837991,1.853674,1.831326,1.848969,61846601
2023-06-16,1.848577,1.867004,1.842303,1.86073,174316231
2023-06-19,1.858378,1.891311,1.851321,1.877589,73065538
2023-06-20,1.877197,1.898761,1.870532,1.871316,77453122
2023-06-21,1.874453,1.903073,1.874453,1.886607,79728641
2023-06-22,1.874061,1.875237,1.837991,1.865435,78128527
2023-06-23,1.843088,1.851713,1.822701,1.830934,85369553
2023-06-26,1.825445,1.832502,1.791335,1.828582,61002773
2023-06-27,1.839559,1.853674,1.826621,1.851713,61630934
2023-06-28,1.858378,1.862299,1.840735,1.853281,47995594
2023-06-29,1.849361,1.882686,1.848185,1.870924,70460916
2023-06-30,1.886215,1.900329,1.880334,1.881902,104789036
2023-07-03,1.889743,1.916011,1.884646,1.910915,72952019
2023-07-04,1.912483,1.922284,1.891311,1.897976,43594293
2023-07-05,1.886607,1.900721,1.876805,1.888959,59646672
2023-07-06,1.874453,1.876805,1.817996,1.835247,117411052
2023-07-07,1.836423,1.856026,1.824661,1.841912,64623104
2023-07-10,1.836423,1.862299,1.83407,1.848185,40350375
2023-07-11,1.861907,1.873668,1.845048,1.866611,45690555
2023-07-12,1.875629,1.895232,1.870532,1.888175,65696267
2023-07-13,1.889743,1.921108,1.885823,1.916404,84904228
2023-07-14,1.920324,1.926597,1.899153,1.905818,74333181
2023-07-17,1.901505,1.917972,1.896016,1.909346,46013511
2023-07-18,1.909347,1.935615,1.903074,1.933655,63065981
2023-07-19,1.94032,1.960315,1.936007,1.954042,89023557
2023-07-20,1.959531,1.984623,1.955218,1.977566,91321234
2023-07-21,1.983054,1.99756,1.975213,1.984622,78418514
2023-07-24,1.978741,1.988935,1.972468,1.988543,47933837
2023-07-25,1.9956,2.003441,1.986975,1.990895,51139136
2023-07-26,2.010498,2.023436,1.98227,1.990895,84492524
2023-07-27,2.003442,2.018732,1.999521,2.017556,111632020
2023-07-28,2.023044,2.055586,2.016772,2.046176,180704296
2023-07-31,2.047745,2.071268,2.040295,2.061467,102843151
2023-08-01,2.066172,2.073229,2.027358,2.045784,105088762
2023-08-02,2.018732,2.025397,1.990111,2.009714,96099527
2023-08-03,2.001873,2.010106,1.972077,1.995992,71360586
2023-08-04,2.001089,2.012459,1.98423,1.994424,68966724
2023-08-07,1.989719,2.013635,1.984622,2.007362,50878749
2023-08-08,1.881902,1.89484,1.825837,1.833286,376391539
2023-08-09,1.881902,1.896408,1.858378,1.876021,171093404
2023-08-10,1.883862,1.922284,1.882294,1.911699,97461241
2023-08-11,1.90425,1.91758,1.893664,1.912875,63187894
2023-08-14,1.907386,1.925421,1.901505,1.917187,53558032
2023-08-16,1.888175,1.910131,1.881902,1.904642,60222416
2023-08-17,1.890527,1.909346,1.879549,1.897192,70761187
2023-08-18,1.87955,1.890527,1.868572,1.890527,67741394
2023-08-21,1.89288,1.92895,1.892488,1.912483,76490159
2023-08-22,1.926597,1.937967,1.914443,1.928557,63902901
2023-08-23,1.934046,1.945416,1.919148,1.925029,56396384
2023-08-24,1.938751,1.94424,1.916403,1.91954,64455239
2023-08-25,1.913267,1.937183,1.913267,1.920716,48457136
2023-08-28,1.936791,1.950513,1.93091,1.94228,51946382
2023-08-29,1.945024,1.958746,1.937183,1.954434,60450339
2023-08-30,1.966196,1.988543,1.960707,1.961883,69926488
2023-08-31,1.96502,1.9709,1.937575,1.938359,132207841
2023-09-01,1.938359,1.952473,1.913659,1.928557,69175092
2023-09-04,1.929342,1.947769,1.916012,1.924637,41866697
2023-09-05,1.916011,1.927381,1.901113,1.918364,45937162
2023-09-06,1.910523,1.912483,1.868964,1.875237,101743264
2023-09-07,1.877981,1.88347,1.855242,1.87014,75119703
2023-09-08,1.884646,1.896016,1.864651,1.892488,71315860
2023-09-11,1.916403,1.948944,1.915619,1.944632,107615016
2023-09-12,1.944632,1.948945,1.927773,1.941103,75992981
2023-09-13,1.936791,1.950905,1.923461,1.93091,63126199
2023-09-14,1.916796,1.943848,1.879942,1.940712,142548544
2023-09-15,1.95757,1.975997,1.929734,1.936007,165744147
2023-09-18,1.937967,1.944632,1.897585,1.905426,78545603
2023-09-19,1.897585,1.917188,1.895232,1.914443,49347013
2023-09-20,1.91954,1.977565,1.916011,1.9709,140880304
2023-09-21,1.956394,1.968548,1.938359,1.954826,79959155
2023-09-22,1.943848,1.949337,1.921108,1.929734,81333404
2023-09-25,1.936399,1.954826,1.911307,1.928557,64747205
2023-09-26,1.921893,1.925421,1.891312,1.90229,78129148
2023-09-27,1.902682,1.913659,1.888959,1.899937,49700855
2023-09-28,1.899937,1.924637,1.894448,1.920716,65514040
2023-09-29,1.93091,1.937967,1.913267,1.913267,66109553
2023-10-02,1.919148,1.93287,1.884254,1.890527,52741184
2023-10-03,1.887783,1.909346,1.861515,1.870924,80741752
2023-10-04,1.857594,1.866612,1.840735,1.852497,89073630
2023-10-05,1.866219,1.872884,1.839167,1.853673,58667951
2023-10-06,1.860731,1.885823,1.849753,1.883078,67437877
2023-10-09,1.859554,1.872885,1.837991,1.863475,79910219
2023-10-10,1.88151,1.908954,1.87955,1.901505,68382848
2023-10-11,1.896016,1.923068,1.887391,1.915619,63334725
2023-10-12,1.926597,1.940711,1.916404,1.919148,104045869
2023-10-13,1.909346,1.9215,1.880334,1.886607,80764039
2023-10-16,1.898368,1.904641,1.877197,1.89484,54686272
2023-10-17,1.897193,1.913267,1.892488,1.903858,47142628
2023-10-18,1.905818,1.90817,1.876413,1.881902,52527977
2023-10-19,1.880334,1.88151,1.854458,1.862299,72850216
2023-10-20,1.84348,1.849753,1.828189,1.837991,87490590
2023-10-23,1.850537,1.861907,1.829758,1.861123,71955076
2023-10-24,1.86818,1.868964,1.841128,1.851713,57982111
2023-10-25,1.850537,1.850537,1.832894,1.847401,51597791
2023-10-26,1.827013,1.859554,1.814859,1.858378,78439300
2023-10-27,1.872493,1.884254,1.856026,1.864259,59211169
2023-10-30,1.872101,1.89092,1.861515,1.883078,72879002
2023-10-31,1.887783,1.932086,1.885823,1.926205,96261149
2023-11-01,1.931302,1.965803,1.931302,1.953257,95991108
2023-11-02,1.960315,1.990112,1.960315,1.979134,115800067
2023-11-03,1.997561,2.03363,1.98031,2.010107,138895879
2023-11-06,2.036375,2.046568,2.012067,2.012067,97627653
2023-11-07,2.007362,2.025005,2.001089,2.010499,54844748
2023-11-08,2.012067,2.031278,1.990895,2.014027,78117196
2023-11-09,2.019124,2.026965,2.011283,2.021477,79654008
2023-11-10,2.017556,2.026965,2.00501,2.012067,71215843
2023-11-13,2.019516,2.040687,2.01834,2.040687,102846902
2023-11-14,2.051665,2.066172,2.036767,2.061859,138702574
2023-11-15,2.067348,2.089695,2.066956,2.074405,100692471
2023-11-16,2.079502,2.084206,2.072052,2.075189,131935256
2023-11-17,2.075973,2.104986,2.074013,2.104986,142913549
2023-11-20,2.141028,2.1605,2.123214,2.123214,126841081
2023-11-21,2.120315,2.120315,2.084686,2.092557,86178640
2023-11-22,2.100014,2.1257,2.0967,2.1054,55691837
2023-11-23,2.111615,2.1257,2.100843,2.120729,53576921
2023-11-24,2.118657,2.158429,2.118657,2.153872,83487496
2023-11-27,2.155943,2.162571,2.1431,2.154286,67955030
2023-11-28,2.155943,2.174586,2.155943,2.174586,69442181
2023-11-29,2.179143,2.202343,2.179143,2.192814,109531295
2023-11-30,2.199857,2.203171,2.176657,2.188671,100661433
2023-12-01,2.197372,2.212286,2.191986,2.208972,67138420
2023-12-04,2.212286,2.233,2.210215,2.233,74316555
2023-12-05,2.232586,2.2504,2.213114,2.223472,86941285
2023-12-06,2.233829,2.247914,2.228443,2.2417,78914545
2023-12-07,2.233,2.241286,2.202343,2.2185,85845008
2023-12-08,2.220986,2.237143,2.203586,2.237143,68094976
2023-12-11,2.237143,2.240457,2.223057,2.229686,63958268
2023-12-12,2.237143,2.243357,2.220571,2.222228,61247461
2023-12-13,2.234243,2.234243,2.220986,2.220986,70294513
2023-12-14,2.241286,2.242114,2.148071,2.1721,169874396
2023-12-15,2.176243,2.1953,2.167129,2.183286,140606001
2023-12-18,2.189086,2.189086,2.165472,2.175,58058215
2023-12-19,2.179143,2.197371,2.165057,2.197371,68333202
2023-12-20,2.2011,2.204415,2.172515,2.184943,55147883
2023-12-21,2.182043,2.188671,2.170028,2.179143,42639094
2023-12-22,2.176657,2.193229,2.1692,2.193229,40491328
2023-12-27,2.203171,2.203171,2.182871,2.2011,38552297
2023-12-28,2.205657,2.2069,2.181214,2.1895,37066810
2023-12-29,2.193229,2.197371,2.187014,2.190329,30319218
2024-01-02,2.197371,2.235486,2.1953,2.232586,87894747
2024-01-03,2.237143,2.251228,2.223886,2.230514,76756319
2024-01-04,2.236729,2.2823,2.234243,2.2823,106214744
2024-01-05,2.271114,2.324143,2.263657,2.309643,114683135
2024-01-08,2.312129,2.3258,2.294314,2.316272,66690848
2024-01-09,2.32,2.322486,2.281471,2.284371,86506877
2024-01-10,2.291,2.295143,2.2736,2.277329,49496459
2024-01-11,2.294314,2.298043,2.252471,2.259514,66723717
2024-01-12,2.2678,2.276086,2.252886,2.259514,46488477
2024-01-15,2.257857,2.2678,2.250815,2.2562,40401820
2024-01-16,2.242943,2.251229,2.218086,2.2504,62921822
2024-01-17,2.237557,2.2678,2.229272,2.260757,63021857
2024-01-18,2.259928,2.288929,2.255786,2.278571,56679928
2024-01-19,2.297214,2.307157,2.2765,2.283128,86116341
2024-01-22,2.303429,2.319171,2.2881,2.293486,70532433
2024-01-23,2.296386,2.306743,2.287271,2.2968,46369896
2024-01-24,2.302186,2.348586,2.300943,2.348586,105423402
2024-01-25,2.340714,2.358114,2.321657,2.326629,77465398
2024-01-26,2.327457,2.3461,2.318343,2.329114,65596500
2024-01-29,2.339057,2.344857,2.2997,2.305086,79953211
2024-01-30,2.315029,2.397057,2.315029,2.3838,127981999
2024-01-31,2.398714,2.402443,2.3693,2.3722,109366614
2024-02-01,2.353143,2.391672,2.3142,2.322486,107075920
2024-02-02,2.330771,2.335329,2.2939,2.32,80476175
2024-02-05,2.361843,2.403685,2.355628,2.374271,145586291
2024-02-06,2.406172,2.450086,2.374272,2.404515,198217402
2024-02-07,2.410314,2.410314,2.3258,2.353142,156663822
2024-02-08,2.361429,2.3664,2.329529,2.334086,81151379
2024-02-09,2.334086,2.336571,2.293486,2.307986,110269746
2024-02-12,2.324971,2.3432,2.3171,2.339471,73969193
2024-02-13,2.344857,2.347757,2.316271,2.324971,60484206
2024-02-14,2.320829,2.344029,2.304671,2.332843,54753236
2024-02-15,2.339471,2.343614,2.316271,2.343614,72203642
2024-02-16,2.361429,2.369714,2.336572,2.340714,85412416
2024-02-19,2.340714,2.359771,2.340714,2.352314,48870642
2024-02-20,2.345686,2.361014,2.341543,2.361014,42005586
2024-02-21,2.361014,2.402029,2.359772,2.390843,111930886
2024-02-22,2.402857,2.411557,2.393743,2.399957,97742772
2024-02-23,2.404929,2.435171,2.399957,2.435171,118536251
2024-02-26,2.436,2.453814,2.426885,2.448014,114966613
2024-02-27,2.445943,2.450914,2.431857,2.446357,89043945
2024-02-28,2.440143,2.451329,2.436,2.444286,61700158
2024-02-29,2.443457,2.451329,2.432686,2.434343,165416992
2024-03-01,2.4418,2.504357,2.438072,2.489443,194355620
2024-03-04,2.485714,2.494829,2.4795,2.485714,61309495
2024-03-05,2.502286,2.539986,2.4969,2.535843,129726222
2024-03-06,2.537086,2.5752,2.531286,2.571057,102148517
2024-03-07,2.568571,2.576443,2.5404,2.5578,117001946
2024-03-08,2.564843,2.572714,2.552829,2.570643,71254598
2024-03-11,2.543714,2.544957,2.5056,2.544543,96546138
2024-03-12,2.560286,2.603372,2.553243,2.603372,118658778
2024-03-13,2.606271,2.651429,2.601714,2.637343,121668259
2024-03-14,2.634857,2.649771,2.621186,2.6274,104723731
2024-03-15,2.611243,2.676286,2.61,2.674215,259054845
2024-03-18,2.682914,2.692029,2.6622,2.675457,81745285
2024-03-19,2.677943,2.717714,2.676286,2.7144,89093609
2024-03-20,2.7144,2.7231,2.690371,2.710257,76840594
2024-03-21,2.734286,2.734286,2.715643,2.728486,73619612
2024-03-22,2.718543,2.745057,2.715643,2.730143,73806477
2024-03-25,2.730143,2.756657,2.723928,2.7521,69075714
2024-03-26,2.753343,2.783171,2.746714,2.771986,82243450
2024-03-27,2.774886,2.788971,2.767843,2.774057,75998619
2024-03-28,2.780271,2.800157,2.774886,2.786486,99299036
2024-04-02,2.779857,2.816729,2.773643,2.773643,94996799
2024-04-03,2.785657,2.823357,2.782757,2.819629,92479430
2024-04-04,2.825429,2.832886,2.803472,2.804715,60797628
2024-04-05,2.753343,2.761214,2.706114,2.758314,136336457
2024-04-08,2.7666,2.784,2.748786,2.780686,50677119
2024-04-09,2.768672,2.787729,2.726829,2.743814,63245154
2024-04-10,2.762457,2.787314,2.723514,2.775714,74894285
2024-04-11,2.781514,2.785657,2.688714,2.719372,83979248
2024-04-12,2.747543,2.769086,2.718957,2.726,70175315
2024-04-15,2.750857,2.793943,2.750029,2.756243,70040509
2024-04-16,2.709429,2.7231,2.687886,2.694515,68868030
2024-04-17,2.703629,2.747129,2.699486,2.733457,65368162
2024-04-18,2.750857,2.7753,2.734286,2.7753,66499245
2024-04-19,2.750443,2.798086,2.740914,2.798086,84057046
2024-04-22,2.817143,2.848629,2.812172,2.840757,88922617
2024-04-23,2.849457,2.922371,2.8449,2.916157,132432227
2024-04-24,2.941014,2.955929,2.903728,2.914086,97073074
2024-04-25,2.933143,2.939357,2.884671,2.902486,68120221
2024-04-26,2.926929,2.948886,2.9058,2.941429,61369142
2024-04-29,2.951372,2.9638,2.918643,2.935629,87094996
2024-04-30,2.945572,2.961729,2.921543,2.921543,68284439
2024-05-02,2.938529,2.977057,2.927343,2.961314,91788785
2024-05-03,2.974571,2.980371,2.8478,2.868514,167779882
2024-05-06,2.898757,2.957172,2.886743,2.9522,86197369
2024-05-07,2.969186,2.982443,2.950543,2.981614,79494637
2024-05-08,2.982857,3.0044,2.950543,2.977471,81280292
2024-05-09,2.973743,2.991143,2.929829,2.965871,72237096
2024-05-10,2.976228,2.9899,2.961314,2.983271,72606048
2024-05-13,2.988243,3.018072,2.982857,3.004815,69800781
2024-05-14,3.011443,3.093886,3.005643,3.0682,158147160
2024-05-15,3.104243,3.105071,3.051629,3.088086,83493096
2024-05-16,3.098443,3.102172,3.071929,3.093057,76078588
2024-05-17,3.0943,3.122886,3.089328,3.122886,123975045
2024-05-20,3.150946,3.160011,3.059858,3.072809,120659136
2024-05-21,3.065038,3.093962,3.047771,3.065038,85588099
2024-05-22,3.077126,3.084897,3.046476,3.055973,66526017
2024-05-23,3.057268,3.073241,3.027913,3.059858,55980384
2024-05-24,3.031366,3.067197,3.005033,3.065902,56968515
2024-05-27,3.065902,3.077126,3.04,3.077126,31736886
2024-05-28,3.089645,3.141449,3.08576,3.11382,78253404
2024-05-29,3.112525,3.122023,3.026618,3.049498,69630093
2024-05-30,3.043886,3.122022,3.042159,3.119432,78770837
2024-05-31,3.127203,3.153104,3.109503,3.113388,150761533
2024-06-03,3.137563,3.155694,3.125476,3.142744,72022176
2024-06-04,3.137564,3.13929,3.059858,3.06288,89233713
2024-06-05,3.075399,3.097848,3.051224,3.058995,58513873
2024-06-06,3.081011,3.121159,3.030071,3.109071,75123412
2024-06-07,3.118569,3.119,3.067629,3.096984,54220210
2024-06-10,3.086623,3.086623,3.044317,3.08058,65217928
2024-06-11,3.08576,3.089645,2.976541,3.001579,102969268
2024-06-12,3.020142,3.062448,3.018416,3.048203,72637576
2024-06-13,3.047339,3.056836,2.939847,2.948481,123507770
2024-06-14,2.942005,2.944595,2.812928,2.875092,184328546
2024-06-17,2.90488,2.931645,2.877251,2.905743,94939484
2024-06-18,2.939415,2.976541,2.93294,2.951934,81101862
2024-06-19,2.961,3.005896,2.941142,2.987333,62534285
2024-06-20,2.995967,3.031366,2.98906,3.016257,65504614
2024-06-21,2.992082,3.005896,2.950639,2.98129,127852926
2024-06-24,2.989924,3.05252,2.989924,3.049498,63037313
2024-06-25,3.047771,3.064607,3.022301,3.036115,48538935
2024-06-26,3.056405,3.072809,3.012372,3.044749,65414626
2024-06-27,3.040864,3.046907,2.976109,2.991219,67741435
2024-06-28,3.015393,3.038273,2.983448,2.99683,60701672
2024-07-01,3.063312,3.096121,3.053815,3.092236,85831819
2024-07-02,3.084897,3.091804,3.035252,3.047771,62155695
2024-07-03,3.068492,3.095257,3.047339,3.077126,67346645
2024-07-04,3.09094,3.103028,3.084033,3.090508,47909039
2024-07-05,3.103459,3.105618,3.041727,3.064607,53071128
2024-07-08,3.064175,3.128929,3.054678,3.078853,71692043
2024-07-09,3.065038,3.087487,3.050792,3.067629,48305575
2024-07-10,3.08058,3.102596,3.055541,3.086192,62238976
2024-07-11,3.102164,3.104754,3.057268,3.100438,57716689
2024-07-12,3.106481,3.128929,3.100438,3.125044,50712009
2024-07-15,3.121159,3.137563,3.093099,3.115115,38120219
2024-07-16,3.104323,3.153536,3.089645,3.128066,61937939
2024-07-17,3.143175,3.158285,3.126339,3.149651,48656816
2024-07-18,3.160012,3.188504,3.153968,3.166487,64541175
2024-07-19,3.166487,3.172962,3.139722,3.147061,56641192
2024-07-22,3.160012,3.215269,3.160012,3.207498,68375118
2024-07-23,3.216996,3.244192,3.209225,3.232537,68398750
2024-07-24,3.237717,3.237717,3.186777,3.216132,71201439
2024-07-25,3.186776,3.202749,3.151809,3.194115,64539079
2024-07-26,3.184618,3.204044,3.170804,3.198432,45769643
2024-07-29,3.217427,3.229515,3.157422,3.166487,58460733
2024-07-30,3.166919,3.30204,3.166056,3.278728,138584075
2024-07-31,3.291679,3.311537,3.221312,3.238148,88321337
2024-08-01,3.214405,3.220449,3.093099,3.11123,132606039
2024-08-02,3.031798,3.064607,2.961432,2.973951,154901621
2024-08-05,2.767168,2.964885,2.721409,2.945027,160813992
2024-08-06,2.987334,2.987765,2.883726,2.902721,107346044
2024-08-07,2.944164,3.018847,2.916967,2.983016,113421089
2024-08-08,2.951071,2.985606,2.924737,2.973087,97131549
2024-08-09,2.998558,3.012804,2.964885,2.980426,58255105
2024-08-12,2.999421,3.021869,2.990787,2.996399,42107797
2024-08-13,3.01453,3.019279,2.976973,2.991219,64250795
2024-08-14,3.004601,3.020142,2.999421,3.012372,37751112
2024-08-16,3.077989,3.105618,3.072377,3.105618,70758746
2024-08-19,3.116842,3.141449,3.110798,3.120296,38511584
2024-08-20,3.137995,3.145766,3.091372,3.103459,41942381
2024-08-21,3.095257,3.136268,3.095257,3.122022,36400301
2024-08-22,3.124181,3.132383,3.106481,3.127203,41066963
2024-08-23,3.138427,3.180301,3.137995,3.175121,47211812
2024-08-26,3.168646,3.174689,3.150946,3.162602,24897624
2024-08-27,3.168214,3.194547,3.153968,3.194547,44813643
2024-08-28,3.197137,3.20793,3.176416,3.195842,42678997
2024-08-29,3.199728,3.230378,3.198432,3.219154,50462602
2024-08-30,3.231673,3.265345,3.223902,3.250236,66583981
2024-09-02,3.263618,3.276569,3.242897,3.258006,39723707
2024-09-03,3.262755,3.270957,3.186777,3.204476,57803711
2024-09-04,3.16476,3.22822,3.160012,3.206635,47189981
2024-09-05,3.204476,3.249373,3.190662,3.23858,49498487
2024-09-06,3.231241,3.237717,3.164328,3.165624,80108480
2024-09-09,3.181596,3.226061,3.17728,3.217427,51001701
2024-09-10,3.220017,3.240307,3.181596,3.18505,68539163
2024-09-11,3.198432,3.229082,3.172962,3.190661,59291572
2024-09-12,3.227356,3.233399,3.178143,3.223902,56689309
2024-09-13,3.226493,3.244624,3.216996,3.242034,45003229
2024-09-16,3.219585,3.248077,3.205771,3.228219,50969218
2024-09-17,3.237717,3.264914,3.223903,3.250668,63141017
2024-09-18,3.24635,3.274411,3.245919,3.253258,54912185
2024-09-19,3.280886,3.286498,3.242897,3.282613,74136912
2024-09-20,3.270957,3.332689,3.26923,3.302471,139420709
2024-09-23,3.300744,3.308515,3.231242,3.240307,67730661
2024-09-24,3.244192,3.288657,3.244192,3.26146,47996068
2024-09-25,3.252826,3.289088,3.2334,3.26146,48195559
2024-09-26,3.28952,3.346504,3.278728,3.346504,94582918
2024-09-27,3.338302,3.348662,3.318876,3.341755,63132892
2024-09-30,3.329237,3.338302,3.302471,3.313264,69461120
2024-10-01,3.324055,3.331826,3.219153,3.225197,97768545
2024-10-02,3.225198,3.246782,3.171667,3.208361,68873587
2024-10-03,3.208362,3.219154,3.158716,3.18246,80800648
2024-10-04,3.199728,3.265345,3.194979,3.249372,65801314
2024-10-07,3.268367,3.291247,3.236422,3.283477,60291357
2024-10-08,3.267072,3.288225,3.254985,3.268799,44364078
2024-10-09,3.279159,3.28952,3.239875,3.287793,49967782
2024-10-10,3.298154,3.324056,3.282181,3.324056,84087702
2024-10-11,3.324056,3.359887,3.323192,3.359455,77991239
2024-10-14,3.362045,3.389242,3.346936,3.386652,73487713
2024-10-15,3.384493,3.398308,3.35816,3.393559,101351683
2024-10-16,3.385357,3.420756,3.349958,3.384493,96301282
2024-10-17,3.399171,3.43716,3.39399,3.428094,87935952
2024-10-18,3.427663,3.453564,3.403056,3.453564,83514137
2024-10-21,3.444067,3.452701,3.419461,3.422914,65974196
2024-10-22,3.410395,3.416439,3.369816,3.393991,50020706
2024-10-23,3.389674,3.399603,3.353411,3.353411,49936710
2024-10-24,3.354275,3.382335,3.347799,3.349526,45806682
2024-10-25,3.343051,3.370679,3.337007,3.346504,43200103
2024-10-28,3.367226,3.396581,3.34046,3.390105,59384983
2024-10-29,3.410395,3.439319,3.4091,3.430253,66637110
2024-10-30,3.417734,3.421619,3.36852,3.405646,58212132
2024-10-31,3.385788,3.443204,3.375427,3.399171,87811595
2024-11-01,3.416007,3.495007,3.406941,3.482488,92624498
2024-11-04,3.489827,3.528679,3.472991,3.512707,96553900
2024-11-05,3.51616,3.545084,3.502778,3.539903,81130263
2024-11-06,3.563647,3.574008,3.419892,3.429389,119367703
2024-11-07,3.458745,3.469969,3.321465,3.328373,110225445
2024-11-08,3.324056,3.332258,3.278728,3.311537,93460084
2024-11-11,3.34305,3.386652,3.323192,3.366362,53368259
2024-11-12,3.341324,3.352548,3.280455,3.283908,81677406
2024-11-13,3.280023,3.347799,3.280023,3.300744,67415251
2024-11-14,3.305925,3.377586,3.30463,3.371542,62240606
2024-11-15,3.369384,3.390969,3.352548,3.367225,70348066
2024-11-18,3.399724,3.401981,3.35865,3.390697,79219169
2024-11-19,3.385732,3.397467,3.271986,3.353233,92697818
2024-11-20,3.369031,3.378058,3.317575,3.336984,51324844
2024-11-21,3.344657,3.353233,3.285979,3.310804,69944522
2024-11-22,3.327956,3.349171,3.208343,3.280111,95086474
2024-11-25,3.301777,3.30629,3.225946,3.257994,103261376
2024-11-26,3.242647,3.255286,3.191191,3.234071,63957196
2024-11-27,3.213308,3.235876,3.173136,3.229557,63715850
2024-11-28,3.247161,3.267473,3.225495,3.252126,34543221
2024-11-29,3.236328,3.279208,3.236328,3.274243,51075420
2024-12-02,3.247161,3.301777,3.23046,3.278757,58814250
2024-12-03,3.294103,3.34556,3.287784,3.323442,55368583
2024-12-04,3.324797,3.387989,3.323443,3.36858,49794624
2024-12-05,3.374447,3.454791,3.371288,3.444861,71855979
2024-12-06,3.446667,3.476909,3.442604,3.465624,51827085
2024-12-09,3.475554,3.495415,3.455243,3.465624,46643249
2024-12-10,3.475103,3.483679,3.446667,3.448021,45544785
2024-12-11,3.444861,3.48052,3.444861,3.48052,59085843
2024-12-12,3.484582,3.525205,3.478263,3.525205,64491230
2024-12-13,3.528816,3.545968,3.521143,3.545066,46557326
2024-12-16,3.547774,3.601938,3.545517,3.559961,68451301
2024-12-17,3.546871,3.554996,3.480971,3.49045,57600331
2024-12-18,3.480971,3.535135,3.473749,3.520692,50578597
2024-12-19,3.480971,3.514824,3.463367,3.478263,57967149
2024-12-20,3.456597,3.472395,3.401981,3.461111,137207737
2024-12-23,3.471041,3.472395,3.427709,3.448472,32322714
2024-12-27,3.442604,3.492706,3.433125,3.489095,41319581
2024-12-30,3.487742,3.511213,3.470138,3.48729,34463031
2025-01-02,3.508956,3.522497,3.37851,3.475554,54561635
2025-01-03,3.475554,3.50354,3.458854,3.474652,47151979
2025-01-06,3.492255,3.549128,3.463819,3.547322,59851649
2025-01-07,3.526108,3.544163,3.46743,3.530622,67788195
2025-01-08,3.537392,3.594717,3.522948,3.582078,70375789
2025-01-09,3.559961,3.602841,3.541455,3.601487,44813209
2025-01-10,3.603744,3.645721,3.597425,3.621347,80143675
2025-01-13,3.610966,3.631728,3.567634,3.575759,56744596
2025-01-14,3.609612,3.67506,3.59923,3.67506,87460632
2025-01-15,3.685893,3.693566,3.648881,3.679123,82662756
2025-01-16,3.707559,3.732836,3.689504,3.699885,71141170
2025-01-17,3.706205,3.745925,3.706205,3.74096,69333371
2025-01-20,3.755404,3.788354,3.742314,3.762175,74853404
2025-01-21,3.762175,3.773008,3.74096,3.756758,50833558
2025-01-22,3.767591,3.771654,3.69131,3.698983,55341421
2025-01-23,3.703497,3.771654,3.700337,3.771654,48304795
2025-01-24,3.782487,3.818145,3.764432,3.786097,69967011
2025-01-27,3.759918,3.792868,3.741863,3.769848,53145451
2025-01-28,3.773459,3.806409,3.754501,3.786097,59796394
2025-01-29,3.80009,3.836651,3.78023,3.836651,65710773
2025-01-30,3.840262,3.854254,3.797833,3.807312,64575308
2025-01-31,3.831235,3.845227,3.781584,3.785195,47075525
2025-02-03,3.703045,3.776618,3.70124,3.765786,71545578
2025-02-04,3.788806,3.850192,3.706656,3.838456,112912928
2025-02-05,3.828075,3.84613,3.788806,3.812277,61507601
2025-02-06,3.834846,3.926925,3.824915,3.926022,107516613
2025-02-07,3.932793,3.942272,3.897586,3.927377,68021208
2025-02-10,3.934147,3.946786,3.893975,3.919252,69126979
2025-02-11,3.935953,3.994179,3.912932,3.991922,64017406
2025-02-12,4.007721,4.017651,3.975673,3.990117,82443635
2025-02-13,4.022616,4.028484,3.943174,3.952653,71966101
2025-02-14,3.959875,3.992825,3.941369,3.969805,53937574
2025-02-17,3.98109,4.046539,3.98109,4.034351,65323805
2025-02-18,4.048795,4.110181,4.036157,4.110181,84701006
2025-02-19,4.113341,4.147194,4.062788,4.072267,86805789
2025-02-20,4.071364,4.110182,4.048344,4.052406,53097866
2025-02-21,4.069107,4.080842,4.041122,4.080842,49627399
2025-02-24,4.07362,4.108376,4.03706,4.092127,51992287
2025-02-25,4.089419,4.181498,4.078586,4.166603,92516266
2025-02-26,4.19188,4.32368,4.184207,4.305625,115015035
2025-02-27,4.272224,4.332256,4.258231,4.290278,87714470
2025-02-28,4.277189,4.29073,4.25101,4.272675,120534278
2025-03-03,4.288022,4.378296,4.2316,4.337672,83935395
2025-03-04,4.305174,4.3467,4.165701,4.209935,106991782
2025-03-05,4.306076,4.413503,4.268161,4.364303,114184024
2025-03-06,4.423433,4.433363,4.339929,4.390031,103174143
2025-03-07,4.35663,4.424787,4.336318,4.418468,94482163
2025-03-10,4.441488,4.466314,4.297952,4.324131,89253733
2025-03-11,4.349859,4.355727,4.210837,4.232955,77418294
2025-03-12,4.292536,4.351214,4.269967,4.305174,57415415
2025-03-13,4.266356,4.320069,4.229795,4.260036,57062306
2025-03-14,4.252815,4.3467,4.212191,4.33361,59368219
2025-03-17,4.33361,4.360241,4.299757,4.360241,40698328
2025-03-18,4.378296,4.45864,4.370171,4.45864,82463323
2025-03-19,4.432912,4.490236,4.424336,4.466764,56235037
2025-03-20,4.474889,4.484368,4.30066,4.33677,102434275
2025-03-21,4.317361,4.366109,4.294341,4.357984,118920717
2025-03-24,4.392288,4.403572,4.352116,4.3634,76553717
2025-03-25,4.379199,4.463153,4.378296,4.459543,62352434
2025-03-26,4.483465,4.493847,4.418467,4.425238,67903439
2025-03-27,4.390031,4.441036,4.339929,4.438779,68412924
2025-03-28,4.399962,4.411246,4.334965,4.35302,66560761
2025-03-31,4.326388,4.333159,4.253266,4.273578,86962416
2025-04-01,4.312847,4.348505,4.280348,4.325034,70553909
2025-04-02,4.32368,4.3467,4.260939,4.322777,43845609
2025-04-03,4.226635,4.227086,4.015394,4.021713,114719451
2025-04-04,3.962584,3.966194,3.587494,3.727871,259491689
2025-04-07,3.373996,3.719746,3.305388,3.520692,234375194
2025-04-08,3.619542,3.670998,3.459305,3.606452,131755160
2025-04-09,3.466527,3.552739,3.441702,3.527011,122142912
2025-04-10,4.062336,4.075877,3.730579,3.730579,142718056
2025-04-11,3.791514,3.808215,3.650235,3.723808,72464026
2025-04-14,3.813631,3.852901,3.780681,3.821756,81487921
2025-04-15,3.832137,3.945883,3.832137,3.932342,93743730
2025-04-16,3.893524,3.969354,3.875018,3.968903,63959835
2025-04-17,3.971159,3.980638,3.898037,3.934598,52802013
2025-04-22,3.937306,4.027581,3.927827,3.989214,52059131
2025-04-23,4.05692,4.108827,4.02081,4.100703,89779600
2025-04-24,4.081745,4.137264,4.072718,4.114244,54554863
2025-04-25,4.145388,4.217156,4.126882,4.211288,51981583
2025-04-28,4.242433,4.273578,4.223927,4.236114,51794898
2025-04-29,4.256426,4.305174,4.248753,4.292536,64001462
2025-04-30,4.325937,4.34354,4.146743,4.226635,112027043
2025-05-02,4.278994,4.320069,4.26455,4.292084,65809043
2025-05-05,4.315105,4.334965,4.278995,4.334062,43233162
2025-05-06,4.3467,4.35663,4.223476,4.300209,81614505
2025-05-07,4.311493,4.311493,4.214448,4.214448,64465146
2025-05-08,4.243336,4.344443,4.23792,4.344443,64162738
2025-05-09,4.353471,4.396351,4.339929,4.382358,71563756
2025-05-12,4.423433,4.492493,4.37649,4.409441,90916673
2025-05-13,4.411697,4.435619,4.38958,4.410794,44686999
2025-05-14,4.423433,4.472633,4.398157,4.472633,63434373
2025-05-15,4.457286,4.495652,4.442391,4.491138,67965219
2025-05-16,4.497458,4.497458,4.452321,4.492493,72745432
2025-05-19,4.524278,4.581772,4.507918,4.544378,58474809
2025-05-20,4.56214,4.612622,4.552791,4.602339,55341086
2025-05-21,4.618699,4.63506,4.581305,4.628516,54401137
2025-05-22,4.617297,4.620569,4.568684,4.603274,45729600
2025-05-23,4.597197,4.620102,4.390592,4.442477,111161778
2025-05-26,4.551856,4.556063,4.498102,4.518669,37668792
2025-05-27,4.522876,4.546715,4.49483,4.52942,42190183
2025-05-28,4.528018,4.573359,4.523811,4.52755,49921361
2025-05-29,4.563075,4.590186,4.507918,4.535029,44080385
2025-05-30,4.543443,4.594393,4.537366,4.590186,79192144
2025-06-02,4.5785,4.604676,4.535497,4.581772,57000656
2025-06-03,4.594393,4.603274,4.507451,4.572891,66003068
2025-06-04,4.590186,4.608416,4.516331,4.551389,62477430
2025-06-05,4.535028,4.62571,4.535028,4.62571,62422512
2025-06-06,4.618232,4.70237,4.59673,4.693021,70637606
2025-06-09,4.681803,4.711718,4.663105,4.684608,38156242
2025-06-10,4.679933,4.690217,4.562607,4.562607,79246442
2025-06-11,4.559803,4.5986,4.539236,4.571022,48769248
2025-06-12,4.536899,4.588316,4.518201,4.543443,55720657
2025-06-13,4.468654,4.529887,4.461175,4.506516,86362446
2025-06-16,4.513527,4.619634,4.513527,4.612623,54009355
2025-06-17,4.579435,4.583642,4.482677,4.488286,52720239
2025-06-18,4.496699,4.526148,4.479872,4.507918,34854195
2025-06-19,4.487351,4.508385,4.440608,4.440608,40928323
2025-06-20,4.457435,4.536431,4.453696,4.498569,78913103
2025-06-23,4.475665,4.500439,4.424715,4.444814,58099198
2025-06-24,4.543443,4.574294,4.515397,4.54952,52063548
2025-06-25,4.568684,4.568684,4.489688,4.517266,42174182
2025-06-26,4.52942,4.54765,4.481274,4.497167,43906085
2025-06-27,4.519137,4.56027,4.493428,4.56027,35137371
2025-06-30,4.577098,4.577098,4.516799,4.572891,39605300
2025-07-01,4.569619,4.571957,4.518669,4.52942,41129291
2025-07-02,4.548117,4.5785,4.510722,4.569619,44817970
2025-07-03,4.58037,4.598132,4.531757,4.598132,38040277
2025-07-04,4.592523,4.621971,4.537834,4.550922,27900027
2025-07-07,4.549987,4.616829,4.549052,4.616829,40494544
2025-07-08,4.618232,4.635994,4.590186,4.616362,44154846
2025-07-09,4.636929,4.741634,4.62758,4.737895,86123653
2025-07-10,4.749113,4.764071,4.663573,4.663573,59161707
2025-07-11,4.651887,4.662171,4.570087,4.599535,54825455
2025-07-14,4.539236,4.624308,4.536431,4.608883,35766192
2025-07-15,4.621036,4.646278,4.551389,4.558401,27695415
2025-07-16,4.561206,4.619635,4.56027,4.566815,28629572
2025-07-17,4.589251,4.604676,4.5584,4.604676,25506519
2025-07-18,4.629451,4.643941,4.59673,4.609818,23021578
2025-07-21,4.595795,4.606546,4.56214,4.602339,29157295
2025-07-22,4.589251,4.618232,4.5584,4.601404,28374858
2025-07-23,4.641604,4.713588,4.628516,4.691152,58982884
2025-07-24,4.748178,4.777159,4.687412,4.736025,49981917
2025-07-25,4.736025,4.747243,4.70237,4.729481,32472732
2025-07-28,4.766876,4.809879,4.739765,4.753788,46161280
2025-07-29,4.770615,4.881864,4.76968,4.859427,61501032
2025-07-30,4.851948,5.094078,4.829511,5.072577,118100350
2025-07-31,5.123059,5.131473,4.943565,4.950109,70547940
2025-08-01,4.912715,4.922998,4.64768,4.674324,110589567
2025-08-04,4.734155,4.839795,4.722002,4.825772,48977119
2025-08-05,4.854752,4.855687,4.76781,4.797726,34857880
2025-08-06,4.823902,4.857557,4.811749,4.836055,36368805
2025-08-07,4.851948,4.917389,4.851948,4.915519,45460699
2025-08-08,4.931412,5.003397,4.914584,4.988439,39188849
2025-08-11,5.010875,5.024898,4.956653,4.978155,33029559
2025-08-12,5.000591,5.021158,4.992178,4.994982,37267382
2025-08-13,5.019289,5.076315,5.00994,5.076315,43878839
2025-08-14,5.076316,5.158584,5.073511,5.15017,51050638
2025-08-18,5.207197,5.210936,5.090339,5.131473,42179529
2025-08-19,5.15204,5.251135,5.1483,5.239917,50523071
2025-08-20,5.231503,5.25207,5.194109,5.210001,33837654
2025-08-21,5.210001,5.246461,5.181956,5.243657,35576241
2025-08-22,5.228698,5.314706,5.21748,5.274507,45276103
2025-08-25,5.253005,5.311902,5.248331,5.267963,41235663
2025-08-26,5.206262,5.206262,5.12119,5.167933,161287035
2025-08-27,5.167932,5.183825,5.002461,5.037051,93174903
2025-08-28,5.049205,5.080055,5.01181,5.056684,39917654
2025-08-29,5.029572,5.041726,4.991243,5.024898,49958032
2025-09-01,5.051074,5.078185,5.01368,5.04827,24151065
2025-09-02,5.052944,5.062293,4.931412,4.966937,53962867
2025-09-03,4.980959,4.994982,4.930477,4.971611,41420866
2025-09-04,4.986569,5.032377,4.956653,5.01368,33852902
2025-09-05,5.031442,5.050139,4.922997,4.946369,42482994
2025-09-08,4.97535,5.002461,4.962262,5.000592,26221138
2025-09-09,5.009005,5.080055,4.997787,5.070706,52351679
2025-09-10,5.08099,5.096883,5.030507,5.083795,49911508
2025-09-11,5.094078,5.140821,5.066967,5.116515,40671321
2025-09-12,5.131473,5.136147,5.080055,5.11745,34919179
2025-09-15,5.147365,5.259549,5.145496,5.247396,55442404
2025-09-16,5.239917,5.248331,5.118385,5.126799,53220101
2025-09-17,5.152975,5.162323,5.033312,5.059488,49340003
2025-09-18,5.101557,5.112776,5.036117,5.088469,40896710
2025-09-19,5.097818,5.15017,5.086599,5.112775,80792621
2025-09-22,5.109971,5.116515,5.050139,5.096883,32412217
2025-09-23,5.112775,5.123059,5.05014,5.095948,37454817
2025-09-24,5.085664,5.095013,5.033312,5.064162,37815162
2025-09-25,5.027702,5.084729,5.013679,5.084729,46674625
2025-09-26,5.109036,5.197848,5.103427,5.197848,55509501
2025-09-29,5.210001,5.21748,5.156713,5.194108,42405228
2025-09-30,5.18663,5.25394,5.164193,5.248331,49626995
2025-10-01,5.237113,5.327794,5.195978,5.32312,55069910
2025-10-02,5.348361,5.362384,5.215611,5.215611,73444464
2025-10-03,5.249265,5.275442,5.235243,5.243657,46652876
2025-10-06,5.246461,5.25207,5.130538,5.162323,55962918
2025-10-07,5.165128,5.224959,5.151105,5.151105,33282841
2025-10-08,5.143626,5.206262,5.143626,5.18102,40154880
2025-10-09,5.18102,5.202522,5.149235,5.149235,35864943
2025-10-10,5.15204,5.200653,5.076315,5.076315,48222876
2025-10-13,5.11371,5.143626,5.095948,5.123059,38242104
2025-10-14,5.04827,5.118384,4.997787,5.114645,58968702
2025-10-15,5.132407,5.144561,5.033312,5.033312,44190749
2025-10-16,5.056684,5.11371,5.026768,5.11371,36885509
2025-10-17,4.994047,5.069771,4.947304,4.999657,73071951
2025-10-20,5.077251,5.146431,5.063227,5.106231,42693819
2025-10-21,5.126799,5.174476,5.118385,5.126799,30245676
2025-10-22,5.132407,5.141756,5.063228,5.094078,31669731
2025-10-23,5.098752,5.126798,5.066967,5.095013,28423497
2025-10-24,5.114645,5.121189,5.064162,5.106231,28484567
2025-10-27,5.130538,5.220285,5.124929,5.198783,49603184
2025-10-28,5.204392,5.25394,5.18663,5.244592,30988343
2025-10-29,5.25394,5.310967,5.251135,5.302553,48367643
2025-10-30,5.328729,5.337143,5.260484,5.331534,49249017
2025-10-31,5.328729,5.39043,5.100622,5.212806,118805055
2025-11-03,5.207197,5.267028,5.177281,5.185695,48908564
2025-11-04,5.141756,5.211871,5.109036,5.210936,44674834
2025-11-05,5.153909,5.246461,5.153909,5.241786,42965378
2025-11-06,5.263289,5.269833,5.202523,5.212806,44411626
2025-11-07,5.245526,5.259549,5.183825,5.209066,37773875
2025-11-10,5.300683,5.406323,5.281986,5.39417,93258145
2025-11-11,5.410997,5.482981,5.39043,5.466154,62654607
2025-11-12,5.512897,5.602645,5.49607,5.553097,78146394
2025-11-13,5.581142,5.619472,5.573664,5.590491,54216852
2025-11-14,5.5344,5.540944,5.3923,5.417542,71002097
2025-11-17,5.434369,5.453067,5.336209,5.353971,47675072
2025-11-18,5.257679,5.289465,5.161388,5.195978,73604572
2025-11-19,5.197848,5.270768,5.119319,5.228699,52873883
2025-11-20,5.299749,5.32499,5.25581,5.278246,48346279
2025-11-21,5.22122,5.270768,5.187564,5.253005,53600706
2025-11-24,5.348726,5.355494,5.227867,5.264608,63498339
2025-11-25,5.268475,5.344858,5.197893,5.326487,46451373
2025-11-26,5.346792,5.405771,5.311017,5.399003,38626450
2025-11-27,5.400936,5.419307,5.370963,5.391268,25302568
2025-11-28,5.399003,5.409638,5.359361,5.400936,26571080
2025-12-01,5.399969,5.40287,5.34099,5.3903,36832514
2025-12-02,5.409638,5.435744,5.376764,5.415439,39963773
2025-12-03,5.424141,5.463783,5.386433,5.397069,35220792
2025-12-04,5.423175,5.437677,5.367096,5.431876,39336988
2025-12-05,5.479252,5.485054,5.427042,5.427042,34541132
2025-12-08,5.428975,5.43671,5.399969,5.43671,27799111
2025-12-09,5.450246,5.492789,5.441544,5.48312,34882372
2025-12-10,5.465716,5.471518,5.420273,5.447346,39058029
2025-12-11,5.450247,5.558536,5.430909,5.534364,49602372
2025-12-12,5.573039,5.59431,5.476352,5.481186,38897980
2025-12-15,5.513093,5.607847,5.513093,5.597211,53994976
2025-12-16,5.579807,5.643621,5.577874,5.59141,53909834
2025-12-17,5.624283,5.662958,5.619448,5.636852,38579135
2025-12-18,5.655223,5.689064,5.621383,5.689064,56224223
2025-12-19,5.693898,5.71807,5.669726,5.71807,119242121
2025-12-22,5.714202,5.750943,5.682295,5.687129,29506030
2025-12-23,5.689063,5.704534,5.649422,5.676494,27864844
2025-12-29,5.701633,5.701633,5.644588,5.644588,33548528
2025-12-30,5.648455,5.75191,5.641687,5.724838,43852585
2026-01-02,5.723871,5.758678,5.686163,5.758678,47317535
2026-01-05,5.791552,5.853431,5.779949,5.839895,57604293
2026-01-06,5.839895,5.897907,5.780916,5.780916,41480058
2026-01-07,5.813789,5.813789,5.711301,5.711301,43023363
2026-01-08,5.68713,5.75191,5.672627,5.748043,28925794
2026-01-09,5.764479,5.764479,5.711302,5.732573,30952165
2026-01-12,5.7055,5.792519,5.693898,5.792519,30195574
2026-01-13,5.810889,5.819591,5.778983,5.791552,31221773
2026-01-14,5.789618,5.812823,5.763512,5.775115,39913479
2026-01-15,5.797353,5.833127,5.762062,5.805088,41696326
2026-01-16,5.805088,5.805088,5.725805,5.743208,41418738
2026-01-19,5.665859,5.717103,5.615581,5.703567,40909865
2026-01-20,5.657157,5.666825,5.550801,5.564337,57180124
2026-01-21,5.573039,5.606879,5.486988,5.588509,51556684
2026-01-22,5.628151,5.658124,5.565304,5.651355,58294009
2026-01-23,5.642654,5.643621,5.562403,5.597211,41148631
2026-01-26,5.59141,5.673594,5.579807,5.67166,36501069
2026-01-27,5.701633,5.770281,5.686163,5.757711,41950712
2026-01-28,5.771247,5.771247,5.659091,5.675527,44054155
2026-01-29,5.714202,5.724838,5.646522,5.646522,44981204
2026-01-30,5.685196,5.768347,5.67166,5.768347,58301857
2026-02-02,5.714202,5.818624,5.633952,5.780916,79595147
2026-02-03,5.826359,5.91241,5.806055,5.870835,74455006
2026-02-04,5.926914,5.954953,5.866968,5.92498,73579693
2026-02-05,5.939483,5.945284,5.67166,5.704534,84880314
2026-02-06,5.714202,5.786717,5.678428,5.768347,47822594
2026-02-09,5.805088,5.856332,5.768347,5.848597,46798937
2026-02-10,5.853431,5.854398,5.797353,5.84763,42758446
2026-02-11,5.823458,5.838928,5.667792,5.693898,66211609
2026-02-12,5.704534,5.783817,5.641687,5.654256,45465609
2026-02-13,5.646521,5.688097,5.458948,5.508259,82763902
2026-02-16,5.517928,5.569172,5.46475,5.46475,43923002
2026-02-17,5.419307,5.540165,5.416406,5.534364,39084389
2026-02-18,5.569172,5.644588,5.558536,5.644588,40967632
2026-02-19,5.623317,5.645555,5.517927,5.55757,37497959
2026-02-20,5.573039,5.689063,5.5479,5.676494,47684518
2026-02-23,5.708401,5.730639,5.633952,5.668759,42128675
2026-02-24,5.607846,5.621383,5.511159,5.570138,56302984
2026-02-25,5.62525,5.643621,5.588509,5.619449,39471235
2026-02-26,5.64072,5.690997,5.613648,5.690031,49600359
2026-02-27,5.685196,5.720003,5.596244,5.641687,78089694
2026-03-02,5.368063,5.48312,5.361295,5.419307,89331569
2026-03-03,5.346792,5.350659,5.083803,5.148583,120378489
2026-03-04,5.138915,5.283945,5.058664,5.24237,83964883
2026-03-05,5.210463,5.285879,5.116676,5.138915,62394680
2026-03-06,5.163086,5.191125,4.948441,5.031592,86625942
2026-03-09,4.851754,5.040293,4.804377,5.032558,93282566
2026-03-10,5.137948,5.238502,5.112809,5.185324,75648298
2026-03-11,5.123444,5.194026,5.092505,5.144716,55687846
2026-03-12,5.090571,5.117644,4.956176,5.042228,52424210
2026-03-13,4.97358,5.056731,4.910733,4.97358,41144777
2026-03-16,4.931037,5.005486,4.884627,4.94554,41592869
2026-03-17,4.937805,5.045128,4.909766,4.999685,40220084
2026-03-18,5.047062,5.111842,4.995817,5.041261,50898953
2026-03-19,4.94264,4.961977,4.821781,4.909766,85180283
2026-03-20,4.932004,5.019989,4.801477,4.801477,149743495
2026-03-23,4.710591,5.124412,4.654029,4.953276,112580185
2026-03-24,4.948441,4.954242,4.83435,4.916534,56132891
2026-03-25,5.006453,5.048996,4.960044,4.995818,54795093
2026-03-26,4.934905,4.961977,4.887528,4.905899,47064395
2026-03-27,4.960044,4.968745,4.88076,4.929104,59864488
2026-03-30,4.918468,4.965845,4.885595,4.934905,53200906
2026-03-31,4.94554,5.016122,4.918468,4.990016,60568784
2026-04-01,5.18049,5.233668,5.135047,5.209496,84994473
2026-04-02,5.093472,5.153417,5.039327,5.144716,52158864
2026-04-07,5.180489,5.284912,5.150517,5.192092,67508558
2026-04-08,5.503424,5.556602,5.399969,5.455081,117914259
2026-04-09,5.435744,5.438644,5.368063,5.426075,54186858
2026-04-10,5.456048,5.508259,5.408671,5.469584,55129460
2026-04-13,5.385467,5.482154,5.376765,5.468617,48150496
2026-04-14,5.530496,5.61268,5.504391,5.574006,62962472
2026-04-15,5.59431,5.607847,5.552735,5.600111,43600524
2026-04-16,5.614614,5.633952,5.539199,5.551768,47126882
2026-04-17,5.540166,5.73644,5.530497,5.726771,80462624
2026-04-20,5.636852,5.651355,5.584641,5.606879,53706281
2026-04-21,5.638786,5.658124,5.57594,5.587542,31088973
2026-04-22,5.580774,5.605913,5.519862,5.537265,31861930
2026-04-23,5.504391,5.520828,5.43381,5.489888,34246543
2026-04-24,5.42124,5.473451,5.383532,5.471518,42723022
2026-04-27,5.472484,5.526629,5.456048,5.48312,29344579
2026-04-28,5.492789,5.59141,5.492789,5.589476,39569695
2026-04-29,5.57884,5.586575,5.51406,5.532431,24695456
2026-04-30,5.456048,5.589476,5.427042,5.583675,51778233
2026-05-04,5.602045,5.602045,5.435744,5.438644,46227584
2026-05-05,5.427042,5.613648,5.427042,5.569172,45583776
2026-05-06,5.653289,5.814756,5.639753,5.75191,89378669
2026-05-07,5.801221,5.814757,5.73354,5.73354,54038161
2026-05-08,5.704533,5.757711,5.57884,5.620416,82359226
2026-05-11,5.588509,5.694865,5.573039,5.663925,54313540
2026-05-12,5.586575,5.603012,5.541132,5.584641,61535648
2026-05-13,5.629118,5.641687,5.474419,5.524696,69204932
2026-05-14,5.561436,5.632985,5.534364,5.632985,34362411
2026-05-15,5.559503,5.56047,5.463783,5.545,75764146
2026-05-18,5.5,5.592,5.472,5.592,59155738
2026-05-19,5.618,5.646,5.539,5.539,38466138
2026-05-20,5.541,5.716,5.495,5.693,48652362
2026-05-21,5.667,5.685,5.549,5.596,46986853
2026-05-22,5.646,5.672,5.59,5.618,36929072
2026-05-25,5.681,5.755,5.668,5.74,34205013
2026-05-26,5.75,5.758,5.708,5.708,26831481
2026-05-27,5.758,5.832,5.737,5.79,47818217
2026-05-28,5.741,5.796,5.715,5.749,31618804
2026-05-29,5.8,5.838,5.773,5.807,101778462
2026-06-01,5.785,5.793,5.675,5.694,47329720
2026-06-02,5.74,5.792,5.715,5.75,28510182
2026-06-03,5.716,5.731,5.643,5.643,40652446
2026-06-04,5.659,5.701,5.638,5.69,32294492
2026-06-05,5.708,5.724,5.636,5.673,32223286
2026-06-08,5.566,5.595,5.419,5.595,161290451
2026-06-09,5.625,5.769,5.616,5.646,90588332
2026-06-10,5.692,5.699,5.523,5.595,77268084
2026-06-11,5.609,5.666,5.579,5.599,50567270
2026-06-12,5.72,5.842,5.702,5.84,98047256
2026-06-15,5.93,5.985,5.882,5.885,64560792
2026-06-16,5.916,6.056,5.912,6.056,88464563
2026-06-17,6.08,6.11,5.997,6.11,84456147
2026-06-18,6.127,6.17,6.069,6.152,90279118
2026-06-19,6.135,6.206,6.125,6.178,137656455
2026-06-22,6.172,6.234,6.12,6.234,47338191
2026-06-23,6.185,6.226,6.107,6.131,55597443
2026-06-24,6.133,6.146,6.077,6.093,40627685
2026-06-25,6.1,6.109,6.003,6.03,59515068
2026-06-26,5.993,6.001,5.9,5.952,51494539
2026-06-29,5.969,5.977,5.89,5.9,44420044
2026-06-30,5.929,5.99,5.895,5.99,56263224
2026-07-01,5.957,6.004,5.918,5.997,38991258
2026-07-02,6.0,6.144,5.988,6.122,59369871
2026-07-03,6.134,6.168,6.116,6.168,32110749
2026-07-06,6.188,6.25,6.187,6.237,46837579
2026-07-07,6.244,6.288,6.226,6.226,53500373
2026-07-08,6.177,6.186,6.026,6.081,68914191
2026-07-09,6.135,6.196,6.135,6.189,43721135
2026-07-10,6.203,6.287,6.201,6.259,47234780
2026-07-13,6.221,6.353,6.221,6.325,47833291
2026-07-14,6.28,6.346,6.251,6.346,45951065
2026-07-15,6.334,6.357,6.302,6.34,44461775
2026-07-16,6.371,6.392,6.332,6.392,45535247
2026-07-17,6.325,6.37,6.224,6.282,68796761
2026-07-20,6.26,6.384,6.26,6.341,51678296
2026-07-21,6.35,6.385,6.329,6.367,41547581
2026-07-22,6.372,6.463,6.359,6.451,47202810
2026-07-23,6.44,6.441,6.28,6.281,61185525
2026-07-24,6.297,6.438,6.293,6.438,43051667
2026-07-27,6.485,6.518,6.453,6.504,47766274
2026-07-28,6.527,6.562,6.464,6.48,52998970
2026-07-29,6.501,6.552,6.411,6.454,76378628
2026-07-30,6.452,6.514,6.404,6.514,44418604
2026-07-31,6.53,6.609,6.51,6.539,60338869
2026-08-03,6.6,6.696,6.58,6.696,61777178
2026-08-04,6.72,6.809,6.71,6.788,59298303
2026-08-05,6.81,6.828,6.749,6.765,43468907
2026-08-06,6.794,6.864,6.786,6.797,58061841
2026-08-07,6.823,6.868,6.795,6.824,47424699
2026-08-10,6.83,6.858,6.788,6.858,31746490
2026-08-11,6.85,6.871,6.8085,6.837,31600935
2026-08-12,6.861,6.876,6.831,6.855,39073167
2026-08-13,6.89,6.925,6.864,6.876,33037167
2026-08-14,6.904,6.926,6.858,6.917,33089061
2026-08-17,6.92,6.937,6.885,6.885,27819793
2026-08-18,6.89,6.925,6.865,6.881,40418602
2026-08-19,6.898,6.91,6.787,6.787,44148935
2026-08-20,6.805,6.857,6.8,6.815,34355817
2026-08-21,6.831,6.858,6.747,6.769,48139155
2026-08-24,6.76,6.835,6.746,6.819,24556801
2026-08-25,6.858,6.91,6.818,6.84,24430280
2026-08-26,6.874,6.902,6.837,6.861,28382189
2026-08-27,6.86,6.87,6.73,6.741,42928277
2026-08-28,6.808,6.838,6.776,6.78,30848628
2026-08-31,6.792,6.838,6.767,6.789,56835755
2026-09-01,6.773,6.793,6.64,6.668,59384907
2026-09-02,6.664,6.701,6.6295,6.653,48423850
2026-09-03,6.679,6.738,6.644,6.738,30132639
2026-09-04,6.724,6.751,6.678,6.736,22202366
2026-09-07,6.72,6.763,6.708,6.734,26497406
2026-09-08,6.729,6.736,6.645,6.687,31936898
2026-09-09,6.624,6.656,6.523,6.656,51573218
2026-09-10,6.675,6.725,6.617,6.662,30027894
2026-09-11,6.714,6.832,6.714,6.832,37493386
2026-09-14,6.808,6.825,6.657,6.711,43037761
2026-09-15,6.668,6.761,6.562,6.698,35917210
2026-09-16,6.731,6.765,6.702,6.738,32216417
2026-09-17,6.785,6.829,6.753,6.814,37219330
2026-09-18,6.814,6.814,6.653,6.668,109298917
2026-09-21,6.727,6.799,6.72,6.78,32145197
2026-09-22,6.782,6.815,6.716,6.732,37787216
2026-09-23,6.763,6.806,6.688,6.707,33489211
2026-09-24,6.671,6.771,6.671,6.724,31049314
2026-09-25,6.814,6.83,6.727,6.788,36407370
2026-09-28,6.806,6.812,6.728,6.762,31691868
2026-09-29,6.774,6.839,6.748,6.753,38179916
2026-09-30,6.765,6.802,6.645,6.645,61343327
2026-10-01,6.57,6.622,6.378,6.378,85374311
2026-10-02,6.39,6.441,6.257,6.328,93962729
2026-10-05,6.328,6.426,6.286,6.426,64193851
2026-10-06,6.425,6.547,6.421,6.507,49816195
2026-10-07,6.45,6.482,6.209,6.244,63997144
