Date,Open,High,Low,Close,Volume
2000-01-03,80.966611,80.966611,76.389552,79.756584,36345200
2000-01-04,77.441717,78.704354,74.022076,74.285126,33786600
2000-01-05,73.653842,75.442578,70.918128,72.391205,42496600
2000-01-06,73.127727,74.074705,67.130201,67.419556,37134800
2000-01-07,69.813315,75.758232,69.445046,75.758232,28138200
2000-01-10,76.599988,79.072652,75.70562,77.862625,29675600
2000-01-11,77.231339,78.178318,73.232987,74.074745,32546600
2000-01-12,74.91645,75.120314,72.391177,72.443787,29050000
2000-01-13,74.49556,77.020834,73.298686,76.810394,25165200
2000-01-14,78.283523,78.809622,77.441764,78.599182,21898600
2000-01-18,77.494371,79.493547,76.968272,79.020058,16752400
2000-01-19,78.697798,80.808769,77.80343,80.808769,19006000
2000-01-20,80.387884,81.545301,79.131824,80.019615,25958000
2000-01-21,81.22965,81.28226,80.019623,81.019211,18698200
2000-01-24,82.018786,82.176616,76.573664,77.126068,28340400
2000-01-25,77.336508,79.223887,75.258418,78.283485,33276200
2000-01-26,78.49394,78.546549,74.916468,75.126907,23095600
2000-01-27,77.231292,77.862611,73.759041,76.231705,30739200
2000-01-28,75.758238,76.152812,71.339007,72.391205,35313800
2000-01-31,72.285968,75.75822,70.286793,75.495171,36014600
2000-02-01,75.363633,77.862602,74.44296,77.520638,26417600
2000-02-02,77.652185,79.730275,77.52066,78.178284,26169200
2000-02-03,79.388299,81.334865,77.678478,81.229645,30579800
2000-02-04,81.650481,82.696101,80.992858,81.782005,26640000
2000-02-07,81.860965,83.018382,81.019207,82.913162,17761000
2000-02-08,83.649686,86.595838,83.649686,86.385399,21999400
2000-02-09,85.911945,86.023741,83.123621,83.334061,27258200
2000-02-10,84.017978,86.069763,82.959204,86.069763,26341600
2000-02-11,85.911949,85.911949,82.492306,84.070602,24876000
2000-02-14,84.169203,84.175779,82.281824,83.96534,22814600
2000-02-15,83.281417,84.701883,80.703533,84.570358,30572800
2000-02-16,84.096851,85.596232,83.597058,84.175766,25310600
2000-02-17,85.17536,86.911486,83.860114,85.964508,30080200
2000-02-18,86.385443,86.701103,82.86058,82.86058,25271200
2000-02-22,83.334028,84.123176,81.019194,83.123589,37226200
2000-02-23,83.90619,88.384607,83.465583,87.753288,32170800
2000-02-24,88.279383,89.903713,85.859328,89.64724,48868200
2000-02-25,89.384164,90.488971,87.437599,87.595428,32617600
2000-02-28,86.91149,88.963275,84.596656,87.542809,38216200
2000-02-29,89.0159,90.147013,88.331972,89.857658,23978600
2000-03-01,90.278518,91.383325,89.6472,90.594177,24468400
2000-03-02,90.962464,91.067683,88.174141,88.496376,32739200
2000-03-03,90.909856,93.540349,90.068098,93.48774,32017200
2000-03-06,94.066452,95.302784,92.803815,94.224281,23268400
2000-03-07,95.802581,95.85519,91.541181,92.803818,39471000
2000-03-08,93.435129,94.276887,89.463084,93.645569,43512600
2000-03-09,93.619287,97.223064,91.830551,96.802185,30101400
2000-03-10,96.696961,98.012208,95.54612,96.381302,29750600
2000-03-13,92.593381,96.065633,92.198807,93.856018,37544200
2000-03-14,94.90824,95.434338,88.384613,90.383789,39106800
2000-03-15,89.647236,90.068115,85.754105,86.595863,51202600
2000-03-16,88.700243,91.962055,85.017552,91.541176,55282200
2000-03-17,90.909869,93.487753,90.857259,93.277313,31422400
2000-03-20,93.435128,93.856007,89.436778,90.646805,21167200
2000-03-21,89.331571,94.224289,87.174566,94.06646,33435100
2000-03-22,95.539562,97.617653,93.540387,95.960442,24370200
2000-03-23,96.368154,99.117021,95.592158,97.643944,19227400
2000-03-24,98.89342,101.431847,96.81533,98.959183,22063000
2000-03-27,99.327436,100.590073,98.590898,99.116997,11752600
2000-03-28,98.472547,99.169628,95.223887,96.591743,18336300
2000-03-29,97.117801,97.170411,92.593353,92.593353,27189500
2000-03-30,90.278557,94.908226,87.121964,90.278557,42328700
2000-03-31,91.028251,93.119494,87.542846,92.172516,31349900
2000-04-03,90.712613,91.856878,84.807152,86.648499,31551300
2000-04-04,87.227199,87.490249,74.337776,85.806732,66213000
2000-04-05,82.071406,87.490224,81.019209,84.281021,37631500
2000-04-06,86.174955,87.437591,83.96534,86.280174,30499900
2000-04-07,87.648054,90.383768,86.385417,89.752449,20645500
2000-04-10,90.594206,90.646816,83.544483,84.281021,26988200
2000-04-11,81.755716,85.438406,80.019591,82.281815,34497100
2000-04-12,82.176599,83.123576,75.968635,77.441711,34824400
2000-04-13,78.125708,80.808813,74.074745,74.074745,46330500
2000-04-14,72.443819,74.495604,65.657143,67.656319,60851300
2000-04-17,65.670281,75.758225,65.657128,75.442566,55398500
2000-04-18,75.324165,78.283469,73.548582,77.441711,36260900
2000-04-19,77.862587,78.809564,74.969045,75.074265,28082500
2000-04-20,76.0739,76.573694,72.443817,73.443405,21255600
2000-04-24,70.234182,71.759868,67.235419,71.338989,31190900
2000-04-25,72.812074,76.179106,72.391195,76.152802,28663200
2000-04-26,76.28432,77.796854,73.338167,73.548607,25688300
2000-04-27,70.707651,77.849439,69.234575,76.810394,37010400
2000-04-28,78.756996,79.756584,77.546969,79.756584,24828400
2000-05-01,80.598307,81.545285,79.335671,80.493088,23205700
2000-05-02,79.861784,80.493102,75.547775,75.863434,20307900
2000-05-03,75.337342,75.968661,71.983462,75.021683,26589700
2000-05-04,74.916463,76.389539,73.759045,75.179512,17750700
2000-05-05,74.179908,77.704769,74.100994,76.968231,20571200
2000-05-08,76.179097,76.389537,73.864263,73.969482,13903000
2000-05-09,74.4956,75.021699,70.970738,72.391205,19825800
2000-05-10,71.023375,71.536321,66.919802,67.130241,34847500
2000-05-11,69.655491,71.759886,68.077194,71.233788,24709700
2000-05-12,71.865106,73.706452,70.707689,71.233788,17832000
2000-05-15,71.391586,74.600787,69.55024,74.337738,17950800
2000-05-16,75.758218,77.020855,74.127312,76.442146,23758800
2000-05-17,75.126888,76.179085,73.864251,74.863838,20339400
2000-05-18,74.916493,75.219,71.865119,72.180779,19063000
2000-05-19,70.497203,71.5494,68.445419,68.761078,28178100
2000-05-22,68.708496,69.234595,63.618491,68.708496,43879800
2000-05-23,68.498055,69.550252,62.500529,62.974018,31898500
2000-05-24,63.131843,67.235413,60.817009,66.919754,49476000
2000-05-25,67.551057,69.234573,64.394466,65.446663,29632700
2000-05-26,65.446663,66.709299,63.763147,65.446663,18203200
2000-05-30,67.34064,72.338578,67.34064,72.022919,31590400
2000-05-31,71.102266,72.956764,69.655494,69.971153,29675400
2000-06-01,71.707261,74.390365,70.707674,73.548607,28993500
2000-06-02,77.967835,79.072643,69.445035,78.809593,31677200
2000-06-05,77.6522,80.230085,77.336541,79.006905,23784300
2000-06-06,78.4413,79.966986,76.494735,76.810394,23200500
2000-06-07,77.073507,79.125293,75.38999,78.862244,22524400
2000-06-08,79.651352,79.861791,77.126078,78.493935,19313800
2000-06-09,79.756553,79.756553,78.283477,78.914795,17014600
2000-06-12,79.388305,79.388305,75.758223,76.389542,16484700
2000-06-13,76.179079,79.65133,75.218949,79.33567,25187900
2000-06-14,79.861817,79.861817,77.020883,77.546982,20274500
2000-06-15,77.336499,79.020015,76.494741,78.914795,18807800
2000-06-16,79.756549,80.230038,78.336083,79.33567,21203400
2000-06-19,79.138414,82.702734,78.020454,82.492294,20042500
2000-06-20,82.702727,83.912754,81.808359,82.176628,20988300
2000-06-21,81.492635,83.938993,81.387416,83.22876,20880600
2000-06-22,83.018401,83.334061,79.546149,80.177467,21526700
2000-06-23,79.967012,80.387891,76.915639,77.020859,24888100
2000-06-26,78.336104,79.480368,77.441736,79.125252,22169200
2000-06-27,78.927975,80.01963,77.757405,78.178284,14786000
2000-06-28,78.270341,80.387889,77.862615,79.125252,19259800
2000-06-29,78.230861,78.59913,76.284296,77.139206,21355800
2000-06-30,77.283915,79.085803,76.863036,78.651772,15153100
2000-07-03,78.704391,80.177467,78.493951,80.177467,5212000
2000-07-05,78.809581,79.098936,76.494747,77.073456,16489000
2000-07-06,77.073467,79.75657,75.81083,79.125252,23594700
2000-07-07,79.967016,81.650532,79.493527,80.756165,16603200
2000-07-10,79.703933,80.703521,79.125225,79.532951,12659400
2000-07-11,79.17787,80.598337,78.125672,79.967018,14374600
2000-07-12,80.335268,82.281833,79.65134,81.860954,18252600
2000-07-13,82.439673,83.96536,81.755745,82.913162,19566700
2000-07-14,84.386245,85.122783,83.176218,84.701904,17219400
2000-07-17,84.964936,85.911914,84.070569,85.648865,13140500
2000-07-18,84.491452,84.833416,82.794783,83.754913,20684000
2000-07-19,82.755322,83.281421,80.519403,81.860954,21828500
2000-07-20,82.387083,84.596698,81.874136,84.491478,19521200
2000-07-21,82.860555,83.768075,81.650528,81.650528,14411400
2000-07-24,82.439683,83.33405,79.3357,79.967018,18579200
2000-07-25,80.493093,81.65051,78.967407,80.598312,19065700
2000-07-26,80.387868,80.913967,78.493913,80.493088,20318700
2000-07-27,79.072698,80.019676,77.073521,77.336571,26141800
2000-07-28,77.599539,78.178247,72.391163,73.127701,36485600
2000-07-31,73.759028,75.863422,72.154427,75.284714,27609900
2000-08-01,75.600372,75.745049,73.811637,74.285126,15751800
2000-08-02,73.969451,76.086998,72.812034,72.969864,23578200
2000-08-03,70.918132,76.810439,70.128983,76.126511,35874700
2000-08-04,77.44173,78.086201,75.021676,75.863434,22283400
2000-08-07,76.494781,78.309822,75.968682,77.652199,15103300
2000-08-08,77.49438,79.335727,77.020891,79.230507,14832300
2000-08-09,78.862194,79.493512,76.915629,77.126068,18649800
2000-08-10,77.283857,77.638973,75.337293,75.600342,15336200
2000-08-11,75.126864,76.692007,73.969447,76.65255,21050600
2000-08-14,76.915629,78.283485,75.929194,78.283485,12539300
2000-08-15,78.073046,79.112091,77.441728,78.283485,14090300
2000-08-16,78.651768,79.703966,77.441741,79.072647,15245300
2000-08-17,78.230868,80.703532,78.178259,80.598312,14492400
2000-08-18,80.756176,81.334885,79.703978,80.177467,14706700
2000-08-21,80.80878,81.532166,79.440923,80.387901,13560100
2000-08-22,80.80878,81.953045,80.190614,80.387901,14878200
2000-08-23,79.703957,82.018792,78.980572,81.703133,21396400
2000-08-24,82.018812,83.07101,80.861394,82.96579,13567700
2000-08-25,82.900022,84.136354,81.650537,82.5186,11764700
2000-08-28,82.702723,84.044275,82.439673,82.913162,12314200
2000-08-29,83.018401,83.478738,82.37393,83.334061,11162800
2000-08-30,82.755271,83.754858,82.294935,83.22876,10545300
2000-08-31,83.860184,85.859361,83.228865,85.543701,15588700
2000-09-01,86.701058,87.135089,85.175372,86.385399,14071900
2000-09-05,85.543649,85.648869,83.689151,83.754913,16348300
2000-09-06,83.544483,83.74177,80.38789,80.808769,20964900
2000-09-07,81.492681,83.689143,81.282242,82.597488,16669700
2000-09-08,82.295026,82.492313,79.769751,80.072258,23475200
2000-09-11,79.54613,80.913987,77.441735,78.125664,27262100
2000-09-12,78.704362,79.70395,76.468443,76.915627,24256000
2000-09-13,75.968663,79.020035,75.758223,78.704376,34093100
2000-09-14,80.177441,80.756149,77.980979,78.283485,28615300
2000-09-15,78.388716,78.809595,76.336931,76.863029,24994600
2000-09-18,77.283898,78.283486,74.074696,75.652992,29218500
2000-09-19,76.389545,78.941124,75.653006,78.44133,27568700
2000-09-20,78.599147,80.164291,76.863021,79.651344,33123200
2000-09-21,78.91483,79.532996,73.232962,73.864281,25031400
2000-09-22,73.759006,78.493892,73.653786,78.230843,33710100
2000-09-25,78.8096,79.335699,75.758227,76.152802,20560800
2000-09-26,76.402673,77.862597,74.850682,75.284714,26011200
2000-09-27,76.284283,76.757772,74.074669,75.389915,28482900
2000-09-28,74.679707,78.283483,74.679707,77.073456,29050000
2000-09-29,77.441746,77.823167,74.653422,74.706032,27198800
2000-10-02,75.968636,75.968636,72.391166,73.022484,24968200
2000-10-03,74.127314,74.758633,70.089506,70.707672,35731200
2000-10-04,70.28678,73.114561,69.129363,72.075516,37672100
2000-10-05,71.759897,73.390803,71.181188,72.285995,23443100
2000-10-06,72.02291,72.864668,68.392829,69.865906,36335800
2000-10-09,69.497637,70.549835,66.814534,69.550247,28834600
2000-10-10,68.866351,70.128988,65.551927,65.920197,35283200
2000-10-11,64.710159,67.722075,64.02623,64.867989,48462600
2000-10-12,66.70928,66.972329,62.632017,63.23703,53223600
2000-10-13,62.868787,68.708481,62.816177,68.392822,42410200
2000-10-16,68.287639,69.287227,67.130221,69.024178,27644900
2000-10-17,69.971172,70.010629,65.65716,65.867599,52101400
2000-10-18,64.604937,68.340239,62.763591,65.657135,64354400
2000-10-19,69.352956,71.641485,68.550656,71.602028,44278900
2000-10-20,71.128572,73.969506,71.036505,72.654259,40692200
2000-10-23,72.549011,73.653819,70.812886,72.549011,28989200
2000-10-24,72.759436,73.232925,69.339795,69.445015,31466200
2000-10-25,68.392828,69.024146,64.72329,65.551895,48635400
2000-10-26,65.814946,67.340632,61.974426,67.235413,69991300
2000-10-27,68.064035,68.905793,65.223101,67.103905,51046400
2000-10-30,65.814955,67.235421,63.723712,64.61808,35496700
2000-10-31,65.657097,69.497616,65.551877,68.774231,43863800
2000-11-01,67.60371,69.708106,66.656732,68.182419,45186400
2000-11-02,69.182007,70.076375,68.235029,69.024178,26594300
2000-11-03,69.760688,70.655056,68.721644,69.918518,29837100
2000-11-06,70.392021,70.8129,69.024164,69.392433,23485800
2000-11-07,68.550655,69.418718,67.551068,69.129364,24334400
2000-11-08,69.129394,69.234614,63.657966,63.723728,40338200
2000-11-09,62.921415,64.762761,61.448339,63.710564,64955900
2000-11-10,62.500505,63.710531,60.396111,60.396111,49235500
2000-11-13,59.72535,62.447911,57.463126,60.488194,75023400
2000-11-14,61.448326,63.9736,61.237887,63.842075,44829500
2000-11-15,63.605356,65.709751,62.960885,65.131042,37760900
2000-11-16,63.447559,64.815417,61.343163,61.343163,33898700
2000-11-17,61.606168,63.289684,59.764822,61.303661,49913800
2000-11-20,59.712192,60.65917,58.291726,58.804672,46862300
2000-11-21,59.0809,59.870049,57.607824,58.712631,42128600
2000-11-22,57.607829,59.028296,55.976922,56.082142,56623700
2000-11-24,57.555243,59.4492,57.384261,59.29137,19987900
2000-11-27,61.080037,61.395696,57.870836,58.554764,35416600
2000-11-28,58.0287,58.870458,54.977327,55.095699,48812700
2000-11-29,55.398196,56.187344,52.609873,52.978142,66189300
2000-11-30,51.978563,54.082959,50.926366,53.017609,74792600
2000-12-01,53.92513,56.200508,52.294224,53.87252,57112500
2000-12-04,53.977718,55.016763,51.978543,54.714256,49106300
2000-12-05,55.608636,59.764816,55.135147,59.501766,76531800
2000-12-06,59.422858,60.856477,57.029108,57.239548,63352100
2000-12-07,56.397777,58.06814,55.13514,55.976898,41481100
2000-12-08,59.843737,61.869217,56.923888,57.239548,65856900
2000-12-11,60.659189,62.947719,59.725364,62.605755,51829800
2000-12-12,61.869187,62.184846,60.027842,60.317196,31054500
2000-12-13,61.816593,61.869203,57.502584,57.8577,51661600
2000-12-14,57.673564,58.659999,54.924699,55.029919,41562700
2000-12-15,54.08294,55.240357,52.662473,53.767281,59026100
2000-12-18,54.845803,55.529732,52.662493,53.87252,42950000
2000-12-19,53.41217,55.43765,49.453277,49.768936,80489200
2000-12-20,48.243244,49.137611,46.086239,46.914845,81432100
2000-12-21,46.309836,49.453276,45.665365,47.191051,85875600
2000-12-22,48.506307,51.136801,48.401087,50.926361,57240000
2000-12-26,51.005256,52.123216,48.821947,51.242001,37082800
2000-12-27,50.242414,52.346808,49.611095,51.820709,33955500
2000-12-28,51.163108,52.596727,50.715924,51.715511,30996900
2000-12-29,51.820726,52.386283,48.821964,49.137623,49191000
2001-01-02,49.295443,49.400662,44.139676,44.981434,62514100
2001-01-03,43.929247,54.924711,43.902942,52.557266,118175700
2001-01-04,51.87334,53.556856,50.70277,51.610291,58465400
2001-01-05,51.610279,51.610279,47.138441,47.664539,68782000
2001-01-08,47.401503,48.40109,45.047211,48.190651,55576500
2001-01-09,48.61153,49.768947,47.664552,48.190651,53318900
2001-01-10,47.243662,50.821133,46.928003,50.663303,74258300
2001-01-11,49.887315,53.609463,49.821552,52.136387,65451700
2001-01-12,52.820308,54.398604,51.768111,52.807156,60793900
2001-01-16,52.662484,52.96499,50.978968,52.175842,32203300
2001-01-17,54.293379,55.227204,53.149115,53.767281,61388800
2001-01-18,53.977726,56.18734,52.767699,56.02951,54934700
2001-01-19,57.357927,57.502604,55.187769,55.819088,56292500
2001-01-22,55.450814,56.397791,54.503836,55.871693,35777100
2001-01-23,55.477127,57.581522,54.977333,57.042271,49859500
2001-01-24,57.292158,58.186526,56.187351,56.50301,53905400
2001-01-25,56.292571,56.963347,54.201329,54.293396,57151900
2001-01-26,53.504246,55.503422,53.030758,55.17461,45681400
2001-01-29,54.503837,56.608232,54.082958,56.397793,31514100
2001-01-30,56.524052,57.020686,55.556029,56.187347,42439300
2001-01-31,56.60821,57.231108,54.125027,54.125027,59322200
2001-02-01,54.335488,55.22775,53.535814,54.840542,45142600
2001-02-02,54.66375,54.966783,50.505464,51.810188,47471000
2001-02-05,51.507158,52.104809,50.606478,51.768105,36016300
2001-02-06,51.7597,53.131764,51.481919,51.852291,42417700
2001-02-07,50.934774,51.515589,49.310184,51.010532,61972200
2001-02-08,51.263064,51.768117,49.310185,49.486954,48269500
2001-02-09,49.03241,49.327024,47.138454,47.475159,55385200
2001-02-12,47.348893,48.771463,46.818585,48.047554,50540400
2001-02-13,48.527358,49.815247,46.279862,46.507137,58914000
2001-02-14,46.633387,48.611516,45.555934,48.35899,63048200
2001-02-15,49.495362,50.917935,49.074483,49.158661,67801300
2001-02-16,47.104786,47.870785,45.901071,46.406128,66779700
2001-02-20,46.919594,47.003768,44.023944,44.604759,55298400
2001-02-21,43.392601,45.51383,42.862293,43.350513,72349000
2001-02-22,43.30846,43.906108,41.153558,42.929668,103855500
2001-02-23,42.163664,43.434717,40.597993,43.081181,93337900
2001-02-26,43.838759,44.276471,42.298341,43.897682,78342700
2001-02-27,43.384214,43.838764,41.161973,41.246147,66741700
2001-02-28,41.624934,42.264668,39.44478,39.941418,102187900
2001-03-01,39.537367,41.414486,38.510421,41.077782,101773000
2001-03-02,39.730987,41.77646,38.426263,39.310108,95927100
2001-03-05,39.983498,40.70741,39.638377,40.025585,43888400
2001-03-06,41.498674,42.643465,41.330321,41.582851,60828600
2001-03-07,42.424611,42.449863,41.220897,41.599686,55215500
2001-03-08,41.540757,41.927968,40.488559,40.825264,48965200
2001-03-09,39.77306,39.874071,37.837018,37.96328,79990900
2001-03-12,37.037343,37.837013,35.185475,35.606354,80674000
2001-03-13,36.0104,37.660248,35.46326,37.416138,80024400
2001-03-14,35.94307,38.039046,35.614785,36.826916,97190000
2001-03-15,38.047468,38.140062,35.395929,35.480106,74135500
2001-03-16,35.252812,36.027227,34.141692,34.680416,77784500
2001-03-19,34.882449,36.414448,34.301637,36.414448,53248200
2001-03-20,36.565955,36.877408,33.838662,33.964924,104796200
2001-03-21,34.108024,35.185473,33.426199,33.964924,96200700
2001-03-22,34.175376,36.027245,33.241027,36.027245,130208100
2001-03-23,36.658563,36.894258,34.93296,36.027245,95277500
2001-03-26,36.591207,36.616459,34.975031,35.19389,57666200
2001-03-27,35.18549,36.801668,34.865621,36.40604,69945300
2001-03-28,35.269653,35.52218,33.40095,33.417786,77863500
2001-03-29,33.148436,34.183798,32.323514,32.78648,79654700
2001-03-30,33.081088,33.653484,31.986803,32.954826,63661300
2001-04-02,32.971675,33.544071,31.397588,31.481766,69713600
2001-04-03,31.313393,31.776359,29.141656,29.175327,89015700
2001-04-04,29.217437,30.143373,28.283085,28.661877,76473900
2001-04-05,30.303296,31.953141,30.059185,31.406,87035800
2001-04-06,31.06088,31.22923,29.882418,30.261209,86123600
2001-04-09,30.968274,31.473328,30.17702,31.18713,51638700
2001-04-10,31.90263,34.057529,31.801617,33.501968,94265100
2001-04-11,35.488528,35.774726,34.049122,34.512089,92829500
2001-04-12,33.922849,36.027245,33.670323,36.027245,79531500
2001-04-16,35.303346,35.715809,33.720843,33.880775,65229800
2001-04-17,33.628223,35.943057,33.586136,34.722507,94694300
2001-04-18,36.80166,40.404383,36.363945,38.342075,128891400
2001-04-19,38.805042,41.035702,38.36733,40.65691,110467600
2001-04-20,40.555905,41.616519,36.237685,40.741093,80598100
2001-04-23,39.554226,40.168709,37.786531,38.00539,79317600
2001-04-24,37.963296,39.074417,36.826924,37.28989,88888300
2001-04-25,36.953173,38.367326,36.279764,37.96328,68418400
2001-04-26,38.636675,38.931289,36.927905,36.995247,71110200
2001-04-27,38.00539,38.274753,37.23939,38.00539,55580000
2001-04-30,38.931289,40.042409,38.131619,38.847115,73859100
2001-05-01,38.889217,40.471723,38.215812,40.446468,54498300
2001-05-02,41.077781,41.582838,39.983496,41.229298,77566500
2001-05-03,40.320204,40.320204,38.889215,39.394268,67124900
2001-05-04,38.131643,40.572742,37.97171,40.572742,72673400
2001-05-07,40.404397,40.909451,39.646814,39.730991,45561600
2001-05-08,40.656917,40.699004,39.554216,40.572742,56970700
2001-05-09,39.604709,40.362293,39.091236,39.18383,60984600
2001-05-10,40.337049,40.446479,38.485184,38.527271,61130300
2001-05-11,38.586186,39.074404,37.954867,38.342075,48760400
2001-05-14,38.131636,38.182143,36.490207,37.727592,43108000
2001-05-15,37.794951,38.97341,37.525588,38.00539,69007600
2001-05-16,37.298296,40.000338,37.087856,39.688889,80110500
2001-05-17,39.941406,41.069362,39.78147,40.320198,73810700
2001-05-18,40.101352,40.724255,39.638386,40.438057,41095100
2001-05-21,40.547473,43.055915,40.109762,42.971737,85426900
2001-05-22,43.190603,43.729327,42.239415,42.845482,77233900
2001-05-23,42.458271,42.46669,40.943107,40.951527,65618000
2001-05-24,41.220884,42.079478,40.631653,42.003719,61792500
2001-05-25,42.054235,42.104742,40.421226,41.237732,36191100
2001-05-29,40.825237,40.825237,38.805018,38.821854,66609600
2001-05-30,38.24105,38.594586,37.104678,37.399292,81397400
2001-05-31,37.491907,38.594608,37.289884,37.65184,68018300
2001-06-01,38.333656,38.914468,37.315129,38.762951,61874300
2001-06-04,38.998638,39.276416,38.123209,38.577759,41696000
2001-06-05,38.973387,40.707409,38.889212,40.278111,68146400
2001-06-06,40.471724,41.153546,39.621547,39.966667,61169500
2001-06-07,39.672062,41.658612,39.621555,40.993622,65400200
2001-06-08,41.01045,41.052537,39.520538,39.857239,56391400
2001-06-11,39.478447,39.562622,38.291569,38.762951,48809400
2001-06-12,37.769671,39.394263,37.230946,38.552505,78450500
2001-06-13,38.948145,39.352189,37.475069,37.50032,68535400
2001-06-14,37.054202,37.374071,35.35385,35.564289,91050300
2001-06-15,35.185488,36.254522,34.747774,35.858894,84589400
2001-06-18,35.892547,36.338677,34.848769,35.379074,63539100
2001-06-19,36.464953,36.666976,34.730931,35.202316,73386900
2001-06-20,34.764613,36.170351,34.747778,36.001999,83588600
2001-06-21,35.917819,37.230963,35.60637,36.490215,67212600
2001-06-22,36.71749,37.205711,35.85048,36.40604,51870400
2001-06-25,36.70907,36.869003,35.900983,36.498631,39212100
2001-06-26,35.80839,36.944762,35.757883,36.624893,55155100
2001-06-27,36.767998,37.163625,36.195602,36.860592,53289400
2001-06-28,37.374057,39.023902,37.331966,37.331966,89963700
2001-06-29,37.954858,39.158571,37.626573,38.46833,59719600
2001-07-02,38.426252,39.12491,38.039041,38.2579,50884300
2001-07-03,38.089546,38.459919,37.710755,38.417831,24758400
2001-07-05,37.76967,38.030616,36.574375,36.574375,44409800
2001-07-06,36.203992,36.288169,34.924523,35.059204,53434800
2001-07-09,35.261253,35.934659,34.932967,35.362263,45547500
2001-07-10,35.993582,36.094595,34.007035,34.091209,58620000
2001-07-11,34.023867,34.596263,33.560901,34.512089,77840200
2001-07-12,35.884139,36.894249,35.606357,36.700642,70363300
2001-07-13,36.515473,37.399318,36.111429,36.321869,62474200
2001-07-16,36.507046,36.919509,35.269664,35.648453,53390800
2001-07-17,35.202322,36.532302,34.966631,36.448124,59813000
2001-07-18,35.581093,36.069311,34.629906,35.059204,64797200
2001-07-19,35.741046,36.49021,35.143399,35.892563,76590200
2001-07-20,34.924523,35.471664,34.815094,35.059204,49012800
2001-07-23,35.555866,35.690548,34.133293,34.1838,55329400
2001-07-24,33.990174,34.427888,33.089493,33.79657,70422900
2001-07-25,33.788176,34.276397,33.165277,34.091209,68859600
2001-07-26,34.049112,35.261242,33.653484,34.596252,69199300
2001-07-27,35.050799,35.572688,34.764601,35.311745,47452900
2001-07-30,35.463259,35.606357,34.848776,35.101303,39459400
2001-07-31,35.219156,36.010407,34.932958,35.151814,55732500
2001-08-01,35.88415,36.616478,35.698962,36.279774,53864800
2001-08-02,36.860595,37.037363,36.044088,36.961605,53187300
2001-08-03,36.641732,36.641732,35.825229,36.347118,51513700
2001-08-06,35.799979,36.069341,35.648462,35.774727,31105700
2001-08-07,35.438026,36.044093,35.303344,35.589542,38407500
2001-08-08,35.227582,35.900991,33.922857,34.091209,76045200
2001-08-09,34.015443,34.41107,33.653487,34.234299,66861400
2001-08-10,34.023851,34.301633,33.022161,33.906006,68491900
2001-08-13,34.166957,34.798276,33.838672,34.596252,48425700
2001-08-14,34.924544,35.101313,34.124873,34.175377,51267600
2001-08-15,34.192192,34.453138,32.887468,32.91272,58935300
2001-08-16,32.525519,33.32519,32.020466,33.299938,68227300
2001-08-17,32.357166,32.6602,31.742684,31.784771,56649300
2001-08-20,31.86054,32.533949,31.582761,32.222496,49921300
2001-08-21,32.230929,32.533962,30.850445,30.884113,56445600
2001-08-22,31.523825,31.85211,30.757826,31.725845,65221400
2001-08-23,31.709026,32.374015,31.397576,31.414412,54711800
2001-08-24,31.868951,33.15684,31.776357,33.081081,58450600
2001-08-27,33.064246,33.586138,32.685458,33.123169,50927500
2001-08-28,33.097925,33.198935,31.99522,32.087814,65275500
2001-08-29,32.298248,32.36559,31.25447,31.616426,59060500
2001-08-30,30.976704,31.406003,30.092859,30.446396,76105800
2001-08-31,30.328542,31.1703,30.252784,30.833599,54309000
2001-09-04,30.73259,31.565933,29.756151,29.857164,74073600
2001-09-05,29.874006,30.227543,28.746049,29.739325,95461200
2001-09-06,29.242683,29.899254,28.434593,28.535606,88701800
2001-09-07,28.299901,29.545702,28.072626,28.367243,95528800
2001-09-10,28.190477,28.889135,28.064212,28.703947,80371300
2001-09-17,26.304939,27.609663,26.170258,26.262852,97700900
2001-09-18,26.540634,27.357138,25.564194,25.673622,66285300
2001-09-19,25.791469,26.094503,23.788086,25.227491,116632800
2001-09-20,24.663511,25.3285,24.242632,24.385731,90840200
2001-09-21,23.07259,24.385733,22.895822,23.729162,112341900
2001-09-24,24.478329,25.252747,24.065868,24.924461,85696500
2001-09-25,25.008636,25.614702,24.368901,25.000219,83860600
2001-09-26,25.210648,25.252736,23.914341,24.133198,59759800
2001-09-27,23.905928,24.234215,23.081005,23.973269,70050700
2001-09-28,24.276295,25.185393,23.830162,24.39414,84810800
2001-10-01,24.284718,24.394146,23.44296,24.183706,53460800
2001-10-02,24.116362,24.756098,23.905922,24.25946,74133400
2001-10-03,23.922762,26.607971,23.847004,26.094498,136198600
2001-10-04,26.641639,27.946364,26.043991,26.347023,127371500
2001-10-05,26.094494,26.852076,25.471593,26.73423,96443400
2001-10-08,26.203926,27.230871,26.060827,26.818411,67789600
2001-10-09,26.81841,26.953091,25.985069,26.170256,57564800
2001-10-10,25.985064,27.390799,25.884052,27.357128,73840600
2001-10-11,27.937951,29.671974,27.895863,29.209007,117232200
2001-10-12,28.897551,29.293175,27.895857,29.082735,111901600
2001-10-15,28.720787,29.082744,28.333579,28.956482,78322000
2001-10-16,29.175335,29.545708,28.678698,29.427862,81346800
2001-10-17,30.193861,30.303291,27.188785,27.31505,141530300
2001-10-18,27.525487,28.232564,27.27296,28.055796,94448200
2001-10-19,27.660159,28.409323,26.936247,28.240971,73434200
2001-10-22,28.148386,29.040651,27.963202,28.998564,74104900
2001-10-23,29.310007,29.798228,28.619766,29.150074,104062200
2001-10-24,29.124823,30.033924,28.889132,29.781397,90171400
2001-10-25,29.209,30.993526,28.813373,30.97669,118551900
2001-10-26,30.724181,31.195567,30.311718,30.311718,93823900
2001-10-29,30.303289,30.429554,28.653444,28.653444,92146800
2001-10-30,28.375666,28.695535,27.643337,28.097887,96092200
2001-10-31,28.653452,29.427868,28.350419,28.535606,106175500
2001-11-01,28.99016,29.932931,28.434599,29.747744,92716000
2001-11-02,29.688795,30.177013,29.368927,29.966574,64917700
2001-11-05,30.522139,31.279722,30.437965,30.943018,64473000
2001-11-06,30.808355,32.155171,30.631587,32.146751,107214900
2001-11-07,31.658522,32.693884,31.565928,32.104652,92562100
2001-11-08,32.449755,33.165251,31.355471,31.77635,105916300
2001-11-09,31.641674,32.054137,31.246047,31.75952,74121900
2001-11-12,31.145049,32.281421,30.555817,31.986807,112994400
2001-11-13,32.853821,33.249449,32.51712,33.131603,97931800
2001-11-14,33.636645,33.87234,32.609703,33.367283,88660100
2001-11-15,32.963239,33.76291,32.786471,33.232601,86349700
2001-11-16,33.232605,33.400957,32.761219,33.140011,64035500
2001-11-19,33.493548,34.082779,33.241021,34.082779,69196300
2001-11-20,33.737671,33.863933,32.390856,32.508701,85176500
2001-11-21,32.382434,32.786477,31.969971,32.340343,60867900
2001-11-23,32.62654,33.19052,32.466607,33.064255,27046000
2001-11-26,33.316799,33.973369,32.836994,33.880775,75267500
2001-11-27,33.7124,34.486819,32.996907,33.838665,100289700
2001-11-28,33.443033,33.981757,32.567604,32.618111,101568200
2001-11-29,32.853801,33.670307,32.651781,33.62822,83774700
2001-11-30,33.443037,33.703983,33.131588,33.375698,66018200
2001-12-03,33.072669,33.333612,32.719129,32.803307,60449800
2001-12-04,33.114752,34.377389,32.357169,34.368973,79378700
2001-12-05,34.680433,36.321862,34.613091,36.069332,115773700
2001-12-06,35.943066,36.397617,35.656869,36.119835,77702100
2001-12-07,35.757883,35.858893,34.629927,35.126564,81632600
2001-12-10,34.781451,35.547451,34.411079,34.512089,69088000
2001-12-11,34.899285,35.572691,34.621506,34.705681,66056500
2001-12-12,34.932964,35.303337,34.175381,34.983471,76093400
2001-12-13,34.267978,34.512089,33.468307,33.468307,79582600
2001-12-14,33.560901,34.057538,33.308374,33.762924,70006300
2001-12-17,33.687157,34.714103,33.687157,34.343727,62295500
2001-12-18,34.646752,34.93295,33.804994,34.730927,50850400
2001-12-19,34.141707,34.781442,33.939684,34.099617,79596200
2001-12-20,33.754495,33.922848,32.559201,32.651794,83048800
2001-12-21,33.182095,33.426205,32.954823,33.232601,56205000
2001-12-24,33.283123,33.358881,32.954837,33.097935,13660400
2001-12-26,33.140004,33.922839,32.963236,33.409367,37672900
2001-12-27,33.544049,33.838666,33.333609,33.67873,34255200
2001-12-28,33.914445,34.343741,33.863939,33.948116,38240400
2001-12-31,33.931274,34.04912,32.752811,32.752811,46176900
2002-01-02,33.308374,33.796595,32.769649,33.762924,61708800
2002-01-03,33.931262,34.97504,33.889172,34.932953,85769100
2002-01-04,35.311752,35.59795,34.453158,35.076057,86876900
2002-01-07,35.446422,35.539016,33.762907,34.688839,75166200
2002-01-08,34.596234,35.160213,34.377379,34.924522,66956800
2002-01-09,35.387518,35.858901,34.427914,34.604683,85123000
2002-01-10,34.655179,34.966632,34.24272,34.831951,75548000
2002-01-11,34.806705,35.017145,34.06596,34.385826,60832900
2002-01-14,34.082784,34.242717,33.417794,33.63665,71310700
2002-01-15,33.695578,34.301645,33.299954,33.956524,66916100
2002-01-16,33.27469,33.619811,32.634955,32.643372,90942000
2002-01-17,33.232598,33.64506,32.83697,33.375698,75285900
2002-01-18,32.685452,33.207341,32.17198,32.483429,81985600
2002-01-22,32.828578,32.845413,31.422843,31.481766,81773800
2002-01-23,31.6922,32.567626,31.43967,32.34877,74968800
2002-01-24,32.778057,33.257859,32.63496,32.778057,77251200
2002-01-25,32.382437,32.954833,32.289843,32.685471,58832100
2002-01-28,32.954814,33.156834,32.340328,32.870636,47795900
2002-01-29,32.937996,33.165271,31.574345,31.969973,83339800
2002-01-30,31.986806,32.702299,31.018783,32.214081,101385500
2002-01-31,32.466602,32.618119,32.003636,32.416096,69655500
2002-02-01,32.323511,32.727555,31.73428,32.104652,61207100
2002-02-04,31.953119,32.045713,30.816747,31.07769,82763300
2002-02-05,30.799935,31.422837,30.46323,30.564243,86853800
2002-02-06,31.010368,31.052455,30.050764,30.353798,98507600
2002-02-07,30.294881,30.766263,29.461538,29.621471,97725900
2002-02-08,29.848748,30.505322,29.436288,30.446396,80483100
2002-02-11,30.421136,30.976696,30.286455,30.833599,57641200
2002-02-12,30.564234,31.128211,30.336959,30.58107,51477700
2002-02-13,30.909357,31.271313,30.816763,31.102961,60984700
2002-02-14,31.271333,31.62487,30.303309,31.044058,77482300
2002-02-15,31.001954,31.069293,30.000259,30.118105,79719900
2002-02-19,29.772991,29.848749,28.889145,29.192179,72437200
2002-02-20,29.377344,29.604616,28.560838,29.587784,106552700
2002-02-21,29.284753,29.419434,28.182049,28.182049,109307800
2002-02-22,28.29148,28.788118,27.853766,28.325151,99824200
2002-02-25,28.619764,29.671962,28.577677,29.469938,88994700
2002-02-26,29.655137,29.82349,28.931225,29.360523,94683300
2002-02-27,29.789821,29.890831,28.670284,28.956482,95159300
2002-02-28,29.049067,29.436278,28.409332,28.434584,95711200
2002-03-01,28.746043,30.092854,28.695536,30.084438,86081600
2002-03-04,30.050772,31.338661,29.798245,31.271322,105734600
2002-03-05,31.086142,31.877394,30.985132,31.498602,91452600
2002-03-06,31.212386,31.944714,30.808339,31.650097,86943400
2002-03-07,32.08781,32.264582,31.153458,31.717438,85496000
2002-03-08,32.180413,32.853819,32.096238,32.550785,84443700
2002-03-11,32.281413,32.98849,32.037306,32.43293,71035200
2002-03-12,31.624851,31.986807,31.414411,31.986807,82652100
2002-03-13,31.490162,31.700601,31.035612,31.212383,71376200
2002-03-14,31.195541,31.481739,30.91776,31.027189,70700500
2002-03-15,31.052437,31.422812,30.79991,31.338634,63966500
2002-03-18,31.675365,31.936308,31.187143,31.515429,78938300
2002-03-19,31.650089,31.885784,31.330224,31.464905,58947600
2002-03-20,31.03562,31.212392,30.336962,30.353798,61816500
2002-03-21,30.429558,31.262896,30.219118,31.161886,89198800
2002-03-22,31.094538,31.262891,30.698914,30.875683,58930100
2002-03-25,30.884093,31.060865,29.899238,29.932909,87421900
2002-03-26,29.815068,30.656826,29.798236,30.210695,92457500
2002-03-27,29.991842,30.303291,29.798238,29.975006,64531800
2002-03-28,30.320127,30.614741,30.219117,30.353798,59539400
2002-04-01,30.134934,31.06087,29.714055,30.934605,70730500
2002-04-02,30.286447,30.429547,29.461525,29.537283,77759800
2002-04-03,29.714061,29.840326,28.872303,29.486786,85766400
2002-04-04,29.040647,29.596207,28.855459,29.259502,90521500
2002-04-05,29.469955,29.604637,28.771298,28.931231,68426000
2002-04-08,28.173637,29.293173,28.131546,29.293173,74950700
2002-04-09,29.276349,29.444702,28.190484,28.274658,80910200
2002-04-10,28.417744,28.830207,27.887439,28.485086,85748700
2002-04-11,28.333573,28.493506,27.677003,27.778013,90665600
2002-04-12,28.047373,28.451416,27.735923,28.215725,78360100
2002-04-15,28.451423,28.586104,27.946369,28.443007,69306800
2002-04-16,28.98174,29.64673,28.964904,29.629894,72064700
2002-04-17,29.79824,29.882414,29.166921,29.478371,69130100
2002-04-18,29.276337,29.58779,28.619767,28.914381,91086100
2002-04-19,29.503626,29.512045,28.93965,29.006989,62286800
2002-04-22,28.628195,28.628195,27.98846,28.274658,64625600
2002-04-23,28.27465,28.569264,27.525486,27.786428,73070300
2002-04-24,27.954775,28.038953,27.104601,27.357128,68953900
2002-04-25,27.188777,27.550733,26.936251,27.289787,103073700
2002-04-26,27.491807,27.592817,26.102907,26.12816,100193400
2002-04-29,26.296519,26.557464,25.724123,26.195509,85326800
2002-04-30,26.119755,27.096192,26.043996,26.708984,95357900
2002-05-01,26.658466,26.801565,25.74095,26.565872,109975700
2002-05-02,26.422784,26.927839,25.639948,25.682037,85852200
2002-05-03,25.648371,25.682042,24.815031,25.033888,92103200
2002-05-06,24.941291,25.235907,24.284721,24.385731,96491200
2002-05-07,24.638257,24.705597,23.922762,24.158455,101954400
2002-05-08,25.36217,26.835247,25.252743,26.742655,129741500
2002-05-09,26.574305,26.843667,25.926151,26.052416,106477200
2002-05-10,26.102914,26.170255,24.831859,24.882364,112282800
2002-05-13,25.143317,26.077667,24.974964,25.892481,93971200
2002-05-14,26.978345,27.483402,26.82683,27.416059,107284700
2002-05-15,27.003595,28.308319,26.80999,27.618078,150522100
2002-05-16,27.390805,27.820101,27.121443,27.660168,89916300
2002-05-17,28.022125,28.123135,27.331884,27.719091,82695000
2002-05-20,27.441309,27.525487,26.88575,27.113024,78144200
2002-05-21,27.239288,27.432892,26.094496,26.372276,104180000
2002-05-22,26.069242,26.591133,25.597858,26.431198,89543100
2002-05-23,26.624801,27.020427,25.926142,26.961504,94445800
2002-05-24,26.591144,26.67532,26.102924,26.296528,55874600
2002-05-28,26.490118,26.532207,25.665196,26.178669,68829400
2002-05-29,25.808299,26.010321,25.454761,25.488432,73470200
2002-05-30,25.261155,25.858802,25.168561,25.707287,92080500
2002-05-31,25.892478,26.128171,25.252742,25.286413,79907400
2002-06-03,25.252734,25.463173,24.234207,24.39414,77043700
2002-06-04,24.200541,24.983376,24.082696,24.714014,98366200
2002-06-05,24.76452,25.084387,24.385728,24.966541,95347100
2002-06-06,24.840283,24.840283,23.485052,24.309975,91129700
2002-06-07,23.257769,24.23421,23.165177,23.821747,106049200
2002-06-10,23.872251,24.200536,23.687063,23.779657,73142900
2002-06-11,24.074265,24.150023,23.030486,23.11466,84609500
2002-06-12,22.929478,23.535543,22.584357,23.451368,152974400
2002-06-13,23.367208,23.745998,23.022087,23.299868,97556300
2002-06-14,22.609614,23.333524,22.054054,23.24935,122106800
2002-06-17,23.569218,24.200536,23.493459,24.040602,87618100
2002-06-18,23.830171,24.537248,23.804919,24.42782,100513400
2002-06-19,23.653399,23.838585,22.937904,23.013662,93507600
2002-06-20,22.954748,23.106265,21.607934,22.272923,99913200
2002-06-21,22.18874,22.542278,21.591091,21.73419,168755100
2002-06-24,21.422742,22.559114,21.220719,22.163488,219672100
2002-06-25,22.373926,22.491771,21.296475,21.431156,136336400
2002-06-26,20.564151,21.700524,20.53048,21.591095,149080300
2002-06-27,21.885712,22.096152,21.06079,22.062481,121371100
2002-06-28,21.927788,22.517019,21.759438,21.969877,87842000
2002-07-01,21.860457,22.003555,20.858766,20.917688,64753900
2002-07-02,20.707241,20.833505,19.436187,20.160099,111629600
2002-07-03,20.075933,20.833515,19.882329,20.833515,101067000
2002-07-05,21.262811,22.213997,21.086041,22.171909,56768300
2002-07-08,22.054072,22.348686,21.111302,21.363829,97288500
2002-07-09,21.254389,21.447993,20.698829,20.757751,91039600
2002-07-10,21.035518,21.069189,20.059079,20.118002,115365200
2002-07-11,20.00017,20.951355,19.806566,20.875597,170271200
2002-07-12,21.254389,21.481664,20.665158,20.875597,130027800
2002-07-15,20.77459,21.582677,19.991755,21.523754,140207200
2002-07-16,21.254387,21.902541,20.959772,21.203882,148281700
2002-07-17,21.944633,22.256085,20.951359,21.591095,157954700
2002-07-18,21.36382,21.523754,20.639909,20.816677,114052300
2002-07-19,20.479975,20.799842,20.033843,20.193777,124116400
2002-07-22,20.075926,20.623068,19.43619,19.697134,150034800
2002-07-23,19.739234,19.991761,18.754377,18.855387,150786800
2002-07-24,18.358741,19.915994,18.215642,19.882324,186493600
2002-07-25,19.57087,19.697134,18.350321,18.729113,153915500
2002-07-26,18.990057,19.22575,18.527091,19.082651,96034200
2002-07-29,19.587708,20.303202,19.427773,20.059092,96735200
2002-07-30,19.974913,20.783002,19.857068,20.463133,117394300
2002-07-31,20.202187,20.362122,19.663463,20.075924,93831300
2002-08-01,19.983339,20.118021,19.074241,19.133163,85149700
2002-08-02,19.175245,19.22575,18.367156,18.729113,86706000
2002-08-05,18.611271,18.788039,17.929445,18.047293,84897800
2002-08-06,18.350327,19.368855,18.341911,18.939558,115364600
2002-08-07,19.528784,19.671883,18.485003,19.19208,125677100
2002-08-08,19.150001,19.865496,18.771209,19.840242,111697900
2002-08-09,19.52879,19.958085,19.259426,19.638218,93576900
2002-08-12,19.402518,19.764475,19.276255,19.697134,62870900
2002-08-13,19.554036,20.092762,18.98164,19.023729,88434400
2002-08-14,19.082654,20.370544,18.914301,20.235863,102613500
2002-08-15,20.404216,20.665161,19.966502,20.648327,120307800
2002-08-16,20.311622,21.043952,19.974919,20.791426,95853000
2002-08-19,20.850344,21.540585,20.774585,21.296474,76015900
2002-08-20,21.195464,21.405904,20.917684,21.203882,89981300
2002-08-21,21.372223,21.759433,21.043939,21.675257,101365500
2002-08-22,21.666847,22.062473,21.397485,22.020386,80345500
2002-08-23,21.717356,21.725774,21.001863,21.170214,75211200
2002-08-26,21.29648,21.372238,20.715668,21.254393,83335400
2002-08-27,21.405898,21.473239,20.328448,20.513636,92340400
2002-08-28,20.219027,20.27795,19.688718,19.764477,115562300
2002-08-29,19.528784,20.387376,19.377267,20.025421,97028200
2002-08-30,19.882321,20.202189,19.680298,19.772892,59474900
2002-09-03,19.410938,19.722389,18.804873,19.0574,81828100
2002-09-04,18.939559,19.377274,18.720702,19.133163,82717600
2002-09-05,18.855376,18.939552,18.45975,18.661772,91576600
2002-09-06,19.074231,19.545615,19.023726,19.234165,86008800
2002-09-09,19.082659,19.671891,18.846967,19.42778,72679500
2002-09-10,19.554033,19.924407,19.385683,19.907572,74615800
2002-09-11,20.303209,20.496813,19.713978,19.739231,73902800
2002-09-12,19.554037,19.57929,19.116322,19.200499,70763500
2002-09-13,19.023729,19.427773,18.956389,19.352015,79716100
2002-09-16,19.242586,19.360432,18.830125,19.074234,58853600
2002-09-17,19.402511,19.537192,18.670183,18.670183,89139700
2002-09-18,18.527099,18.981648,18.333495,18.459759,92358300
2002-09-19,18.266146,18.628101,18.139881,18.165134,86247700
2002-09-20,18.375579,18.434502,18.080964,18.240898,78116900
2002-09-23,18.05571,18.114633,17.516984,17.693754,72757500
2002-09-24,17.407554,18.055708,17.382301,17.702169,91507300
2002-09-25,17.971534,18.552347,17.761094,18.409248,98051900
2002-09-26,18.653357,18.796455,17.988369,18.181973,104453500
2002-09-27,18.13988,18.69544,17.937859,17.937859,92249700
2002-09-30,17.735833,17.878932,17.247614,17.441217,91502500
2002-10-01,17.601151,18.510249,17.230777,18.501831,102096000
2002-10-02,18.106221,18.493429,17.651671,17.887363,94829700
2002-10-03,17.727429,18.013627,17.407562,17.458067,74354800
2002-10-04,17.626413,17.693754,16.927754,17.129776,81837100
2002-10-07,17.054021,17.331801,16.7089,16.969845,79861800
2002-10-08,17.07086,17.34864,16.633145,17.003519,94103100
2002-10-09,16.78465,17.281287,16.700474,16.88566,103301000
2002-10-10,16.919331,17.853681,16.759397,17.744253,109610500
2002-10-11,18.13988,18.838539,18.030452,18.703857,124777400
2002-10-14,18.409241,18.939548,18.333483,18.922712,78890300
2002-10-15,19.730808,19.89074,19.51195,19.831818,118176000
2002-10-16,19.116325,19.495116,18.5776,19.175249,97441900
2002-10-17,19.865489,20.042258,19.006896,19.8234,95754500
2002-10-18,19.596125,20.075926,19.301509,20.042255,84941900
2002-10-21,19.798143,20.580978,19.612955,20.446297,85311500
2002-10-22,19.974915,20.488388,19.907575,20.320036,89947000
2002-10-23,20.075926,20.732497,19.92441,20.707245,88093500
2002-10-24,20.77458,20.926096,20.134844,20.185349,88674800
2002-10-25,20.193777,20.833513,20.193777,20.791426,71557300
2002-10-28,21.043945,21.077617,20.345287,20.614649,90272000
2002-10-29,20.463139,20.59782,19.671887,20.134853,90293800
2002-10-30,20.252694,20.867178,20.075925,20.673573,103531100
2002-10-31,20.757759,21.077628,20.505232,20.665165,81493100
2002-11-01,20.513646,21.380656,20.320041,21.254393,86658400
2002-11-04,21.927792,22.575946,21.717353,21.801529,110562400
2002-11-05,21.641591,22.0288,21.515327,21.969877,79603300
2002-11-06,22.129815,22.399177,21.582671,22.28133,116251700
2002-11-07,21.877291,21.969885,21.304895,21.498501,82711600
2002-11-08,21.456413,21.776282,21.010281,21.102875,76937600
2002-11-11,21.001859,21.060782,20.328452,20.463133,74384300
2002-11-12,20.538897,21.380655,20.538897,20.985029,88748800
2002-11-13,20.79142,21.633178,20.61465,21.237551,119341800
2002-11-14,21.532163,22.239239,21.481658,21.969877,85720100
2002-11-15,21.801529,22.264496,21.675265,22.256079,69291300
2002-11-18,22.483361,22.533868,21.877296,21.927801,76238000
2002-11-19,21.717358,21.927798,21.296479,21.591095,88139200
2002-11-20,21.515328,22.51702,21.498494,22.508602,75104700
2002-11-21,22.668538,23.434538,22.517021,23.341944,105472900
2002-11-22,23.038916,23.518718,22.996828,23.33353,73808600
2002-11-25,23.3672,23.737574,23.182014,23.560804,72666100
2002-11-26,23.384037,23.459795,22.643289,22.769552,80017900
2002-11-27,23.173598,23.737576,23.131509,23.493465,73643900
2002-11-29,23.745992,23.813334,22.912651,23.33353,34652100
2002-12-02,23.922764,24.234215,23.207269,23.569225,85136000
2002-12-03,23.190431,23.215684,22.668542,22.870564,76595500
2002-12-04,22.357087,22.685374,22.062472,22.365505,130115900
2002-12-05,22.685384,22.727472,21.995141,22.054066,84933200
2002-12-06,21.72577,22.49177,21.666847,22.28133,81727900
2002-12-09,22.070901,22.348682,21.212309,21.229143,75855200
2002-12-10,21.397493,21.843625,21.33857,21.549009,69578300
2002-12-11,21.414324,21.94463,21.313312,21.650015,64237600
2002-12-12,21.885702,22.466515,21.515328,21.767857,62296400
2002-12-13,21.481667,21.523754,21.05237,21.077623,72647800
2002-12-16,21.229139,21.852039,21.102875,21.759447,60278500
2002-12-17,21.725767,22.054053,21.599503,21.826778,62562700
2002-12-18,21.506928,21.549017,21.086048,21.363829,67130700
2002-12-19,21.187059,21.700532,20.884026,21.094465,95969700
2002-12-20,21.321728,21.42274,21.102871,21.313311,65578600
2002-12-23,21.195462,21.683682,21.153374,21.607924,45941700
2002-12-24,21.464822,21.658425,21.313305,21.338558,16772700
2002-12-26,21.490084,21.809951,21.18705,21.279644,33795400
2002-12-27,21.195468,21.759446,20.833512,20.892435,42490200
2002-12-30,20.909264,21.018692,20.505221,20.732494,57396400
2002-12-31,20.656735,20.799832,20.437877,20.513636,46015400
2003-01-02,20.80826,21.506919,20.580986,21.380655,65903200
2003-01-03,21.43116,21.6416,21.279645,21.616348,39059500
2003-01-06,21.6416,22.382348,21.212305,22.155073,67223400
2003-01-07,22.230821,22.668535,22.096139,22.432842,88726100
2003-01-08,22.21399,22.70221,21.751024,21.801529,74989900
2003-01-09,22.087732,22.710632,22.070896,22.474941,75391100
2003-01-10,22.180329,22.946329,22.070899,22.811647,82594300
2003-01-13,23.005243,23.123089,22.500188,22.676958,72870300
2003-01-14,22.651703,22.996823,22.601198,22.794802,46993800
2003-01-15,22.929481,23.022075,22.373921,22.508602,55131000
2003-01-16,22.550694,22.710627,22.096144,22.256079,68740300
2003-01-17,21.801533,21.835204,21.271226,21.304895,77289400
2003-01-21,21.389068,21.506913,21.060783,21.069201,67729600
2003-01-22,21.010281,21.490084,20.934524,20.985029,80020200
2003-01-23,21.380654,21.751028,21.136545,21.473248,78471100
2003-01-24,21.490084,21.490084,20.740918,20.892435,74519700
2003-01-27,20.580986,21.069206,20.513646,20.648327,76561000
2003-01-28,20.850349,21.08604,20.555733,20.858767,65217200
2003-01-29,20.841929,21.422742,20.48839,21.170214,95717500
2003-01-30,21.313315,21.397491,20.614656,20.623074,70333800
2003-01-31,20.252702,20.841933,20.210615,20.572571,90505600
2003-02-03,20.639902,20.867177,20.522055,20.614649,53158800
2003-02-04,20.353708,20.454718,20.050674,20.362125,68235700
2003-02-05,20.479973,20.926105,20.21061,20.269533,80107700
2003-02-06,20.235866,20.496811,20.084349,20.378963,103552000
2003-02-07,20.505223,20.580982,19.907574,20.042255,72312400
2003-02-10,20.109599,20.412632,19.882326,20.219028,67572600
2003-02-11,20.412631,20.715664,20.134851,20.328455,77823300
2003-02-12,20.261116,20.479973,20.017007,20.050676,51753000
2003-02-13,20.075929,20.185357,19.629797,20.151688,77387400
2003-02-14,20.059089,20.623067,19.88232,20.614649,67510400
2003-02-18,20.791426,21.330151,20.774591,21.254393,73976800
2003-02-19,21.212298,21.245967,20.799835,21.111286,45541400
2003-02-20,21.170221,21.271233,20.909277,21.027122,59759800
2003-02-21,20.985019,21.355393,20.63148,21.18704,70228500
2003-02-24,21.153379,21.22072,20.799841,20.825094,56646600
2003-02-25,20.580983,21.001862,20.269532,20.850346,74440700
2003-02-26,20.774584,20.993442,20.370541,20.387375,60005600
2003-02-27,20.55573,20.976609,20.429467,20.850346,66424000
2003-02-28,20.884017,21.229138,20.808259,21.178633,50185800
2003-03-03,21.271235,21.448003,20.673585,20.749344,60414400
2003-03-04,20.757755,20.850349,20.555733,20.623074,56043500
2003-03-05,20.538902,20.858771,20.471561,20.665165,69096500
2003-03-06,20.564144,20.774583,20.395792,20.614649,59108600
2003-03-07,20.269529,20.783002,20.168517,20.656738,73291000
2003-03-10,20.479972,20.580983,20.126433,20.210609,55948000
2003-03-11,20.252694,20.40421,20.017002,20.033836,54934200
2003-03-12,20.000165,20.404208,19.814978,20.39579,77859800
2003-03-13,20.740919,21.591095,20.538898,21.565844,128537600
2003-03-14,21.658433,21.868872,21.346983,21.650015,89794400
2003-03-17,21.405911,22.559119,21.33857,22.390768,141040800
2003-03-18,22.559117,22.702216,22.23925,22.668547,96548700
2003-03-19,22.601205,22.685381,22.16349,22.474941,91315100
2003-03-20,22.340253,22.845307,22.028802,22.559109,92789700
2003-03-21,22.904233,23.047332,22.054059,22.870564,93304600
2003-03-24,22.281329,22.390758,21.86045,21.919374,85244500
2003-03-25,22.011964,22.525437,21.894119,22.230822,78731500
2003-03-26,22.306593,22.533868,22.188747,22.357098,67880200
2003-03-27,22.112981,22.432848,21.969882,22.197157,64113100
2003-03-28,22.003559,22.24767,21.843627,21.953054,45374700
2003-03-31,21.549008,21.658436,21.220722,21.254393,89345300
2003-04-01,21.414323,21.607927,21.254389,21.422741,73159500
2003-04-02,21.936203,22.357081,21.910951,22.011961,75843800
2003-04-03,22.424428,22.601198,22.146648,22.289747,70138200
2003-04-04,22.365516,22.390769,21.860461,21.927801,65665700
2003-04-07,22.820069,22.895828,21.94464,21.961475,83842700
2003-04-08,22.011973,22.12982,21.784698,21.936214,54250600
2003-04-09,21.969882,22.121399,21.389069,21.431156,76457100
2003-04-10,21.431156,21.692102,21.296475,21.692102,57017500
2003-04-11,21.902544,22.02039,21.346984,21.473248,67974500
2003-04-14,21.549005,22.003553,21.456411,21.910961,52476200
2003-04-15,21.860453,22.272914,21.759443,22.121399,64655700
2003-04-16,22.432858,22.584375,21.986727,22.070902,70711600
2003-04-17,22.020387,22.710628,22.011969,22.575947,70179900
2003-04-21,22.676959,22.811641,22.407597,22.660124,52729600
2003-04-22,22.500189,23.114672,22.432849,23.08942,70757200
2003-04-23,23.148345,23.358784,22.946323,23.257772,70327100
2003-04-24,23.030505,23.358791,22.954747,23.131516,72383900
2003-04-25,22.996831,23.081007,22.609623,22.685381,63277900
2003-04-28,22.769559,23.257779,22.685385,23.131516,59666200
2003-04-29,23.266185,23.619724,23.072581,23.341944,79903800
2003-04-30,23.274607,23.392454,23.089421,23.106256,60202100
2003-05-01,23.097847,23.459803,22.887408,23.308287,66022600
2003-05-02,23.240938,23.813334,23.207267,23.804916,85004100
2003-05-05,23.846998,24.166865,23.712317,23.779657,80520300
2003-05-06,23.754408,24.326804,23.745991,24.082695,77338300
2003-05-07,23.914351,24.150044,23.670242,23.813341,70353200
2003-05-08,23.442966,23.729164,23.367208,23.375626,80249100
2003-05-09,23.602893,23.973266,23.569222,23.914343,58528200
2003-05-12,23.872261,24.377314,23.712326,24.276304,67487300
2003-05-13,24.099533,24.402566,24.023776,24.124786,64934300
2003-05-14,24.301561,24.385735,23.872264,24.074286,62181200
2003-05-15,24.200539,24.394142,24.040604,24.343637,62232100
2003-05-16,24.183707,24.360477,23.973267,24.158455,70590400
2003-05-19,24.006946,24.141627,23.240946,23.308287,91334800
2003-05-20,23.367208,23.535559,23.072592,23.375626,71817800
2003-05-21,23.274616,23.358792,23.097847,23.308287,63648500
2003-05-22,23.367203,23.838587,23.249358,23.644983,62401400
2003-05-23,23.602893,23.779662,23.527135,23.653399,37922500
2003-05-27,23.510306,24.596173,23.485053,24.495163,101422100
2003-05-28,24.545662,24.747684,24.37731,24.570915,76290400
2003-05-29,24.604584,25.084386,24.545661,24.671925,97336000
2003-05-30,24.857116,25.143314,24.789776,25.075974,78093700
2003-06-02,25.32007,25.421081,24.671916,24.899191,102937000
2003-06-03,24.781353,25.151725,24.688759,25.134892,81672600
2003-06-04,25.09281,25.740964,25.017052,25.606283,87046100
2003-06-05,25.362165,25.825133,25.227484,25.791462,88747900
2003-06-06,26.271272,26.490129,25.286416,25.362173,157178100
2003-06-09,25.25274,25.437926,24.857114,25.025465,94941800
2003-06-10,25.134898,25.421096,24.983382,25.404261,69660100
2003-06-11,25.311665,25.791466,25.08439,25.690456,87338200
2003-06-12,25.791465,25.884059,25.471598,25.799883,79450500
2003-06-13,25.808302,25.867225,25.134896,25.21907,83353600
2003-06-16,25.395843,26.010326,25.252744,25.99349,71211800
2003-06-17,26.111338,26.187097,25.724129,25.892481,67571200
2003-06-18,25.808301,26.288103,25.631533,26.027159,80215700
2003-06-19,26.077667,26.296525,25.572612,25.606283,79467200
2003-06-20,25.833551,25.90931,25.463177,25.572605,71512400
2003-06-23,25.530525,25.564196,24.882371,25.176987,86509400
2003-06-24,25.025461,25.362164,24.85711,24.983374,83004400
2003-06-25,24.974961,25.404258,24.806609,24.848698,94255300
2003-06-26,25.00864,25.488443,24.924465,25.437937,79187500
2003-06-27,25.463182,25.732545,25.059139,25.109644,82451900
2003-06-30,25.387416,25.538933,25.084383,25.210648,72043000
2003-07-01,25.000213,25.572607,24.629839,25.547356,105852500
2003-07-02,25.597868,26.086088,25.572615,26.069252,81972500
2003-07-03,25.841967,26.17867,25.648361,25.740955,50050400
2003-07-07,26.069249,26.852084,26.060831,26.843666,88554600
2003-07-08,26.751057,27.197189,26.616376,27.171934,81874500
2003-07-09,27.087771,27.348717,26.877332,27.104607,89588400
2003-07-10,26.809994,26.927839,26.372279,26.599554,102928700
2003-07-11,26.64164,26.927838,26.607971,26.801575,67728100
2003-07-14,27.222451,27.567572,26.995176,27.121441,84524600
2003-07-15,27.382386,27.4834,26.885751,27.155111,75059000
2003-07-16,27.323459,27.35713,26.708976,27.070932,80138700
2003-07-17,26.666893,26.801574,26.128168,26.246014,116260400
2003-07-18,26.431203,26.557466,26.027159,26.330193,80519000
2003-07-21,26.296524,26.347029,25.766217,25.99349,111325300
2003-07-22,26.187088,26.515373,25.976648,26.380692,91471500
2003-07-23,26.422784,26.633224,26.086081,26.599554,69050400
2003-07-24,26.809992,26.95309,26.161838,26.246014,82999700
2003-07-25,26.203923,26.801572,25.900891,26.7679,82709600
2003-07-28,26.818414,26.927842,26.599557,26.843666,56180800
2003-07-29,26.877333,26.953091,26.296519,26.64164,80560100
2003-07-30,26.692157,26.71741,26.372289,26.448048,56617300
2003-07-31,26.759484,27.214034,26.532209,26.7679,85544100
2003-08-01,26.67531,26.759486,26.347024,26.481705,73545400
2003-08-04,26.44803,26.767898,25.959811,26.473284,96344600
2003-08-05,26.439622,26.498545,25.33692,25.429512,111041800
2003-08-06,25.555773,25.900894,25.336916,25.412674,96816000
2003-08-07,25.437931,25.682041,25.26958,25.513689,67326600
2003-08-08,25.614694,25.715704,25.193815,25.311661,66677100
2003-08-11,25.320079,25.757794,25.277992,25.589441,63712200
2003-08-12,25.682035,26.01032,25.530518,25.97665,59676100
2003-08-13,26.07766,26.153418,25.79988,25.985067,57969700
2003-08-14,25.993477,26.254424,25.816709,26.010313,50271500
2003-08-15,26.094494,26.338604,26.035571,26.237593,28116300
2003-08-18,26.355441,26.944671,26.288101,26.911001,67224100
2003-08-19,27.028854,27.256129,26.809996,27.247709,68205000
2003-08-20,27.020446,27.373986,26.953107,27.180382,58233500
2003-08-21,27.432892,27.626496,27.16353,27.474979,77161400
2003-08-22,27.99688,28.089474,27.256135,27.306639,92989800
2003-08-25,27.239295,27.390812,27.11303,27.365557,43044700
2003-08-26,27.171942,27.432888,26.776316,27.3908,79838500
2003-08-27,27.348724,27.634922,27.247711,27.609667,47532100
2003-08-28,27.727514,27.879031,27.373977,27.853779,55311000
2003-08-29,27.811683,28.165219,27.761176,28.106297,53148800
2003-09-02,28.190485,28.527187,27.887452,28.510351,80303100
2003-09-03,28.703955,28.788132,28.325166,28.493515,85234800
2003-09-04,28.476671,28.804956,28.367242,28.75445,63736100
2003-09-05,28.594524,28.905974,28.341994,28.569269,91024100
2003-09-08,28.619785,29.065916,28.577698,29.040665,69296000
2003-09-09,28.889134,28.948057,28.552429,28.69553,87817500
2003-09-10,28.409331,28.527176,27.870606,28.005287,111624500
2003-09-11,28.013688,28.434566,27.786413,28.316721,96914900
2003-09-12,28.064222,28.485101,27.820111,28.468266,104963000
2003-09-15,28.485084,28.544006,28.148379,28.19047,54594200
2003-09-16,28.215734,28.981734,28.215734,28.956482,87463800
2003-09-17,28.897543,29.040641,28.645013,28.838617,79794700
2003-09-18,28.762858,29.343673,28.619761,29.276331,91469900
2003-09-19,29.284747,29.34367,28.922791,29.107979,69796000
2003-09-22,28.729197,28.78812,28.426164,28.552425,97477500
2003-09-23,28.594514,29.091151,28.544007,29.05748,77826500
2003-09-24,29.049073,29.057492,27.921117,27.963207,115057400
2003-09-25,28.097877,28.400911,27.575985,27.60124,117604800
2003-09-26,27.685427,27.921119,27.373978,27.424484,106581000
2003-09-29,27.575994,27.921114,27.315051,27.895863,96862800
2003-09-30,27.710666,27.744337,27.239284,27.289787,119122500
2003-10-01,27.449733,27.971623,27.289797,27.904284,106653600
2003-10-02,27.862177,28.139959,27.71908,27.996859,83911100
2003-10-03,28.493507,29.015399,28.468255,28.779705,112862800
2003-10-06,28.855469,28.99857,28.670285,28.99015,49162900
2003-10-07,28.754449,29.166912,28.628184,29.166912,80104600
2003-10-08,29.301585,29.326837,28.804948,28.981716,71387400
2003-10-09,29.385766,29.6888,28.981723,29.200579,118216100
2003-10-10,29.267918,29.486774,29.158489,29.469938,68356200
2003-10-13,29.579362,29.772966,29.394174,29.66354,60919800
2003-10-14,29.545717,29.823499,29.427872,29.739325,62274900
2003-10-15,30.134942,30.177029,29.486787,29.613052,97045200
2003-10-16,29.545697,29.907653,29.512029,29.84873,73955000
2003-10-17,29.806653,29.873995,29.124828,29.133247,97794400
2003-10-20,29.166933,29.528889,29.040668,29.495218,75544300
2003-10-21,29.579376,29.840323,29.411024,29.67197,73455600
2003-10-22,29.368937,29.402608,28.990146,29.099575,88141400
2003-10-23,28.746038,29.049069,28.661861,28.762871,95409600
2003-10-24,28.442996,28.813368,28.190469,28.788116,101778600
2003-10-27,28.855456,28.998557,28.653436,28.796534,63604500
2003-10-28,28.981737,29.806659,28.93123,29.764572,107375700
2003-10-29,29.62988,29.806649,29.520451,29.73089,74075200
2003-10-30,30.143354,30.303287,29.579375,29.789814,95062600
2003-10-31,29.831908,29.873999,29.512042,29.613052,55473200
2003-11-03,29.823481,30.286447,29.764558,30.101259,71141200
2003-11-04,30.042338,30.193854,29.840318,29.89924,60033900
2003-11-05,29.899247,30.210697,29.587798,30.16861,67412700
2003-11-06,30.126521,30.278038,29.747729,30.252783,90567400
2003-11-07,30.370615,30.454789,29.966568,29.991823,63505200
2003-11-10,30.05077,30.084441,29.537297,29.621471,68896400
2003-11-11,29.587786,29.714048,29.335256,29.512028,75607100
2003-11-12,29.604623,30.269612,29.579371,30.143351,80364600
2003-11-13,30.059175,30.219112,29.924494,30.109682,64243000
2003-11-14,30.143373,30.320141,29.41946,29.495218,90932200
2003-11-17,29.32686,29.385783,28.838639,29.192179,108063100
2003-11-18,29.352103,29.436281,28.468258,28.518764,108588500
2003-11-19,28.628181,28.95647,28.518755,28.796534,86320300
2003-11-20,28.552432,29.19217,28.459842,28.518764,117324500
2003-11-21,28.687119,28.838633,28.392502,28.813381,81787500
2003-11-24,29.057492,29.671975,29.015405,29.613052,92057500
2003-11-25,29.705646,29.840327,29.537294,29.613052,72519800
2003-11-26,29.79825,29.89926,29.301613,29.747744,72842900
2003-11-28,29.680384,29.882407,29.638296,29.781397,24802600
2003-12-01,30.05919,30.311716,29.857169,30.219126,82767300
2003-12-02,30.151774,30.345378,29.949754,30.050764,62504500
2003-12-03,30.168608,30.404299,29.67197,29.67197,107568500
2003-12-04,29.781384,30.059162,29.528857,29.991823,102334800
2003-12-05,29.688822,29.882426,29.427876,29.495218,87490200
2003-12-08,29.478352,29.739298,29.276329,29.66354,86961200
2003-12-09,29.83189,29.848726,28.914374,28.981716,109949500
2003-12-10,29.040646,29.208998,28.729196,29.091152,103504200
2003-12-11,29.04065,29.789814,29.032234,29.714056,108374700
2003-12-12,29.722463,29.747714,29.377342,29.66354,72189400
2003-12-15,30.244354,30.29486,29.166905,29.276331,106091400
2003-12-16,29.284763,29.478367,28.97331,29.335266,89854700
2003-12-17,29.301587,29.46152,29.099564,29.385761,68539900
2003-12-18,29.419436,30.000248,29.419436,29.932909,89978100
2003-12-19,29.974995,30.008666,29.629874,29.84873,89762300
2003-12-22,29.756125,30.033907,29.705622,29.941313,63580000
2003-12-23,29.966586,30.320126,29.907663,30.16861,66999800
2003-12-24,30.180408,30.331984,30.146723,30.230934,44840300
2003-12-26,30.28144,30.390913,30.163549,30.18881,25497600
2003-12-29,30.340396,30.76144,30.331977,30.685652,63296200
2003-12-30,30.761457,30.803564,30.567778,30.786722,48249400
2003-12-31,30.837226,30.854068,30.525654,30.702492,60494600
2004-01-02,30.870906,30.980378,30.500389,30.61828,55234100
2004-01-05,30.803543,31.291951,30.7867,31.233006,69717900
2004-01-06,31.22459,31.510896,31.115118,31.443531,60033000
2004-01-07,31.392996,31.729832,31.216158,31.729832,71830000
2004-01-08,31.872992,31.999306,31.66247,31.982464,76800900
2004-01-09,31.75509,32.294025,31.654041,31.771933,94296500
2004-01-12,31.872975,32.294019,31.729822,32.27718,77668400
2004-01-13,32.226665,32.302453,31.662465,31.957197,92973900
2004-01-14,32.066681,32.209834,31.788791,32.066681,68122400
2004-01-15,31.940365,32.38667,31.687739,32.150887,104427700
2004-01-16,32.319291,32.529813,32.14245,32.479286,77324100
2004-01-20,32.614024,32.841388,32.260349,32.454029,81998100
2004-01-21,32.327725,32.555089,31.999311,32.319305,112180300
2004-01-22,32.462451,32.580342,32.04983,32.125618,90061900
2004-01-23,32.176143,32.386665,31.814045,32.007725,88751300
2004-01-26,31.982462,32.546662,31.86457,32.496136,84538000
2004-01-27,32.428779,32.529832,31.738268,31.780375,97191600
2004-01-28,31.948764,32.049817,31.157204,31.241411,127959700
2004-01-29,31.359312,31.418258,30.8709,31.359312,143925900
2004-01-30,31.325628,31.527727,31.131949,31.216156,84264700
2004-02-02,31.325641,31.561425,31.005647,31.131962,94507900
2004-02-03,31.08143,31.35932,31.022484,31.098272,73488700
2004-02-04,30.837224,31.039326,30.593021,30.593021,109933000
2004-02-05,30.744582,30.913,30.59301,30.710901,96784500
2004-02-06,30.820383,31.393002,30.761437,31.266691,107174100
2004-02-09,31.443521,31.477205,31.199315,31.258261,58817700
2004-02-10,31.207741,31.50247,31.182476,31.30879,65042700
2004-02-11,31.359324,31.721418,31.216167,31.645634,92503000
2004-02-12,31.595081,31.746657,31.359298,31.367718,70556400
2004-02-13,31.485637,31.974049,30.955121,31.106697,90570400
2004-02-17,31.393012,31.679322,31.342489,31.527746,69678600
2004-02-18,31.586668,31.721401,31.426672,31.620352,70972100
2004-02-19,31.889824,31.915089,31.005634,31.140368,100843800
2004-02-20,31.157204,31.275096,30.778264,31.039312,132347600
2004-02-23,31.157208,31.18247,30.407752,30.694061,125199800
2004-02-24,30.567754,30.862486,30.399336,30.61828,124521900
2004-02-25,30.677217,30.879316,30.59301,30.803532,74457100
2004-02-26,30.710921,31.022492,30.576187,30.879335,71327600
2004-02-27,30.955123,31.106699,30.542502,30.795128,99383900
2004-03-01,30.887749,31.216162,30.710911,31.19932,79700700
2004-03-02,31.140379,31.308797,30.828807,30.837227,91536000
2004-03-03,30.7446,30.845653,30.491974,30.668812,83938300
2004-03-04,30.685643,31.01406,30.643539,30.955111,65905600
2004-03-05,30.668809,31.283535,30.618286,30.84565,118107100
2004-03-08,30.896165,31.005637,30.087762,30.121447,112599500
2004-03-09,30.155136,30.29829,29.91093,30.028822,126140400
2004-03-10,30.104617,30.315139,29.582524,29.633047,134226100
2004-03-11,29.531995,29.919354,29.304631,29.363577,152132000
2004-03-12,29.624619,29.969874,29.599357,29.902506,118369600
2004-03-15,29.776205,29.809889,29.313057,29.380423,115813600
2004-03-16,29.565674,29.683566,29.161473,29.430941,123265100
2004-03-17,29.64989,29.995146,29.624629,29.894096,91684700
2004-03-18,29.784629,29.860417,29.447796,29.759367,111249700
2004-03-19,29.70884,29.860416,29.237274,29.262535,99976700
2004-03-22,29.077274,29.094117,28.656231,28.892017,133870400
2004-03-23,29.127784,29.17831,28.639372,28.656214,125945800
2004-03-24,28.757268,29.161469,28.639373,28.984629,118876800
2004-03-25,29.178328,29.860417,29.153063,29.759367,142122000
2004-03-26,29.725662,29.961448,29.641454,29.658297,78430800
2004-03-29,29.902517,30.281457,29.885678,30.138304,103864000
2004-03-30,30.037239,30.264603,29.910928,30.239342,95716500
2004-03-31,30.24776,30.315129,29.986716,30.180395,85993900
2004-04-01,30.155123,30.52564,30.129858,30.449852,93048600
2004-04-02,31.064574,31.291938,30.753003,31.241411,145964000
2004-04-05,31.165632,31.578256,31.131951,31.536152,67351600
2004-04-06,31.291943,31.367731,31.089841,31.140368,98611400
2004-04-07,31.148804,31.249854,30.870914,31.106697,91004900
2004-04-08,31.451953,31.485637,30.938282,31.106697,77176300
2004-04-12,31.174051,31.359311,31.140366,31.300362,55285700
2004-04-13,31.443531,31.460373,30.702493,30.84565,100624400
2004-04-14,30.660387,31.115115,30.618283,30.997223,113663200
2004-04-15,30.946684,31.039314,30.331961,30.441433,123565500
2004-04-16,30.483549,30.584598,30.138293,30.390919,110736600
2004-04-19,30.323545,30.811957,30.298284,30.761431,85838700
2004-04-20,30.828789,30.980365,30.011964,30.045649,119545100
2004-04-21,30.230938,30.407776,30.020417,30.306726,117850500
2004-04-22,30.315116,31.165622,30.298274,31.089834,137623300
2004-04-23,31.224586,31.376159,31.07301,31.334055,91855600
2004-04-26,31.308799,31.40143,30.862494,31.106697,74392200
2004-04-27,31.115125,31.317224,30.89618,31.047756,87548500
2004-04-28,30.913008,30.921431,30.331969,30.483545,111740700
2004-04-29,30.390922,30.601444,29.725672,30.011982,156917100
2004-04-30,30.028822,30.146714,29.237262,29.279366,150829200
2004-05-03,29.473042,29.910927,29.380412,29.557249,117007200
2004-05-04,29.649883,30.104611,29.498307,29.683567,126176000
2004-05-05,29.826712,30.062498,29.641455,29.919342,97528500
2004-05-06,29.666725,29.843562,29.346731,29.691986,102733300
2004-05-07,29.54883,30.011977,29.397254,29.447781,137686000
2004-05-10,29.195152,29.388835,28.984631,29.195152,156951400
2004-05-11,29.44779,29.793046,29.405683,29.633047,120493600
2004-05-12,29.574094,29.717251,28.858322,29.691986,197765400
2004-05-13,29.523564,29.851977,29.405669,29.481457,137841700
2004-05-14,29.641475,29.734105,29.169905,29.262535,133689900
2004-05-17,28.950948,29.186731,28.723584,28.984629,150652400
2004-05-18,29.18673,29.388832,29.136204,29.245676,96686400
2004-05-19,29.607772,29.902501,29.161467,29.21199,141646900
2004-05-20,29.287785,29.489888,29.102528,29.346731,94938500
2004-05-21,29.481465,29.616198,29.254104,29.489887,111329200
2004-05-24,29.72567,29.860404,29.473045,29.691986,99861800
2004-05-25,29.599351,30.382492,29.430933,30.281439,146321400
2004-05-26,30.197249,30.475136,30.155145,30.475136,93789700
2004-05-27,30.559343,30.73618,30.365663,30.668812,110183400
2004-05-28,30.635118,30.778271,30.491961,30.778271,56379500
2004-06-01,30.542498,30.778281,30.407764,30.736177,90592700
2004-06-02,30.786707,30.870914,30.45829,30.668812,103519800
2004-06-03,30.567756,30.618282,30.163555,30.298288,97301400
2004-06-04,30.60145,30.837234,30.458294,30.475136,91233200
2004-06-07,30.685646,31.241424,30.601439,31.19932,107532600
2004-06-08,31.072996,31.317199,31.03089,31.241411,72530900
2004-06-09,31.140364,31.19931,30.736163,30.803532,98215200
2004-06-10,30.896179,31.022493,30.778287,31.022493,57101300
2004-06-14,30.828799,30.828799,30.399333,30.584593,85129900
2004-06-15,30.786677,31.148774,30.786677,30.980356,91937700
2004-06-16,30.963505,31.072977,30.862456,30.929821,64743300
2004-06-17,30.862491,30.870911,30.525655,30.643547,77844200
2004-06-18,30.56776,31.022488,30.534076,30.685652,78641500
2004-06-21,30.753004,30.845634,30.365645,30.441433,65373100
2004-06-22,30.449857,30.904585,30.331966,30.887743,101524300
2004-06-23,30.795114,31.317207,30.744587,31.258261,94393900
2004-06-24,31.174058,31.451945,31.089848,31.19932,92343200
2004-06-25,31.157218,31.485631,31.140376,31.435108,81005400
2004-06-28,31.569845,31.595106,31.073013,31.174063,94033200
2004-06-29,31.241441,31.654066,31.224602,31.468805,68265900
2004-06-30,31.536168,31.915108,31.451958,31.780375,97809500
2004-07-01,31.712984,31.712984,30.963527,31.190891,122141800
2004-07-02,31.190898,31.199318,30.845643,31.005638,74056400
2004-07-06,30.820379,30.820379,30.171974,30.340389,130232600
2004-07-07,30.281461,30.559352,30.247777,30.399353,95623100
2004-07-08,30.15514,30.424607,29.936195,30.06251,108755400
2004-07-09,30.180408,30.348826,30.00357,30.10462,86014700
2004-07-12,29.953023,30.054073,29.675136,29.978285,81844500
2004-07-13,30.045652,30.155124,29.818288,29.93618,81222000
2004-07-14,29.64147,30.02041,29.515155,29.633047,119489200
2004-07-15,29.742518,29.885674,29.523576,29.531996,90405700
2004-07-16,29.83514,29.851982,29.153049,29.195152,120387100
2004-07-19,29.287785,29.447784,29.02674,29.136209,106387900
2004-07-20,29.254092,29.969864,29.228827,29.835131,117453700
2004-07-21,29.953037,30.020405,28.91727,28.967796,136086800
2004-07-22,29.035163,29.565679,28.841484,29.363577,132135800
2004-07-23,29.153046,29.18673,28.656215,28.807791,107107100
2004-07-26,28.833052,28.976206,28.378325,28.681477,112962200
2004-07-27,28.790957,29.228843,28.664646,29.077267,103474700
2004-07-28,28.97621,29.16147,28.470959,28.950949,154299800
2004-07-29,29.228825,29.405663,29.051988,29.287771,98959800
2004-07-30,29.27095,29.55726,29.178323,29.380423,83007800
2004-08-02,29.144632,29.489888,29.018318,29.439362,81249000
2004-08-03,29.338314,29.414102,28.790956,28.82464,85746500
2004-08-04,28.757258,29.018303,28.639363,28.833046,86721000
2004-08-05,28.925688,28.967795,28.294123,28.294123,109722900
2004-08-06,28.12572,28.13414,27.502574,27.553101,148808600
2004-08-09,27.628879,27.755191,27.494146,27.620457,79281900
2004-08-10,27.755177,28.193062,27.721492,27.965698,105819800
2004-08-11,27.662555,27.822553,27.409929,27.7215,121217700
2004-08-12,27.527821,27.670977,27.258353,27.342564,113691800
2004-08-13,27.494139,27.569927,27.24151,27.384666,91416100
2004-08-16,27.460452,27.948861,27.44361,27.696236,77851300
2004-08-17,27.889906,28.159373,27.780437,28.007797,89573100
2004-08-18,27.839402,28.555175,27.797295,28.504648,106608500
2004-08-19,28.403594,28.504643,28.134126,28.353067,104690200
2004-08-20,28.268853,28.748842,28.218327,28.63937,91962400
2004-08-23,28.673063,28.858323,28.555171,28.706747,83390800
2004-08-24,28.841483,28.89201,28.470966,28.69833,86610500
2004-08-25,28.6899,29.136205,28.546746,29.094101,88394600
2004-08-26,29.018319,29.094107,28.892008,28.967796,57663400
2004-08-27,29.02673,29.203568,29.001465,29.102518,58597200
2004-08-30,28.97622,28.993062,28.580438,28.614122,62355700
2004-08-31,28.647814,28.732021,28.336242,28.647814,81262000
2004-09-01,28.572014,29.026742,28.462542,28.858324,96630600
2004-09-02,28.782521,29.371982,28.765678,29.287771,83054000
2004-09-03,29.001471,29.195151,28.673058,28.748846,90213700
2004-09-07,28.96778,29.144618,28.731994,28.993042,95556500
2004-09-08,28.892006,29.203577,28.782534,28.883583,101466100
2004-09-09,29.009893,29.262518,28.748845,29.127785,104397500
2004-09-10,29.144643,29.633052,29.026751,29.574106,108591600
2004-09-13,29.683551,30.079333,29.590921,29.961441,109350500
2004-09-14,29.851966,30.07933,29.776178,30.003542,76466300
2004-09-15,29.82672,29.851985,29.574095,29.683567,90128700
2004-09-16,29.691982,29.95303,29.582513,29.742508,67121000
2004-09-17,29.666713,29.910919,29.607767,29.835131,83903400
2004-09-20,29.717239,30.12144,29.624609,29.835131,110678100
2004-09-21,29.927751,30.188796,29.826698,29.953012,93688400
2004-09-22,29.843561,29.860404,29.363572,29.430941,101393400
2004-09-23,29.456202,29.599359,29.371995,29.405676,92503200
2004-09-24,29.464619,29.633034,29.262517,29.304621,103247400
2004-09-27,29.153059,29.254112,28.95096,29.05201,86017600
2004-09-28,29.094103,29.211994,28.824635,29.110945,87070300
2004-09-29,29.085687,29.574096,29.077264,29.540415,95096200
2004-09-30,29.489876,29.700397,29.380404,29.590925,74514600
2004-10-01,29.851998,30.44146,29.77621,30.399353,118252700
2004-10-04,30.618289,30.83723,30.525659,30.576185,108032600
2004-10-05,30.508808,30.727753,30.449862,30.61828,89754400
2004-10-06,30.576186,30.896176,30.407768,30.862495,87815500
2004-10-07,30.769843,30.879312,30.458269,30.517218,82374300
2004-10-08,30.382484,30.517218,29.894073,29.961441,115073000
2004-10-11,30.079358,30.19725,29.978306,30.10462,51181600
2004-10-12,29.835144,30.180399,29.641464,30.054085,97884100
2004-10-13,30.357236,30.433024,29.835143,29.986719,132442500
2004-10-14,30.054072,30.12986,29.750923,29.851973,99383700
2004-10-15,29.88565,30.197221,29.70881,30.003542,129183400
2004-10-18,29.902497,30.525642,29.80987,30.433012,108933400
2004-10-19,30.63513,30.795125,30.138299,30.214087,129973500
2004-10-20,30.171984,30.508817,30.020408,30.357241,106524200
2004-10-21,30.517227,30.980374,30.399332,30.820375,122627600
2004-10-22,30.828819,30.887764,30.096203,30.146727,114321100
2004-10-25,30.087749,30.155118,29.88565,30.003542,102863000
2004-10-26,30.0204,30.180395,29.818298,30.163553,98164500
2004-10-27,30.180365,31.064555,30.070893,30.929821,152423400
2004-10-28,30.887754,31.258271,30.795124,31.123537,111113900
2004-10-29,31.081419,31.35931,30.879317,31.073,100779200
2004-11-01,31.140365,31.308783,30.988789,31.190891,72356000
2004-11-02,31.233001,31.62036,31.174055,31.291946,108930700
2004-11-03,31.797201,31.915096,31.283531,31.502472,140980100
2004-11-04,31.376141,31.814026,31.24983,31.679293,112513700
2004-11-05,32.016145,32.134036,31.670889,31.965618,117017900
2004-11-08,31.957202,32.083513,31.872991,31.999306,66486000
2004-11-09,31.940353,32.125613,31.839304,31.931931,85038700
2004-11-10,31.940361,32.049834,31.704578,31.82247,95122300
2004-11-11,31.923517,32.319299,31.881414,32.243511,99338800
2004-11-12,32.285624,32.639299,32.142468,32.555092,102418100
2004-11-15,32.538244,32.723504,32.420352,32.698242,82696000
2004-11-16,32.555082,32.571924,32.268772,32.496136,97197500
2004-11-17,32.698249,33.11087,32.698249,32.934032,125242500
2004-11-18,32.824561,33.144555,32.748773,33.085609,94901100
2004-11-19,33.043488,33.085592,32.496131,32.571918,118448900
2004-11-22,32.512974,32.900334,32.403502,32.883492,79882600
2004-11-23,32.849805,32.9677,32.512972,32.832966,91925300
2004-11-24,32.917191,33.169816,32.900349,33.119293,74051700
2004-11-26,33.152968,33.245598,32.98455,33.018234,31248900
2004-11-29,33.22873,33.380305,32.816109,33.009789,94765400
2004-11-30,33.094001,33.169789,32.891902,32.942425,87663100
2004-12-01,33.068738,33.649777,33.068738,33.616093,102375000
2004-12-02,33.531902,34.011892,33.481376,33.742424,122005600
2004-12-03,33.978214,34.180317,33.750854,33.792957,114227700
2004-12-06,33.784525,34.045573,33.607687,33.910839,70415100
2004-12-07,33.978208,34.104522,33.287697,33.329803,121439800
2004-12-08,33.346673,33.666667,33.262465,33.523514,10121300
2004-12-09,33.254031,33.843489,33.043509,33.725597,134346000
2004-12-10,33.54875,33.74243,33.464543,33.624538,86177300
2004-12-13,33.877143,33.969773,33.666621,33.919247,74296400
2004-12-14,33.919255,34.180303,33.893994,34.087673,91985000
2004-12-15,34.096125,34.256121,33.809815,33.961391,95179300
2004-12-16,33.969782,34.062412,33.531897,33.641369,86101300
2004-12-17,33.700051,33.844579,33.52152,33.555527,97947000
2004-12-20,33.640502,33.810533,33.23243,33.325947,106397600
2004-12-21,33.487506,33.759554,33.393988,33.734051,83184700
2004-12-22,33.615042,33.946601,33.572535,33.776569,75298000
2004-12-23,33.674531,33.929576,33.61502,33.802052,45782000
2004-12-27,33.989079,34.023086,33.495993,33.65752,67157700
2004-12-28,33.72555,34.006102,33.674543,33.980598,62563100
2004-12-29,33.938069,34.142107,33.921069,34.023087,46594800
2004-12-30,34.065592,34.108099,33.946571,33.997581,41717600
2004-12-31,34.031574,34.108088,33.819036,33.938057,44112300
2005-01-03,34.082595,34.252626,33.470484,33.581005,100970900
2005-01-04,33.725545,33.785059,32.773376,32.96891,136623200
2005-01-05,32.883875,33.121917,32.705344,32.764854,127925500
2005-01-06,32.841385,32.909396,32.59484,32.60334,102934600
2005-01-07,32.781884,33.045429,32.484328,32.77338,123104000
2005-01-10,32.679861,33.045426,32.637354,32.756374,88764200
2005-01-11,32.62035,32.730871,32.365305,32.526833,106398800
2005-01-12,32.67135,32.815874,32.314284,32.798874,127754900
2005-01-13,32.798886,33.028425,32.314297,32.365307,101982400
2005-01-14,32.47581,32.747859,32.467307,32.671345,93460900
2005-01-18,32.543816,32.977395,32.492809,32.917885,91760400
2005-01-19,32.926399,32.943403,32.356799,32.373802,104981000
2005-01-20,32.008232,32.144256,31.72768,31.753183,120963900
2005-01-21,31.863708,31.923218,31.447135,31.498142,138569200
2005-01-24,31.557651,31.625664,30.99655,31.056061,137499000
2005-01-25,31.260109,31.532158,31.166592,31.209099,119171300
2005-01-26,31.421614,31.702166,31.302593,31.583145,107465800
2005-01-27,31.532159,31.685187,31.345124,31.540659,103654700
2005-01-28,31.642683,31.68519,31.132589,31.387634,111648600
2005-01-31,31.761687,31.906212,31.67667,31.795694,89139900
2005-02-01,31.8722,32.008224,31.770179,31.897703,76610300
2005-02-02,31.999739,32.076253,31.719191,31.948732,100160500
2005-02-03,31.77868,31.804183,31.455621,31.583145,90157900
2005-02-04,31.583168,32.152768,31.583168,32.093258,99302000
2005-02-07,32.135747,32.229265,31.897706,32.025227,71551400
2005-02-08,32.016726,32.314278,31.982719,32.08474,72821700
2005-02-09,32.110255,32.135758,31.506647,31.549154,93276600
2005-02-10,31.676659,31.727669,31.353604,31.583145,110373000
2005-02-11,31.481132,32.178256,31.396118,32.050735,108684100
2005-02-14,32.050731,32.254766,32.042228,32.195255,54908900
2005-02-15,32.220764,32.71385,32.15275,32.407795,131406500
2005-02-16,32.331287,32.441808,32.161259,32.28878,80273900
2005-02-17,32.348279,32.424792,31.821185,31.855192,115628300
2005-02-18,31.863704,31.940218,31.67667,31.753183,69158800
2005-02-22,31.481131,31.92321,31.277096,31.36211,121232000
2005-02-23,31.48964,31.515144,31.200588,31.404623,95010100
2005-02-24,31.328109,31.829699,31.251595,31.804195,99334600
2005-02-25,31.778677,32.050725,31.702163,31.982712,79988700
2005-02-28,31.846691,31.965712,31.387608,31.642656,95731300
2005-03-01,31.770202,32.050754,31.736198,31.991243,78460600
2005-03-02,31.804195,32.322788,31.761688,31.974226,107270600
2005-03-03,32.059237,32.07624,31.472633,31.710674,89793800
2005-03-04,31.965714,32.093238,31.795686,31.897703,86622300
2005-03-07,31.965731,32.552339,31.931728,32.356804,93563900
2005-03-08,32.314286,32.484317,32.008234,32.033737,89595200
2005-03-09,32.025234,32.246275,31.855206,31.94022,98063000
2005-03-10,31.974217,32.025224,31.523637,31.897703,97043600
2005-03-11,32.042234,32.152755,31.472634,31.600155,102857500
2005-03-14,31.659674,31.761691,31.48114,31.744688,65576200
2005-03-15,31.812685,31.863695,31.447123,31.48963,93856300
2005-03-16,31.379121,31.608662,31.056062,31.132576,159578000
2005-03-17,31.124085,31.362127,31.064574,31.209099,100429600
2005-03-18,31.243101,31.277107,30.903038,31.039062,108899400
2005-03-21,31.115566,31.24309,30.818014,31.098566,92752500
2005-03-22,31.124076,31.243097,30.699,30.716003,114016300
2005-03-23,30.681993,31.022055,30.664989,30.826517,97444900
2005-03-24,30.937037,31.158079,30.83502,30.83502,77566800
2005-03-28,30.954047,31.124078,30.869033,30.894537,59739000
2005-03-29,30.835028,31.098576,30.554476,30.647993,119554300
2005-03-30,30.801015,31.268598,30.792515,31.226091,114711000
2005-03-31,31.226087,31.243091,30.979542,31.090063,86578900
2005-04-01,31.302596,31.353607,30.715993,30.775503,143814300
2005-04-04,30.818013,31.115565,30.630978,30.996544,100090300
2005-04-05,31.022055,31.17508,30.962542,31.081566,66266600
2005-04-06,31.166565,31.379103,30.962527,31.03054,82168900
2005-04-07,31.056061,31.413126,31.039057,31.404623,88618000
2005-04-08,31.455641,31.515152,31.115579,31.149586,92332900
2005-04-11,31.243093,31.268597,30.945541,31.013552,70976000
2005-04-12,30.979549,31.234598,30.52897,31.166584,144848500
2005-04-13,31.081561,31.115564,30.588471,30.656485,108995500
2005-04-14,30.656497,30.690501,30.180411,30.222918,158057900
2005-04-15,29.959368,30.069886,29.483282,29.534292,170013300
2005-04-18,29.508784,29.755329,29.449274,29.542791,110084000
2005-04-19,29.772324,29.840334,29.542783,29.74682,96922100
2005-04-20,29.933862,30.001876,29.406769,29.500286,140457400
2005-04-21,29.857337,30.358927,29.721313,30.282413,124505100
2005-04-22,30.146394,30.154897,29.602297,29.831839,114996800
2005-04-25,30.010363,30.146387,29.882842,30.078377,72170100
2005-04-26,30.00189,30.350452,29.789351,29.797852,104958800
2005-04-27,29.644801,29.96786,29.52578,29.840336,112539300
2005-04-28,29.687316,29.882854,29.517288,29.542791,98181900
2005-04-29,29.755315,29.806325,29.202715,29.738312,144435900
2005-05-02,29.840342,29.976366,29.661811,29.857346,67648800
2005-05-03,29.79783,30.120889,29.780827,30.010368,103428700
2005-05-04,30.001861,30.460944,29.959354,30.375927,90480600
2005-05-05,30.39294,30.537464,30.205905,30.40144,79341700
2005-05-06,30.579966,30.622472,30.367428,30.486448,77310200
2005-05-09,30.49495,30.656481,30.316419,30.630974,66298400
2005-05-10,30.486453,30.571467,30.282415,30.409939,77194700
2005-05-11,30.452447,30.630978,30.010367,30.562967,131952400
2005-05-12,30.630983,30.77551,30.316427,30.477955,116602200
2005-05-13,30.596967,31.00504,30.51195,30.809505,133273500
2005-05-16,30.809517,31.064562,30.716,31.013552,79093200
2005-05-17,30.903039,31.234601,30.784018,31.200594,91665900
2005-05-18,31.285613,31.761699,31.209099,31.625675,128105900
2005-05-19,31.702184,31.897719,31.62567,31.889215,92619700
2005-05-20,31.838211,32.042246,31.753194,32.016743,66530100
2005-05-23,32.016733,32.297285,31.965723,32.178261,93068200
2005-05-24,32.101754,32.305792,32.050747,32.280289,100830000
2005-05-25,32.169768,32.203775,31.95723,32.144264,76470600
2005-05-26,32.288781,32.535326,32.288781,32.467312,84066800
2005-05-27,32.424807,32.518325,32.32279,32.484318,50076900
2005-05-31,32.467316,32.509826,32.237775,32.373802,75281500
2005-06-01,32.331289,32.883889,32.322789,32.637344,110875700
2005-06-02,32.586345,32.866894,32.560838,32.866894,75926500
2005-06-03,32.841391,32.849891,32.322798,32.390808,96998400
2005-06-06,32.407792,32.467302,32.271768,32.399292,52681400
2005-06-07,32.433306,32.705354,32.084744,32.127251,108953400
2005-06-08,32.203777,32.263288,31.931729,32.05925,79211900
2005-06-09,32.016708,32.356769,31.880683,32.263252,99383300
2005-06-10,32.220773,32.220773,31.778693,31.923218,85971700
2005-06-13,31.863699,32.263271,31.846695,32.076237,82331300
2005-06-14,32.042246,32.169771,31.880719,31.948732,62593600
2005-06-15,32.161256,32.19526,31.668166,32.050735,103952000
2005-06-16,32.084744,32.305782,32.01673,32.220768,90450100
2005-06-17,32.429229,32.514321,32.122891,32.225002,83915700
2005-06-20,32.097364,32.403702,31.978233,32.225002,67580000
2005-06-21,32.199504,32.344162,32.080373,32.208012,97845600
2005-06-22,32.335639,32.420731,32.020793,32.173962,75221100
2005-06-23,32.22501,32.488802,31.765507,31.816561,122163300
2005-06-24,31.808058,31.833585,31.450662,31.459173,142144100
2005-06-27,31.442171,31.535775,31.229437,31.314529,72780800
2005-06-28,31.442155,31.705943,31.399608,31.612343,73330300
2005-06-29,31.697431,31.705939,31.459169,31.544262,71513600
2005-06-30,31.603845,31.66341,31.271979,31.297506,87803700
2005-07-01,31.365584,31.484715,31.212415,31.254961,55254800
2005-07-05,31.144332,31.646385,31.144332,31.578312,79288700
2005-07-06,31.510218,31.722952,31.36556,31.425125,79101000
2005-07-07,31.127309,31.561286,31.101779,31.535759,119466300
2005-07-08,31.552788,32.173973,31.476204,32.139935,101320700
2005-07-11,32.225017,32.47179,32.165452,32.437752,96283700
2005-07-12,32.437769,32.727089,32.344166,32.590939,86059300
2005-07-13,32.607953,32.701557,32.480311,32.667519,72135400
2005-07-14,32.905776,33.084475,32.778137,32.990871,99135200
2005-07-15,33.041929,33.186587,32.88876,33.092983,67239200
2005-07-18,33.007898,33.092991,32.922802,32.956841,58644000
2005-07-19,33.109995,33.356768,33.050429,33.339748,77860900
2005-07-20,33.135526,33.671618,33.101491,33.578014,91433100
2005-07-21,33.66311,33.773729,33.365279,33.586525,127286000
2005-07-22,33.595049,33.688652,33.373806,33.543991,71666600
2005-07-25,33.578002,33.722663,33.356759,33.416325,51872700
2005-07-26,33.518464,33.637595,33.348276,33.543991,67324900
2005-07-27,33.569494,33.833283,33.382287,33.799248,78351100
2005-07-28,33.824784,33.969442,33.73118,33.960934,66163700
2005-07-29,33.926896,33.969442,33.629069,33.680126,74725700
2005-08-01,33.731181,33.892862,33.62907,33.739693,59748300
2005-08-02,33.782241,34.156653,33.739695,34.105598,79284100
2005-08-03,33.960916,34.148124,33.935389,34.088558,61916400
2005-08-04,33.93541,33.986464,33.671618,33.75671,72035500
2005-08-05,33.705632,33.858801,33.552463,33.595009,66029500
2005-08-08,33.629062,33.705647,33.305705,33.348251,63415400
2005-08-09,33.501439,33.688646,33.450384,33.569515,62143600
2005-08-10,33.654613,33.773744,33.16107,33.280201,102317500
2005-08-11,33.297206,33.64609,33.271675,33.552486,92446700
2005-08-12,33.288699,33.458888,33.161061,33.365284,86367300
2005-08-15,33.305723,33.722684,33.254669,33.569515,63061100
2005-08-16,33.441868,33.467398,32.965345,33.02491,94596000
2005-08-17,33.118512,33.331246,33.007892,33.220627,74470500
2005-08-18,33.075965,33.27168,32.990873,33.050438,72559400
2005-08-19,33.092978,33.186582,33.007886,33.033413,52024300
2005-08-22,33.084476,33.339757,32.846211,33.050438,88056300
2005-08-23,33.050444,33.118518,32.854729,32.956841,57482900
2005-08-24,32.888781,33.339777,32.727101,32.761139,95025700
2005-08-25,32.820696,32.922808,32.752623,32.837715,52328800
2005-08-26,32.786647,32.846212,32.565404,32.727081,63840700
2005-08-29,32.556896,33.058949,32.556896,32.982365,74940400
2005-08-30,32.812162,32.897255,32.607936,32.863216,87373600
2005-08-31,32.880252,33.195098,32.744102,33.169571,93426300
2005-09-01,33.186557,33.314199,32.99935,33.118481,74884400
2005-09-02,33.186587,33.212114,32.965344,32.990871,53244900
2005-09-06,33.144018,33.535449,33.101472,33.475883,78106600
2005-09-07,33.441854,33.595023,33.365269,33.535458,57440100
2005-09-08,33.433351,33.671613,33.416332,33.526955,73529700
2005-09-09,33.535461,33.773722,33.450368,33.714157,75342100
2005-09-12,33.722692,33.918408,33.680146,33.807785,51689900
2005-09-13,33.765241,33.960956,33.64611,33.722694,66145800
2005-09-14,33.73969,33.765217,33.314221,33.339748,98644000
2005-09-15,33.407824,33.4759,33.229127,33.322731,80421500
2005-09-16,33.399313,33.578009,33.280182,33.526955,71034100
2005-09-19,33.45888,33.509937,33.109995,33.263165,73387500
2005-09-20,33.322745,33.646102,33.024918,33.127029,115202800
2005-09-21,33.033439,33.075985,32.735612,32.761139,116404300
2005-09-22,32.710053,32.956826,32.539868,32.880241,118686100
2005-09-23,32.761112,33.084469,32.684527,32.973846,70154000
2005-09-26,33.161064,33.212118,32.803668,32.982365,69327600
2005-09-27,33.0079,33.101503,32.769635,32.905785,64089500
2005-09-28,32.982346,33.144026,32.812161,32.914272,72044500
2005-09-29,32.87172,33.365262,32.718551,33.356754,117634600
2005-09-30,33.331242,33.595034,33.297207,33.578014,79248500
2005-10-03,33.646086,33.824782,33.620556,33.663105,81685600
2005-10-04,33.714164,33.93541,33.433356,33.441864,85348600
2005-10-05,33.450383,33.47591,32.956838,32.982365,106152200
2005-10-06,32.956824,33.067447,32.267563,32.548374,162213700
2005-10-07,32.676023,32.820681,32.488816,32.624966,91119900
2005-10-10,32.565408,32.727086,32.386712,32.446278,64012000
2005-10-11,32.539845,32.539845,32.16543,32.284561,114736900
2005-10-12,32.097388,32.386707,31.850615,31.901672,146109500
2005-10-13,31.884653,32.259064,31.765522,32.148441,138569600
2005-10-14,32.233546,32.395223,32.029319,32.386715,131463200
2005-10-17,32.395219,32.497331,32.182485,32.488823,64080400
2005-10-18,32.454779,32.488817,32.259064,32.259064,88070400
2005-10-19,32.097396,32.905785,32.003792,32.905785,132879900
2005-10-20,32.939823,33.058953,32.42075,32.599449,132576900
2005-10-21,32.905781,32.973857,32.616465,32.803669,110032000
2005-10-24,32.956827,33.33975,32.735585,33.322731,110820900
2005-10-25,33.263179,33.348272,32.990879,33.195103,86665800
2005-10-26,33.169568,33.416341,32.98236,33.02491,89878100
2005-10-27,32.999371,33.01639,32.361168,32.361168,132231100
2005-10-28,32.471783,32.667498,32.267557,32.607933,95243900
2005-10-31,32.71857,33.229131,32.693039,33.075962,115279100
2005-11-01,32.99938,33.195096,32.939815,33.050438,73502300
2005-11-02,32.956821,33.578005,32.939802,33.484402,101409900
2005-11-03,33.816265,34.114092,33.765208,33.98645,137054000
2005-11-04,34.037522,34.233237,33.901372,34.105598,100944500
2005-11-07,34.216217,34.284294,33.994975,34.148144,65324500
2005-11-08,34.105589,34.335339,34.029004,34.156643,78859700
2005-11-09,34.139637,34.318337,34.063053,34.173676,72458800
2005-11-10,34.190688,34.624665,33.969442,34.54808,120763100
2005-11-11,34.692739,34.820378,34.616155,34.641682,80057200
2005-11-14,34.692739,34.769324,34.548078,34.641682,53652400
2005-11-15,34.658719,34.80338,34.360892,34.480022,79543500
2005-11-16,34.573626,34.701265,34.428965,34.692757,65895700
2005-11-17,34.811883,35.160768,34.760826,35.15226,94425500
2005-11-18,35.330947,35.44157,35.118212,35.271381,108820200
2005-11-21,35.228829,35.381999,35.09268,35.356468,69731400
2005-11-22,35.288404,35.628777,35.1948,35.484119,88814000
2005-11-23,35.509656,35.756429,35.492637,35.569221,64101200
2005-11-25,35.60324,35.688333,35.509636,35.645786,22930200
2005-11-28,35.739384,35.739384,35.313916,35.347954,74716200
2005-11-29,35.543672,35.611746,35.177769,35.177769,77443000
2005-11-30,35.126721,35.30542,35.050136,35.092686,88044400
2005-12-01,35.322429,35.781936,35.313921,35.747898,91914100
2005-12-02,35.688343,35.850023,35.628777,35.833004,72929200
2005-12-05,35.790467,35.790467,35.424564,35.569221,61519900
2005-12-06,35.764935,36.0032,35.654316,35.688351,81509400
2005-12-07,35.739381,35.764909,35.424535,35.620251,83885500
2005-12-08,35.705344,35.739383,35.118198,35.364971,112043200
2005-12-09,35.364994,35.543691,35.211825,35.501144,56526900
2005-12-12,35.628792,35.688357,35.467115,35.628792,44863600
2005-12-13,35.586238,35.918103,35.53518,35.773445,76611600
2005-12-14,35.696843,35.824482,35.492617,35.654297,73581600
2005-12-15,35.739387,35.798952,35.407521,35.71386,72607200
2005-12-16,35.706198,35.774435,35.44177,35.467361,63743000
2005-12-19,35.544104,35.578225,34.887305,34.904362,75341700
2005-12-20,34.92997,35.100569,34.759371,34.92997,70257700
2005-12-21,34.989682,35.322348,34.929973,35.083511,68935000
2005-12-22,35.066452,35.364997,35.05792,35.31382,59149500
2005-12-23,35.407646,35.475887,35.228519,35.31382,38000400
2005-12-27,35.416203,35.552681,34.947058,35.006767,55656300
2005-12-28,35.023801,35.168808,34.861731,34.964092,50302400
2005-12-29,34.998205,35.074974,34.674071,34.73378,47301700
2005-12-30,34.580254,34.614374,34.426715,34.469364,60026500
2006-01-03,34.674068,35.39058,34.256101,35.237041,109350400
2006-01-04,35.322344,35.603832,35.245574,35.603832,92769400
2006-01-05,35.612359,35.825607,35.578239,35.757366,77656900
2006-01-06,36.047374,36.422692,35.876779,36.405632,110053900
2006-01-09,36.405637,36.610353,36.269159,36.550644,80768800
2006-01-10,36.388578,36.610354,36.294748,36.576237,84369400
2006-01-11,36.678611,36.94304,36.567721,36.857738,100761400
2006-01-12,36.815086,36.925976,36.550658,36.678608,82429200
2006-01-13,36.627417,36.721246,36.44829,36.661537,64572100
2006-01-17,36.380054,36.499472,36.252104,36.422703,77962100
2006-01-18,35.851199,36.217986,35.842671,36.004738,121021900
2006-01-19,36.183868,36.525065,36.072981,36.269169,111094000
2006-01-20,36.217966,36.243558,35.100551,35.185848,188569400
2006-01-23,35.279694,35.356463,35.040858,35.194393,111381900
2006-01-24,35.279678,35.569695,35.237029,35.347916,77956900
2006-01-25,35.518531,35.544119,35.040858,35.194393,99826400
2006-01-26,35.399105,35.561172,35.168797,35.441753,112600600
2006-01-27,35.65502,36.158285,35.603843,35.919449,110830400
2006-01-30,35.979146,36.098564,35.885317,35.987675,53942600
2006-01-31,35.970606,36.055907,35.663533,35.8256,100988100
2006-02-01,35.603834,35.970617,35.569713,35.95356,89168700
2006-02-02,35.834138,35.89385,35.322345,35.339405,94047400
2006-02-03,35.07496,35.16879,34.784944,34.904362,121094200
2006-02-06,34.733793,34.981158,34.622903,34.810562,58162800
2006-02-07,34.750854,34.912921,34.494954,34.657024,87327000
2006-02-08,34.904388,35.100578,34.7082,35.057926,89907800
2006-02-09,35.151749,35.288228,34.657016,34.725254,78213400
2006-02-10,34.699667,35.023804,34.341409,34.938503,102575900
2006-02-13,34.716733,34.750853,34.375535,34.537605,70643100
2006-02-14,34.605833,34.989679,34.469355,34.887321,94340300
2006-02-15,34.793495,35.194398,34.742314,35.1091,92254300
2006-02-16,35.237051,35.441767,35.100573,35.433239,103859600
2006-02-17,35.364989,35.364989,35.143213,35.151741,81770200
2006-02-21,35.151752,35.202932,34.639958,34.759377,85101400
2006-02-22,34.784958,35.433233,34.69966,35.194393,91983900
2006-02-23,35.134692,35.43324,35.040865,35.100574,66517100
2006-02-24,35.134684,35.219985,34.981145,35.194393,57085400
2006-02-27,35.279711,35.714735,35.254122,35.586788,64945000
2006-02-28,35.492953,35.586783,34.94704,35.057926,117564600
2006-03-01,35.168816,35.629432,35.100579,35.535603,80962300
2006-03-02,35.44177,35.689138,35.322351,35.561188,69856500
2006-03-03,35.356457,35.834129,35.305276,35.356457,112066100
2006-03-06,35.433232,35.510001,34.938495,35.049385,99581000
2006-03-07,34.989683,35.032332,34.674078,34.844673,96441100
2006-03-08,34.767895,35.049384,34.546119,34.861725,103961900
2006-03-09,34.972618,35.100568,34.520534,34.563183,108556700
2006-03-10,34.529061,34.793489,34.281693,34.597301,124474900
2006-03-13,34.750846,34.921441,34.648484,34.699665,69169100
2006-03-14,34.665525,35.330857,34.665525,35.288208,118201000
2006-03-15,35.424718,35.586788,35.24559,35.586788,84375800
2006-03-16,35.697643,35.757352,35.254091,35.288208,101371200
2006-03-17,35.28738,35.500777,35.193484,35.381275,78219600
2006-03-20,35.483709,35.577604,35.3386,35.466637,60240100
2006-03-21,35.091038,35.859266,35.065431,35.091038,136566000
2006-03-22,34.89472,35.236154,34.877648,35.176403,112282800
2006-03-23,35.07399,35.184957,34.84352,35.07399,75158200
2006-03-24,35.19348,35.42395,35.014227,35.253231,81795500
2006-03-27,35.236147,35.432472,35.202006,35.261757,54400400
2006-03-28,35.330062,35.569066,34.988628,35.116665,100522800
2006-03-29,35.167873,35.936102,35.142264,35.782455,130669100
2006-03-30,35.859281,36.106822,35.671493,35.893425,115915600
2006-03-31,35.961711,36.012924,35.71417,35.790993,71074600
2006-04-03,35.978783,36.166571,35.765386,35.833672,80730700
2006-04-04,35.893436,36.115371,35.791006,36.03001,89952600
2006-04-05,36.106812,36.422639,36.029989,36.371426,91628200
2006-04-06,36.354371,36.653126,36.226331,36.473873,91712800
2006-04-07,36.601893,36.747002,36.10681,36.123882,116604300
2006-04-10,36.192179,36.277537,35.927565,36.072674,58981900
2006-04-11,36.183643,36.217788,35.603203,35.782455,91481900
2006-04-12,35.799527,35.919032,35.680025,35.790993,58751200
2006-04-13,35.765381,36.132425,35.671486,35.936096,63476900
2006-04-17,35.884889,36.029997,35.330055,35.560524,104072100
2006-04-18,35.654418,36.328754,35.654418,36.243393,124291700
2006-04-19,36.311668,36.405563,36.106805,36.405563,79050300
2006-04-20,36.397021,36.550667,36.175089,36.277519,81408000
2006-04-21,36.414111,36.465328,35.697096,35.850742,130181200
2006-04-24,35.808066,35.910496,35.611741,35.816601,78556400
2006-04-25,35.910499,35.936106,35.551993,35.73978,77660800
2006-04-26,35.731247,35.901965,35.594673,35.731247,82537000
2006-04-27,35.569056,36.269002,35.423948,36.072674,173950100
2006-04-28,35.85073,36.038521,35.66294,35.722691,88876600
2006-05-01,35.782456,35.893424,35.26177,35.372734,92875500
2006-05-02,35.526388,35.620283,35.3386,35.466637,85148100
2006-05-03,35.483691,35.543442,35.236149,35.415405,74971600
2006-05-04,35.449552,35.842205,35.449552,35.705631,88696800
2006-05-05,35.9361,36.029995,35.799525,35.987316,80392200
2006-05-08,35.91902,36.089735,35.910483,36.02145,45079100
2006-05-09,35.936101,36.00439,35.825137,35.884888,48528800
2006-05-10,35.790985,35.833664,35.46662,35.56905,92424200
2006-05-11,35.53492,35.551993,34.681331,34.775227,140989700
2006-05-12,34.621582,34.672795,34.297217,34.305752,153920800
2006-05-15,34.160649,34.433798,33.964324,34.280151,127896500
2006-05-16,34.288674,34.365497,33.94724,34.024063,132397500
2006-05-17,33.870426,33.981393,33.48631,33.563133,207897100
2006-05-18,33.708242,33.853351,33.289982,33.332661,139690900
2006-05-19,33.460682,33.691151,33.076566,33.588718,194306300
2006-05-22,33.298526,33.494855,32.965627,33.264385,169591800
2006-05-23,33.511894,33.614327,32.922919,32.939991,142243900
2006-05-24,32.888789,33.324122,32.632713,33.161938,234981600
2006-05-25,33.38387,33.614339,33.136328,33.597267,123510900
2006-05-26,33.674077,33.785045,33.486287,33.708221,91319600
2006-05-30,33.54605,33.57166,32.957075,32.982681,105606200
2006-05-31,33.042415,33.341173,32.897307,33.136311,137066200
2006-06-01,33.230237,33.921646,33.153414,33.921646,119357400
2006-06-02,34.109421,34.143566,33.55459,33.836273,128864100
2006-06-05,33.767978,33.767978,33.102177,33.102177,103190600
2006-06-06,33.161922,33.247283,32.735128,33.076565,127271000
2006-06-07,33.119249,33.435076,32.820495,32.829029,130754700
2006-06-08,32.666857,32.914399,32.001058,32.777824,280562200
2006-06-09,32.914409,33.068056,32.530294,32.564438,144146200
2006-06-12,32.607128,32.658342,31.91572,31.924257,145607500
2006-06-13,32.001066,32.265677,31.71938,31.796204,207099500
2006-06-14,31.890075,32.18883,31.753501,32.120544,201876800
2006-06-15,32.308348,33.110724,32.26567,32.991222,200700400
2006-06-16,32.928,33.039042,32.629044,32.748627,120006100
2006-06-19,32.885303,32.91947,32.381346,32.483845,129450100
2006-06-20,32.535098,32.868221,32.406972,32.526558,102871700
2006-06-21,32.577806,33.303847,32.569265,33.039055,129548100
2006-06-22,32.962173,33.039048,32.449676,32.620506,143100500
2006-06-23,32.594886,32.910926,32.398429,32.586346,88050200
2006-06-26,32.603414,32.791331,32.517999,32.671749,65157700
2006-06-27,32.688849,32.7401,32.022602,32.056767,128227500
2006-06-28,32.133636,32.321553,31.928638,32.295929,91576300
2006-06-29,32.441126,33.278206,32.372795,33.278206,181997200
2006-06-30,33.414889,33.431972,33.039058,33.115932,82719200
2006-07-03,33.218423,33.312382,33.150092,33.312382,21598500
2006-07-05,33.004884,33.039051,32.535095,32.586346,93724000
2006-07-06,32.68884,32.868213,32.466755,32.552174,70615200
2006-07-07,32.372809,32.60343,32.090933,32.193432,108063300
2006-07-10,32.278853,32.398435,31.749269,31.911562,105109800
2006-07-11,31.843215,32.236133,31.672385,32.150715,136114200
2006-07-12,32.082386,32.150717,31.467387,31.544262,154458900
2006-07-13,31.296563,31.63823,31.01469,31.01469,177745500
2006-07-14,31.006127,31.074461,30.570505,30.698627,172448500
2006-07-17,30.707189,30.963437,30.638854,30.77552,134311000
2006-07-18,30.937801,31.031759,30.35697,30.87801,206964900
2006-07-19,30.852375,31.458834,30.826752,31.279457,192517600
2006-07-20,31.39051,31.433218,30.784055,30.818222,152292100
2006-07-21,30.647398,30.71573,30.425314,30.493649,119343000
2006-07-24,30.613225,31.117181,30.579057,31.100098,130269300
2006-07-25,31.168418,31.381959,30.954877,31.279457,108869600
2006-07-26,31.185522,31.493022,30.946357,31.253857,107170500
2006-07-27,31.381966,31.638214,30.963425,31.04884,99698700
2006-07-28,31.202604,31.723645,31.17698,31.698021,93556100
2006-07-31,31.672392,31.877389,31.510099,31.689472,78015300
2006-08-01,31.407588,31.433212,30.971963,31.15988,98552800
2006-08-02,31.270938,31.715104,31.270938,31.510103,87370600
2006-08-03,31.194061,31.894475,31.159894,31.706558,99205600
2006-08-04,31.98843,32.14218,31.279472,31.561348,123493800
2006-08-07,31.527176,31.5528,31.202593,31.356342,69634800
2006-08-08,31.441755,31.51863,30.971963,31.15988,124139900
2006-08-09,31.595501,31.868833,31.117168,31.202583,145342200
2006-08-10,31.117206,31.50158,31.014707,31.424706,102481300
2006-08-11,31.305085,31.339249,31.065917,31.202583,86903200
2006-08-14,31.467397,31.834688,31.347815,31.407606,109281100
2006-08-15,31.774876,32.244665,31.680918,32.201958,133712100
2006-08-16,32.441129,32.979253,32.321547,32.96217,135452100
2006-08-17,32.851109,33.295274,32.834026,33.081734,129492200
2006-08-18,32.996352,33.167186,32.697393,33.133018,97754500
2006-08-21,32.885294,32.936545,32.680293,32.816959,66668400
2006-08-22,32.765725,33.150099,32.629058,32.825516,102058600
2006-08-23,32.851144,33.030518,32.389895,32.577812,96056300
2006-08-24,32.671749,32.757164,32.389874,32.671749,78985300
2006-08-25,32.603438,33.004896,32.509482,32.731564,73572900
2006-08-28,32.705946,33.133028,32.663239,32.979279,80035000
2006-08-29,32.953611,33.107358,32.611945,33.081734,104842000
2006-08-30,33.073218,33.338007,32.970716,33.235508,75687200
2006-08-31,33.278203,33.337994,33.10737,33.201328,61207200
2006-09-01,33.38073,33.491769,33.22698,33.38073,69388500
2006-09-05,33.397796,33.722379,33.184255,33.705296,85582800
2006-09-06,33.397804,33.474679,32.979266,33.030514,97888600
2006-09-07,32.92801,33.226969,32.76572,32.876762,115877400
2006-09-08,32.91947,33.158634,32.851135,33.073219,96627000
2006-09-11,32.808417,33.440499,32.731542,33.278206,142377500
2006-09-12,33.269665,33.995702,33.269665,33.893204,124102400
2006-09-13,33.918836,34.14946,33.850504,34.123837,116054300
2006-09-14,34.038427,34.35447,33.961552,34.158012,98116000
2006-09-15,34.4426,34.579344,34.186204,34.280216,137825600
2006-09-18,34.288761,34.528067,34.134923,34.288761,117806700
2006-09-19,34.374227,34.399866,33.775968,34.058002,159060800
2006-09-20,34.357152,34.647735,34.348604,34.553722,116635500
2006-09-21,34.639174,34.758825,34.254582,34.340046,121886900
2006-09-22,34.314402,34.322947,33.929806,34.075096,100996400
2006-09-25,34.220381,34.750267,33.912705,34.673347,136473400
2006-09-26,34.630643,34.869946,34.528085,34.844307,113375600
2006-09-27,34.75882,34.998126,34.61353,34.801556,113003800
2006-09-28,34.844307,34.946865,34.553724,34.895588,85943600
2006-09-29,34.955409,34.981047,34.716103,34.741745,85438200
2006-10-02,34.699007,34.784474,34.254589,34.305866,97068800
2006-10-03,34.203302,34.596443,34.083651,34.451153,116261400
2006-10-04,34.391332,35.305812,34.305864,35.297264,149209500
2006-10-05,35.297261,35.519474,35.194704,35.468193,91799900
2006-10-06,35.348541,35.519473,35.245984,35.391273,85450400
2006-10-09,35.348534,35.673304,35.314347,35.510918,62786100
2006-10-10,35.553658,35.681857,35.30581,35.570751,98181800
2006-10-11,35.408372,35.750235,35.186159,35.502384,136561300
2006-10-12,35.690387,36.109169,35.639109,36.066437,95260200
2006-10-13,36.092076,36.339927,36.015157,36.263008,80470200
2006-10-16,36.263024,36.425407,36.237385,36.297211,62017400
2006-10-17,36.040801,36.066443,35.690393,35.895512,146149100
2006-10-18,36.083547,36.160466,35.596394,35.72459,120366100
2006-10-19,35.630575,35.989532,35.54511,35.810055,108198400
2006-10-20,35.929699,35.963886,35.587835,35.895512,105454300
2006-10-23,35.827132,36.391208,35.741668,36.263008,126960500
2006-10-24,36.13483,36.280123,35.827153,36.015179,103541700
2006-10-25,36.032251,36.339927,35.938238,36.263008,125399500
2006-10-26,36.391229,36.681808,36.083552,36.596344,130260700
2006-10-27,36.5109,36.596364,35.963921,36.075024,129375000
2006-10-30,36.032259,36.451041,35.946794,36.305748,103899900
2006-10-31,36.374123,36.545051,36.160459,36.391216,135811800
2006-11-01,36.519409,36.553596,35.741673,35.895512,148960600
2006-11-02,35.733132,36.015167,35.673307,35.929703,100216400
2006-11-03,35.980995,36.057914,35.562215,35.835705,119263300
2006-11-06,35.95534,36.502319,35.946795,36.357029,101283300
2006-11-07,36.357015,36.827075,36.29719,36.604866,139706500
2006-11-08,36.399778,36.921119,36.297221,36.775826,180245700
2006-11-09,36.972365,37.049284,36.468118,36.604866,124278000
2006-11-10,36.613442,36.784374,36.468149,36.775826,82419400
2006-11-13,36.792925,37.211708,36.750193,37.151882,89146200
2006-11-14,37.177492,37.579181,36.955284,37.544994,121962800
2006-11-15,37.59628,37.946688,37.536451,37.698837,116565900
2006-11-16,37.827034,37.963779,37.621919,37.861221,113513200
2006-11-17,37.656106,37.861221,37.562093,37.861221,95162500
2006-11-20,37.741574,38.015064,37.613375,37.938145,107184100
2006-11-21,37.963795,38.040714,37.818505,37.989437,68092200
2006-11-22,38.100533,38.245823,37.82704,38.228729,69852700
2006-11-24,37.946698,38.339839,37.929605,38.160362,51762900
2006-11-27,38.040683,38.126151,37.297134,37.297134,159506300
2006-11-28,37.18606,37.468097,37.04077,37.408272,118268400
2006-11-29,37.604832,37.75867,37.314249,37.664658,139515500
2006-11-30,37.647564,37.844134,37.425355,37.639019,123457100
2006-12-01,37.604834,37.903962,36.972388,37.314251,144559600
2006-12-04,37.425345,38.015055,37.425345,37.82703,89782400
2006-12-05,37.938137,38.074882,37.767205,37.963776,84697500
2006-12-06,37.844124,37.946685,37.664647,37.82703,78207500
2006-12-07,37.895409,38.015061,37.348431,37.348431,124936100
2006-12-08,37.228773,37.827029,37.151854,37.519356,133798700
2006-12-11,37.459542,37.921054,37.391168,37.656113,72931300
2006-12-12,37.647567,37.715941,37.228787,37.433903,110985900
2006-12-13,37.690276,37.698825,37.280042,37.502254,79035500
2006-12-14,37.579198,38.09199,37.553557,37.921059,109104200
2006-12-15,38.232513,38.300967,37.950132,38.018589,99942300
2006-12-18,38.146955,38.292422,37.479509,37.642094,121588700
2006-12-19,37.351164,37.702,37.120125,37.522301,136535200
2006-12-20,37.565082,37.744778,37.368269,37.385384,67213400
2006-12-21,37.428168,37.470953,36.974647,37.120117,102952300
2006-12-22,37.137244,37.1458,36.735065,36.735065,92858600
2006-12-26,36.735073,36.897655,36.692289,36.889099,50848600
2006-12-27,36.974642,37.137226,36.880515,37.077328,54129200
2006-12-28,36.966086,37.120112,36.83773,36.897629,69016000
2006-12-29,36.957524,37.316918,36.897626,36.931854,75152500
2007-01-03,37.188575,37.701995,36.384222,37.000324,167689500
2007-01-04,37.051661,37.830345,36.923308,37.701992,136853500
2007-01-05,37.607872,37.607872,37.205694,37.522301,138958800
2007-01-08,37.556514,37.753324,37.34259,37.547958,106401600
2007-01-09,37.659212,37.89881,37.33405,37.736225,121577500
2007-01-10,37.616412,38.2154,37.496615,38.181171,121070100
2007-01-11,38.258215,38.711737,38.206875,38.574825,174029800
2007-01-12,38.523454,38.805832,38.48067,38.771606,104217300
2007-01-16,38.805836,38.848623,38.617585,38.745937,95690500
2007-01-17,38.583362,38.754502,38.360883,38.429337,127142600
2007-01-18,38.326664,38.369448,37.607879,37.71912,189029800
2007-01-19,37.624987,37.890251,37.573644,37.796124,127544300
2007-01-22,37.830346,37.847461,37.231358,37.385384,123441700
2007-01-23,37.359725,37.633548,37.222814,37.291271,133103600
2007-01-24,37.530847,37.924467,37.453834,37.907352,117615300
2007-01-25,37.958699,38.052826,37.291257,37.419609,158337600
2007-01-26,37.488053,37.505167,37.04309,37.282684,146284300
2007-01-29,37.188581,37.573645,37.137241,37.316936,104191500
2007-01-30,37.376845,37.470972,37.239933,37.334061,69605900
2007-01-31,37.291255,37.813227,37.077331,37.710545,157772500
2007-02-01,37.881704,37.992945,37.522309,37.650665,147365600
2007-02-02,37.753316,37.864557,37.59929,37.787544,98189200
2007-02-05,37.770448,37.958703,37.616423,37.753334,96347800
2007-02-06,37.821789,37.847459,37.342598,37.701992,121110200
2007-02-07,37.890248,38.206858,37.753336,38.044273,117823800
2007-02-08,37.99294,38.164077,37.84747,38.035725,89521900
2007-02-09,38.138388,38.266743,37.419603,37.547958,133472000
2007-02-12,37.539404,37.556518,37.29981,37.402493,126940000
2007-02-13,37.462388,37.650643,37.393934,37.530846,93648000
2007-02-14,37.684886,38.258201,37.684886,38.164074,133370000
2007-02-15,38.189749,38.386559,38.121291,38.386559,110452500
2007-02-16,38.215417,38.360888,38.138405,38.258202,72342200
2007-02-20,38.198286,38.60902,38.018591,38.549122,93629000
2007-02-21,38.437895,38.686048,38.360886,38.668934,95864000
2007-02-22,38.814402,38.976983,38.566249,38.865742,116344400
2007-02-23,38.865736,38.899965,38.557688,38.728825,113467100
2007-02-26,38.917094,38.934208,38.300991,38.540588,101623700
2007-02-27,37.967253,38.06138,36.846293,36.957531,317813200
2007-02-28,36.923302,37.445274,36.735048,37.077328,214978700
2007-03-01,36.40991,37.257051,36.144646,36.906216,231806500
2007-03-02,36.606688,36.914739,36.341424,36.349979,183359400
2007-03-05,36.067623,36.623824,35.99061,36.067623,171885400
2007-03-06,36.392777,36.7864,36.367107,36.666599,155551800
2007-03-07,36.675151,36.777834,36.495456,36.521126,119979300
2007-03-08,36.906179,37.000306,36.658027,36.769268,120900700
2007-03-09,37.077346,37.085901,36.495471,36.735065,128597600
2007-03-12,36.683718,37.034554,36.649493,36.974655,81310100
2007-03-13,36.794957,37.000325,36.247311,36.255867,171231800
2007-03-14,36.307197,36.794944,36.024816,36.786388,192586700
2007-03-15,36.709391,36.846303,36.555365,36.700832,111627400
2007-03-16,36.766745,36.85237,36.484189,36.672562,108328800
2007-03-19,36.8695,37.152056,36.775314,37.049309,95913200
2007-03-20,37.04076,37.323319,36.997949,37.314758,78755700
2007-03-21,37.366122,38.05111,37.117813,38.033985,173333500
2007-03-22,38.051118,38.059682,37.751437,37.896996,114856300
2007-03-23,37.896999,37.991185,37.734315,37.777126,68530300
2007-03-26,37.794243,37.948365,37.357564,37.93124,114237300
2007-03-27,37.871308,37.879872,37.631563,37.665813,76419200
2007-03-28,37.503138,37.700072,37.254829,37.263393,142795000
2007-03-29,37.52023,37.545916,36.90374,37.306171,124407000
2007-03-30,37.297628,37.563059,37.006507,37.271938,120418700
2007-04-02,37.391823,37.468885,37.075017,37.323326,89617700
2007-04-03,37.520251,37.939808,37.494565,37.811371,105814500
2007-04-04,37.837052,37.999739,37.78568,37.965488,85147200
2007-04-05,37.922678,38.170987,37.871303,38.153862,54220200
2007-04-09,38.282312,38.316563,37.999756,38.059692,63050200
2007-04-10,38.051124,38.256622,38.025438,38.256622,76364500
2007-04-11,38.222357,38.239482,37.734303,37.854176,114012300
2007-04-12,37.794241,38.205234,37.631558,38.153862,113801300
2007-04-13,38.16243,38.290867,37.922685,38.23093,94572000
2007-04-16,38.38504,38.659035,38.38504,38.581974,72803200
2007-04-17,38.659042,38.701853,38.496355,38.667603,81852300
2007-04-18,38.470665,38.727535,38.385042,38.539162,82002500
2007-04-19,38.36793,38.744672,38.290868,38.65905,95413000
2007-04-20,38.975859,39.104293,38.701864,38.873112,122377400
2007-04-23,38.924469,39.044341,38.821721,38.933033,85303300
2007-04-24,39.070057,39.241305,38.813187,39.129993,108143700
2007-04-25,39.258416,39.660847,39.129982,39.652287,106818100
2007-04-26,39.746454,39.943391,39.669396,39.857765,99308300
2007-04-27,39.703634,39.986193,39.635137,39.874882,96536500
2007-04-30,39.806411,39.840658,39.318354,39.352604,93290500
2007-05-01,39.361151,39.506709,39.095717,39.318336,135044400
2007-05-02,39.463919,39.883476,39.429669,39.746475,91971600
2007-05-03,39.823513,40.003325,39.755016,39.892014,98003600
2007-05-04,40.046157,40.148905,39.746473,39.926285,93591800
2007-05-07,39.951971,40.054718,39.874909,39.926285,47487900
2007-05-08,39.789282,40.046152,39.64372,40.011902,95138900
2007-05-09,39.80641,40.217403,39.780721,40.09753,116021000
2007-05-10,39.960527,40.054713,39.446786,39.549534,171196300
2007-05-11,39.592342,40.054707,39.540966,40.054707,104767900
2007-05-14,40.046166,40.140352,39.549547,39.780731,118899200
2007-05-15,39.746449,39.986197,39.378271,39.472454,179438500
2007-05-16,39.558084,39.866329,39.309775,39.857765,144420500
2007-05-17,39.806404,39.874902,39.635157,39.669407,109869100
2007-05-18,39.797836,39.99477,39.712214,39.99477,104961700
2007-05-21,40.020456,40.448574,39.960516,40.251637,112831400
2007-05-22,40.277309,40.482803,40.131747,40.28587,98029100
2007-05-23,40.405773,40.559895,40.071841,40.09753,119220600
2007-05-24,40.123196,40.277319,39.361147,39.52383,206268600
2007-05-25,39.609457,39.866331,39.54096,39.772144,87143200
2007-05-29,39.81496,40.123206,39.737899,40.080395,99702400
2007-05-30,39.797828,40.414318,39.686516,40.405754,132036500
2007-05-31,40.517063,40.68831,40.422876,40.594124,109457700
2007-06-01,40.739699,40.902383,40.559887,40.619823,125089800
2007-06-04,40.474262,40.791069,40.448576,40.739697,64782700
2007-06-05,40.628385,40.739697,40.243078,40.739697,151160400
2007-06-06,40.559875,40.568439,40.208819,40.303005,183166500
2007-06-07,40.166029,40.422899,39.66085,39.677975,221373300
2007-06-08,39.660825,40.183129,39.523828,40.166004,177587800
2007-06-11,40.140338,40.405769,40.037587,40.088963,97100400
2007-06-12,39.874902,40.277334,39.772155,39.849216,153967700
2007-06-13,40.020439,40.32012,39.849191,40.28587,147985300
2007-06-14,40.328696,40.662631,40.320135,40.551319,101531900
2007-06-15,40.925812,41.020072,40.831555,40.925812,100378400
2007-06-18,41.002915,41.020054,40.848672,40.934364,75713200
2007-06-19,40.814416,41.011504,40.711585,40.925812,109621300
2007-06-20,40.985791,41.062909,40.480216,40.540199,161889500
2007-06-21,40.523045,40.951498,40.343096,40.908653,143181300
2007-06-22,40.822952,40.882935,40.3945,40.523037,153328700
2007-06-25,40.531607,40.771543,40.120293,40.351658,136602600
2007-06-26,40.540174,40.548741,40.051738,40.120289,128211900
2007-06-27,40.077434,40.75439,40.017451,40.737251,141196200
2007-06-28,40.720131,41.002908,40.677286,40.720131,116546300
2007-06-29,40.942936,41.028628,40.4545,40.788692,124794700
2007-07-02,40.882941,41.174289,40.857235,41.15715,80863100
2007-07-03,41.208571,41.405659,41.165726,41.397091,34803300
2007-07-05,41.422789,41.791259,41.379945,41.696999,73588500
2007-07-06,41.739848,41.91123,41.559899,41.868385,65804300
2007-07-09,41.902675,41.971226,41.748432,41.894104,66768800
2007-07-10,41.662733,41.902668,41.499922,41.542767,104383100
2007-07-11,41.448498,41.825539,41.405654,41.825539,99637600
2007-07-12,41.962657,42.562488,41.919809,42.468231,107667100
2007-07-13,42.528191,42.819539,42.476776,42.759556,74232200
2007-07-16,42.75099,42.913804,42.639591,42.716713,77799500
2007-07-17,42.810967,43.102315,42.77669,43.042332,124833700
2007-07-18,42.802412,42.990929,42.53677,42.990929,144915900
2007-07-19,43.196579,43.410805,43.11089,43.119457,116563800
2007-07-20,43.093751,43.153734,42.622454,42.888092,163721300
2007-07-23,43.033757,43.110879,42.776683,42.90522,107464100
2007-07-24,42.588168,42.930928,42.031179,42.271114,175496200
2007-07-25,42.485351,42.56247,42.03976,42.331108,170258700
2007-07-26,42.039761,42.391092,41.174285,41.971207,318522000
2007-07-27,41.894088,42.091176,41.122875,41.122875,246387600
2007-07-30,41.319972,41.756992,41.088607,41.602749,166517200
2007-07-31,41.96264,41.979779,40.643006,40.728695,260224500
2007-08-01,40.608734,41.071463,40.257403,41.045757,301153900
2007-08-02,41.071478,41.499931,40.951512,41.42281,177369900
2007-08-03,41.345666,41.397082,40.403072,40.634434,166048400
2007-08-06,40.677302,41.148599,40.300262,41.105755,190869100
2007-08-07,41.028621,41.662729,40.685858,41.397091,167109700
2007-08-08,41.56845,42.039751,41.474194,41.851231,164831200
2007-08-09,41.294272,41.96266,40.865819,40.882957,242418200
2007-08-10,40.445918,40.98577,39.957483,40.514469,247006400
2007-08-13,40.857246,41.028628,40.685865,40.788692,116935100
2007-08-14,40.87438,40.908657,40.043181,40.094597,153529800
2007-08-15,40.000332,40.351663,39.254826,39.331947,214854100
2007-08-16,39.014882,39.340507,38.038011,38.946331,362468700
2007-08-17,39.683277,39.92321,39.066304,39.683277,223246600
2007-08-20,39.83753,40.034617,39.486199,39.871803,144715100
2007-08-21,39.828946,40.385936,39.751824,40.291676,115027200
2007-08-22,40.600156,40.874365,40.505895,40.840088,115814100
2007-08-23,40.951492,41.002904,40.471624,40.728695,118663400
2007-08-24,40.600183,41.328551,40.548767,41.302845,88189200
2007-08-27,41.182861,41.302827,40.994341,41.028618,72490400
2007-08-28,40.788686,40.874378,40.026041,40.05175,106024800
2007-08-29,40.317368,41.234255,40.317368,41.199982,113201000
2007-08-30,40.985778,41.765561,40.917224,41.41423,138930000
2007-08-31,41.868378,42.03976,41.654152,41.876945,94687200
2007-09-04,41.92837,42.845258,41.911231,42.571049,98480900
2007-09-05,42.468211,42.545332,41.876944,42.142586,114049300
2007-09-06,42.185455,42.296854,41.825556,42.108334,99222600
2007-09-07,41.585596,41.645579,41.088593,41.328526,152438000
2007-09-10,41.662744,41.774142,40.968652,41.302845,125199400
2007-09-11,41.568466,41.979783,41.499915,41.928368,103064500
2007-09-12,41.851239,42.305397,41.799823,41.936928,93993400
2007-09-13,42.236846,42.288258,41.936927,42.142586,80807500
2007-09-14,41.81697,42.253994,41.756987,42.176872,99801200
2007-09-17,41.988349,42.074039,41.637018,41.825539,84882300
2007-09-18,42.065468,42.913805,41.842674,42.879528,151452100
2007-09-19,43.09376,43.350831,42.828118,42.990929,127025800
2007-09-20,42.896689,43.068067,42.776719,42.870979,109970600
2007-09-21,43.107596,43.313362,42.876111,43.176186,86829500
2007-09-24,43.287637,43.69059,43.150461,43.373371,107226800
2007-09-25,43.227621,43.784901,43.176182,43.784901,101102200
2007-09-26,44.033517,44.162117,43.827751,43.999222,96124600
2007-09-27,44.256448,44.282171,44.033538,44.222157,73423200
2007-09-28,44.187853,44.307882,43.879207,44.076397,75546000
2007-10-01,44.110687,44.719406,44.050673,44.58223,100404100
2007-10-02,44.616532,44.633679,44.34218,44.590809,71046000
2007-10-03,44.445065,44.642255,44.153565,44.282169,106785000
2007-10-04,44.367885,44.436475,44.016372,44.385033,84129300
2007-10-05,44.727965,45.353834,44.633659,45.285244,115674700
2007-10-08,45.268113,45.57676,45.190951,45.568188,63022400
2007-10-09,45.671091,45.825414,45.465325,45.7654,93965600
2007-10-10,45.773961,45.928285,45.619638,45.876842,91777500
2007-10-11,46.11689,46.24549,44.822289,45.148083,239786700
2007-10-12,45.353868,45.902573,45.268131,45.893997,131676000
2007-10-15,45.962561,46.048295,45.182372,45.542458,121578700
2007-10-16,45.259554,45.679654,45.165245,45.32814,193676600
2007-10-17,45.971143,46.005438,45.165235,45.911129,183985200
2007-10-18,45.722517,46.202631,45.542471,46.108322,144491200
2007-10-19,46.099743,46.099743,44.916598,44.959465,245111500
2007-10-22,44.719403,45.542459,44.599374,45.499592,207052100
2007-10-23,45.962566,46.476975,45.731081,46.451256,162360600
2007-10-24,46.074042,46.24551,45.09666,46.099762,298293400
2007-10-25,46.202631,46.279793,45.225252,45.482456,233833100
2007-10-26,46.365531,46.468412,45.816824,46.236927,146690300
2007-10-29,46.459825,46.579857,46.159753,46.425533,101896600
2007-10-30,46.245481,46.77704,46.211189,46.519833,114616600
2007-10-31,46.699879,47.214287,46.331218,47.179993,148431900
2007-11-01,46.879931,46.957093,46.271213,46.296932,181974200
2007-11-02,46.657009,46.768466,45.953982,46.657009,217882900
2007-11-05,46.176898,46.639868,45.945413,46.356941,150588900
2007-11-06,46.579869,46.888512,46.108323,46.87994,131884700
2007-11-07,46.485571,46.794218,45.705382,45.739674,197908200
2007-11-08,45.55961,45.722509,43.55341,44.350746,380626400
2007-11-09,43.49342,43.827786,42.867554,42.867554,309414900
2007-11-12,42.798952,43.073307,41.710119,41.778706,283216000
2007-11-13,42.344532,43.544824,42.310237,43.501957,255625900
2007-11-14,44.059246,44.102113,42.781795,42.944691,263284100
2007-11-15,42.867538,43.330508,42.327406,42.713215,251548800
2007-11-16,43.004728,43.287655,42.3017,43.107609,263623700
2007-11-19,43.004694,43.253326,42.361681,42.610313,198651100
2007-11-20,42.833227,43.536254,41.950157,42.781788,300763600
2007-11-21,42.395995,43.013286,41.881583,42.275967,212225400
2007-11-23,42.550323,42.841822,42.32741,42.730366,46463300
2007-11-26,42.841809,43.184747,41.924444,41.993031,150352100
2007-11-27,42.353122,42.910398,42.095915,42.833237,211369300
2007-11-28,43.407656,44.32502,43.381933,44.136402,216868100
2007-11-29,43.964942,44.487927,43.896356,44.325031,172087300
2007-11-30,44.762275,44.79657,43.682015,43.990662,171417400
2007-12-03,43.802033,44.179266,43.570548,43.62199,108625700
2007-12-04,43.287643,43.673448,43.193334,43.441963,113374100
2007-12-05,43.896362,44.582242,43.862067,44.222157,137614200
2007-12-06,44.265019,44.899457,44.247872,44.85659,99724500
2007-12-07,44.830875,45.045212,44.650832,44.86517,88992300
2007-12-10,44.976622,45.173812,44.856594,45.045212,75657900
2007-12-11,45.113777,45.302395,43.904913,43.999222,167064300
2007-12-12,44.796564,44.950887,43.630567,44.393608,162975200
2007-12-13,44.007805,44.265009,43.70773,44.153553,153476200
2007-12-14,43.802047,44.239294,43.656295,43.699165,128396700
2007-12-17,43.536265,43.716311,42.6189,42.636047,134377000
2007-12-18,43.073299,43.099018,42.164506,42.773224,154251700
2007-12-19,42.773221,43.039,42.533163,42.764648,137970900
2007-12-20,43.399096,43.690595,43.03901,43.639156,167341700
2007-12-21,44.354058,44.542873,44.182409,44.499958,107573500
2007-12-24,44.637287,44.972005,44.585795,44.834686,34499800
2007-12-26,44.740278,45.1694,44.628705,45.057827,58492100
2007-12-27,44.911915,45.057815,44.379801,44.51712,65778900
2007-12-28,44.663024,44.766012,44.139494,44.474209,67545400
2007-12-31,44.259666,44.354074,43.950698,43.959282,70135600
2008-01-02,44.002186,44.173835,43.023788,43.264095,152344100
2008-01-03,43.264102,43.564486,43.040959,43.444332,114103700
2008-01-04,42.749153,42.766318,41.37596,41.539028,212617600
2008-01-07,41.539036,41.710682,40.706538,41.341637,235083600
2008-01-08,41.427446,41.847983,40.268814,40.268814,261669800
2008-01-09,40.431895,41.161402,39.874035,41.127071,254011800
2008-01-10,40.706527,41.547606,40.586374,41.187145,249958500
2008-01-11,40.964016,40.998346,40.080025,40.380409,211685200
2008-01-14,40.929679,41.204317,40.603549,41.084164,168048500
2008-01-15,40.655047,40.783785,39.779637,39.951286,241094900
2008-01-16,39.642306,40.260243,39.015788,39.522152,265625900
2008-01-17,39.685222,39.977025,38.792647,38.972878,254098800
2008-01-18,39.170275,39.599397,38.603833,38.921383,273063300
2008-01-22,36.758615,38.423608,36.672789,37.917244,325732000
2008-01-23,36.509719,37.891493,35.711551,37.771336,390129000
2008-01-24,37.925825,38.560927,37.814256,38.543762,250249100
2008-01-25,39.367666,39.367666,37.711255,37.754169,199299100
2008-01-28,37.779929,38.14039,37.393718,38.045986,163711200
2008-01-29,38.243354,38.346343,37.797067,38.114616,138520000
2008-01-30,37.977292,38.895613,37.917215,38.08028,220824400
2008-01-31,37.651166,39.127347,37.608254,38.732555,246824100
2008-02-01,39.050096,39.37623,38.517986,39.127338,161920300
2008-02-04,39.118786,39.144532,38.569506,38.578091,100209900
2008-02-05,37.90866,38.277706,37.453792,37.479538,188990400
2008-02-06,37.694084,37.908645,36.707105,36.741436,178285000
2008-02-07,36.329491,37.582527,36.175007,36.99892,286254800
2008-02-08,37.076149,37.565348,36.853004,37.419445,173781300
2008-02-11,37.565358,37.951568,37.367962,37.82283,119562300
2008-02-12,38.054572,38.346375,37.342227,37.608284,145412400
2008-02-13,38.097468,38.518009,37.900072,38.432182,148685900
2008-02-14,38.492264,38.492264,37.66835,37.737011,170868900
2008-02-15,37.531042,37.745603,37.290734,37.608284,100053300
2008-02-19,38.106049,38.191872,37.136232,37.539608,110507600
2008-02-20,37.127655,37.84,37.110493,37.711262,137338800
2008-02-21,38.071721,38.166129,37.196311,37.350796,127857000
2008-02-22,37.479525,37.496691,36.561204,37.48811,157364700
2008-02-25,37.445188,37.822814,37.196296,37.676914,121444300
2008-02-26,37.462369,38.17471,37.222058,37.82283,148375900
2008-02-27,37.565351,38.157539,37.479525,38.011639,125682600
2008-02-28,37.865715,38.217595,37.719815,37.865715,129196700
2008-02-29,37.462359,37.565347,36.775761,36.861588,188724500
2008-03-03,36.835853,36.895933,36.25225,36.621292,132963800
2008-03-04,36.38956,36.938836,36.063426,36.827263,183851000
2008-03-05,36.895923,37.367956,36.689943,37.007492,183208300
2008-03-06,36.981775,37.13626,36.132111,36.192188,152752200
2008-03-07,35.977612,36.595549,35.514162,36.10635,242552400
2008-03-10,36.054835,36.166408,35.33391,35.411152,146801900
2008-03-11,35.926097,36.775757,35.625709,36.758595,196755300
2008-03-12,36.904512,37.282139,36.561213,36.655621,155566100
2008-03-13,36.24366,37.187731,35.883199,36.938839,208967900
2008-03-14,37.187728,37.230639,35.823119,36.260822,309589800
2008-03-17,35.436922,36.054856,35.230942,35.599987,193130600
2008-03-18,36.252242,37.19631,36.14067,37.187729,216300400
2008-03-19,37.342207,37.419449,36.243655,36.269402,216157200
2008-03-20,36.375056,37.019242,36.160327,37.010654,128397000
2008-03-24,37.173847,38.445041,37.173847,38.29044,125018000
2008-03-25,38.393509,38.711307,38.032763,38.505169,118107500
2008-03-26,38.367735,38.52234,38.032759,38.393505,124824600
2008-03-27,38.170186,38.23031,37.543179,37.543179,143868600
2008-03-28,37.809426,38.084278,37.216776,37.354202,111822300
2008-03-31,37.491638,37.809435,37.319854,37.551762,113644800
2008-04-01,38.152985,39.175096,38.144398,39.157917,137494400
2008-04-02,39.252423,39.527276,38.797196,39.072052,132486800
2008-04-03,38.900243,39.432769,38.771405,39.157917,140033800
2008-04-04,39.312537,39.810706,38.994739,39.389839,139261000
2008-04-07,39.63034,39.862247,39.209473,39.303951,102297100
2008-04-08,39.003319,39.269584,38.805769,39.003319,97435200
2008-04-09,39.054862,39.072041,38.333373,38.565281,127182300
2008-04-10,38.591055,39.372668,38.591055,39.114994,112773800
2008-04-11,38.668355,38.737067,37.895331,38.032757,120135400
2008-04-14,37.972622,38.20453,37.749306,37.860966,89274600
2008-04-15,37.9984,38.092877,37.517406,37.912506,124232300
2008-04-16,38.384898,39.063441,38.350543,38.96896,134027900
2008-04-17,39.011934,39.054882,38.634012,38.883099,124953100
2008-04-18,39.913781,40.308881,39.699052,40.119919,133022500
2008-04-21,40.042609,40.437712,39.930952,40.403355,83303200
2008-04-22,40.154283,40.171462,39.449973,39.802128,104689600
2008-04-23,40.094144,40.420533,39.741989,40.240158,131086200
2008-04-24,40.257347,41.04755,39.845068,40.600914,166509000
2008-04-25,40.643859,40.669625,39.999672,40.497845,121945400
2008-04-28,40.592325,40.901535,40.480668,40.57515,71244000
2008-04-29,40.497841,41.021776,40.420538,40.88435,91270600
2008-04-30,40.970255,41.279465,40.39478,40.549385,132152700
2008-05-01,40.566542,41.846326,40.557954,41.829147,143596900
2008-05-02,42.224259,42.250025,41.519949,41.889282,124990000
2008-05-05,41.889271,42.112588,41.571474,41.769024,75624700
2008-05-06,41.648793,42.198498,41.348171,42.026714,139582600
2008-05-07,42.035317,42.284403,41.116277,41.262295,140008300
2008-05-08,41.434076,41.829177,41.279471,41.571503,128058700
2008-05-09,41.262284,41.623027,41.142037,41.408298,97062000
2008-05-12,41.468413,42.250025,41.399701,42.164135,89606500
2008-05-13,42.181306,42.370269,41.880684,42.275787,85448100
2008-05-14,42.438994,42.88563,42.121196,42.18132,143598200
2008-05-15,42.189892,42.962917,42.069644,42.919971,157248900
2008-05-16,43.005874,43.040232,42.473348,42.954338,146563200
2008-05-19,42.988683,43.349429,42.378854,42.645119,140048700
2008-05-20,42.490513,42.490513,41.992341,42.318729,137163700
2008-05-21,42.370272,42.602176,41.245093,41.382519,192806700
2008-05-22,41.485593,41.820569,41.3224,41.528538,153198200
2008-05-23,41.382537,41.528551,41.073327,41.399715,121698400
2008-05-27,41.485605,42.181327,41.477017,42.129791,106984300
2008-05-28,42.327326,42.396041,41.872102,42.301559,121363000
2008-05-29,42.327349,42.920003,42.301583,42.679504,143993000
2008-05-30,42.842681,43.151891,42.731022,42.954338,94153600
2008-06-02,42.877022,42.877022,42.052465,42.430389,144359900
2008-06-03,42.59359,42.859855,41.803387,42.19849,167606900
2008-06-04,42.069656,43.03164,42.035299,42.739609,174870800
2008-06-05,42.851276,43.469696,42.688083,43.418159,126653700
2008-06-06,43.040228,43.126118,42.104011,42.112598,189136000
2008-06-09,42.198492,42.250025,41.184972,41.889282,208897300
2008-06-10,41.459831,42.035302,41.365349,41.691738,162798500
2008-06-11,41.605833,41.674548,40.669616,40.686794,170366900
2008-06-12,40.978834,41.322401,40.369005,40.729748,189913200
2008-06-13,40.978832,41.631609,40.764103,41.545715,167855000
2008-06-16,41.330988,42.104013,41.288043,41.915051,136343900
2008-06-17,42.043893,42.138374,41.631614,41.691738,122932000
2008-06-18,41.45124,41.614436,41.081909,41.245102,169338100
2008-06-19,41.167794,42.09542,40.892941,41.889282,221304200
2008-06-20,41.540328,41.557516,40.57767,40.758167,197434200
2008-06-23,40.921477,41.033214,40.379982,40.440147,131488800
2008-06-24,40.251047,40.715182,39.890049,40.233856,178293800
2008-06-25,40.405748,41.256669,40.345583,40.887077,179023400
2008-06-26,40.130712,40.139309,39.228223,39.23682,190028300
2008-06-27,39.193842,39.451699,38.65235,39.23682,181351800
2008-06-30,39.116492,39.391539,38.807069,38.824257,132912400
2008-07-01,38.51483,39.417319,38.403092,39.374344,245494300
2008-07-02,39.494694,39.649406,38.368728,38.428894,199576400
2008-07-03,38.660944,38.746897,38.059283,38.360115,123118300
2008-07-07,38.712517,39.073512,38.024907,38.592186,181011300
2008-07-08,38.635185,39.546269,38.480472,39.51189,206151200
2008-07-09,39.503276,39.563442,38.446074,38.463264,168500300
2008-07-10,38.523425,39.039132,38.14524,38.9188,238811500
2008-07-11,38.514828,38.910204,37.689692,38.29995,265514700
2008-07-14,38.798477,38.832859,37.878797,38.016319,177389800
2008-07-15,37.827211,38.617966,37.216957,38.024902,283891100
2008-07-16,38.128059,39.004764,37.749871,38.970383,186047800
2008-07-17,39.202445,39.382942,38.66095,39.22823,197555100
2008-07-18,38.798461,38.824246,38.325729,38.325729,160661000
2008-07-21,38.678135,38.841441,38.239784,38.48904,128107800
2008-07-22,37.844405,38.514828,37.698289,38.48904,152524500
2008-07-23,38.549196,39.443091,38.437461,38.996143,169259100
2008-07-24,39.176676,39.20246,38.377327,38.411705,145561000
2008-07-25,38.660965,39.090722,38.471871,38.910225,111616700
2008-07-28,38.901591,39.125067,37.999103,38.1796,124028500
2008-07-29,38.342938,39.142286,38.308556,38.970383,142290900
2008-07-30,39.082114,39.382943,38.575,39.168064,165679900
2008-07-31,38.781286,39.666588,38.695336,39.073521,180473100
2008-08-01,39.116489,39.15087,38.162431,38.574997,180350400
2008-08-04,38.566398,38.609373,38.076476,38.188213,116298000
2008-08-05,38.583594,39.511871,38.540619,39.477489,151657400
2008-08-06,39.494692,40.233875,39.176673,40.079163,133463700
2008-08-07,39.838485,40.268242,39.606419,39.769726,152805800
2008-08-08,39.743933,40.775348,39.666577,40.672207,143121500
2008-08-11,40.655023,41.497347,40.517501,41.041805,157290100
2008-08-12,41.033209,41.394203,40.835518,41.084778,140549300
2008-08-13,41.016012,41.359816,40.612039,40.998821,169652100
2008-08-14,40.861303,41.652055,40.818328,41.471558,158069200
2008-08-15,41.540334,41.746615,41.222311,41.394215,123115900
2008-08-18,41.514533,41.52313,40.620637,40.912872,151399100
2008-08-19,40.706586,40.904274,40.182282,40.405754,155410600
2008-08-20,40.689404,40.878498,40.173697,40.474525,155466700
2008-08-21,40.1737,40.465935,39.864275,40.285435,118916200
2008-08-22,40.500329,40.981658,40.465951,40.818352,96515500
2008-08-25,40.534701,40.577676,39.855684,39.958828,128076500
2008-08-26,39.984614,40.199492,39.640806,39.907257,107225500
2008-08-27,39.924441,40.47453,39.786919,40.165104,108489900
2008-08-28,40.328416,40.637842,40.251063,40.491726,112808600
2008-08-29,40.061956,40.500307,39.468889,39.640793,133184300
2008-09-02,40.285434,40.465934,38.970378,39.150875,162277500
2008-09-03,39.064933,39.22824,38.497654,38.781292,161682900
2008-09-04,38.5578,38.600775,37.526382,37.526382,219004700
2008-09-05,37.199771,37.629528,36.795802,37.34589,247977500
2008-09-08,37.835796,38.0077,36.684048,37.277111,311065100
2008-09-09,37.259939,37.638127,36.400424,36.486378,214180600
2008-09-10,36.838788,37.113833,36.486387,36.787216,160658100
2008-09-11,36.271505,37.552179,36.245717,37.474823,203398200
2008-09-12,37.15679,37.569356,36.873152,37.328693,172094300
2008-09-15,36.443414,37.208381,36.125391,36.168369,616772300
2008-09-16,35.652662,36.821603,35.609687,36.452011,349506500
2008-09-17,35.987855,36.460587,34.543871,34.561062,340088000
2008-09-18,35.326027,36.073806,33.950806,35.73,423934000
2008-09-19,37.646298,37.697905,36.20994,36.898018,263394000
2008-09-22,36.760392,36.8464,35.091809,35.160618,164698200
2008-09-23,35.435853,35.908904,34.78218,34.893993,184011200
2008-09-24,35.100418,35.487457,34.85099,35.134819,159270800
2008-09-25,35.46166,36.141135,35.289641,35.693886,148586800
2008-09-26,34.670373,35.685284,34.592964,35.332645,182678600
2008-09-29,34.627359,34.730573,31.978273,32.528732,307954400
2008-09-30,32.44273,33.801676,32.339516,33.46624,195436700
2008-10-01,33.40603,33.517843,32.709353,33.113598,174033300
2008-10-02,32.898589,32.898589,31.513837,31.608448,192124000
2008-10-03,32.04709,32.838378,31.049382,31.118191,272116100
2008-10-06,30.326894,30.55912,28.305676,29.982859,394046600
2008-10-07,30.223687,30.275294,27.75522,28.082056,329365700
2008-10-08,27.479985,29.346386,27.385374,27.858425,452066500
2008-10-09,28.512111,28.967959,26.637104,27.110157,352433900
2008-10-10,26.250053,27.935836,25.269546,26.938128,472339100
2008-10-13,28.262679,30.318302,27.867036,30.215092,276998700
2008-10-14,31.092394,31.092394,28.546514,28.907755,341595900
2008-10-15,28.580917,28.684127,26.267265,26.318871,312088500
2008-10-16,26.499487,27.755225,25.157741,27.746622,494783500
2008-10-17,27.239154,28.942139,27.015529,27.781012,326571300
2008-10-20,28.176662,28.606709,27.264965,28.555105,232783400
2008-10-21,28.090655,28.60671,27.075745,27.075745,239932400
2008-10-22,26.98114,27.178961,25.553383,26.327469,289993600
2008-10-23,26.224255,26.740311,24.856706,26.224255,377966900
2008-10-24,24.280442,26.017832,24.16003,25.381363,322129500
2008-10-27,25.088935,25.974832,24.650287,24.67609,239302300
2008-10-28,25.527576,27.419781,24.813699,27.40258,327239500
2008-10-29,27.44558,28.451891,26.877919,27.333769,341316000
2008-10-30,28.099254,28.434694,27.505791,28.245472,255292100
2008-10-31,27.841235,28.752936,27.60041,28.288485,224261000
2008-11-03,28.21967,28.632515,27.961639,28.22827,128455500
2008-11-04,28.778715,29.251766,28.365871,29.028143,182487600
2008-11-05,28.838936,28.899142,27.454187,27.514393,183893900
2008-11-06,27.084343,27.41118,26.146841,26.284456,220677200
2008-11-07,26.594093,27.075745,26.310262,26.826319,176946200
2008-11-10,27.4972,27.4972,26.146852,26.465088,142584500
2008-11-11,26.21565,26.456477,25.561978,25.888815,162869800
2008-11-12,25.501773,25.630787,24.64168,24.693285,184946400
2008-11-13,24.607273,26.258652,23.463349,26.198444,317943900
2008-11-14,25.613586,26.164046,24.830901,24.92551,259407000
2008-11-17,24.504072,25.140541,24.306251,24.400862,202835200
2008-11-18,24.564271,24.72769,23.557962,24.375051,252661800
2008-11-19,24.426653,24.753489,23.041904,23.10211,244180600
2008-11-20,22.818281,23.609568,21.906581,21.98399,342472400
2008-11-21,22.371034,22.947297,21.545344,22.938696,282746800
2008-11-24,23.411749,24.633083,23.205327,24.340651,225058200
2008-11-25,24.607284,24.633085,23.669781,24.228842,202968700
2008-11-26,23.979409,25.252349,23.919203,25.243748,164912000
2008-11-28,24.959921,25.106137,24.796503,25.045931,41238200
2008-12-01,24.512672,24.521273,23.12792,23.162325,149161500
2008-12-02,23.480557,23.988012,23.084915,23.936407,181743000
2008-12-03,23.334342,24.69329,23.282737,24.615883,230944900
2008-12-04,24.228843,24.753501,23.497763,23.919209,188868700
2008-12-05,23.652571,25.002917,23.17952,24.891106,212283700
2008-12-08,25.450169,26.198449,25.321155,25.871614,185782500
2008-12-09,25.527576,26.516684,25.432965,25.811407,178148300
2008-12-10,25.888813,26.198446,25.475969,25.725395,162335100
2008-12-11,25.639391,26.035035,24.891111,25.020124,167161400
2008-12-12,24.676088,25.682397,24.486866,25.52758,158600100
2008-12-15,25.570583,25.596386,24.719091,25.08033,107887000
2008-12-16,25.30395,26.370466,25.028721,26.284456,169300100
2008-12-17,26.01783,26.318863,25.647989,25.966225,159813500
2008-12-18,25.966224,26.146843,25.252347,25.510374,142656400
2008-12-19,25.779978,26.158969,25.547415,25.719685,118308900
2008-12-22,25.719683,25.771363,24.754979,25.159809,95379600
2008-12-23,25.263172,25.512962,24.884181,25.030609,68764800
2008-12-24,25.151196,25.159808,24.961699,25.099514,27194700
2008-12-26,25.151209,25.177048,24.953099,25.090914,20937000
2008-12-29,25.159819,25.18566,24.513812,24.88419,52688300
2008-12-30,24.953089,25.487122,24.92725,25.400988,77089500
2008-12-31,25.375145,25.909178,25.366533,25.616322,89189700
2009-01-02,25.624934,26.813586,25.573254,26.727453,107891500
2009-01-05,26.555184,26.985855,26.348462,26.71884,91751900
2009-01-06,26.916948,27.244257,26.79636,26.985855,136791700
2009-01-07,26.469052,26.61548,26.003927,26.219263,133879800
2009-01-08,26.167581,26.529345,25.909179,26.494892,131926600
2009-01-09,26.503504,26.520732,25.771363,25.900564,117137900
2009-01-12,25.935021,25.969473,25.151199,25.426828,102726200
2009-01-13,25.418207,25.823037,25.133964,25.435434,186266700
2009-01-14,25.142593,25.220114,24.522425,24.66024,136294000
2009-01-15,24.608546,25.27178,24.177875,25.065058,192567200
2009-01-16,25.409598,25.495732,24.720525,25.340691,175478100
2009-01-20,25.237323,25.349298,24.083124,24.083124,135105800
2009-01-21,24.487969,25.14259,24.203726,25.108135,149179600
2009-01-22,24.565491,25.177043,24.341542,24.772213,200602700
2009-01-23,24.367382,25.280404,24.238179,24.892799,170164100
2009-01-26,24.927249,25.487121,24.763593,25.073677,140398700
2009-01-27,25.082285,25.469888,25.082285,25.254553,110591300
2009-01-28,25.67661,26.400137,25.67661,26.141735,139722800
2009-01-29,25.823047,26.18481,25.392375,25.47851,130731800
2009-01-30,25.668002,25.779978,24.927249,25.030609,140334200
2009-02-02,24.789434,25.504348,24.754979,25.332079,126796100
2009-02-03,25.383754,26.210644,25.004765,25.728292,120541100
2009-02-04,25.788584,26.589632,25.659383,25.762743,175780900
2009-02-05,25.392371,26.503503,25.375143,26.331234,217578900
2009-02-06,26.425981,27.140895,26.339846,27.020308,164513200
2009-02-09,27.037536,27.278712,26.865268,27.132284,98856900
2009-02-10,26.960013,27.287324,25.926403,26.133125,232795200
2009-02-11,26.167577,26.29678,25.607705,26.012537,169117200
2009-02-12,25.711068,26.365688,25.530185,26.331234,201151400
2009-02-13,26.253716,26.51212,26.090062,26.210649,145066700
2009-02-17,25.400991,25.556033,25.030614,25.168428,157783300
2009-02-18,25.332072,25.556022,24.866948,25.185644,161271900
2009-02-19,25.340689,25.504345,24.737749,24.798044,155322400
2009-02-20,24.522417,25.10813,24.453509,24.866955,210752400
2009-02-23,25.00476,25.021986,23.885015,23.99699,169473500
2009-02-24,24.126202,24.961704,24.083134,24.789436,181337300
2009-02-25,24.643002,25.125353,24.23817,24.625774,220224700
2009-02-26,24.789433,24.935862,23.859184,23.936705,211218500
2009-02-27,23.686924,24.100368,23.592176,23.712765,204492600
2009-03-02,23.359607,23.69553,22.799733,22.946161,188180400
2009-03-03,23.135654,23.394056,22.756663,22.928932,158758800
2009-03-04,23.264854,23.867793,23.187333,23.540483,164911000
2009-03-05,23.282087,23.462968,22.756668,22.834188,199626900
2009-03-06,22.954773,23.092588,22.145111,22.653303,218421600
2009-03-09,22.472412,23.092578,22.076194,22.170942,181098800
2009-03-10,22.610234,23.592164,22.532713,23.540483,175068200
2009-03-11,23.781667,24.108976,23.480196,23.902254,173094900
2009-03-12,23.885028,24.772212,23.63524,24.694691,184395100
2009-03-13,24.686069,24.841111,24.393212,24.754976,156783500
2009-03-16,24.918627,24.961694,24.281234,24.341528,190269800
2009-03-17,24.462118,25.263166,24.375983,25.263166,169773800
2009-03-18,25.159816,26.012546,25.047842,25.581875,208033900
2009-03-19,25.935018,25.952243,25.375144,25.56464,146753400
2009-03-20,25.615541,25.908881,25.002976,25.175529,149410800
2009-03-23,25.796726,26.694004,25.19279,26.659492,179499000
2009-03-24,26.435167,26.64223,26.150454,26.167709,118757600
2009-03-25,26.392036,26.788908,25.589663,26.288504,190555200
2009-03-26,26.573216,27.142642,26.245366,27.099504,182459500
2009-03-27,26.745764,26.901062,26.495561,26.590466,156108100
2009-03-30,26.141829,26.159084,25.555149,25.934765,162919700
2009-03-31,26.133206,26.702632,26.11595,26.159088,150243800
2009-04-01,25.83124,26.64224,25.701825,26.547337,137950000
2009-04-02,27.021854,27.841483,26.944205,27.401472,212272400
2009-04-03,27.686176,27.953635,27.461857,27.910494,134577300
2009-04-06,27.599913,27.893255,27.306572,27.841488,160413700
2009-04-07,27.539513,27.539513,26.926948,27.10813,147531200
2009-04-08,27.375582,27.737946,27.168518,27.565392,126126000
2009-04-09,28.083051,28.479922,27.979519,28.419529,131871500
2009-04-13,28.333262,28.531698,28.065803,28.3764,119310500
2009-04-14,28.203845,28.367772,27.841484,28.031294,124069000
2009-04-15,27.832856,27.979528,27.479123,27.953646,124808200
2009-04-16,28.341875,28.842281,28.048534,28.678356,171168000
2009-04-17,28.617964,28.902679,28.410902,28.738754,129835400
2009-04-20,28.221098,28.316002,27.660301,27.815599,123080500
2009-04-21,27.712067,28.246985,27.677559,28.203844,145490200
2009-04-22,28.039922,28.92857,27.945017,28.290125,165040500
2009-04-23,28.471309,28.592096,28.031299,28.566214,181666600
2009-04-24,28.764649,29.273682,28.531701,29.066616,141170000
2009-04-27,28.833659,29.385833,28.773266,29.101118,120749100
2009-04-28,28.919954,29.256433,28.781912,28.885443,108968000
2009-04-29,29.118367,29.679166,29.075229,29.282291,141413600
2009-04-30,29.670543,30.110555,29.368576,29.575638,144120400
2009-05-01,29.56702,29.799968,29.342699,29.653296,100112000
2009-05-04,29.920743,30.274477,29.7827,30.239965,119317400
2009-05-05,30.188214,30.248608,29.877618,30.214096,113569500
2009-05-06,30.447033,30.49017,29.730935,30.222712,178840500
2009-05-07,30.429777,30.429777,29.230532,29.515244,216484700
2009-05-08,29.739571,29.972518,29.230538,29.532505,183507300
2009-05-11,29.152881,29.955254,29.057976,29.636028,142775900
2009-05-12,29.696416,29.748183,28.919928,29.273663,147842200
2009-05-13,29.014842,29.032098,28.436787,28.488554,175548300
2009-05-14,28.557571,29.075232,28.540318,28.807774,140021700
2009-05-15,28.764645,29.178773,28.669741,28.790527,121326400
2009-05-18,28.988959,29.57564,28.807778,29.541132,114333400
2009-05-19,29.47212,29.972527,29.29094,29.679186,129086400
2009-05-20,29.791329,30.231342,29.489362,29.575638,131873700
2009-05-21,29.351325,29.558388,28.738762,29.032103,139253200
2009-05-22,29.144257,29.308185,28.747385,28.937195,83510600
2009-05-26,28.686998,30.050171,28.626604,30.015659,144857200
2009-05-27,29.929367,30.36075,29.705049,29.80858,121348800
2009-05-28,29.989772,30.257231,29.515251,30.1537,118931300
2009-05-29,30.170964,30.628229,29.98978,30.524698,111535700
2009-06-01,30.85254,31.490989,30.723127,31.396084,119126200
2009-06-02,31.223525,31.741187,31.154505,31.439217,126858600
2009-06-03,31.344307,31.378815,30.999199,31.344307,93329800
2009-06-04,31.413343,31.741195,31.352949,31.698057,89280600
2009-06-05,31.88785,31.991384,31.421955,31.732552,121958800
2009-06-08,31.534113,31.879221,31.163123,31.637644,89194100
2009-06-09,31.784316,32.069027,31.637644,31.879221,109187800
2009-06-10,32.060404,32.06903,31.309798,31.767063,133404700
2009-06-11,31.723925,32.120797,31.70667,31.767063,147909800
2009-06-12,31.637642,31.680783,31.232144,31.62039,109452500
2009-06-15,31.31844,31.344325,30.69725,30.973335,112152900
2009-06-16,31.094109,31.223522,30.64547,30.671352,110550300
2009-06-17,30.800778,31.240788,30.585086,30.964703,153421800
2009-06-18,30.91294,31.111376,30.688619,30.90431,126266700
2009-06-19,31.140982,31.40877,31.020047,31.236004,122044700
2009-06-22,30.950941,31.002768,30.251239,30.30307,137714900
2009-06-23,30.389464,30.458568,30.035294,30.233974,114903100
2009-06-24,30.493124,30.985506,30.475847,30.743635,103314600
2009-06-25,30.54496,31.408788,30.475852,31.34832,112538200
2009-06-26,31.201462,31.529718,31.140995,31.417419,87677300
2009-06-29,31.503794,31.745665,31.201452,31.486517,93817600
2009-06-30,31.572907,31.728396,31.192824,31.426058,97843000
2009-07-01,31.581547,31.823418,31.434694,31.443335,85976000
2009-07-02,31.175527,31.184164,30.665869,30.752251,113309800
2009-07-06,30.562229,30.700441,30.268527,30.588142,107632500
2009-07-07,30.596786,30.657257,29.810703,29.82798,149773000
2009-07-08,30.009384,30.121679,29.629298,29.983467,152776400
2009-07-09,30.095752,30.242601,29.931626,30.035284,97851500
2009-07-10,29.948909,30.354909,29.85389,30.164865,108482000
2009-07-13,30.190786,30.752272,29.784786,30.743635,127140300
2009-07-14,30.709068,30.916388,30.579496,30.855921,115631700
2009-07-15,31.374222,31.901157,31.218733,31.892517,160869700
2009-07-16,31.745667,32.341707,31.719753,32.272602,120142500
2009-07-17,32.263956,32.453999,32.108467,32.445362,104906500
2009-07-20,32.618139,32.825459,32.488567,32.756351,97168800
2009-07-21,32.88592,32.980942,32.514474,32.980942,130587600
2009-07-22,33.006863,33.4215,32.937758,33.257374,113808600
2009-07-23,33.222828,34.112573,33.16236,33.991634,160239300
2009-07-24,33.628813,34.008896,33.499238,33.732471,109312300
2009-07-27,33.974361,34.043465,33.576997,33.991634,94718600
2009-07-28,33.844793,34.198962,33.628836,33.758411,111564300
2009-07-29,33.965713,34.060735,33.689289,33.98299,126538200
2009-07-30,34.337157,34.708603,34.129836,34.181667,108969900
2009-07-31,34.181673,34.423544,34.04346,34.078014,78208300
2009-08-03,34.440806,34.604935,34.242126,34.587658,111722800
2009-08-04,34.423529,34.71723,34.354424,34.587658,100690800
2009-08-05,34.66541,34.674047,34.086644,34.319878,118093000
2009-08-06,34.397615,34.492637,33.896597,34.017532,116937500
2009-08-07,34.48401,34.613585,34.198948,34.449459,107442100
2009-08-10,34.328527,34.423545,33.982994,34.207588,87163200
2009-08-11,34.095286,34.1212,33.732476,33.913879,91922700
2009-08-12,33.887966,34.743157,33.862052,34.440815,147240000
2009-08-13,34.64814,34.691331,34.24214,34.630863,110107000
2009-08-14,34.440822,34.518567,33.931163,34.233505,124480200
2009-08-17,33.654734,33.697925,33.22282,33.240097,131797200
2009-08-18,33.447418,33.78431,33.352396,33.715202,84496200
2009-08-19,33.317824,34.034802,33.29191,33.948418,88036300
2009-08-20,33.931161,34.414906,33.862057,34.345798,81473500
2009-08-21,34.544476,34.864091,34.328519,34.803623,114660200
2009-08-24,34.864099,35.045502,34.639502,34.769077,109904900
2009-08-25,34.84682,35.209626,34.769076,34.872734,92900400
2009-08-26,34.794994,35.071419,34.622231,34.812271,96407500
2009-08-27,34.803626,34.959115,34.26805,34.898647,121957800
2009-08-28,35.330553,35.486042,34.691319,34.933189,114300900
2009-08-31,34.674035,34.725866,34.371697,34.579014,96415300
2009-09-01,34.45808,35.06276,33.827486,33.931145,162958900
2009-09-02,33.74975,34.095282,33.723836,33.905239,92757200
2009-09-03,34.069358,34.181656,33.706552,34.129826,76783100
2009-09-04,34.190328,34.88139,34.138497,34.864113,74866600
2009-09-08,35.140506,35.226888,34.950463,35.192337,71024400
2009-09-09,35.218261,35.667452,35.062772,35.494686,99280800
2009-09-10,35.511962,35.874768,35.41694,35.831577,99289100
2009-09-11,35.857483,35.952505,35.606976,35.866123,93868400
2009-09-14,35.632899,36.030259,35.598345,36.004345,90435600
2009-09-15,35.978449,36.237597,35.909341,36.116661,91594600
2009-09-16,36.280768,36.695405,36.142555,36.643574,96888500
2009-09-17,36.54856,36.850898,36.462175,36.634941,102169600
2009-09-18,36.782788,36.851959,36.497447,36.69632,87444200
2009-09-21,36.488818,36.92115,36.45423,36.808743,71351400
2009-09-22,37.016249,37.033543,36.696321,36.877903,75638400
2009-09-23,37.03356,37.327542,36.64446,36.704987,143924100
2009-09-24,36.851976,36.912502,36.117013,36.376411,111016400
2009-09-25,36.10837,36.39371,35.952733,36.056492,109216000
2009-09-28,36.255349,36.886553,36.220762,36.670387,84478500
2009-09-29,36.670377,36.851955,36.341804,36.506092,106686400
2009-09-30,36.653092,36.834671,35.970007,36.53204,173102700
2009-10-01,36.402343,36.428285,35.451214,35.451214,140119100
2009-10-02,35.209108,35.667379,35.209108,35.347454,145286400
2009-10-05,35.529035,35.797082,35.304224,35.632793,97054200
2009-10-06,35.831664,36.43693,35.814371,36.263996,124628000
2009-10-07,36.220761,36.38505,36.117003,36.367756,93787600
2009-10-08,36.583922,36.851965,36.436927,36.523396,107850400
2009-10-09,36.445597,36.79146,36.367777,36.730934,62828000
2009-10-12,36.877917,37.068141,36.557989,36.808743,53221900
2009-10-13,36.774155,36.964382,36.635809,36.81739,70939300
2009-10-14,37.275669,37.362134,37.050854,37.318901,91004900
2009-10-15,37.120003,37.284288,37.068122,37.23241,85772800
2009-10-16,37.094084,37.171904,36.730924,36.990322,111859300
2009-10-19,37.016266,37.41401,36.826038,37.362129,83512000
2009-10-20,37.578287,37.578287,37.128661,37.37077,89847900
2009-10-21,37.362124,37.889569,37.232426,37.301598,110397400
2009-10-22,37.232435,37.604241,36.998975,37.448601,85871800
2009-10-23,37.811735,37.811735,37.197825,37.292938,117020400
2009-10-26,37.353461,37.837671,36.998949,37.171883,107068600
2009-10-27,37.120019,37.275659,36.471521,36.609867,121438200
2009-10-28,36.480163,36.592571,35.710613,35.788433,143553600
2009-10-29,35.995955,36.480165,35.918135,36.3937,85207600
2009-10-30,36.36775,36.44557,35.382031,35.416618,162796500
2009-11-02,35.451218,35.944076,35.139939,35.563625,142456600
2009-11-03,35.373394,35.727906,35.312868,35.676025,95107000
2009-11-04,35.909472,36.203458,35.693306,35.736542,107970600
2009-11-05,36.151599,36.661751,36.125657,36.618515,135204800
2009-11-06,36.41964,36.877914,36.385056,36.834679,96312300
2009-11-09,37.120006,37.630158,37.076774,37.62151,101620800
2009-11-10,37.578283,37.84633,37.526405,37.716629,72846500
2009-11-11,38.001977,38.166262,37.707991,37.958744,84676200
2009-11-12,37.984678,38.18355,37.656104,37.742573,92426100
2009-11-13,37.85498,38.166259,37.725282,38.053852,87959500
2009-11-16,38.218151,38.607251,38.148977,38.442963,87776100
2009-11-17,38.339188,38.563999,38.261368,38.563999,81884000
2009-11-18,38.442949,38.468891,38.088437,38.347836,100240800
2009-11-19,38.088428,38.11437,37.483162,37.751209,114558000
2009-11-20,37.552356,37.656114,37.422655,37.561001,70912100
2009-11-23,37.950105,38.391086,37.924166,38.166271,91621500
2009-11-24,38.148979,38.174921,37.811761,38.036575,60670000
2009-11-25,38.166256,38.235431,38.053849,38.200844,37630100
2009-11-27,37.154594,37.898205,37.094068,37.62151,61230000
2009-11-30,37.535029,37.716608,37.275631,37.66473,84819400
2009-12-01,37.950093,38.304605,37.941448,38.053852,81817800
2009-12-02,38.183556,38.468896,38.027916,38.105736,81653600
2009-12-03,38.244078,38.477538,37.941447,37.950092,72460400
2009-12-04,38.434312,38.676417,37.751227,38.148972,125062600
2009-12-07,38.123032,38.295965,37.889572,37.967392,67471900
2009-12-08,37.751215,38.0452,37.491816,37.733921,86621400
2009-12-09,37.69935,38.148975,37.457245,38.114391,78820500
2009-12-10,38.278657,38.512117,38.252718,38.304596,76722400
2009-12-11,38.512116,38.555349,38.001965,38.157604,66643700
2009-12-14,38.417035,38.564026,38.209514,38.520794,47965500
2009-12-15,38.399709,38.624521,38.192189,38.304596,61171100
2009-12-16,38.451582,38.650454,38.295942,38.356468,61629700
2009-12-17,38.183546,38.226779,37.83768,37.889561,90440900
2009-12-18,38.247272,38.524425,38.108695,38.507103,96442600
2009-12-21,38.706302,39.087391,38.68898,38.940151,82357400
2009-12-22,39.070072,39.225971,39.000782,39.174004,51569100
2009-12-23,39.251957,39.468483,39.156684,39.459824,73932200
2009-12-24,39.503116,39.823574,39.494453,39.823574,31770400
2009-12-28,39.91885,40.100731,39.788932,40.031445,49381400
2009-12-29,40.0401,40.057423,39.832237,39.866879,32410200
2009-12-30,39.823573,40.066082,39.806251,39.988132,57612700
2009-12-31,40.066095,40.083418,39.624382,39.624382,50079200
2010-01-04,40.126727,40.265304,40.07476,40.204674,62822800
2010-01-05,40.178692,40.273964,39.979487,40.204674,62935600
2010-01-06,40.18734,40.317254,39.901523,39.962151,96033000
2010-01-07,40.022778,40.074745,39.771606,39.988132,77094100
2010-01-08,39.901526,40.317257,39.780272,40.317257,88886600
2010-01-11,40.369233,40.395215,39.944839,40.152706,104673400
2010-01-12,39.910187,39.962151,39.433826,39.650352,90673900
2010-01-13,39.771628,40.265312,39.503137,40.144054,100661000
2010-01-14,40.066089,40.291279,40.031448,40.178684,75209000
2010-01-15,40.247968,40.317255,39.537761,39.710979,126849300
2010-01-19,39.806262,40.395214,39.797602,40.35191,84388200
2010-01-20,40.066079,40.360555,39.347212,39.771603,145680000
2010-01-21,39.884203,40.144034,39.234623,39.399185,204939600
2010-01-22,39.269267,39.390521,38.143329,38.247261,171098700
2010-01-25,38.481118,38.628354,38.212623,38.377186,154218700
2010-01-26,38.33387,38.879518,38.151988,38.411819,140816500
2010-01-27,38.342559,38.844899,38.117369,38.714985,161632700
2010-01-28,38.455129,38.481112,37.519733,37.718937,221439800
2010-01-29,38.030734,38.126006,36.922119,37.060696,212099600
2010-02-01,37.155963,37.485081,37.13864,37.467758,136827100
2010-02-02,37.528396,37.918141,37.268561,37.80555,110727700
2010-02-03,37.623664,38.082703,37.606341,38.013412,93581600
2010-02-04,37.736273,37.814223,36.913471,36.913471,151652500
2010-02-05,37.008735,37.259907,36.480409,37.225262,213618600
2010-02-08,37.164643,37.398492,36.930794,36.956776,94354400
2010-02-09,37.398483,37.684297,37.034717,37.337856,118956000
2010-02-10,37.33786,37.511082,37.026061,37.259911,94102900
2010-02-11,37.268561,37.926804,37.034712,37.822868,93050800
2010-02-12,37.485102,38.004768,37.38117,37.900833,93938500
2010-02-16,38.177981,38.411827,37.978774,38.385845,83861400
2010-02-17,38.559055,38.60236,38.333866,38.60236,82691700
2010-02-18,38.576388,38.914169,38.498438,38.844879,65752600
2010-02-19,38.740948,39.018102,38.645676,38.82756,80416500
2010-02-22,38.983472,39.000795,38.593727,38.749626,72055000
2010-02-23,38.723619,38.749604,38.065379,38.247261,95814400
2010-02-24,38.446457,38.7929,38.385829,38.637001,86591000
2010-02-25,38.22993,38.71495,37.961439,38.628338,97961300
2010-02-26,38.619685,38.853535,38.455126,38.766922,66222400
2010-03-01,38.940158,39.399197,38.931498,39.329906,77290100
2010-03-02,39.46846,39.710969,39.364528,39.451138,76368500
2010-03-03,39.546421,39.684998,39.347217,39.494453,65735500
2010-03-04,39.52045,39.67635,39.321246,39.624382,54470900
2010-03-05,39.918841,40.30859,39.832232,40.221977,68136300
2010-03-08,40.239322,40.395222,40.222,40.29995,58712400
2010-03-09,40.213329,40.750314,40.187346,40.525127,98002800
2010-03-10,40.55112,40.949528,40.533797,40.854256,102578900
2010-03-11,40.758979,41.010147,40.689689,41.010147,67510300
2010-03-12,41.140053,41.166035,40.793609,41.018799,64068300
2010-03-15,40.932194,41.036129,40.629058,40.914875,60150500
2010-03-16,41.044788,41.235333,40.906211,41.174706,74950600
2010-03-17,41.235328,41.4865,41.166038,41.287292,75643500
2010-03-18,41.321949,41.469189,41.226677,41.425884,77829400
2010-03-19,41.548144,41.574157,41.027926,41.175323,86337100
2010-03-22,41.010583,41.71288,40.967232,41.548141,71902800
2010-03-23,41.608817,41.877595,41.418069,41.834244,59182600
2010-03-24,41.764887,41.764887,41.53946,41.634834,62995700
2010-03-25,41.981637,42.137703,41.530784,41.574135,76294800
2010-03-26,41.747552,41.903618,41.39207,41.617496,78067900
2010-03-29,41.825586,41.964311,41.704199,41.816914,57993300
2010-03-30,41.946966,42.09436,41.669517,41.955635,49437300
2010-03-31,41.825582,42.007658,41.678185,41.756218,59947400
2010-04-01,41.929625,42.224416,41.435417,41.756218,83728600
2010-04-05,41.851598,42.241763,41.738883,42.146389,56220300
2010-04-06,42.050996,42.39781,41.955622,42.267754,54097100
2010-04-07,42.20707,42.371805,41.938289,42.163719,77211500
2010-04-08,42.042336,42.328455,41.825579,42.259094,68314300
2010-04-09,42.267769,42.527877,42.163726,42.510536,54227300
2010-04-12,42.527875,42.657931,42.432501,42.545216,44280600
2010-04-13,42.50185,42.787969,42.363126,42.761959,59376000
2010-04-14,42.987399,43.282186,42.918035,43.273518,69004800
2010-04-15,43.238838,43.516287,43.238838,43.464268,72254200
2010-04-16,43.308216,43.45561,42.657943,42.944061,127388000
2010-04-19,42.787981,43.056762,42.39782,42.918037,98251700
2010-04-20,43.152141,43.247515,42.85735,43.1348,69543700
2010-04-21,43.429594,43.516296,43.108794,43.377571,74748700
2010-04-22,42.961374,43.66367,42.709934,43.620319,110477200
2010-04-23,43.611677,43.845776,43.429602,43.802425,77205200
2010-04-26,43.845752,43.915116,43.611654,43.707027,67361000
2010-04-27,43.533628,43.724376,42.666597,42.779312,112608000
2010-04-28,43.004749,43.030762,42.467191,42.805332,130082100
2010-04-29,43.048092,43.637673,43.01341,43.550968,84180200
2010-04-30,43.53363,43.602994,42.65793,42.692612,110897000
2010-05-03,42.874681,43.498941,42.85734,43.290855,74169700
2010-05-04,42.761968,42.761968,41.686851,41.990311,141136500
2010-05-05,41.548133,42.051013,41.305366,41.773563,128560200
2010-05-06,41.487439,41.894944,36.970207,40.37764,274356800
2010-05-07,40.074188,40.577064,38.392145,39.371891,288200400
2010-05-10,41.1233,41.444101,41.019257,41.418091,136041600
2010-05-11,41.001902,41.955635,40.923869,41.374725,113016100
2010-05-12,41.600157,42.189738,41.530796,42.155056,85462400
2010-05-13,41.972977,42.30245,41.383395,41.487438,102844300
2010-05-14,41.175297,41.201307,40.212892,40.689758,147386100
2010-05-17,40.767794,40.984551,39.944114,40.819817,120969600
2010-05-18,41.16663,41.253335,40.074173,40.256248,153072100
2010-05-19,40.108844,40.429647,39.493253,39.93544,159000300
2010-05-20,39.155116,39.259159,38.366118,38.45282,189289800
2010-05-21,37.854566,39.571287,37.707172,38.877663,190631100
2010-05-24,38.860332,39.30252,38.704266,38.721607,113038000
2010-05-25,37.87193,38.808322,37.481765,38.756302,155643000
2010-05-26,39.025047,39.510585,38.25339,38.322754,140203200
2010-05-27,39.189805,39.788055,39.094431,39.770714,110671600
2010-05-28,39.840072,39.874754,39.189799,39.53661,128535300
2010-06-01,39.389209,40.100174,39.1291,39.172451,104242700
2010-06-02,39.397904,40.126211,39.129126,40.100201,97249300
2010-06-03,40.212916,40.551057,39.952807,40.481693,98928400
2010-06-04,39.623326,40.134875,38.964381,39.094437,112849900
2010-06-07,39.293843,39.415227,38.34011,38.383461,88436600
2010-06-08,38.452819,38.565534,37.793877,38.314095,133030100
2010-06-09,38.582887,38.938369,37.88059,37.993305,101949200
2010-06-10,38.461511,39.120454,38.357468,39.077103,76892300
2010-06-11,38.678245,39.484584,38.678245,39.449902,74346800
2010-06-14,39.814066,40.091519,39.371882,39.441246,68085000
2010-06-15,39.649322,40.551035,39.406555,40.499012,76332600
2010-06-16,40.386308,40.871843,40.316944,40.663757,78399700
2010-06-17,40.889182,40.906523,40.438325,40.793808,77111900
2010-06-18,40.871123,41.12304,40.706076,40.82769,75921400
2010-06-21,41.348887,41.418383,40.245674,40.480213,95488100
2010-06-22,40.653967,40.949316,40.08933,40.167511,94493400
2010-06-23,40.210925,40.367286,39.689718,40.002441,92397600
2010-06-24,39.828708,39.950325,39.264072,39.394371,114145900
2010-06-25,39.611089,39.741647,39.123677,39.402199,88740300
2010-06-28,39.402212,39.645918,39.001837,39.262951,71350000
2010-06-29,38.662379,38.697195,37.487364,37.748478,136384200
2010-06-30,37.62663,38.009597,37.113104,37.17403,101313200
2010-07-01,37.287187,37.391632,36.355878,37.069592,158695000
2010-07-02,37.130517,37.269778,36.634399,36.965145,78565300
2010-07-06,37.513488,37.748492,36.773664,37.078297,88591900
2010-07-07,37.200159,38.305542,37.165343,38.262024,72448400
2010-07-08,38.566644,38.627571,38.018302,38.470901,78264600
2010-07-09,38.453493,38.845166,38.366456,38.83646,47851200
2010-07-12,38.801648,39.193318,38.6972,38.949612,60927500
2010-07-13,39.289055,39.602393,38.993125,39.45443,93310500
2010-07-14,39.532772,39.872224,39.376107,39.654629,87687100
2010-07-15,39.576275,39.811279,39.158492,39.689423,95992500
2010-07-16,39.550181,39.715556,38.557946,38.592762,98831900
2010-07-19,38.705901,39.001831,38.383857,38.923496,81800800
2010-07-20,38.296821,39.393501,38.174968,39.393501,89061200
2010-07-21,39.811289,39.828694,38.784238,38.853867,83577000
2010-07-22,39.402215,40.020186,39.376105,39.837406,82890300
2010-07-23,39.567589,40.124634,39.49796,40.089821,81056100
2010-07-26,40.142037,40.437967,39.959257,40.420559,64850900
2010-07-27,40.594642,40.664274,40.220377,40.403156,67655600
2010-07-28,40.359623,40.542405,39.933137,40.0811,51988200
2010-07-29,40.316117,40.394451,39.384808,39.785183,85669500
2010-07-30,39.454417,40.115906,39.228116,39.8722,98958100
2010-08-02,40.377041,40.725195,40.220371,40.620747,68706800
2010-08-03,40.594638,40.646862,40.255189,40.446674,60856600
2010-08-04,40.629445,40.899265,40.472776,40.855743,43820600
2010-08-05,40.655573,40.838352,40.490201,40.760021,39150200
2010-08-06,40.316103,40.777405,40.081099,40.69907,71339200
2010-08-09,40.907968,41.073339,40.725188,40.9776,26927600
2010-08-10,40.64686,40.864456,40.281298,40.620747,86694500
2010-08-11,39.950557,39.967962,39.349991,39.515366,92219700
2010-08-12,38.758118,39.376092,38.688489,39.202015,66000200
2010-08-13,39.054052,39.219426,38.914791,38.923496,46387300
2010-08-16,38.732023,39.262957,38.557946,38.993137,55472900
2010-08-17,39.271655,39.846107,39.19332,39.48925,56927100
2010-08-18,39.410912,39.88092,39.262949,39.645916,61835400
2010-08-19,39.41092,39.567589,38.784246,39.045361,82969500
2010-08-20,38.984425,39.193315,38.766829,39.097572,65806700
2010-08-23,39.341272,39.463125,38.697188,38.714596,69612200
2010-08-24,38.27071,38.401265,37.835518,37.992188,79095800
2010-08-25,37.722382,38.523133,37.661456,38.357761,87247900
2010-08-26,38.488318,38.575355,37.861642,37.896458,91199000
2010-08-27,38.174982,38.436096,37.400342,38.357761,109568800
2010-08-30,38.174974,38.514423,37.948673,37.957378,49373200
2010-08-31,37.757192,38.166269,37.583114,37.82682,72066900
2010-09-01,38.383872,39.088883,38.357762,38.958324,83523100
2010-09-02,39.027942,39.410909,38.9322,39.393501,41816800
2010-09-03,39.828692,40.054993,39.645912,40.046288,64041100
2010-09-07,39.880938,40.063718,39.715567,39.776493,51195200
2010-09-08,39.889629,40.429265,39.880923,40.255188,66879800
2010-09-09,40.612049,40.646865,40.316119,40.411861,61476400
2010-09-10,40.45537,40.620741,40.255182,40.559814,66995700
2010-09-13,40.873157,41.230013,40.855749,41.125568,64523400
2010-09-14,41.073355,41.517252,40.977615,41.299656,91405800
2010-09-15,41.195209,41.604287,41.073353,41.560768,67108200
2010-09-16,41.482414,41.760936,41.377969,41.72612,66885800
2010-09-17,41.998342,41.998342,41.658099,41.867481,76372600
2010-09-20,42.024507,42.687548,41.972163,42.600307,84475000
2010-09-21,42.626469,42.896918,42.408364,42.591572,82272000
2010-09-22,42.417069,42.766038,42.242584,42.478138,88315900
2010-09-23,42.198987,42.8882,42.155367,42.460712,85040000
2010-09-24,42.940553,43.350589,42.879484,43.324417,79495900
2010-09-27,43.298234,43.402924,43.053954,43.088852,43859800
2010-09-28,43.19355,43.219724,42.390924,43.071411,104922900
2010-09-29,43.010325,43.210981,42.844566,43.001602,81679200
2010-09-30,43.219716,43.481441,42.530503,42.809677,122458600
2010-10-01,43.167374,43.210995,42.556679,42.757336,77675400
2010-10-04,42.635192,42.792228,42.050672,42.294949,71359900
2010-10-05,42.774791,43.411658,42.74862,43.324417,99301300
2010-10-06,43.272067,43.368034,42.670098,42.949272,81831200
2010-10-07,43.19353,43.219704,42.748597,43.106289,75693300
2010-10-08,43.123757,43.507621,42.818411,43.402931,83223900
2010-10-11,43.429083,43.638466,43.289496,43.420361,46880000
2010-10-12,43.350581,43.80424,42.97544,43.716999,88571700
2010-10-13,43.996185,44.27536,43.865321,44.074703,71122900
2010-10-14,44.100869,44.179387,43.769348,43.987453,68464000
2010-10-15,44.528335,44.929648,44.170643,44.920925,104654000
2010-10-18,44.929661,45.121595,44.755177,44.755177,72399400
2010-10-19,44.336422,44.755184,43.987452,44.336422,105739800
2010-10-20,44.458546,44.990723,44.380028,44.659203,80861400
2010-10-21,44.938375,45.11286,44.310234,44.746445,85885400
2010-10-22,44.755165,45.095409,44.676647,45.051788,47406900
2010-10-25,45.235011,45.566532,45.235011,45.269909,51413900
2010-10-26,45.043074,45.496733,44.859863,45.39204,60498300
2010-10-27,45.156483,45.566521,45.069242,45.531624,57483400
2010-10-28,45.723572,45.75847,45.226293,45.627605,61220000
2010-10-29,45.627562,45.793324,45.514147,45.522873,46668700
2010-11-01,45.688669,46.02019,45.348425,45.557808,60555600
2010-11-02,45.93294,46.177217,45.871871,46.046352,48137500
2010-11-03,46.089971,46.273178,45.679932,46.25573,126225800
2010-11-04,46.761742,46.988573,46.674501,46.822811,84201000
2010-11-05,46.848986,46.944953,46.683224,46.822811,77937100
2010-11-08,46.744293,46.962399,46.630878,46.883881,39623500
2010-11-09,47.067096,47.145614,46.421504,46.630886,66828700
2010-11-10,46.691951,46.910056,46.325533,46.866436,83553700
2010-11-11,46.159782,46.657061,45.941676,46.56982,85163600
2010-11-12,46.325542,46.561096,45.461848,45.810814,99164300
2010-11-15,46.046361,46.133605,45.618877,45.636326,56723400
2010-11-16,45.313532,45.583983,44.362593,44.886047,101097000
2010-11-17,44.91221,45.252453,44.798794,45.016899,77836200
2010-11-18,45.505447,46.055073,45.479276,45.741001,71488300
2010-11-19,45.679939,45.880595,45.488005,45.775906,54506100
2010-11-22,45.592708,46.159782,45.51419,46.159782,69918900
2010-11-23,45.688666,45.758462,45.165215,45.426941,76818300
2010-11-24,45.871882,46.456403,45.854434,46.342987,53444200
2010-11-26,46.046343,46.351692,45.950377,46.037621,23640300
2010-11-29,45.976548,46.151033,45.453094,46.00272,89269100
2010-11-30,45.522907,46.011464,45.261182,45.444389,118862100
2010-12-01,46.116156,46.639607,46.098707,46.404053,81758800
2010-12-02,46.47384,46.944948,46.421494,46.875153,56844600
2010-12-03,46.674489,47.058353,46.674489,46.997284,38014200
2010-12-06,47.006014,47.067083,46.831529,46.979839,39312000
2010-12-07,47.546927,47.564376,46.953681,47.006027,59067300
2010-12-08,47.128154,47.241569,46.840253,47.1805,48066900
2010-12-09,47.468402,47.494573,47.067089,47.224125,51679800
2010-12-10,47.363716,47.590543,47.189231,47.5382,44696200
2010-12-13,47.721398,47.756296,47.346257,47.372429,53110200
2010-12-14,47.494577,47.651613,47.311369,47.459682,69884800
2010-12-15,47.433501,47.721402,47.136878,47.250294,76951900
2010-12-16,47.29392,47.68651,47.163059,47.616718,65519400
2010-12-17,47.67616,47.79854,47.562519,47.658676,36844200
2010-12-20,47.746104,47.868484,47.343995,47.693657,48159600
2010-12-21,47.877212,47.982109,47.746088,47.982109,35775400
2010-12-22,47.964626,48.0433,47.894696,47.97337,35766500
2010-12-23,47.88595,47.964624,47.737346,47.850986,21664800
2010-12-27,47.711129,47.95589,47.387691,47.877216,29263700
2010-12-28,47.973369,48.008332,47.684898,47.789795,24160500
2010-12-29,47.920923,47.990856,47.842249,47.894699,24132700
2010-12-30,47.894692,47.903432,47.684895,47.781052,27553300
2010-12-31,47.719861,47.746084,47.387683,47.60622,38540100
2011-01-03,48.052047,48.681433,48.034564,48.349258,90994300
2011-01-04,48.524083,48.55905,48.008334,48.314289,43851500
2011-01-05,48.165669,48.742608,48.139446,48.725128,43787400
2011-01-06,48.77758,48.917444,48.672683,48.882477,46139600
2011-01-07,48.969892,48.996115,48.357986,48.838768,72261700
2011-01-10,48.733883,49.109768,48.585279,49.022354,55551800
2011-01-11,49.223413,49.26712,48.908718,49.092289,56663800
2011-01-12,49.328319,49.441959,49.127265,49.441959,51979300
2011-01-13,49.476922,49.590563,49.310835,49.459442,47364500
2011-01-14,49.476907,49.844052,49.354527,49.826569,43867400
2011-01-18,49.450689,50.027629,49.380759,49.966438,65805600
2011-01-19,50.053844,50.053844,49.232144,49.398232,67767200
2011-01-20,49.18844,49.258371,48.672691,49.048576,92357800
2011-01-21,49.293353,49.38077,48.646483,48.672707,59673300
2011-01-24,48.768856,49.354535,48.672698,49.345795,64103300
2011-01-25,49.101031,49.433209,48.996134,49.415726,55305100
2011-01-26,49.485649,49.809084,49.345785,49.677963,60547700
2011-01-27,49.835321,50.132533,49.756648,49.983929,53656100
2011-01-28,49.975164,50.018874,48.489111,48.716389,123359900
2011-01-31,48.786328,49.092279,48.419183,48.952415,70571300
2011-02-01,49.31955,49.983906,49.267104,49.870266,76952900
2011-02-02,49.765364,49.975159,49.686691,49.791588,48661000
2011-02-03,49.695443,49.948947,49.302078,49.879017,45341900
2011-02-04,49.870274,50.193708,49.739153,50.158745,47647800
2011-02-07,50.254896,50.674488,50.176223,50.39476,45627100
2011-02-08,50.412268,50.76193,50.316114,50.726963,38099900
2011-02-09,50.648266,50.805614,50.482179,50.639526,62540800
2011-02-10,50.307345,50.788127,50.254898,50.718197,70194700
2011-02-11,50.569612,51.120328,50.499682,51.085361,47853500
2011-02-14,51.085349,51.277663,51.032902,51.207733,48506100
2011-02-15,51.085344,51.198985,50.901774,51.137794,39723800
2011-02-16,51.268924,51.609842,51.251441,51.469978,53061700
2011-02-17,51.216471,51.548649,51.181504,51.452492,38361900
2011-02-18,51.452485,51.548642,51.14653,51.338844,44334300
2011-02-22,50.639539,50.81437,49.774129,49.852802,92598100
2011-02-23,49.852808,50.027639,49.066074,49.441959,97842900
2011-02-24,49.546819,49.85277,49.074777,49.704166,98716100
2011-02-25,49.983908,50.45595,49.931458,50.39476,54094600
2011-02-28,50.59581,50.744414,50.202442,50.499653,51402800
2011-03-01,50.7182,50.7182,49.564322,49.686703,91993900
2011-03-02,49.66048,50.272383,49.642997,49.948948,61552900
2011-03-03,50.412256,51.024162,50.412256,50.936749,64146600
2011-03-04,50.919245,50.927985,50.342306,50.674484,62328400
2011-03-07,50.88429,50.927997,49.538098,49.992657,98470000
2011-03-08,49.931451,50.420976,49.6255,50.193695,62399100
2011-03-09,50.01015,50.0626,49.581818,49.852802,84764200
2011-03-10,49.293336,49.406977,48.873744,49.074799,102894400
2011-03-11,48.795074,49.52936,48.795074,49.380756,81679400
2011-03-14,49.109768,49.468169,48.83004,49.205925,73565800
2011-03-15,47.763577,48.795075,47.614973,48.506607,101276500
2011-03-16,48.104501,48.375489,47.003073,47.335251,176507700
2011-03-17,48.087011,48.288069,47.317761,47.77232,94434500
2011-03-18,48.338677,48.338677,47.629615,47.664631,94887200
2011-03-21,48.391201,48.828892,47.708402,48.583786,57423000
2011-03-22,48.653819,48.68008,48.391202,48.49625,36162100
2011-03-23,48.321191,48.907697,47.988544,48.767635,60365100
2011-03-24,49.13529,49.739303,48.86392,49.634258,69502400
2011-03-25,49.791833,50.089464,49.660524,49.756817,74131100
2011-03-28,49.975663,49.984415,49.459186,49.485447,37824000
2011-03-29,49.37165,49.966911,49.222833,49.966911,47994800
2011-03-30,50.211999,50.273276,49.966893,50.203243,44935900
2011-03-31,50.115731,50.317069,50.028194,50.2733,50004300
2011-04-01,50.527158,50.684728,50.150743,50.299557,68031800
2011-04-04,50.439611,50.492136,49.914382,50.133228,48659100
2011-04-05,50.036946,50.325825,49.896885,50.00193,55349400
2011-04-06,50.387091,50.535905,49.835599,50.124474,49532100
2011-04-07,50.106974,50.42211,49.730559,50.089466,60697000
2011-04-08,50.317056,50.395841,49.590489,49.853104,42782200
2011-04-11,50.045686,50.150735,49.511705,49.686779,42451700
2011-04-12,49.45918,49.581733,49.152797,49.345379,50422800
2011-04-13,49.713035,49.896865,49.371636,49.765556,49979800
2011-04-14,49.42417,49.748064,49.222832,49.678032,53544100
2011-04-15,49.48544,49.783071,49.266594,49.590488,68530000
2011-04-18,49.09152,49.257842,48.426226,49.240334,69065000
2011-04-19,49.371648,49.546722,49.109031,49.546722,38608400
2011-04-20,50.422104,50.719734,50.360827,50.667213,67397500
2011-04-21,51.157426,51.18369,50.91232,51.069889,43666800
2011-04-25,51.113654,51.227455,51.017362,51.201195,25376800
2011-04-26,51.332497,51.673896,51.218696,51.490067,49400000
2011-04-27,51.586356,51.901494,51.350002,51.840218,56465500
2011-04-28,51.682659,51.848981,51.542598,51.761444,48100000
2011-04-29,51.66515,51.901504,51.630134,51.717674,44831200
2011-05-02,51.796442,51.945259,51.49006,51.621368,48149400
2011-05-03,51.595105,51.647629,51.061124,51.376259,38100000
2011-05-04,51.402538,51.533843,50.868553,51.297489,53097200
2011-05-05,51.043617,51.62137,50.842279,51.017353,72200000
2011-05-06,51.525092,51.822723,51.043632,51.183693,72507000
2011-05-09,51.271214,51.577597,51.069876,51.376259,40022000
2011-05-10,51.525086,51.892746,51.455054,51.813961,38053600
2011-05-11,51.735165,51.918998,51.087383,51.437534,61900000
2011-05-12,51.279979,51.81396,50.982348,51.743931,66100000
2011-05-13,51.621365,51.708902,51.113641,51.131149,63506600
2011-05-16,50.894803,51.052372,50.13322,50.247021,73115300
2011-05-17,49.984414,50.395845,49.879368,50.387093,63136000
2011-05-18,50.317058,50.894811,50.255781,50.807274,42351100
2011-05-19,50.964841,51.069886,50.640947,50.956085,35015800
2011-05-20,50.903562,50.956083,50.500883,50.570915,44703300
2011-05-23,49.879375,50.028192,49.5905,49.826851,43700000
2011-05-24,49.949413,49.958165,49.511721,49.520473,39314800
2011-05-25,49.459177,49.949393,49.432917,49.713039,41369000
2011-05-26,49.564221,50.159482,49.555468,50.019421,40564100
2011-05-27,50.106978,50.325824,50.063207,50.2733,30127200
2011-05-31,50.745988,51.087387,50.48337,51.087387,47590100
2011-06-01,50.964847,51.0874,49.931894,49.975662,51795000
2011-06-02,50.071959,50.255789,49.800589,50.080711,50198100
2011-06-03,49.502951,49.888122,49.257844,49.327873,57773700
2011-06-06,49.214091,49.485458,48.898952,48.925213,50175600
2011-06-07,49.056504,49.249086,48.802642,48.837658,46311100
2011-06-08,48.732625,48.820165,48.347457,48.487518,46426400
2011-06-09,48.505014,48.811397,48.347445,48.575047,45307500
2011-06-10,48.34744,48.443732,47.787195,47.830963,53740600
2011-06-13,47.857224,48.084825,47.664641,47.830963,37736800
2011-06-14,48.198627,48.557534,48.172363,48.443733,40565300
2011-06-15,47.97979,48.27742,47.428297,47.52459,59022400
2011-06-16,47.550853,47.708423,46.938084,47.340763,66316200
2011-06-17,47.727676,47.903142,47.052118,47.192493,70337000
2011-06-20,47.060874,47.578509,47.060874,47.438133,37402900
2011-06-21,47.604829,48.508498,47.40304,48.455856,55892800
2011-06-22,48.254082,48.534833,48.096159,48.104935,36833300
2011-06-23,47.587284,48.578684,47.429362,48.552364,80743300
2011-06-24,48.324261,48.368127,47.613609,47.710117,56298300
2011-06-27,47.762744,48.719052,47.657464,48.473396,49968900
2011-06-28,48.578682,49.201601,48.508496,49.192825,47028800
2011-06-29,49.306882,49.491124,49.043679,49.394615,65407300
2011-06-30,49.570088,50.087722,49.543768,50.052628,50347200
2011-07-01,50.078944,50.87733,49.938566,50.80714,53203900
2011-07-05,50.859784,51.114212,50.736956,51.061573,43128800
2011-07-06,51.000159,51.316004,50.833461,51.228268,49282700
2011-07-07,51.614303,52.079296,51.535342,51.930145,54799800
2011-07-08,51.482698,51.798544,51.21072,51.789768,69519500
2011-07-11,51.245828,51.509031,50.675551,50.851021,52080800
2011-07-12,50.842248,50.947529,50.412347,50.464989,84000700
2011-07-13,50.833456,51.184396,50.491291,50.675533,82378100
2011-07-14,50.807147,51.044031,49.894705,50.087723,98774200
2011-07-15,50.649228,50.754509,50.280744,50.754509,68281500
2011-07-18,50.473772,50.701885,49.991232,50.482548,59512200
2011-07-19,50.965088,51.67574,50.965088,51.63187,73904600
2011-07-20,51.92138,51.930152,51.324784,51.412518,57085500
2011-07-21,51.465155,52.044203,51.184404,51.754681,70148800
2011-07-22,51.728362,52.3776,51.693268,52.289864,43620400
2011-07-25,51.877519,52.474115,51.781011,52.184589,48916100
2011-07-26,52.149491,52.491659,52.04421,52.316189,40918900
2011-07-27,51.974019,52.017886,50.833465,50.965069,83969500
2011-07-28,50.991397,51.702049,50.789607,51.052811,61031900
2011-07-29,50.640464,51.421302,50.394804,50.88612,82860500
2011-08-01,51.500239,51.60552,50.035069,50.649212,85421100
2011-08-02,50.412358,50.64047,49.315675,49.368317,90853300
2011-08-03,49.429725,49.903493,48.56115,49.842079,103612300
2011-08-04,49.131417,49.210379,47.525871,47.525871,132830000
2011-08-05,48.008415,48.280391,45.902782,47.227577,214111800
2011-08-08,45.779957,46.604662,44.384975,44.384975,204804500
2011-08-09,45.051764,46.569577,43.805933,46.525707,193707100
2011-08-10,45.472888,46.534477,44.569218,44.621861,205917900
2011-08-11,45.26232,47.104747,45.042984,46.587112,143825300
2011-08-12,46.876634,47.288988,46.394094,46.999462,90483300
2011-08-15,47.19249,47.692577,46.964378,47.692577,73554300
2011-08-16,47.227576,47.683793,46.657299,47.28899,89219200
2011-08-17,47.350401,47.745204,46.516921,47.008236,84416600
2011-08-18,45.736098,45.74487,44.288474,44.700829,130019400
2011-08-19,44.235819,45.332502,43.858563,43.893654,96674600
2011-08-22,44.94648,44.955256,43.919986,44.051586,77107700
2011-08-23,44.349885,45.867695,44.165643,45.867695,75688400
2011-08-24,45.736093,46.315142,45.367606,46.227406,80197700
2011-08-25,46.201097,46.411661,45.314978,45.4729,93623700
2011-08-26,45.323733,46.771357,44.876288,46.613434,91573300
2011-08-29,47.07842,47.964538,47.060872,47.9119,45985800
2011-08-30,47.736445,48.517283,47.473241,48.22776,61617900
2011-08-31,48.517286,48.903321,47.903142,48.306725,60900400
2011-09-01,48.429551,48.815583,47.780313,47.86805,57158400
2011-09-02,47.008248,47.911914,46.490613,46.745041,58185700
2011-09-06,45.657131,46.824001,45.543075,46.753815,52992200
2011-09-07,47.42059,47.947,47.28899,47.938225,48952200
2011-09-08,47.692564,48.403213,47.560961,47.718884,61422800
2011-09-09,47.385507,47.587299,46.367784,46.65731,63663500
2011-09-12,46.139657,47.288982,46.122109,47.253887,65973000
2011-09-13,47.429384,47.98211,47.201272,47.885605,59020000
2011-09-14,48.131265,49.113893,47.657497,48.569939,90757300
2011-09-15,49.09632,49.37707,48.596232,49.289337,83536100
2011-09-16,49.398335,49.793874,49.301648,49.741135,91902100
2011-09-19,49.125843,50.022397,48.721516,49.758705,73042900
2011-09-20,50.013618,50.409153,49.424703,49.538971,66570100
2011-09-21,49.79386,50.039971,48.668771,48.677563,79938000
2011-09-22,47.438216,47.868912,46.365867,47.095417,151885500
2011-09-23,46.699889,47.798607,46.66473,47.596443,85940600
2011-09-26,47.833761,48.238092,46.770203,48.150192,96261400
2011-09-27,48.967638,49.398337,48.325988,48.651207,81148600
2011-09-28,48.862164,49.196175,47.816186,47.93045,76757100
2011-09-29,48.660001,48.721528,46.559253,47.359119,116900200
2011-09-30,46.726244,47.121783,46.110961,46.137333,104870100
2011-10-03,45.724227,46.453774,44.924361,44.950729,99149500
2011-10-04,44.493653,45.961541,44.036587,45.873642,137013700
2011-10-05,45.759382,47.183319,45.407791,47.051472,108825700
2011-10-06,46.989939,47.851333,46.770195,47.842545,71939200
2011-10-07,47.816182,48.044714,47.21848,47.526119,72525200
2011-10-10,48.334781,49.169804,48.246882,49.169804,48230200
2011-10-11,49.037952,49.626863,48.958844,49.503807,66449100
2011-10-12,49.978459,50.303678,49.714767,49.749924,85627600
2011-10-13,49.653257,50.268536,49.600517,50.207008,63443700
2011-10-14,50.82226,51.147479,50.549777,51.138691,65643600
2011-10-17,50.901392,51.059607,50.075157,50.347637,65161300
2011-10-18,50.268532,51.235406,49.802677,50.971714,91434600
2011-10-19,50.69041,50.848626,49.820228,49.987232,67639400
2011-10-20,49.978458,50.031194,49.037956,49.741135,80378300
2011-10-21,50.268531,50.68165,49.908152,50.365219,60455800
2011-10-24,50.549793,51.551826,50.374,51.41119,61449500
2011-10-25,51.244178,51.261758,50.294888,50.400364,65299200
2011-10-26,50.681636,50.787112,49.407123,50.338837,98193800
2011-10-27,51.543051,52.035277,51.006876,51.727634,104455500
2011-10-28,51.437565,51.86826,51.419985,51.806732,42950000
2011-10-31,51.35845,51.543033,50.901383,50.936543,60520200
2011-11-01,49.679607,50.90138,49.328016,49.609287,99933000
2011-11-02,50.127892,50.242159,49.556561,50.031204,65003800
2011-11-03,50.426747,51.138717,49.846624,51.068398,78994200
2011-11-04,50.822256,51.024419,50.294873,50.804676,61527800
2011-11-07,50.769527,51.200226,50.250932,51.165066,65559000
2011-11-08,51.534254,51.841894,50.954131,51.753998,62906900
2011-11-09,50.751948,50.831055,49.776286,49.934502,69539000
2011-11-10,50.426721,50.470669,49.424692,49.908127,66052400
2011-11-11,50.338826,50.998056,50.277298,50.848629,54471000
2011-11-14,50.707996,50.989267,50.347617,50.532204,44617600
2011-11-15,50.382791,51.296925,50.330051,51.094761,52203900
2011-11-16,50.725585,51.121124,50.154254,50.250938,68342800
2011-11-17,50.119114,50.136693,48.765492,49.073135,101706900
2011-11-18,49.081903,49.134643,48.607257,48.695156,60417000
2011-11-21,48.03593,48.106246,47.27122,47.763447,52283700
2011-11-22,47.640386,48.062293,47.350323,47.921658,51940100
2011-11-23,47.561277,47.614014,46.814147,46.840519,48437300
2011-11-25,46.638356,47.174528,46.471349,46.480141,25448100
2011-11-28,47.61402,48.158986,47.587651,48.097458,46710700
2011-11-29,48.071083,48.431462,47.657967,47.798603,52056700
2011-11-30,49.099475,49.609279,48.932468,49.565331,66918600
2011-12-01,49.556539,50.039974,49.530168,49.908127,45362200
2011-12-02,50.400368,50.400368,49.723558,49.767506,36938900
2011-12-05,50.514629,50.646473,50.031191,50.312466,40492200
2011-12-06,50.356409,50.497045,50.004818,50.171825,38670000
2011-12-07,50.031186,50.400357,49.530172,50.171825,44576200
2011-12-08,49.846609,50.23336,49.231327,49.328014,51692600
2011-12-09,49.451073,50.268519,49.433496,50.119095,55757900
2011-12-12,49.591709,50.110304,49.134646,49.556553,55411700
2011-12-13,49.881751,50.083915,48.809403,49.011566,68557700
2011-12-14,48.827002,48.862162,47.9744,48.24688,63682800
2011-12-15,48.660003,48.712739,48.04472,48.11504,58732900
2011-12-16,48.371565,49.023926,48.28341,48.362751,60978900
2011-12-19,48.547886,48.662491,47.754475,47.886711,46733900
2011-12-20,48.662498,49.367751,48.636049,49.306042,81758800
2011-12-21,49.015111,49.050374,48.036574,48.600777,78552300
2011-12-22,48.706578,49.041575,48.636051,49.015125,40334100
2011-12-23,49.112085,49.438267,48.997483,49.438267,26594600
2011-12-27,49.402104,49.781506,49.349162,49.622688,21443500
2011-12-28,49.560899,49.640309,48.916793,49.049145,38180100
2011-12-29,49.128555,49.437371,48.969734,49.402081,28077900
2011-12-30,49.296205,49.516789,49.252089,49.260914,21832400
2012-01-03,50.213835,50.460889,50.072661,50.205013,39514100
2012-01-04,50.125609,50.487367,49.905024,50.416779,29403400
2012-01-05,50.310899,50.875594,50.116783,50.831478,41260600
2012-01-06,50.840296,51.122644,50.646184,51.007942,46325200
2012-01-09,51.140293,51.15794,50.672655,50.840298,39195500
2012-01-10,51.378535,51.528534,50.857955,51.210892,35949900
2012-01-11,51.202041,51.431451,51.007929,51.316746,37144100
2012-01-12,51.431467,51.590288,51.052061,51.519699,26188300
2012-01-13,51.246175,51.352055,50.893239,51.334408,35980400
2012-01-17,51.784401,52.022632,51.607936,51.802048,41790800
2012-01-18,51.899101,52.490269,51.775574,52.490269,48692700
2012-01-19,52.728487,52.913781,52.631433,52.816723,47774500
2012-01-20,52.587317,52.763785,52.552026,52.737316,41041700
2012-01-23,52.746157,53.125562,52.446162,52.754982,40958300
2012-01-24,52.516732,52.799079,52.419674,52.657906,38440200
2012-01-25,53.169661,53.452012,52.790259,53.31966,61591800
2012-01-26,53.549092,53.64615,52.878517,53.134396,37852700
2012-01-27,53.019668,53.390248,52.993199,53.293194,45532300
2012-01-30,52.843204,53.416725,52.640267,53.337315,42797800
2012-01-31,53.602029,53.699086,53.063802,53.407913,51449600
2012-02-01,53.716718,54.03436,53.522602,53.840244,46146700
2012-02-02,54.016714,54.184357,53.79613,54.007889,46373600
2012-02-03,54.510834,54.810829,54.422601,54.749065,36453800
2012-02-06,54.546105,54.722573,54.404931,54.704926,28541300
2012-02-07,54.660816,54.925517,54.413759,54.819637,37935700
2012-02-08,54.82845,55.110798,54.625513,55.110798,41171100
2012-02-09,55.32258,55.569633,54.98729,55.50787,46856400
2012-02-10,55.110819,55.26964,54.925529,55.119644,58090500
2012-02-13,55.534351,55.701997,55.278476,55.631409,36810200
2012-02-14,55.507871,55.781397,55.313756,55.772572,51648200
2012-02-15,56.037274,56.346094,55.29611,55.384346,105709100
2012-02-16,55.401987,56.204914,55.260813,56.14315,83642300
2012-02-17,56.151961,56.196077,55.719618,55.966671,76112300
2012-02-21,56.028438,56.372549,55.77256,56.125496,38141300
2012-02-22,56.01962,56.187263,55.790211,55.869621,43174700
2012-02-23,55.940201,56.30196,55.666675,56.240196,54250000
2012-02-24,56.399032,56.531384,56.293152,56.434326,41364900
2012-02-27,56.125495,56.699015,55.878441,56.513725,42678500
2012-02-28,56.566674,57.08725,56.496085,57.08725,43717500
2012-02-29,57.131378,57.316668,56.64609,56.831387,59784400
2012-03-01,57.043136,57.334309,56.87549,57.281364,67558900
2012-03-02,57.201946,57.42253,57.05195,57.23724,33358200
2012-03-05,57.201961,57.27255,56.460797,56.646084,45788800
2012-03-06,56.090214,56.222566,55.790219,56.090214,54638600
2012-03-07,56.354917,56.654912,56.266685,56.52256,42741800
2012-03-08,56.857852,57.299021,56.734325,57.131374,43711100
2012-03-09,57.228416,57.47547,57.193122,57.369587,43117200
2012-03-12,57.351953,57.44901,57.104899,57.396072,32687300
2012-03-13,57.704888,58.463699,57.59018,58.463699,61559100
2012-03-14,58.525444,58.887199,58.30486,58.666615,59926900
2012-03-15,58.843103,58.957805,58.543105,58.834278,65531200
2012-03-16,58.925313,58.925313,58.651326,58.792736,53023100
2012-03-19,58.889949,59.349547,58.730858,59.20813,60966200
2012-03-20,58.898798,59.37607,58.739707,59.314201,47290600
2012-03-21,59.323017,59.650032,59.243468,59.323017,39648100
2012-03-22,58.969504,59.340713,58.934149,59.199303,56953900
2012-03-23,59.270008,59.287688,58.82809,59.163952,45541700
2012-03-26,59.561681,60.198044,59.508653,60.198044,40855300
2012-03-27,60.24222,60.53388,60.215699,60.286407,37278200
2012-03-28,60.321781,60.55158,59.694259,60.047794,44421900
2012-03-29,59.747289,60.038956,59.393753,59.817997,53975300
2012-03-30,60.083133,60.11848,59.464444,59.703083,39480900
2012-04-02,59.641234,60.401327,59.535172,60.321785,40031600
2012-04-03,60.374806,60.586931,59.968242,60.304104,45539900
2012-04-04,59.853357,59.888711,59.137452,59.482147,54088100
2012-04-05,59.376076,59.906376,59.331881,59.853348,42979900
2012-04-09,59.110924,59.641231,59.004868,59.402592,36908200
2012-04-10,59.376074,59.605873,58.262439,58.448044,69254200
2012-04-11,58.960672,59.119763,58.580623,58.730873,62950000
2012-04-12,58.845778,59.46446,58.757395,59.402592,57407400
2012-04-13,59.19931,59.393749,58.474566,58.50108,55227500
2012-04-16,58.792723,58.828077,57.661415,57.847019,57588000
2012-04-17,58.094488,59.208115,58.006099,59.022511,47362400
2012-04-18,58.854596,59.216972,58.695512,58.872276,42536100
2012-04-19,58.660177,59.367242,57.997301,58.209419,81110900
2012-04-20,58.527611,58.783924,57.961957,58.050339,59906900
2012-04-23,57.502339,57.608402,56.998553,57.52002,70514400
2012-04-24,57.413957,57.652596,56.963198,57.210678,49661500
2012-04-25,58.395018,58.766227,58.306636,58.730873,57526900
2012-04-26,58.722029,59.208134,58.64248,59.075558,41799500
2012-04-27,59.323029,59.614689,59.013681,59.429085,46003800
2012-04-30,59.252302,59.367198,58.960635,59.004829,37787700
2012-05-01,58.943006,59.773807,58.854617,59.102097,37643800
2012-05-02,58.810405,59.314191,58.668988,59.269997,38299300
2012-05-03,59.305375,59.349569,58.492248,58.642498,51297600
2012-05-04,58.103348,58.642488,57.175325,57.184158,107554000
2012-05-07,56.839449,57.511166,56.821775,57.237179,50267800
2012-05-08,56.874797,57.219492,56.105861,57.025047,72659700
2012-05-09,56.362185,57.166475,56.132385,56.848293,85715300
2012-05-10,57.104608,57.122281,56.521276,56.733398,49448900
2012-05-11,56.538963,57.325576,56.485931,56.724567,47099900
2012-05-14,56.238443,56.63617,56.105866,56.194252,46360000
2012-05-15,56.344502,56.804094,55.911422,56.008644,66908600
2012-05-16,56.203111,56.371038,55.51372,55.628616,52825900
2012-05-17,55.646286,55.734672,54.444269,54.45311,62253900
2012-05-18,54.621051,54.762465,53.701861,53.746056,79496500
2012-05-21,53.852092,55.301582,53.781384,55.24855,61473000
2012-05-22,55.407631,55.63743,54.788949,55.186672,62954800
2012-05-23,54.718253,55.425321,54.240981,55.292747,56951100
2012-05-24,55.372307,55.425335,54.523822,54.930389,83131200
2012-05-25,54.983413,55.080635,54.700586,54.859676,32078900
2012-05-29,55.372302,55.81422,55.045281,55.557907,44216700
2012-05-30,55.054104,55.2839,54.514964,55.089458,56431800
2012-05-31,55.01875,55.160163,54.435419,54.850822,55260100
2012-06-01,53.86093,54.196788,53.374821,53.392498,71430800
2012-06-04,53.54274,53.878595,53.065468,53.799049,74119500
2012-06-05,53.61346,54.126086,53.586946,54.020023,47916900
2012-06-06,54.426589,55.301584,54.373557,55.257393,58781800
2012-06-07,55.84072,55.84072,54.992239,55.03643,38414800
2012-06-08,54.948056,55.63745,54.762452,55.566742,39730800
2012-06-11,55.990972,56.017489,54.594513,54.629868,51008900
2012-06-12,54.886181,55.319261,54.514971,55.292747,48802600
2012-06-13,55.133656,55.549056,54.727089,54.912697,50840100
2012-06-14,54.903856,55.336937,54.621029,55.115978,65170600
2012-06-15,55.26924,55.88049,55.242665,55.800762,41536100
2012-06-18,55.570425,56.465152,55.48184,56.323414,32191200
2012-06-19,56.606901,57.14728,56.562605,56.908092,36476500
2012-06-20,57.03211,57.200427,56.527169,56.952385,51389700
2012-06-21,56.908089,56.970099,55.472986,55.534996,42492700
2012-06-22,55.72103,56.190538,55.570431,56.119667,29504200
2012-06-25,55.659029,55.676743,54.879465,55.038921,33136400
2012-06-26,55.224951,55.543863,54.976909,55.384407,30611100
2012-06-27,55.597011,55.969077,55.535,55.721035,35705800
2012-06-28,55.304674,55.34011,54.516253,55.100925,49793400
2012-06-29,56.163981,56.837242,55.995664,56.837242,44761300
2012-07-02,56.916965,57.032125,56.580335,57.00555,33425600
2012-07-03,57.040969,57.483902,56.952383,57.483902,15895100
2012-07-05,57.430763,57.802825,57.120711,57.519348,37016200
2012-07-06,57.253576,57.306732,56.38543,56.801788,40684100
2012-07-09,56.739773,56.925804,56.411999,56.695477,35628300
2012-07-10,57.005528,57.14727,55.915912,56.137379,47365700
2012-07-11,56.066516,56.217112,55.36668,55.827332,43432000
2012-07-12,55.384408,55.535004,54.799736,55.30468,57680400
2012-07-13,55.455258,56.270257,55.419826,56.146236,32357200
2012-07-16,56.022225,56.270267,55.765323,55.98679,27621400
2012-07-17,56.341128,56.465152,55.481839,56.279118,42467800
2012-07-18,56.172806,57.209271,56.155088,57.040955,44489700
2012-07-19,57.439625,57.855984,57.333325,57.669952,53017800
2012-07-20,57.652224,57.669939,56.881518,56.908092,40573100
2012-07-23,55.80077,56.412017,55.375551,56.217125,48657800
2012-07-24,56.314557,56.394285,55.410972,55.774178,57269700
2012-07-25,55.340097,55.765312,55.05662,55.402107,46264400
2012-07-26,56.199389,56.456291,55.783034,56.137379,41928200
2012-07-27,56.544892,57.572494,56.376575,57.466194,42621000
2012-07-30,57.607925,57.855967,57.227002,57.421894,37821300
2012-07-31,57.51049,57.740817,57.351033,57.40419,34588300
2012-08-01,57.811689,57.829404,57.005547,57.235874,30920200
2012-08-02,56.801784,57.599059,56.615749,57.032104,40534900
2012-08-03,57.953409,58.360907,57.749664,58.112865,42117400
2012-08-06,58.414062,58.8127,58.290042,58.555798,23523600
2012-08-07,58.803861,59.28223,58.715276,59.043049,28223300
2012-08-08,58.892432,59.140474,58.794986,59.016453,20723500
2012-08-09,59.007599,59.273362,58.901292,59.19363,20726200
2012-08-10,58.98105,59.246806,58.830454,59.229092,20312000
2012-08-13,59.211344,59.379661,58.910152,59.3708,19890300
2012-08-14,59.592277,59.716305,59.229075,59.397392,24218700
2012-08-15,59.353089,59.636567,59.344229,59.547981,29100400
2012-08-16,59.769449,60.389553,59.698578,60.256672,35699900
2012-08-17,60.389541,60.531283,60.247806,60.522423,22584800
2012-08-20,60.478123,60.619864,60.238941,60.611004,26924000
2012-08-21,60.770483,61.018524,60.132657,60.371845,41391000
2012-08-22,60.238946,60.735029,60.070629,60.619869,44555700
2012-08-23,60.345246,60.540131,59.964323,60.123779,28800400
2012-08-24,59.982049,60.637589,59.884603,60.495853,38384800
2012-08-27,60.752771,60.832496,60.460434,60.593315,20671400
2012-08-28,60.540158,60.761625,60.336413,60.593315,27337900
2012-08-29,60.593315,60.743911,60.336413,60.593315,26672400
2012-08-30,60.327547,60.354122,59.884614,59.982059,24425400
2012-08-31,60.416147,60.637614,59.769468,60.380718,42128000
2012-09-04,60.265538,60.549015,59.725158,60.318687,32017200
2012-09-05,60.292107,60.54901,60.097216,60.256672,26129300
2012-09-06,60.628708,61.61202,60.610987,61.594299,43100000
2012-09-07,61.452591,61.612048,61.32857,61.505741,32958600
2012-09-10,61.346315,61.479196,60.673054,60.71735,25490000
2012-09-11,60.726176,60.965357,60.522423,60.619869,29810100
2012-09-12,60.841358,60.956518,60.424999,60.797062,42203400
2012-09-13,60.850184,61.886647,60.788174,61.620884,45417800
2012-09-14,61.842359,62.391598,61.824644,62.170132,38880300
2012-09-17,62.205588,62.223303,61.975261,62.196728,31798400
2012-09-18,62.037287,62.276475,62.028426,62.249893,27169800
2012-09-19,62.241,62.524477,62.063823,62.365021,36484600
2012-09-20,62.063833,62.365031,61.895523,62.30302,42520200
2012-09-21,62.613957,62.667258,62.258598,62.320786,23678500
2012-09-24,61.805529,62.063164,61.672269,61.956554,32341600
2012-09-25,62.116467,62.258613,61.059283,61.085934,41299600
2012-09-26,61.005982,61.041519,60.2775,60.588436,32770400
2012-09-27,60.739459,61.565665,60.63285,61.423519,25339500
2012-09-28,61.219171,61.405733,60.863813,60.917114,30112600
2012-10-01,61.210298,61.592308,60.632841,60.828289,37715300
2012-10-02,61.094797,61.281365,60.526225,61.005959,33254300
2012-10-03,61.174764,61.512351,60.934894,61.396862,38236000
2012-10-04,61.494573,61.778859,61.299125,61.610062,26128600
2012-10-05,61.921006,62.00985,61.121457,61.281368,25207900
2012-10-08,60.926017,61.050391,60.579544,60.721684,30911500
2012-10-09,60.561765,60.71279,59.611184,59.75333,67974000
2012-10-10,59.735572,59.904369,59.344683,59.451286,45134300
2012-10-11,59.895506,59.939929,59.229211,59.264748,30469400
2012-10-12,59.255836,59.575658,59.122583,59.238071,24891200
2012-10-15,59.460173,59.753345,59.104814,59.673386,22220100
2012-10-16,59.762232,60.588438,59.744467,60.517372,33960600
2012-10-17,60.206413,60.677267,60.12646,60.481819,33439400
2012-10-18,60.286387,60.481834,59.557904,59.780003,61707600
2012-10-19,59.708923,59.762224,58.278609,58.349682,75362600
2012-10-22,58.323025,58.802758,58.189764,58.651726,38621500
2012-10-23,58.171981,58.58952,57.914346,58.092022,52591200
2012-10-24,58.420757,58.518481,57.798877,57.887722,39872400
2012-10-25,58.287496,58.38522,57.718925,57.887722,52688700
2012-10-26,57.887709,58.296369,57.434627,58.056499,54213100
2012-10-31,57.985442,58.092052,57.505716,57.701157,38524500
2012-11-01,58.065396,58.633967,57.896599,58.518478,26945000
2012-11-02,58.784985,58.820521,57.84329,57.896591,44083000
2012-11-05,57.905468,58.394087,57.781093,58.278591,28094700
2012-11-06,58.376318,58.784979,58.15422,58.385204,29608400
2012-11-07,57.763323,57.834396,56.768327,57.00819,70737800
2012-11-08,57.168111,57.301371,56.110924,56.110924,58585800
2012-11-09,56.146458,56.954896,56.110922,56.350788,51542100
2012-11-12,56.679513,56.741701,56.190897,56.341923,32663700
2012-11-13,55.906585,56.484042,55.773325,55.951004,43288300
2012-11-14,56.226414,56.288602,55.204761,55.293602,82655300
2012-11-15,55.329135,55.5157,54.902707,55.107037,55124200
2012-11-16,55.151464,55.50682,54.467401,55.346909,70873100
2012-11-19,55.951006,56.706143,55.933238,56.66172,55306400
2012-11-20,56.643953,56.759445,56.137569,56.679489,52012700
2012-11-21,56.741674,56.874931,56.501808,56.794979,19611700
2012-11-23,57.114814,57.674499,57.079277,57.656734,16462900
2012-11-26,57.514584,57.941016,57.336908,57.905479,26430900
2012-11-27,57.896584,58.100917,57.612298,57.710022,25828600
2012-11-28,57.434614,58.251934,57.079256,58.207512,37295800
2012-11-29,58.51848,58.758343,58.260845,58.554016,41136100
2012-11-30,58.562894,58.607316,58.287494,58.456291,33497400
2012-12-03,58.909357,58.962665,58.314135,58.340786,28240000
2012-12-04,58.367413,58.4296,57.923216,58.305225,49584500
2012-12-05,58.21642,58.225306,57.345798,57.656734,54076200
2012-12-06,57.479044,58.171996,57.328018,58.02985,47512300
2012-12-07,58.314146,58.376334,57.48794,57.683388,30089400
2012-12-10,57.523469,58.154227,57.523469,57.852177,33219600
2012-12-11,58.251975,58.936035,58.207553,58.607334,40750800
2012-12-12,58.918244,58.918244,58.323022,58.482933,45917700
2012-12-13,58.367415,58.776082,57.772194,58.020943,45467700
2012-12-14,57.630076,57.816638,57.274718,57.470165,39630300
2012-12-17,57.523478,58.251961,57.443526,58.234196,42302900
2012-12-18,58.527368,59.211435,58.367457,59.122597,55596000
2012-12-19,59.291362,59.309133,58.8294,58.864937,34832500
2012-12-20,58.97154,58.998197,58.571765,58.864937,40754300
2012-12-21,57.959981,58.317319,57.709846,58.24585,51152900
2012-12-24,58.093969,58.192237,57.995701,58.129704,11418300
2012-12-26,58.1744,58.227998,57.432924,57.620525,21751300
2012-12-27,57.674116,57.745585,56.816509,57.531185,52933200
2012-12-28,57.093438,57.557976,56.950503,56.977303,33082100
2012-12-31,56.914757,58.290503,56.798625,58.1833,57544000
2013-01-02,59.612675,60.059345,59.389339,60.032539,70695900
2013-01-03,60.032513,60.15758,59.541179,59.719845,47366500
2013-01-04,59.746647,59.746647,59.380381,59.523312,33972500
2013-01-07,59.371473,59.639478,59.183872,59.54121,26766200
2013-01-08,59.532275,59.693077,59.112404,59.425072,28734900
2013-01-09,59.514404,59.809201,59.45187,59.648399,25600300
2013-01-10,60.059346,60.095074,59.451874,60.005741,37528000
2013-01-11,59.978932,60.112935,59.853865,60.086136,21158600
2013-01-14,59.782392,59.987864,59.559057,59.818127,36768500
2013-01-15,59.523312,59.612651,59.255313,59.523312,31675300
2013-01-16,59.603751,59.970018,59.496548,59.764553,33822300
2013-01-17,60.005734,60.282674,59.907466,60.050404,32024200
2013-01-18,59.871735,59.978938,59.6484,59.916405,31992000
2013-01-22,59.978952,60.059356,59.612686,60.014687,32123100
2013-01-23,60.35414,60.559612,60.264808,60.380939,31975700
2013-01-24,59.55014,60.104008,59.460801,59.55014,42596300
2013-01-25,59.737727,60.023596,59.621588,59.853859,39240100
2013-01-28,59.862798,60.19333,59.791329,59.987865,32926100
2013-01-29,59.916372,60.130772,59.5233,59.996777,35554700
2013-01-30,60.104017,60.282689,59.73775,59.871746,34445000
2013-01-31,59.84494,60.166543,59.684138,59.737743,34870500
2013-02-01,60.157602,60.550674,59.916403,60.443478,53120800
2013-02-04,60.095058,60.264795,59.371454,59.389324,48483700
2013-02-05,59.648397,60.452406,59.505466,60.264805,35120300
2013-02-06,60.068253,60.345193,59.889587,60.068253,43593200
2013-02-07,60.139755,60.184425,59.460813,60.121891,46017900
2013-02-08,60.425621,60.863356,60.416685,60.738289,39837200
2013-02-11,60.774013,60.800812,60.550678,60.756149,17650400
2013-02-12,60.675742,60.791881,60.443478,60.506012,22057900
2013-02-13,60.684679,60.952684,60.541741,60.720413,23494700
2013-02-14,60.443486,60.791889,60.407751,60.702549,24478800
2013-02-15,60.693602,60.845468,60.354128,60.523865,25333600
2013-02-19,60.640009,60.979483,60.622145,60.961613,23436500
2013-02-20,60.943757,60.970557,60.014681,60.023617,38200300
2013-02-21,59.800258,59.862791,59.165986,59.380386,45855600
2013-02-22,59.71985,59.987855,59.48758,59.97892,21968000
2013-02-25,60.363054,60.577454,59.183844,59.237442,40927600
2013-02-26,59.317877,59.568011,58.924804,59.460808,42088800
2013-02-27,59.46078,60.434526,59.380383,60.068253,36339500
2013-02-28,60.077206,60.514941,59.934268,59.943203,28557300
2013-03-01,59.737737,60.30054,59.442933,60.193336,31617200
2013-03-04,59.996811,60.470281,59.916407,60.461346,19380500
2013-03-05,60.818645,61.435046,60.818645,61.354649,35581900
2013-03-06,61.542279,61.56015,61.122408,61.202812,29071100
2013-03-07,61.274296,61.461904,61.149229,61.363636,21775900
2013-03-08,61.569069,61.658402,61.193867,61.435066,26159900
2013-03-11,61.354684,61.631618,61.167084,61.613754,23187900
2013-03-12,61.435048,61.577985,61.095581,61.390385,27575400
2013-03-13,61.470815,61.542283,61.095613,61.310013,34297300
2013-03-14,61.5244,61.649467,61.381462,61.515465,31530800
2013-03-15,61.559356,61.595173,61.192235,61.34446,30752600
2013-03-18,60.780356,61.460869,60.64605,61.210155,36163000
2013-03-19,61.39817,61.514571,60.547535,61.093735,33125100
2013-03-20,61.523525,61.657838,61.236995,61.523525,28035400
2013-03-21,60.959428,61.111646,60.681847,60.825115,30050800
2013-03-22,61.075835,61.460861,61.004201,61.416088,28837200
2013-03-25,61.613077,61.74739,60.896754,61.192234,24909800
2013-03-26,61.42503,61.541437,61.290717,61.523525,19725200
2013-03-27,61.102692,61.648892,61.013153,61.604126,22539500
2013-03-28,61.604122,61.836924,61.460854,61.75634,23662800
2013-04-01,61.801131,61.86381,61.165392,61.335522,28112800
2013-04-02,61.631003,62.024979,61.577274,61.819038,29431900
2013-04-03,61.854855,61.944394,61.102708,61.254932,35131200
2013-04-04,61.228046,61.425037,60.941516,61.27282,32287400
2013-04-05,60.305779,60.851979,60.162517,60.76244,55610800
2013-04-08,60.789288,61.102679,60.610209,61.084774,17891600
2013-04-09,61.245937,61.747364,60.968356,61.496651,30931400
2013-04-10,61.711573,62.830834,61.675756,62.696522,55271300
2013-04-11,62.544344,62.812969,62.472709,62.669701,37233600
2013-04-12,62.517438,62.669656,62.150324,62.624889,32783700
2013-04-15,62.392089,62.490585,61.317601,61.389229,48795800
2013-04-16,61.73842,62.275671,61.613064,62.204037,27682600
2013-04-17,61.666791,61.684696,60.628114,60.986279,60204800
2013-04-18,61.147476,61.183293,59.884946,60.144615,56798200
2013-04-19,60.261017,61.093747,60.17147,60.968384,43062800
2013-04-22,61.183293,61.819033,60.959441,61.595181,34412100
2013-04-23,61.9444,62.410009,61.622052,62.186157,53078300
2013-04-24,62.033915,62.383123,61.890653,62.159271,44500700
2013-04-25,62.320452,62.72339,62.311496,62.490582,26437100
2013-04-26,62.338356,62.472662,62.024958,62.293583,24079800
2013-04-29,62.490602,63.108437,62.463741,62.866673,31664000
2013-04-30,62.947252,63.332278,62.714444,63.323322,30135800
2013-05-01,63.341205,63.4397,62.902456,63.027813,28537200
2013-05-02,63.135283,63.959058,63.081554,63.824745,31744200
2013-05-03,64.442592,64.773889,64.388869,64.576904,34061700
2013-05-06,64.693286,64.926094,64.639564,64.827599,19244300
2013-05-07,64.935025,64.979798,64.549999,64.791763,25838100
2013-05-08,64.75597,65.158901,64.648518,65.105179,24252100
2013-05-09,64.979823,65.454389,64.890284,65.01564,29337200
2013-05-10,65.149953,65.436483,65.033545,65.409622,20663700
2013-05-13,65.302146,65.651355,65.239468,65.490181,29730100
2013-05-14,65.508103,66.027435,65.481235,65.830444,36009800
2013-05-15,65.705113,66.027461,65.543939,65.964783,27214400
2013-05-16,66.018491,66.349788,65.857317,65.893127,27253400
2013-05-17,66.233398,66.555746,66.018502,66.528885,31114500
2013-05-20,66.403513,66.64527,66.161749,66.430374,25132400
2013-05-21,66.394554,66.743763,66.161746,66.501999,25900000
2013-05-22,66.582614,67.110902,65.579754,65.920013,59843200
2013-05-23,65.337992,65.991636,65.212635,65.767784,48222100
2013-05-24,65.329018,65.749862,65.149939,65.731956,26430300
2013-05-28,66.502011,66.743776,65.955818,66.161758,27057100
2013-05-29,65.902111,66.081197,65.472318,65.848389,32090300
2013-05-30,65.875216,66.510955,65.85731,66.197563,32390500
2013-05-31,65.946864,66.448291,65.517065,65.588699,38347600
2013-06-03,65.597664,65.723021,64.854473,65.705109,47613100
2013-06-04,65.839419,66.099088,65.096227,65.364853,35251900
2013-06-05,65.14993,65.400643,64.460462,64.514191,48654200
2013-06-06,64.603746,64.836555,63.994868,64.827599,62524100
2013-06-07,65.096239,65.785708,64.935065,65.714073,31969800
2013-06-10,65.839386,66.045333,65.597629,65.740891,25390000
2013-06-11,65.087265,65.669275,64.863413,65.087265,40278900
2013-06-12,65.463338,65.490199,64.236626,64.335121,42081900
2013-06-13,64.245583,65.29321,64.066504,65.149948,28221500
2013-06-14,65.149961,65.221588,64.621666,64.720161,27690700
2013-06-17,65.230539,65.723017,65.006687,65.346947,32441900
2013-06-18,65.436481,66.009542,65.418569,65.884186,24853100
2013-06-19,65.902088,65.973723,65.078314,65.149948,43145100
2013-06-20,64.397804,64.612708,63.385995,63.600891,60908400
2013-06-21,63.577513,63.748181,62.733164,63.26313,51558900
2013-06-24,62.742165,63.119425,62.113399,62.63438,41492300
2013-06-25,63.236225,63.344009,62.706258,63.092503,28897400
2013-06-26,63.631429,63.775151,63.406869,63.658382,23742300
2013-06-27,63.990718,64.332054,63.891911,63.927841,23545000
2013-06-28,63.730255,64.394959,63.58654,64.017693,28301100
2013-07-01,64.448849,64.942884,64.350041,64.412918,24942800
2013-07-02,64.385965,64.835086,64.089544,64.439857,23067900
2013-07-03,64.206304,65.005738,64.152405,64.700333,18847500
2013-07-05,65.068628,65.221328,64.547647,65.194382,28795900
2013-07-08,65.535716,65.562662,65.014734,65.257263,20558500
2013-07-09,65.562658,65.796203,65.257259,65.652481,26108600
2013-07-10,65.589589,66.128539,65.553665,66.029732,25598900
2013-07-11,66.739336,67.395048,66.694421,67.341156,47768900
2013-07-12,67.38609,67.682512,67.206445,67.637604,31412600
2013-07-15,67.709423,67.835176,67.520793,67.790268,19783600
2013-07-16,67.844177,67.89807,67.529794,67.700462,31747100
2013-07-17,67.907062,68.032816,67.682502,67.871132,24631500
2013-07-18,67.862146,68.032807,67.592671,67.700462,36278800
2013-07-19,67.116608,67.13457,66.802225,66.999832,37732400
2013-07-22,67.251356,67.350163,66.990865,67.197456,21135900
2013-07-23,67.323181,67.332166,66.649501,66.7034,24739500
2013-07-24,67.359128,67.386074,66.766292,66.918991,24426900
2013-07-25,67.233365,67.421994,66.883051,67.341156,23162200
2013-07-26,67.071689,67.70944,66.963905,67.700462,20885600
2013-07-29,67.56573,67.853167,67.395062,67.574715,20958400
2013-07-30,67.817252,68.221458,67.682514,67.934021,24104600
2013-07-31,68.068753,68.454997,67.934015,68.059769,25007600
2013-08-01,68.526821,68.850188,68.45496,68.751381,16880000
2013-08-02,68.760405,69.155627,68.607699,69.137665,18105300
2013-08-05,69.101718,69.236455,68.96698,69.182556,15462800
2013-08-06,69.092716,69.155592,68.490896,68.769348,23675400
2013-08-07,68.571755,68.778353,68.149587,68.643616,20281200
2013-08-08,69.020856,69.146616,68.535811,68.984932,19994000
2013-08-09,68.868173,69.110702,68.508875,68.70649,18558500
2013-08-12,68.44602,68.993948,68.437042,68.868195,20515900
2013-08-13,68.958011,69.407132,68.463982,69.254433,23917000
2013-08-14,69.227449,69.326256,68.895097,68.993904,29921000
2013-08-15,68.221409,68.257339,67.628573,67.826187,39406600
2013-08-16,67.835202,68.149592,67.682502,67.799278,23825000
2013-08-19,67.808233,68.383107,67.664518,67.68248,29586900
2013-08-20,67.808267,68.293318,67.754375,67.978935,18842800
2013-08-21,67.763338,68.347189,67.493862,67.745369,30705100
2013-08-22,68.041798,68.454988,68.005867,68.41008,17269500
2013-08-23,68.895141,68.958017,68.625672,68.868195,20697300
2013-08-26,68.922037,69.416065,68.760353,68.904068,27525500
2013-08-27,68.086716,68.428046,67.33219,67.493874,40068900
2013-08-28,67.413042,68.041809,67.413042,67.754372,20490400
2013-08-29,67.736394,68.571752,67.637587,68.230423,27287900
2013-08-30,68.302265,68.302265,67.547739,67.790268,26228500
2013-09-03,68.347198,68.661588,67.853169,68.176537,27241500
2013-09-04,68.41004,69.020837,68.203441,68.904068,27142900
2013-09-05,68.949035,69.218504,68.922089,69.020889,17809700
2013-09-06,69.254414,69.469991,68.311265,69.101715,27715100
2013-09-09,69.398159,70.026925,69.371213,69.910156,25161900
2013-09-10,70.314341,70.350272,69.990974,70.251465,27619400
2013-09-11,69.78437,70.161629,69.69454,70.116714,28132900
2013-09-12,70.134692,70.287392,69.928094,70.071815,18332700
2013-09-13,70.143661,70.188575,69.739455,70.116714,16932500
2013-09-16,70.709573,70.709573,69.766417,69.928101,25704300
2013-09-17,70.08079,70.485003,70.044866,70.39518,27174300
2013-09-18,70.502975,71.383254,70.35926,71.239532,31714700
2013-09-19,71.464071,71.580847,71.284426,71.410179,26435700
2013-09-20,71.579569,71.660657,71.1291,71.165138,26328900
2013-09-23,71.462454,71.543542,70.687646,71.020996,30319400
2013-09-24,71.174154,71.399389,70.78675,71.020996,21871300
2013-09-25,71.075067,71.174171,70.633609,70.777756,22746400
2013-09-26,71.066036,71.498489,71.039009,71.327309,22421700
2013-09-27,70.91289,71.363359,70.804775,71.237228,25151600
2013-09-30,70.498451,71.255236,70.273216,71.06604,28031900
2013-10-01,71.075039,71.82282,71.039001,71.786781,33129700
2013-10-02,71.3003,71.858885,71.228223,71.759781,25503800
2013-10-03,71.669679,71.822837,70.543505,70.921898,42998200
2013-10-04,70.921862,71.633604,70.858796,71.5345,22852700
2013-10-07,70.903865,71.489476,70.876838,70.939903,20227100
2013-10-08,70.939912,71.002977,69.543461,69.570488,43660700
2013-10-09,69.732656,69.768694,68.786668,69.354263,64526700
2013-10-10,70.102038,70.984961,70.084023,70.822792,48062700
2013-10-11,70.642616,71.43544,70.633605,71.381386,25214100
2013-10-14,70.939922,71.88591,70.885867,71.88591,31471900
2013-10-15,71.831871,72.174225,71.516537,71.606636,38684000
2013-10-16,71.939961,72.453496,71.885907,72.417458,46735900
2013-10-17,72.093094,72.858897,72.030029,72.831863,32193500
2013-10-18,73.498543,74.039104,73.291324,74.012077,39628200
2013-10-21,74.183306,74.363497,73.940055,74.174301,31176900
2013-10-22,74.462579,74.687813,73.813902,74.282387,43944800
2013-10-23,73.922024,74.057159,73.471554,73.831924,38021300
2013-10-24,73.876954,74.309407,73.768839,74.156242,23155100
2013-10-25,74.849982,75.030167,74.327436,74.687813,35824500
2013-10-28,74.696814,74.822945,74.372475,74.705818,28618400
2013-10-29,74.958086,75.012147,74.507617,74.831955,36878100
2013-10-30,75.093215,75.219346,74.399496,74.759872,33535500
2013-10-31,74.570692,75.048195,74.309426,74.588715,31309900
2013-11-01,74.840966,74.931058,74.237339,74.60672,30867800
2013-11-04,74.831956,74.840967,74.453563,74.714836,16834000
2013-11-05,74.426548,74.976121,74.210324,74.795929,27975600
2013-11-06,75.111281,75.138308,74.534681,74.777931,25576800
2013-11-07,74.786918,74.895026,73.309379,73.372444,52173200
2013-11-08,73.642696,74.381465,73.435484,74.363449,31470500
2013-11-11,74.25538,74.453588,74.003119,74.246376,24822900
2013-11-12,74.021095,74.471564,73.985057,74.363449,20108500
2013-11-13,73.876951,75.273408,73.876951,75.264397,31345900
2013-11-14,75.066226,75.552734,74.904057,75.49868,31101200
2013-11-15,75.516676,75.642807,75.32748,75.642807,20511300
2013-11-18,75.624799,75.777957,74.759898,74.904045,31679600
2013-11-19,74.858986,75.219363,74.561682,74.687813,25545300
2013-11-20,74.886006,75.165295,74.291383,74.507607,32177400
2013-11-21,74.822939,75.327462,74.759873,75.264397,28125000
2013-11-22,75.39058,75.696896,75.336525,75.669868,25361300
2013-11-25,75.940106,76.021187,75.660817,75.850014,21695100
2013-11-26,75.868037,76.435626,75.705868,76.246429,26621000
2013-11-27,76.399615,76.796023,76.336549,76.778008,21638100
2013-11-29,77.084293,77.336554,77.003211,77.237457,16708900
2013-12-02,77.327557,77.444677,76.895104,77.01223,26354600
2013-12-03,76.958185,77.156393,76.651869,76.949181,37147000
2013-12-04,76.624855,77.273525,76.381597,77.021263,37193200
2013-12-05,77.084304,77.174403,76.732938,76.922134,39829300
2013-12-06,77.570828,77.642905,77.111348,77.480736,36842900
2013-12-09,77.796036,77.958205,77.660894,77.796036,22590000
2013-12-10,77.669943,77.886166,77.588862,77.74202,26965900
2013-12-11,77.733013,77.841128,76.633866,76.741982,36830600
2013-12-12,76.769005,76.958201,76.489716,76.54377,33662600
2013-12-13,76.904129,76.940168,76.318518,76.444649,34072000
2013-12-16,76.823038,77.309546,76.768984,76.868088,24902500
2013-12-17,76.86807,77.057267,76.570759,76.714912,24454900
2013-12-18,76.805015,77.678926,75.723891,77.60685,68387200
2013-12-19,77.48074,77.489752,77.048287,77.390648,44964100
2013-12-20,77.537029,78.341411,77.482803,78.178726,40475400
2013-12-23,78.820464,79.001228,78.585474,79.001228,28181800
2013-12-24,79.019303,79.091609,78.874692,79.037376,13852500
2013-12-26,79.181977,79.362735,79.028333,79.299469,15241100
2013-12-27,79.398857,79.44405,79.00119,79.100601,15827400
2013-12-30,78.983101,79.091559,78.757151,78.983101,18983700
2013-12-31,79.127729,79.498283,79.100609,79.498283,24890500
2014-01-02,79.127742,79.154855,78.648722,78.874672,29177500
2014-01-03,78.874682,78.946988,78.287217,78.30529,35723700
2014-01-06,78.323348,78.413727,77.726836,78.016052,32073100
2014-01-07,78.377568,78.856582,78.232957,78.73909,25860600
2014-01-08,78.757183,79.127745,78.585459,78.910828,27197400
2014-01-09,79.200054,79.209094,78.377599,78.648735,23674700
2014-01-10,78.838513,78.992158,78.251042,78.901779,38008900
2014-01-13,78.793338,79.064481,77.437637,77.735893,48842300
2014-01-14,77.997972,79.281367,77.997972,79.218102,37178900
2014-01-15,79.56157,80.02251,79.480231,79.868866,39835600
2014-01-16,79.805562,79.995359,79.679031,79.877861,31630100
2014-01-17,79.633857,79.868847,79.236182,79.42598,36895800
2014-01-21,79.932137,80.067701,79.362738,80.031555,26412700
2014-01-22,80.239426,80.438263,80.004436,80.239426,29376900
2014-01-23,79.995413,80.004446,79.407941,79.9683,35011900
2014-01-24,79.579652,79.697143,78.368555,78.395668,63974600
2014-01-27,78.395664,78.531235,77.049003,77.636475,63519300
2014-01-28,77.274949,77.672624,77.103225,77.591278,44378800
2014-01-29,76.922473,77.491865,76.606144,76.759789,51939300
2014-01-30,77.699713,78.449869,77.618368,78.178726,65833600
2014-01-31,77.31107,78.341402,77.229725,77.97084,45187000
2014-02-03,77.826244,78.178726,75.982491,76.181328,65596900
2014-02-04,76.56999,77.049003,76.335,76.741714,37675500
2014-02-05,76.488629,76.813998,75.684247,76.542862,41721800
2014-02-06,76.768802,77.61837,76.750723,77.518951,32308600
2014-02-07,77.952786,78.956005,77.726836,78.901779,38359400
2014-02-10,78.874663,79.389829,78.820438,79.353683,30205400
2014-02-11,79.525432,80.411159,79.435053,80.257515,38635500
2014-02-12,80.420173,80.59189,80.167103,80.411133,32507200
2014-02-13,79.823676,81.070918,79.805603,81.007652,40454500
2014-02-14,80.980506,81.351068,80.736483,81.170303,33212400
2014-02-18,81.305905,81.721653,81.107068,81.568008,29546600
2014-02-19,81.414367,81.604164,80.844968,81.007652,41749900
2014-02-20,81.061869,81.540882,80.71842,81.387238,41814800
2014-02-21,81.649333,81.766831,81.179359,81.278778,31192200
2014-02-24,81.468594,82.083178,81.378215,81.712624,31500400
2014-02-25,81.830108,81.992792,81.360128,81.622231,26771700
2014-02-26,81.839166,82.101262,81.224581,81.54995,42953700
2014-02-27,81.561744,82.160725,81.434687,82.079048,28742400
2014-02-28,82.060887,82.550966,81.262243,81.988281,48609800
2014-03-03,81.216859,81.598036,80.654181,81.380219,38885700
2014-03-04,82.269613,82.569107,82.18793,82.414818,33189000
2014-03-05,82.55097,82.786935,82.378533,82.641724,27203300
2014-03-06,82.832283,82.895812,82.269606,82.569099,24063900
2014-03-07,82.8323,82.913983,81.74324,82.160713,31167800
2014-03-10,82.115312,82.278672,81.70691,82.233292,18131700
2014-03-11,82.432956,82.641689,81.634306,81.879349,27484300
2014-03-12,81.507271,82.233315,81.207784,82.187935,27977200
2014-03-13,82.496513,82.523738,80.654183,81.026276,48542000
2014-03-14,80.763057,81.117002,80.436338,80.472641,38732300
2014-03-17,80.989964,81.59803,80.944591,81.18055,28467200
2014-03-18,81.280386,82.260545,81.253161,82.160713,31250200
2014-03-19,82.18792,82.278681,81.180536,81.715996,40869400
2014-03-20,81.461885,82.187922,81.298525,81.942886,31634500
2014-03-21,82.412243,82.457727,80.802206,80.956841,62754000
2014-03-24,81.247957,81.311631,79.510572,80.247368,77735300
2014-03-25,80.665782,81.184269,79.838017,80.511147,41723300
2014-03-26,80.911373,81.093303,79.465069,79.474167,40930400
2014-03-27,79.364999,79.719754,78.591817,79.028435,64784500
2014-03-28,79.28315,80.056332,78.964775,79.18309,39895100
2014-03-31,79.80163,80.283731,79.70157,79.747047,33924300
2014-04-01,80.138171,81.202433,79.783417,81.147858,38683800
2014-04-02,81.49354,81.57541,80.993249,81.357101,34631600
2014-04-03,81.438948,81.575394,80.247338,80.71125,30319100
2014-04-04,81.247959,81.329829,78.355342,78.56456,131213200
2014-04-07,78.073329,78.801026,77.272852,77.818634,83995800
2014-04-08,77.909623,78.64642,77.636732,78.537262,51495700
2014-04-09,78.82832,79.928968,78.619102,79.883484,45685200
2014-04-10,79.938073,79.938073,77.191001,77.409309,73659600
2014-04-11,76.717992,77.718588,76.326859,76.508781,93657400
2014-04-14,77.181933,77.518498,76.399653,77.109161,46500700
2014-04-15,77.391118,77.809546,75.753786,77.363831,84631500
2014-04-16,78.036969,78.391724,77.400226,78.391724,46970900
2014-04-17,78.091536,78.801045,77.891417,78.409904,53719500
2014-04-21,78.591849,78.992081,78.227997,78.992081,25947900
2014-04-22,79.264951,79.819824,79.128505,79.619705,38593400
2014-04-23,79.619699,79.646987,78.873804,78.919289,34376700
2014-04-24,80.22006,80.23825,78.819233,79.674278,48926300
2014-04-25,79.20128,79.292241,78.209789,78.40081,44334000
2014-04-28,78.773751,79.237663,77.418408,78.655502,58623800
2014-04-29,78.892002,79.428679,78.509953,79.283142,36742700
2014-04-30,78.919308,79.574241,78.719188,79.492371,38689400
2014-05-01,79.619701,80.183673,79.419582,79.728859,37127200
2014-05-02,80.001756,80.1473,79.392307,79.583328,40074200
2014-05-05,79.110308,80.019936,78.919287,80.00174,27924400
2014-05-06,79.874403,79.919887,78.928389,78.964775,33698500
2014-05-07,79.128506,79.210376,77.80045,78.737366,67489100
2014-05-08,78.455394,79.619717,78.273472,78.664612,46556900
2014-05-09,78.619124,79.010264,78.091538,78.955688,35081500
2014-05-12,79.428637,80.283689,79.355865,80.256401,38951100
2014-05-13,80.329202,80.602093,80.156377,80.311012,30311900
2014-05-14,80.065426,80.365604,79.70158,79.892601,26483600
2014-05-15,79.874379,80.010825,78.755542,79.264931,59680300
2014-05-16,79.355876,79.828886,78.810101,79.783401,66804100
2014-05-19,79.546932,80.465658,79.410493,80.33831,32017000
2014-05-20,80.301928,80.593009,79.719767,80.047234,33716000
2014-05-21,80.192785,80.856809,80.147301,80.811325,36837700
2014-05-22,80.902299,81.393499,80.774952,81.166092,30617100
2014-05-23,81.247943,81.775528,81.06602,81.757332,22687300
2014-05-27,82.121167,82.79429,82.048395,82.7761,29725200
2014-05-28,82.748823,82.867072,82.457742,82.521416,30468100
2014-05-29,82.812498,83.058095,82.648765,83.049004,33036100
2014-05-30,83.067188,83.185438,82.621473,83.05809,29906400
2014-06-02,83.158142,83.176338,82.448634,82.976219,30409900
2014-06-03,82.70336,83.076311,82.594209,82.939865,21774500
2014-06-04,82.730643,83.385576,82.603295,83.24913,20118300
2014-06-05,83.321901,84.104182,83.039919,83.949547,35583100
2014-06-06,84.258794,84.431625,84.095061,84.431625,22680600
2014-06-09,84.449836,84.577191,84.140566,84.367973,23399500
2014-06-10,84.295188,84.558981,84.195129,84.513504,20626000
2014-06-11,84.222432,84.613572,84.140569,84.495323,22878200
2014-06-12,84.313393,84.404354,83.440151,83.731232,35275900
2014-06-13,84.095063,84.186032,83.612962,83.976814,39447100
2014-06-16,83.83129,84.295195,83.64936,84.049599,25212300
2014-06-17,83.985896,84.322454,83.849451,84.095047,19977900
2014-06-18,84.176937,84.686326,83.667548,84.568077,34514000
2014-06-19,84.695427,84.750002,84.131455,84.513504,38422200
2014-06-20,84.549093,84.704151,84.394043,84.612938,25897500
2014-06-23,84.603804,84.658526,84.375785,84.631165,20837900
2014-06-24,84.622024,85.342562,84.302801,84.549057,31945800
2014-06-25,84.357536,85.233124,84.34842,85.087196,32818600
2014-06-26,85.141912,85.151035,84.476104,85.13279,22563900
2014-06-27,85.023363,85.524998,84.996001,85.50676,22877800
2014-06-30,85.488514,85.86246,85.433785,85.652687,19751900
2014-07-01,85.953625,86.820097,85.917141,86.592079,31862500
2014-07-02,86.646854,86.86575,86.564771,86.73806,18777300
2014-07-03,87.020806,87.285301,86.783666,87.285301,15291700
2014-07-07,87.184949,87.2944,86.856609,87.020782,23266400
2014-07-08,86.856635,86.92048,85.616216,85.971924,40612400
2014-07-09,86.199907,86.710665,85.953644,86.610336,29919000
2014-07-10,85.497604,86.692423,85.397276,86.336716,44245300
2014-07-11,86.555665,86.893127,86.291163,86.893127,19566300
2014-07-14,87.285259,87.613605,87.139331,87.412949,19579000
2014-07-15,87.549798,87.677487,86.491798,87.112007,39467500
2014-07-16,87.741312,87.832525,87.367367,87.458572,22052600
2014-07-17,87.221466,87.531574,86.026653,86.300278,43111500
2014-07-18,86.747163,87.713957,86.646835,87.668358,36682200
2014-07-21,87.485932,87.704834,87.148469,87.558899,29750700
2014-07-22,87.969345,88.252092,87.878139,88.11528,25770400
2014-07-23,88.425362,88.781069,88.261189,88.680748,28947500
2014-07-24,88.835808,88.936137,88.45274,88.580429,24707200
2014-07-25,88.124389,88.352407,87.768682,88.233833,29898900
2014-07-28,88.325029,88.489203,87.577131,88.261185,25603400
2014-07-29,88.452755,88.653405,88.033196,88.106163,27022200
2014-07-30,88.598656,88.762829,88.106137,88.452728,35348500
2014-07-31,87.723084,87.869012,86.537388,86.665077,50047900
2014-08-01,86.482653,86.956927,85.771238,86.34584,60708000
2014-08-04,86.528253,87.276152,86.209022,86.938683,33230500
2014-08-05,86.592119,86.838375,85.871581,86.272888,50331100
2014-08-06,85.734756,86.747156,85.661788,86.20903,34431900
2014-08-07,86.610348,86.774522,85.634432,85.935417,33274700
2014-08-08,86.072237,86.655962,85.707406,86.555634,40236900
2014-08-11,86.893087,87.340008,86.829243,87.066383,28277500
2014-08-12,86.975185,87.257925,86.582994,87.029907,28152300
2014-08-13,87.385578,87.987549,87.339979,87.951065,27996500
2014-08-14,88.069673,88.425381,87.951107,88.407143,25006600
2014-08-15,88.917891,89.04558,87.996703,88.835808,55205500
2014-08-18,89.300972,89.60195,89.173275,89.519867,38938300
2014-08-19,89.729644,90.076236,89.674922,90.021507,21363400
2014-08-20,89.948547,90.203926,89.866457,90.021507,23435600
2014-08-21,90.067106,90.249518,89.930294,90.203918,19339500
2014-08-22,90.240393,90.523133,90.039736,90.340721,24692000
2014-08-25,90.769394,90.915329,90.441055,90.65995,24124700
2014-08-26,90.796758,90.851481,90.541372,90.751152,20100400
2014-08-27,90.778524,90.878853,90.577867,90.769402,15589100
2014-08-28,90.459311,90.778534,90.368105,90.66909,23563900
2014-08-29,90.869741,91.125127,90.541395,91.006554,17906300
2014-09-02,91.22542,91.298388,90.897081,91.271027,18326800
2014-09-03,91.517293,91.517293,90.568745,90.732918,25950700
2014-09-04,90.942704,91.407862,90.422823,90.650841,24663500
2014-09-05,90.787649,91.161595,90.32249,91.106873,30798200
2014-09-08,91.134224,91.508177,90.860607,91.280159,25571300
2014-09-09,91.289292,91.626762,90.349859,90.523155,36449200
2014-09-10,90.641695,91.30751,90.386316,91.271027,31080100
2014-09-11,90.878858,91.243688,90.514028,91.198082,28691900
2014-09-12,91.115986,91.143347,90.450171,90.732918,30444400
2014-09-15,90.833232,90.842354,89.583698,89.857315,32972200
2014-09-16,89.519856,90.814997,89.42865,90.641701,38166900
2014-09-17,90.623445,91.207171,90.231254,90.778496,37196500
2014-09-18,91.061272,91.471708,90.96095,91.462585,30196700
2014-09-19,91.844724,91.936146,91.040193,91.405891,46918000
2014-09-22,91.186471,91.195615,90.162525,90.555649,48658000
2014-09-23,90.189981,90.711099,90.125985,90.30883,33989600
2014-09-24,90.400214,91.3236,90.089375,91.277885,35959000
2014-09-25,90.985336,91.104192,89.321416,89.357986,68642500
2014-09-26,89.650575,90.473394,89.495155,90.30883,56106200
2014-09-29,89.412845,90.436791,89.36713,90.189949,33342700
2014-09-30,90.436758,90.784174,89.888215,90.317909,41834300
2014-10-01,90.061961,90.153384,88.590031,88.873444,58164900
2014-10-02,88.836873,89.147719,87.739786,88.873444,54501300
2014-10-03,89.394553,90.116804,89.083714,89.751106,41627800
2014-10-06,90.034553,90.253969,89.284875,89.559143,36038700
2014-10-07,89.138591,89.394577,88.279201,88.288345,45154000
2014-10-08,88.334046,90.290523,87.822066,90.007103,64931600
2014-10-09,89.888244,90.116804,88.416314,88.553452,62497100
2014-10-10,88.032334,88.526025,86.322699,86.340988,77579400
2014-10-13,86.185546,86.843801,84.914751,84.987892,80835900
2014-10-14,85.51818,86.09415,84.759358,84.997063,71814500
2014-10-15,83.717143,84.805094,82.5012,84.44854,108847800
2014-10-16,82.665715,84.64048,82.638289,83.918228,93165800
2014-10-17,85.024498,85.838173,84.530807,85.024498,69546700
2014-10-20,85.015333,86.368414,84.841632,86.295273,41479300
2014-10-21,87.364938,88.562599,87.145522,88.562599,53609800
2014-10-22,88.836881,88.955737,88.050632,88.105492,39178000
2014-10-23,88.992306,89.924836,88.836886,89.431145,48123800
2014-10-24,89.6231,90.226503,89.266546,90.162506,43157600
2014-10-27,89.988812,90.391081,89.613969,90.226517,29545700
2014-10-28,90.647062,91.607012,90.583065,91.58873,34495100
2014-10-29,91.287066,91.533916,90.601385,91.250496,40552800
2014-10-30,90.839078,91.661897,90.637944,91.442474,35935800
2014-10-31,92.960111,93.024108,92.402423,92.704124,54254100
2014-11-03,92.868689,93.225243,92.731551,92.978394,33481000
2014-11-04,92.685839,92.905262,92.036728,92.667557,22773300
2014-11-05,93.280085,93.280085,92.356699,92.676689,25818600
2014-11-06,92.667529,92.996657,92.265261,92.969231,24671900
2014-11-07,93.133812,93.170383,92.402416,92.886963,20931700
2014-11-10,92.932675,93.334936,92.685825,93.216087,20360000
2014-11-11,93.234376,93.508644,92.978382,93.508644,15454000
2014-11-12,93.133811,93.773777,93.133811,93.67321,22050300
2014-11-13,93.846925,94.422895,93.636646,94.075485,28027800
2014-11-14,94.048044,94.368027,93.737198,94.368027,19251300
2014-11-17,94.148622,94.358894,93.636642,94.084625,23361600
2014-11-18,94.166905,94.916583,94.15776,94.788589,26336800
2014-11-19,94.68803,94.68803,93.92007,94.358902,23760200
2014-11-20,93.95663,94.861735,93.883496,94.779449,22874000
2014-11-21,95.620528,95.711958,94.660579,94.96228,34049100
2014-11-24,95.218296,95.748558,95.13601,95.702843,17928300
2014-11-25,95.849083,96.132503,95.602241,95.849083,17526000
2014-11-26,95.940525,96.525639,95.839957,96.470779,18973800
2014-11-28,96.726788,97.138194,96.662791,96.918777,17360400
2014-12-01,96.653657,96.836503,95.46514,95.821693,35969500
2014-12-02,95.922231,96.379351,95.721096,96.20565,26031300
2014-12-03,96.351938,96.516502,95.775968,96.379364,32974300
2014-12-04,96.287949,96.708499,95.931395,96.333664,31008800
2014-12-05,96.489078,96.635353,96.132525,96.342796,25622200
2014-12-08,96.095944,96.516494,95.154276,95.657104,32685800
2014-12-09,94.541753,96.031965,94.203481,95.958824,46035100
2014-12-10,95.785125,96.02283,94.276631,94.450333,39330100
2014-12-11,94.724592,96.031958,94.706303,94.8983,47576000
2014-12-12,93.993212,95.072018,93.856082,93.865219,46889400
2014-12-15,94.349744,94.69716,92.630972,92.896103,52968400
2014-12-16,92.310989,93.682351,91.387603,91.405891,65348600
2014-12-17,91.469901,93.334948,91.351045,93.069824,79715300
2014-12-18,94.404595,95.318837,94.148609,95.309692,49840900
2014-12-19,95.407897,96.114483,95.169307,95.729073,51419900
2014-12-22,95.573078,95.995195,95.527192,95.967667,33869200
2014-12-23,96.316349,96.325527,95.517992,95.628113,30156900
2014-12-24,95.747431,96.077785,95.683196,95.710732,14291300
2014-12-26,95.985995,96.591647,95.958467,96.389763,13924300
2014-12-29,96.298031,96.582499,96.242967,96.371437,17073800
2014-12-30,96.096133,96.316367,95.600602,95.729073,18604000
2014-12-31,95.894276,96.270515,94.609567,94.747215,24367100
2015-01-02,95.21521,95.61897,94.003914,94.462738,31314600
2015-01-05,94.049769,94.15989,92.810946,93.077065,36521300
2015-01-06,93.214707,93.370705,91.416117,91.829056,66205500
2015-01-07,92.434724,93.233074,92.214484,93.01284,37577400
2015-01-08,93.802014,94.976602,93.701072,94.793076,40212600
2015-01-09,95.086716,95.114244,93.618473,94.169067,41410100
2015-01-12,94.352613,94.453555,92.948612,93.187202,34129800
2015-01-13,94.09565,95.086712,92.407174,93.159645,56162300
2015-01-14,92.22365,93.122948,91.829061,92.645767,51354200
2015-01-15,93.077062,93.223882,91.333529,91.443649,51005400
2015-01-16,91.32438,92.636618,91.17756,92.517326,35362200
2015-01-20,93.077079,93.490018,92.03096,93.251434,30964100
2015-01-21,92.976128,94.169074,92.645774,93.7286,40128800
2015-01-22,94.095643,95.563878,93.269758,95.462936,40887200
2015-01-23,95.453771,95.967658,95.17848,95.674011,34783000
2015-01-26,95.563919,95.738275,95.077566,95.563919,19960900
2015-01-27,94.05894,94.113997,92.774231,93.086235,45253200
2015-01-28,94.582023,94.682965,92.590728,92.609077,43591700
2015-01-29,92.535635,93.673524,91.728107,93.499168,46539700
2015-01-30,93.416635,94.1324,92.645806,92.774277,42927600
2015-02-02,92.985307,93.664364,91.535421,93.581779,43624700
2015-02-03,93.921298,94.545299,93.306475,94.481064,30750400
2015-02-04,94.095658,95.022484,93.884595,94.398483,34073200
2015-02-05,94.637057,95.279415,94.398473,95.215179,23605500
2015-02-06,95.36199,95.591402,94.297521,94.637047,34169300
2015-02-09,94.270047,94.783928,94.10487,94.334282,22604700
2015-02-10,94.857283,95.93093,94.710456,95.80246,23686500
2015-02-11,95.912586,96.37141,95.729059,96.151176,20303600
2015-02-12,96.775168,97.307405,96.628348,97.270699,22520300
2015-02-13,97.546046,98.124162,97.362512,98.105812,29030200
2015-02-17,98.105769,98.261768,97.858,98.197533,17675300
2015-02-18,98.078242,98.390246,97.949772,98.33519,15149600
2015-02-19,98.270954,98.885784,98.243426,98.821548,19828100
2015-02-20,98.757303,99.537303,98.445299,99.482246,28336700
2015-02-23,99.427208,99.610742,99.206974,99.583206,17868000
2015-02-24,99.454702,99.775884,99.151883,99.656586,19745000
2015-02-25,99.509755,99.895166,99.188573,99.408813,19472300
2015-02-26,99.509821,99.968646,99.234524,99.913582,22255500
2015-02-27,99.876836,99.941078,99.317077,99.473076,27757600
2015-03-02,99.665774,100.409067,99.647417,100.37236,22988600
2015-03-03,100.069543,100.170484,99.271186,99.904366,20788900
2015-03-04,99.574023,99.720843,98.97755,99.518959,21007400
2015-03-05,99.775913,99.996147,99.280382,99.693321,15381000
2015-03-06,99.564839,99.757544,98.316837,98.564606,30990400
2015-03-09,98.766476,99.09683,98.362715,98.849068,26237100
2015-03-10,98.142451,98.169987,97.013748,97.013748,34234500
2015-03-11,97.160588,97.279887,96.417296,96.454002,25459700
2015-03-12,96.380596,97.197302,96.316361,97.087189,21473200
2015-03-13,96.995408,97.380826,96.05941,96.665054,42021100
2015-03-16,97.022958,97.949777,96.922016,97.913071,25674100
2015-03-17,97.646967,98.225083,97.417555,98.069084,19603800
2015-03-18,97.802948,99.482245,97.298238,99.032593,40622200
2015-03-19,99.133543,99.454718,98.986723,99.179428,31314000
2015-03-20,99.996175,100.318089,99.803027,99.821419,31761400
2015-03-23,99.766269,100.042192,99.591512,99.628304,17268500
2015-03-24,99.619083,100.078962,99.251185,99.269577,22445300
2015-03-25,99.425904,99.517878,96.960951,96.997742,41581400
2015-03-26,96.197578,97.21851,95.875663,96.666656,47846300
2015-03-27,96.648244,97.282872,96.501079,97.052933,33878400
2015-03-30,97.641586,98.248623,97.641586,98.165848,30570200
2015-03-31,97.889935,98.092283,97.098942,97.126534,30488100
2015-04-01,97.12653,97.144929,95.99523,96.620667,32970500
2015-04-02,96.712635,96.997758,96.372322,96.685043,19164200
2015-04-06,96.11479,97.74276,95.967625,97.476036,24451100
2015-04-07,97.420837,98.138248,97.310471,97.310471,19379400
2015-04-08,97.347244,98.221019,97.338051,98.083054,25866900
2015-04-09,98.037083,98.736101,97.705976,98.69931,23114700
2015-04-10,98.662532,99.113219,98.441792,99.104019,17164300
2015-04-13,99.177612,99.683475,98.745324,98.855698,17783500
2015-04-14,98.754497,99.03962,98.009488,98.570541,23755700
2015-04-15,98.828062,99.398315,98.708496,99.186768,21128600
2015-04-16,98.920078,99.223593,98.782112,99.048843,16195300
2015-04-17,98.101446,98.368169,97.080513,97.503601,46514000
2015-04-20,97.991107,99.140806,97.954316,98.966049,28945900
2015-04-21,99.53631,99.711066,99.269579,99.389145,22759800
2015-04-22,99.646671,100.097358,99.002842,99.931801,21429200
2015-04-23,99.591496,100.759593,99.573104,100.308907,29473200
2015-04-24,101.366598,101.808085,101.201041,101.67012,32508100
2015-04-27,102.047242,102.240397,101.191866,101.412613,31121300
2015-04-28,101.486174,101.67933,100.354875,101.210251,36849200
2015-04-29,100.649174,101.237819,100.023738,100.575592,34043900
2015-04-30,100.005401,100.41009,98.469398,98.99366,44080500
2015-05-01,99.379924,100.364065,99.361525,100.299683,32874300
2015-05-04,100.621605,101.090684,100.410058,100.465248,23507300
2015-05-05,100.069782,100.253731,98.782118,98.828102,47843300
2015-05-06,99.002868,99.287991,97.494463,98.147491,42687200
2015-05-07,98.119885,99.012053,98.046303,98.736122,29335800
2015-05-08,99.757012,100.1801,99.609854,99.968559,33023300
2015-05-11,100.032955,100.235303,99.508692,99.582268,19679300
2015-05-12,98.993642,99.637477,98.230247,99.131607,33665000
2015-05-13,99.563855,100.078918,99.186751,99.333916,20738400
2015-05-14,100.143327,100.869938,99.77543,100.787163,23904200
2015-05-15,101.044694,101.182659,100.538824,100.787163,23937400
2015-05-18,100.621608,101.430993,100.548026,101.228645,17631100
2015-05-19,101.339026,101.495384,100.952729,101.118286,14212900
2015-05-20,101.191833,101.789677,100.649178,101.18264,21131900
2015-05-21,101.007891,101.844874,100.860733,101.706909,16771800
2015-05-22,101.587382,101.973687,101.523,101.605782,13543800
2015-05-26,101.385018,101.522976,100.032971,100.43766,25488400
2015-05-27,100.741187,102.166816,100.520447,102.056442,30572700
2015-05-28,101.863291,102.10243,101.513785,101.8265,17302400
2015-05-29,101.762114,101.900079,100.98032,101.21946,30383000
2015-06-01,101.762094,101.835676,100.731962,101.559746,24570200
2015-06-02,101.18264,101.734494,100.68597,101.237823,19449600
2015-06-03,101.697716,101.918456,101.29302,101.541359,20507200
2015-06-04,100.971124,101.614959,100.446862,100.768776,31374600
2015-06-05,100.649206,100.888346,99.913396,100.52964,22641700
2015-06-08,100.48364,100.557222,99.306349,99.508698,24549200
2015-06-09,99.269565,99.701853,98.598138,99.343147,27554600
2015-06-10,99.683436,100.998691,99.573069,100.704369,30297900
2015-06-11,101.044711,101.311442,100.676806,100.851562,17593500
2015-06-12,100.318119,100.529666,99.885831,100.023796,27201800
2015-06-15,99.278745,99.683434,98.699293,99.527077,31238800
2015-06-16,99.425913,100.235305,99.379929,100.069748,16456900
2015-06-17,100.235306,100.667587,99.729436,100.345673,23296700
2015-06-18,100.71359,101.982855,100.658407,101.808105,43032400
2015-06-19,101.857887,101.940859,101.231012,101.304764,27877600
2015-06-22,102.051498,102.355719,101.82103,102.051498,19120900
2015-06-23,102.1621,102.226631,101.710384,102.134445,18127900
2015-06-24,102.014598,102.447872,101.581316,101.608971,15815900
2015-06-25,102.00537,102.106777,101.240213,101.406151,18326700
2015-06-26,101.387752,101.618221,100.35525,100.733215,32311700
2015-06-29,99.617746,100.170876,98.308686,98.354782,50874900
2015-06-30,99.092264,99.304298,98.400858,98.705078,34809900
2015-07-01,99.68224,99.885054,99.02771,99.488647,21293000
2015-07-02,99.77445,99.857415,99.212106,99.516319,20499400
2015-07-06,98.88946,99.85743,98.677432,99.285866,24311000
2015-07-07,99.396469,99.626938,97.561942,99.534752,44230800
2015-07-08,98.824924,98.944773,97.617271,97.801643,39691500
2015-07-09,99.101456,99.193642,97.737079,97.7463,28381000
2015-07-10,99.046161,99.608505,98.686631,99.239754,26415800
2015-07-13,100.097118,101.065082,100.087897,100.982117,25780700
2015-07-14,101.120368,101.922394,101.065051,101.645836,21977200
2015-07-15,101.83945,102.152884,101.470699,101.756477,28631500
2015-07-16,102.595383,103.213037,102.39257,103.194603,29838900
2015-07-17,104.024277,104.715683,103.849126,104.715683,35926800
2015-07-20,104.936943,105.453191,104.614289,105.075226,26539000
2015-07-21,105.112104,105.278041,104.706484,105.010704,35468900
2015-07-22,103.406647,104.328522,103.406647,103.821495,35575000
2015-07-23,103.922864,104.263953,103.166928,103.434265,25698300
2015-07-24,103.987402,104.171774,102.263495,102.420212,30844700
2015-07-27,101.839465,102.281961,101.350873,101.572121,35994800
2015-07-28,102.023822,102.650697,101.212575,102.447884,33553500
2015-07-29,102.669145,103.056331,102.272739,102.835083,26714100
2015-07-30,102.595403,103.498836,101.977749,103.323685,25438100
2015-07-31,103.64633,103.70164,102.9918,103.203827,22081700
2015-08-03,103.222284,103.508062,102.199002,102.881187,25001800
2015-08-04,102.83508,103.019452,102.263515,102.687576,22132300
2015-08-05,103.259114,104.171767,103.139266,103.480362,28989900
2015-08-06,103.572569,103.710852,101.36007,101.821007,42125400
2015-08-07,101.572084,101.931614,100.853023,101.691925,30006800
2015-08-10,102.337276,103.074771,102.328055,102.853523,21500800
2015-08-11,102.309611,102.706017,100.972889,101.535233,36123300
2015-08-12,100.834608,102.088357,99.765237,101.885544,41889000
2015-08-13,101.986941,102.47554,101.498349,101.719597,22510500
2015-08-14,101.479906,102.023808,101.277093,101.876312,17924900
2015-08-17,101.627401,102.752089,101.369278,102.724434,21224900
2015-08-18,102.586168,102.66914,102.0607,102.198982,13984400
2015-08-19,101.885554,102.429464,100.936025,101.526024,42511400
2015-08-20,100.585721,100.908376,98.705097,98.714317,57747300
2015-08-21,97.322289,98.151977,94.399948,94.399948,97763400
2015-08-24,86.868192,94.519742,78.119603,90.767715,150829900
2015-08-25,94.09569,94.713344,90.352884,90.426628,75088300
2015-08-26,93.072441,95.1651,91.201037,94.980721,104103800
2015-08-27,96.354308,97.451341,95.211186,97.38681,69377700
2015-08-28,96.870557,97.71868,96.658523,97.36837,49919600
2015-08-31,96.824441,97.35913,95.921008,96.16069,39549400
2015-09-01,93.763813,95.220376,92.768188,93.15538,73155500
2015-09-02,94.842407,95.801157,93.754595,95.782722,43963600
2015-09-03,96.160707,96.815237,95.04524,95.312584,45131800
2015-09-04,94.003492,94.814738,93.653175,94.17865,49379600
2015-09-08,95.985564,96.953528,95.589158,96.833687,37343500
2015-09-09,97.97676,98.004415,95.496917,95.745827,47146700
2015-09-10,95.635217,97.423655,95.524596,96.78756,47686700
2015-09-11,96.345066,97.32225,96.068501,97.32225,29106100
2015-09-14,97.681767,97.700208,96.658486,97.027237,19718800
2015-09-15,97.257719,98.474592,96.898188,98.170372,30020200
2015-09-16,98.188829,98.815704,97.847733,98.723511,31329100
2015-09-17,98.622108,100.235388,98.308667,98.760384,56139800
2015-09-18,97.244823,98.510859,97.189372,97.355713,48384000
2015-09-21,97.891712,98.464667,96.782774,97.660683,35772600
2015-09-22,96.163619,96.496302,95.30419,96.200584,47359700
2015-09-23,96.459326,96.718085,95.775482,96.274506,21775100
2015-09-24,95.341127,96.28373,94.50942,95.923325,38284300
2015-09-25,96.949128,97.041539,94.518696,95.11013,44700000
2015-09-28,94.703515,94.768203,92.125227,92.402458,44077500
2015-09-29,92.63348,93.576083,91.256548,91.921913,49315500
2015-09-30,93.234163,94.1398,92.873758,94.038147,41411400
2015-10-01,94.20449,94.472485,92.956926,94.463242,39339100
2015-10-02,93.151038,96.117455,92.855321,96.117455,59370900
2015-10-05,96.828989,97.753106,96.616446,97.494354,32853500
2015-10-06,97.263309,97.586749,96.274504,97.03228,33051500
2015-10-07,97.642208,97.827029,96.376166,97.614479,37389300
2015-10-08,97.244841,98.168958,96.302238,98.002617,50188900
2015-10-09,98.048827,98.631025,97.780832,98.446198,23916200
2015-10-12,98.63101,98.871275,98.279841,98.686455,16162000
2015-10-13,98.122767,99.120815,97.956425,98.048836,26999600
2015-10-14,98.048799,98.53858,97.485087,97.891701,30902600
2015-10-15,98.252108,99.508907,98.122732,99.499664,38393800
2015-10-16,99.712243,99.970995,99.231698,99.91555,27091100
2015-10-19,99.786171,100.553183,99.564378,100.488495,23776300
2015-10-20,100.312911,100.525454,99.62906,99.970985,23404700
2015-10-21,100.479272,100.580918,99.324125,99.361084,30195200
2015-10-22,100.248235,101.46807,99.961754,101.384895,42778700
2015-10-23,104.111027,104.647009,103.565794,104.221916,53170900
2015-10-26,104.147956,104.489882,103.750586,104.286575,25918000
2015-10-27,104.009387,104.647023,103.981658,104.499168,31390500
2015-10-28,104.656276,105.367844,103.815326,105.367844,42221900
2015-10-29,104.887281,105.377062,104.776384,105.201477,24913300
2015-10-30,105.247667,105.423251,104.702441,104.730164,27199200
2015-11-02,105.007395,106.042408,104.785609,105.913033,22176900
2015-11-03,105.700501,106.661584,105.543403,106.2827,20418400
2015-11-04,106.63388,106.707811,105.848382,106.291954,28633000
2015-11-05,106.384362,106.643113,105.451001,106.00547,25004100
2015-11-06,105.802192,106.199562,105.12759,106.07943,29924900
2015-11-09,105.682034,105.820653,104.305101,104.951981,33479800
2015-11-10,104.397486,104.785613,104.083283,104.68396,35452100
2015-11-11,104.970469,105.478736,104.379034,104.554619,22748800
2015-11-12,104.129528,104.637795,103.464162,103.538094,31196900
2015-11-13,103.103746,103.214642,101.449575,101.50502,52836000
2015-11-16,101.403343,102.983582,101.172314,102.965096,33980600
2015-11-17,103.140682,103.769081,102.771034,103.029785,30579500
2015-11-18,103.445678,105.109084,103.344024,105.007431,32966500
2015-11-19,105.062858,105.561882,104.87803,105.081337,26188100
2015-11-20,105.580381,105.876098,105.478727,105.792931,22727600
2015-11-23,105.829895,106.218029,105.035161,105.487976,20696200
2015-11-24,104.804119,105.645062,104.277366,105.395554,26374400
2015-11-25,105.552664,105.68204,105.26619,105.487976,14159900
2015-11-27,105.719008,105.848384,105.275429,105.635834,8828000
2015-11-30,105.950042,105.950042,105.025925,105.367844,25041600
2015-12-01,105.792903,106.421303,105.66352,106.421303,28639400
2015-12-02,106.504487,106.966545,105.608092,105.76519,22395500
2015-12-03,106.05166,106.23648,103.353233,103.972397,42754300
2015-12-04,104.286603,106.578417,104.07406,106.402832,40037300
2015-12-07,106.476763,106.541451,105.414027,105.922295,25892100
2015-12-08,104.813345,106.273452,104.77638,105.931526,30792600
2015-12-09,105.469481,106.051679,103.685935,104.323578,48509200
2015-12-10,104.563862,105.497222,104.249659,104.794891,30154600
2015-12-11,103.584275,103.861513,102.318239,102.382927,56022200
2015-12-14,102.521589,103.205434,101.079961,103.159225,53098500
2015-12-15,104.111029,104.683977,103.658207,103.787582,48428000
2015-12-16,104.489906,105.506434,103.399448,105.330856,44944100
2015-12-17,105.792925,105.792925,103.77835,103.796829,45668800
2015-12-18,103.47425,103.705985,101.805763,101.805763,53746100
2015-12-21,102.769766,102.955151,102.009676,102.936615,26432800
2015-12-22,103.48351,103.761595,102.936619,103.613281,26540300
2015-12-23,104.150933,104.456824,103.965548,104.382668,25656900
2015-12-24,104.382663,104.651477,104.317778,104.36412,11468600
2015-12-28,104.113815,104.327014,103.362997,104.308472,19183600
2015-12-29,104.929526,106.1809,104.864641,105.949165,27725700
2015-12-30,105.856477,105.893555,104.975887,104.994423,19520100
2015-12-31,104.62365,104.818306,103.668896,103.687439,29886800
2016-01-04,101.453505,101.592548,100.220681,101.499855,50807600
2016-01-05,102.000415,102.130186,100.851012,101.323746,38795200
2016-01-06,99.562574,100.934441,99.562574,100.350471,41891100
2016-01-07,98.20925,99.451353,97.152539,97.20816,61386300
2016-01-08,97.912594,98.524378,96.308993,96.410957,69344000
2016-01-11,97.096909,97.384258,95.224494,96.707596,50024100
2016-01-12,97.634552,98.329757,96.475877,97.829208,46734200
2016-01-13,98.227767,98.468773,94.30681,94.455124,69870700
2016-01-14,94.825911,97.310109,93.314995,96.466591,78445700
2016-01-15,93.268629,94.492188,92.239726,93.472549,91443900
2016-01-19,94.74248,94.890794,92.58271,93.676498,56563800
2016-01-20,92.202679,94.390257,90.144872,93.38916,86675000
2016-01-21,93.787757,94.872274,92.527118,93.481865,61660100
2016-01-22,95.363524,96.225578,95.039097,96.188499,42229800
2016-01-25,95.845557,96.392448,94.677611,94.76104,38881500
2016-01-26,95.159609,96.021656,94.325362,95.613808,36143900
2016-01-27,95.057639,95.465488,92.832983,93.231567,54524700
2016-01-28,94.779556,94.816634,92.934948,94.547821,47641500
2016-01-29,94.520023,96.559288,94.492216,96.522209,54245100
2016-02-01,96.05872,97.143244,95.68795,96.781738,32750300
2016-02-02,96.336826,96.373904,94.399518,94.686874,44928100
2016-02-03,95.317207,95.317207,92.58273,94.232689,61572900
2016-02-04,93.98239,94.974215,93.1018,94.223396,49321600
2016-02-05,93.889706,93.926784,90.580532,90.951309,70749900
2016-02-08,89.255014,89.95949,87.910947,89.560905,91673100
2016-02-09,88.365123,90.636122,88.226081,89.282791,73778400
2016-02-10,90.311704,91.479649,89.560885,89.625771,59421700
2016-02-11,88.485635,90.209742,88.235364,89.496002,76839200
2016-02-12,90.506362,90.951296,89.662851,90.858597,49186500
2016-02-16,92.202667,92.907143,91.627962,92.907143,40565900
2016-02-17,93.583819,95.141078,93.342813,95.011307,41766500
2016-02-18,95.307934,95.32647,93.806289,93.926796,38991500
2016-02-19,93.472581,94.492221,93.268661,94.204865,28257900
2016-02-22,95.085459,95.827007,94.992767,95.734314,23979100
2016-02-23,95.178109,95.437651,94.093592,94.158478,29869700
2016-02-24,93.055455,95.178147,92.48075,95.057648,40739100
2016-02-25,95.252319,95.993866,94.399529,95.993866,29389300
2016-02-26,96.726112,96.744654,95.641594,95.873329,30925000
2016-02-29,95.780668,96.494409,95.011307,95.011307,27553900
2016-03-01,95.919708,98.060936,95.623088,98.060936,37699800
2016-03-02,97.940391,98.116505,97.337879,98.097969,29209800
2016-03-03,97.996011,98.023818,97.208114,97.912582,25474600
2016-03-04,98.023833,98.579996,97.300822,97.949677,31655400
2016-03-07,97.449132,98.014565,96.651963,97.347168,25861200
2016-03-08,96.679783,97.523294,96.373892,96.540741,28898500
2016-03-09,96.902247,97.180325,96.36462,97.161789,31047400
2016-03-10,97.569628,98.12579,95.762092,97.013466,44236100
2016-03-11,98.060946,98.709801,97.755054,98.709801,31454000
2016-03-14,98.338991,99.108352,98.311184,98.876617,25374900
2016-03-15,98.524421,98.950812,98.209257,98.839577,26524600
2016-03-16,98.598528,99.979665,98.570714,99.720123,31693100
2016-03-17,99.432793,99.896263,99.062023,99.664528,29623700
2016-03-18,99.90437,100.071714,99.290779,99.820702,37682300
2016-03-21,99.644078,100.304157,99.588299,100.211189,17288600
2016-03-22,99.644088,100.75042,99.625497,100.517998,18840300
2016-03-23,100.322756,100.397126,99.467437,99.690567,20912900
2016-03-24,99.207151,99.746373,99.039807,99.718483,19017300
2016-03-28,99.997344,100.015942,99.402344,99.578987,13892300
2016-03-29,99.393084,101.243163,99.225739,101.178085,29963900
2016-03-30,101.782364,102.302988,101.456968,101.670799,23807200
2016-03-31,101.596426,101.977602,101.364004,101.522049,21447200
2016-04-01,100.908453,102.637675,100.768998,102.600487,26389000
2016-04-04,102.600497,102.674874,101.968308,102.21003,17163000
2016-04-05,101.419782,101.800958,101.094392,101.224548,20107900
2016-04-06,101.326779,102.925845,101.326779,102.888657,25056000
2016-04-07,102.293686,102.479628,100.973529,101.410484,28567200
2016-04-08,102.042709,102.284424,100.982864,101.336143,22898000
2016-04-11,101.773081,102.284406,100.95495,100.964249,25772100
2016-04-12,101.038613,102.005491,100.425015,101.810257,28564100
2016-04-13,102.591201,103.269877,102.461045,103.111832,25356700
2016-04-14,103.130393,103.50227,102.265782,103.121094,17199700
2016-04-15,103.037445,103.251269,102.60049,102.860802,21353300
2016-04-18,102.563304,103.446506,102.498226,103.409325,17126100
2016-04-19,103.604537,103.604537,102.154218,102.777115,42481400
2016-04-20,102.777133,103.334945,102.423847,102.860802,18078300
2016-04-21,102.805009,103.241964,102.405242,102.870087,20216000
2016-04-22,101.531329,102.005473,100.517972,101.317505,39074000
2016-04-25,101.010706,101.326797,100.824764,101.317505,14351900
2016-04-26,101.531334,101.698678,100.517976,100.824768,19118300
2016-04-27,99.792845,100.248398,99.188553,100.015976,33059800
2016-04-28,100.127499,100.713208,98.612109,98.807343,29818200
2016-04-29,98.807336,99.011869,97.50577,98.286713,67502800
2016-05-02,98.537762,99.355893,98.128704,99.216438,24813800
2016-05-03,98.509853,98.956107,98.035709,98.296028,38569400
2016-05-04,97.701023,98.063608,97.42212,97.663841,27474500
2016-05-05,98.017124,98.230956,97.440714,97.635948,20788100
2016-05-06,97.152474,98.175131,97.059507,98.15654,30758500
2016-05-09,98.16586,98.891023,98.11938,98.435471,19289600
2016-05-10,98.788749,99.829996,98.612106,99.783516,21178900
2016-05-11,99.63479,99.932291,98.853855,98.881744,20966300
2016-05-12,99.114133,99.23499,97.747489,98.444756,29196300
2016-05-13,98.361116,98.965409,97.886973,98.082207,21059300
2016-05-16,98.230944,99.671958,98.137969,99.30938,18311900
2016-05-17,99.225687,99.513888,97.803257,98.063576,29932700
2016-05-18,97.840498,98.946831,97.654563,98.416908,27524400
2016-05-19,98.035666,98.277387,97.189653,97.90551,27334600
2016-05-20,98.296041,99.383775,98.240255,98.984009,29549600
2016-05-23,99.095542,99.448829,98.760861,98.853828,15729800
2016-05-24,99.402354,100.954933,99.374464,100.834076,29931300
2016-05-25,101.215239,101.866018,101.038596,101.559219,37951700
2016-05-26,101.661486,101.986876,101.419765,101.85672,21885900
2016-05-27,101.921806,102.395949,101.903215,102.38665,19870000
2016-05-31,102.526115,102.739946,102.06127,102.581894,24366100
2016-06-01,102.265812,102.823624,102.182143,102.591202,19571500
2016-06-02,102.386682,102.814338,101.828869,102.805046,15696600
2016-06-03,102.609764,102.656245,101.652179,102.321556,20269900
2016-06-06,102.507531,102.963077,102.330888,102.693466,12502400
2016-06-07,102.749242,102.851509,102.386664,102.433151,12184300
2016-06-08,102.609772,102.823596,102.228596,102.609772,14568700
2016-06-09,102.191416,102.553994,101.996182,102.442436,17571600
2016-06-10,101.51278,101.708014,100.927071,101.280357,32965000
2016-06-13,100.703914,101.271025,100.304147,100.434303,25154700
2016-06-14,100.164693,100.796881,99.699848,100.434303,24588500
2016-06-15,100.676033,100.815488,99.978766,100.146111,24605700
2016-06-16,99.653369,100.536571,99.011882,100.443604,32079900
2016-06-17,100.235718,100.375545,99.033225,99.266266,29208800
2016-06-20,100.42218,100.897579,99.816271,99.890846,20562800
2016-06-21,100.021349,100.412856,99.834911,100.207779,22804100
2016-06-22,100.263701,100.85097,99.881517,99.965408,22724200
2016-06-23,100.739104,101.410264,100.319632,101.391617,18714200
2016-06-24,97.784129,99.275592,97.001106,97.215508,68012700
2016-06-27,96.572343,96.572343,94.847838,95.285957,48222600
2016-06-28,96.339266,97.420581,96.292662,97.37397,28260600
2016-06-29,98.138374,99.303581,98.09177,99.098503,31356700
2016-06-30,99.266272,100.3103,98.930692,100.245049,36300800
2016-07-01,100.198455,101.121304,100.161167,100.748436,19902800
2016-07-05,100.217108,100.356934,99.592552,100.133209,21167900
2016-07-06,99.657805,101.000118,99.340865,100.953514,24579300
2016-07-07,101.046731,101.475526,100.776402,101.251808,19161700
2016-07-08,101.792461,102.873776,101.62467,102.817848,29457900
2016-07-11,103.162741,103.78729,103.153424,103.405106,20218500
2016-07-12,104.038971,104.206761,103.787283,103.927109,21906100
2016-07-13,104.169477,104.234728,103.666107,103.67543,21107800
2016-07-14,104.36521,104.579612,104.122846,104.383858,20871000
2016-07-15,104.626243,104.682178,103.983054,104.216095,17999300
2016-07-18,104.281335,105.092314,104.262687,104.905884,20713900
2016-07-19,104.542344,104.84996,104.337267,104.523697,18936700
2016-07-20,105.092292,105.940566,104.96179,105.744812,24997900
2016-07-21,105.819397,106.024475,105.213495,105.502464,18885400
2016-07-22,105.577046,106.061769,105.25079,105.94059,20003400
2016-07-25,105.85666,105.977846,105.595655,105.949883,12968100
2016-07-26,105.91264,106.45329,105.539772,106.071106,21223800
2016-07-27,106.966,107.087179,106.360091,106.807533,27646100
2016-07-28,106.975297,107.301553,106.639717,107.180374,16939700
2016-07-29,107.422723,107.702375,107.077826,107.413406,22385300
2016-08-01,107.487963,108.252339,107.357461,107.98201,13990100
2016-08-02,107.823549,107.916764,106.471912,107.161713,21278400
2016-08-03,107.077811,107.525246,107.01256,107.515923,15011300
2016-08-04,107.478658,107.926094,107.22697,107.823555,12835300
2016-08-05,108.373523,109.100611,108.252337,108.858246,23196600
2016-08-08,108.914182,108.942153,108.392172,108.737076,12358200
2016-08-09,108.820972,109.333666,108.755721,108.988762,13276500
2016-08-10,109.054003,109.081967,108.42013,108.709106,14688400
2016-08-11,109.081987,109.40825,108.858269,109.175209,12969800
2016-08-12,108.988758,109.259087,108.867579,109.249763,19379000
2016-08-15,109.389579,109.967524,109.352292,109.715836,11777800
2016-08-16,109.510756,109.520072,109.091277,109.109924,14161400
2016-08-17,109.13792,109.342997,108.532011,109.30571,15980300
2016-08-18,109.203146,109.492115,109.016709,109.333649,10036300
2016-08-19,109.13792,109.548068,108.839627,109.30571,18743000
2016-08-22,109.147245,109.576048,108.942175,109.38961,14500600
2016-08-23,109.818384,110.004821,109.538738,109.585342,11997900
2016-08-24,109.510795,109.659938,108.513379,108.876923,17728700
2016-08-25,108.597245,109.035363,108.466742,108.699783,24266300
2016-08-26,108.737067,109.566693,108.205733,108.858246,23896000
2016-08-29,108.886214,109.296369,108.867574,109.007401,11184900
2016-08-30,108.830297,109.147229,108.280323,108.653183,19843300
2016-08-31,108.485394,108.653184,108.084562,108.541328,16169800
2016-09-01,108.578641,108.951502,108.047307,108.820999,20944700
2016-09-02,109.361639,109.585357,108.765054,109.175209,18088200
2016-09-06,109.361621,109.855667,109.119256,109.855667,18525200
2016-09-07,109.958224,110.107374,109.501465,109.920937,17546900
2016-09-08,109.594681,109.622645,108.988772,109.277748,20125300
2016-09-09,108.364214,108.606579,106.509207,106.527847,50813300
2016-09-12,105.93124,108.587909,105.921916,108.438766,39646000
2016-09-13,107.89811,108.215042,106.947304,107.469315,45863900
2016-09-14,107.581186,108.569278,107.553215,107.98201,28221800
2016-09-15,108.009975,109.827694,108.000652,109.659904,38521400
2016-09-16,109.542167,109.719725,109.06557,109.607582,27596500
2016-09-19,109.88794,110.224361,108.916066,109.130997,16222900
2016-09-20,109.52346,109.785127,109.149666,109.336563,18078600
2016-09-21,109.803828,110.570118,109.15902,110.411255,31546800
2016-09-22,111.056071,111.411185,110.943935,111.289696,22614400
2016-09-23,111.205597,111.205597,110.42062,110.579483,22213400
2016-09-26,109.953352,110.084181,109.495441,109.654305,16403900
2016-09-27,109.579563,110.79441,109.476768,110.738342,20238400
2016-09-28,110.878504,110.990639,110.355178,110.925224,14794300
2016-09-29,110.738356,110.943947,109.644992,110.121582,27207500
2016-09-30,110.411251,111.27099,110.299109,110.943916,25543200
2016-10-03,110.803744,110.925226,110.35518,110.785057,19216400
2016-10-04,111.112144,111.355116,110.19633,110.616859,21239700
2016-10-05,110.943916,111.364438,110.897188,111.009331,14481300
2016-10-06,110.869146,111.18688,110.411243,110.953255,11987100
2016-10-07,111.05608,111.214951,110.168307,110.71032,19984200
2016-10-10,111.280349,111.654151,111.233621,111.411179,19687300
2016-10-11,111.317747,111.336434,109.336603,109.82254,27774400
2016-10-12,109.925325,110.102882,109.392659,109.72908,14267800
2016-10-13,108.981455,109.635603,108.345995,109.336563,22821000
2016-10-14,109.878597,110.317814,109.402,109.467415,21313300
2016-10-17,109.373957,109.616929,109.028189,109.168365,14182700
2016-10-18,110.467348,110.654252,110.084206,110.140274,19276700
2016-10-19,110.056136,110.289761,109.934653,110.130898,13702900
2016-10-20,110.018786,110.243064,109.364631,110.000092,18132200
2016-10-21,110.084181,110.47667,109.719726,110.411255,15707800
2016-10-24,111.121492,111.81302,111.102798,111.738258,19143000
2016-10-25,111.803671,111.822365,111.214938,111.383148,20341800
2016-10-26,110.663556,111.233602,110.299101,110.626175,20463700
2016-10-27,111.102811,111.196259,109.962719,110.121582,19099800
2016-10-28,109.803833,110.373879,109.09361,109.430031,35369300
2016-10-31,109.831887,109.831887,109.271187,109.327255,18749400
2016-11-01,109.514153,109.53284,107.561043,108.50489,23498700
2016-11-02,108.43012,108.682439,107.36479,107.635796,26960100
2016-11-03,107.458214,107.813329,106.458299,106.579788,36205200
2016-11-04,106.318152,107.037722,106.019112,106.206017,26997500
2016-11-07,107.925485,108.841299,107.747935,108.729156,26591200
2016-11-08,108.617019,109.934661,108.3647,109.439377,20777900
2016-11-09,108.159108,110.121558,108.028279,109.944008,70234400
2016-11-10,110.476683,110.626199,106.719986,108.168465,72825400
2016-11-11,107.701224,108.448828,107.318075,108.215202,41115200
2016-11-14,108.243231,108.346027,106.561127,107.121826,35906000
2016-11-15,107.934862,108.981506,107.775999,108.607704,31796600
2016-11-16,108.093701,109.327242,108.093701,109.252487,16538100
2016-11-17,109.196415,110.065501,108.972137,110.046814,20598600
2016-11-18,110.17764,110.364537,109.532832,109.635628,16428700
2016-11-21,109.906618,110.878499,109.869237,110.775703,20268500
2016-11-22,111.214932,111.383143,110.841131,111.112137,18850600
2016-11-23,110.747683,110.869166,110.177637,110.663574,22926000
2016-11-25,110.794384,111.06539,110.663554,111.018669,7162800
2016-11-28,110.8785,111.280336,110.654222,110.766357,13479000
2016-11-29,110.869153,111.682171,110.551426,111.149506,18553000
2016-11-30,111.289701,111.327082,109.766467,109.803848,30405300
2016-12-01,109.766454,109.775801,107.738589,107.906799,39796600
2016-12-02,107.972195,108.551588,107.673155,108.121712,32876800
2016-12-05,108.682423,109.392638,108.187131,108.962769,21419700
2016-12-06,109.271192,109.411369,108.766561,109.224464,27293300
2016-12-07,109.000141,110.747659,108.673067,110.607483,26622400
2016-12-08,110.654233,111.084102,110.439294,110.803749,18578400
2016-12-09,111.214918,111.710202,111.205571,111.672821,21863100
2016-12-12,111.177568,111.401846,110.710317,111.168221,23259300
2016-12-13,111.504624,113.177381,111.504624,112.569954,54477900
2016-12-14,112.710136,113.074591,112.00926,112.336334,28746000
2016-12-15,112.485867,113.177395,112.214861,112.513901,22762300
2016-12-16,112.790383,113.015332,111.871868,112.096809,26283900
2016-12-19,112.209278,113.249641,112.049944,112.556061,21138700
2016-12-20,112.912238,113.193413,112.781021,112.987221,11461800
2016-12-21,113.034064,113.109047,112.649789,112.902847,7079300
2016-12-22,112.912208,112.940325,112.143652,112.584167,16645000
2016-12-23,112.396754,112.706053,112.293655,112.659187,9007500
2016-12-27,112.902842,113.896339,112.855983,113.240257,16110600
2016-12-28,113.483974,113.587074,112.284277,112.359253,17975200
2016-12-29,112.331107,112.593539,111.843732,112.19989,13267500
2016-12-30,112.415471,112.424838,110.728392,111.047066,41749000
2017-01-03,111.7875,112.462332,111.431342,112.040565,22307600
2017-01-04,112.162429,112.85601,112.153062,112.649811,19749100
2017-01-05,112.565427,113.3621,112.565427,113.287125,20644300
2017-01-06,113.408976,114.580556,113.118426,114.280632,24074300
2017-01-09,114.374358,114.86174,114.299375,114.65554,18909200
2017-01-10,114.702408,115.255398,114.439975,114.908607,16176600
2017-01-11,114.955463,115.217896,114.364982,115.217896,20686000
2017-01-12,114.805502,115.114801,113.971337,115.039818,19622500
2017-01-13,115.096064,115.630304,115.096064,115.433479,16930800
2017-01-17,115.133567,115.31165,114.749292,115.086708,14538500
2017-01-18,115.255383,115.433466,114.964834,115.320992,12499700
2017-01-19,115.489743,115.892767,115.02111,115.264801,12710700
2017-01-20,115.770873,116.06143,115.208516,115.517815,22091000
2017-01-23,115.442864,115.78028,114.880507,115.611572,17434200
2017-01-24,115.836506,116.567578,115.639681,116.389496,17640900
2017-01-25,117.120535,117.589167,117.017435,117.56105,15036200
2017-01-26,117.720368,117.926567,117.476677,117.682877,16052200
2017-01-27,117.935961,118.020312,117.523563,117.907845,15053000
2017-01-30,117.514185,117.514185,116.342604,116.989319,25006700
2017-01-31,116.576938,116.783137,116.080189,116.75502,19091100
2017-02-01,117.579793,117.795366,117.02681,117.56105,22861900
2017-02-02,117.354855,117.814112,117.026814,117.457954,15101400
2017-02-03,117.579806,117.917221,117.467339,117.79538,16957200
2017-02-06,117.598558,117.954716,117.486084,117.935974,11630100
2017-02-07,118.179639,118.610787,118.067172,118.367096,17541100
2017-02-08,118.207769,118.732635,117.98282,118.563927,12569100
2017-02-09,118.685811,119.257542,118.620202,118.99511,17542700
2017-02-10,119.257509,119.557433,119.05131,119.388725,13915700
2017-02-13,119.754254,120.213512,119.707395,120.06356,19120200
2017-02-14,120.110418,120.475951,119.726144,120.466583,16333500
2017-02-15,120.38222,121.235134,120.316605,121.178886,17891400
2017-02-16,121.253909,121.497606,120.832142,121.141441,15098300
2017-02-17,120.963304,121.675634,120.944555,121.666252,15563700
2017-02-21,121.900619,122.341134,121.835018,122.266151,18479600
2017-02-22,122.153693,122.397377,121.947494,122.313026,12110900
2017-02-23,122.500436,122.500436,121.366354,121.853722,17489000
2017-02-24,121.300745,122.088043,121.26326,122.088043,18624500
2017-02-27,121.863122,122.247389,121.656922,122.238022,12008700
2017-02-28,122.209912,122.266146,121.525713,121.863129,16598600
2017-03-01,122.641033,123.41895,122.406717,123.194016,25813800
2017-03-02,123.165905,123.18464,122.425458,122.575424,19951400
2017-03-03,122.49107,122.837854,122.163022,122.800369,13722700
2017-03-06,122.397333,122.734748,122.041182,122.528549,12026200
2017-03-07,122.284865,122.856597,122.106783,122.32235,15500900
2017-03-08,122.39735,122.922216,122.275516,122.537949,15776000
2017-03-09,122.509872,122.800421,121.975624,122.631706,20855300
2017-03-10,123.194007,123.343972,122.612907,123.147141,21922600
2017-03-13,123.100298,123.38148,123.034697,123.353363,10731600
2017-03-14,123.072163,123.119029,122.556664,123.053413,14019700
2017-03-15,123.306499,124.103179,122.91285,123.81263,22709100
2017-03-16,124.046968,124.046968,123.447119,123.728287,18457300
2017-03-17,123.882278,124.013767,123.619299,123.685051,21234500
2017-03-20,123.64749,124.079535,123.469051,123.797768,10105200
2017-03-21,124.267345,124.380046,121.844173,121.919312,35841900
2017-03-22,121.956921,122.86796,121.797242,122.745857,29177900
2017-03-23,122.586183,122.924301,122.229277,122.435905,20311700
2017-03-24,122.830368,123.309361,122.219884,122.689491,22967600
2017-03-27,121.816054,123.102786,121.534286,122.886757,18472400
2017-03-28,122.886718,124.004385,122.614353,123.638092,23721900
2017-03-29,123.722626,124.257985,123.591137,124.211021,13710000
2017-03-30,124.164049,124.54913,124.051348,124.417641,16092400
2017-03-31,124.239195,124.67124,124.098319,124.333122,19841400
2017-04-03,124.436426,124.736967,123.562949,124.257973,23700300
2017-04-04,123.901052,124.473973,123.854089,124.455185,13400000
2017-04-05,124.633674,125.366259,123.713248,123.948051,32011200
2017-04-06,124.070159,124.342525,123.694465,124.013794,18832200
2017-04-07,123.976227,124.323731,123.50662,123.948051,16743100
2017-04-10,124.070142,124.511573,123.656885,123.995003,15619300
2017-04-11,123.882276,124.07013,122.567383,123.459633,33778400
2017-04-12,123.440816,123.54413,122.830333,122.961823,15955200
2017-04-13,122.792831,123.516016,122.454714,122.473488,23683000
2017-04-17,122.820967,123.506589,122.774003,123.487801,13325500
2017-04-18,123.074548,123.656871,122.990023,123.299965,12841100
2017-04-19,123.83534,124.248582,123.328157,123.497223,17764800
2017-04-20,123.995005,124.80273,123.807165,124.53035,21977900
2017-04-21,124.643065,124.690014,124.182845,124.502174,22454900
2017-04-24,125.882803,126.126994,125.666788,126.004906,22469900
2017-04-25,126.41818,127.141364,126.305465,126.915962,19384400
2017-04-26,126.962913,127.272855,126.662372,126.737511,25398500
2017-04-27,127.047442,127.49826,126.972303,127.49826,16136500
2017-04-28,128.005477,128.052441,127.517096,127.723724,22771900
2017-05-01,128.146356,129.029219,128.090005,128.860153,24815500
2017-05-02,129.019791,129.132506,128.691075,129.076141,18345100
2017-05-03,128.78496,128.831924,128.315354,128.662872,23827600
2017-05-04,128.644117,129.076147,128.259036,128.709854,14630100
2017-05-05,129.038582,129.179459,128.559588,129.179459,19330700
2017-05-08,129.245167,129.461182,128.982188,129.461182,13279900
2017-05-09,129.658441,130.203187,129.545726,129.912033,28426100
2017-05-10,129.987167,130.034131,129.526962,129.987167,20499400
2017-05-11,129.630303,129.921457,129.029207,129.883881,27232100
2017-05-12,129.9402,130.203178,129.827484,130.175003,19738600
2017-05-15,130.231396,130.663426,130.109293,130.588287,20481300
2017-05-16,130.926383,131.151799,130.541316,131.133011,21786000
2017-05-17,130.090498,130.334703,127.78004,127.798828,55642200
2017-05-18,127.751873,129.348533,127.610982,128.916489,41319900
2017-05-19,129.376656,130.005927,129.29213,129.461182,36730100
2017-05-22,129.752383,130.616472,129.705434,130.55072,19509700
2017-05-23,130.935751,130.945138,130.344042,130.682159,19687500
2017-05-24,131.076682,131.349062,130.710389,131.28331,15891900
2017-05-25,131.781056,132.739057,131.499289,132.40094,23928600
2017-05-26,132.429145,132.692123,132.250692,132.635773,13851600
2017-05-30,132.569991,132.908108,132.485465,132.748444,20306400
2017-05-31,133.218063,133.218063,132.025272,132.701492,33229400
2017-06-01,132.973934,133.274475,132.4104,133.218124,20120700
2017-06-02,133.687664,134.767769,133.471649,134.739594,37222900
2017-06-05,134.730214,134.946229,134.523586,134.711426,15727500
2017-06-06,134.551782,134.993213,133.97886,134.176102,22393000
2017-06-07,134.551733,134.814712,133.931863,134.702011,18842400
2017-06-08,135.00256,135.058911,134.110296,134.842896,25417400
2017-06-09,135.00263,135.152893,129.71485,131.471176,109783700
2017-06-12,130.362914,131.001573,129.113758,130.766769,104454000
2017-06-13,131.499272,132.015843,130.813651,131.828003,51193000
2017-06-14,132.363392,132.363392,130.193811,131.255127,60093800
2017-06-15,129.930789,130.813652,129.132466,130.672775,55145200
2017-06-16,130.604973,130.699156,129.625536,130.105835,48087400
2017-06-19,131.367806,132.403747,131.170028,132.281326,39626500
2017-06-20,132.14953,132.319042,131.198331,131.245422,40935100
2017-06-21,131.546768,132.610976,131.462012,132.545059,35743400
2017-06-22,132.752225,132.99708,132.168316,132.507355,24099100
2017-06-23,132.356648,133.185412,131.989357,133.0159,21654300
2017-06-26,133.778801,134.004817,132.102447,132.394394,34411100
2017-06-27,131.895259,132.055358,129.983462,129.992874,65957800
2017-06-28,130.47314,131.979982,129.719734,131.866974,57427200
2017-06-29,131.32073,131.32073,128.316474,129.578445,88769400
2017-06-30,129.945733,130.595558,129.201739,129.625534,68898300
2017-07-03,130.218883,130.369556,128.175238,128.259995,32797000
2017-07-05,128.664956,129.870424,128.231749,129.521973,42116600
2017-07-06,128.533019,129.079249,127.892621,128.35408,48430500
2017-07-07,128.787371,130.087021,128.777958,129.738556,36970400
2017-07-10,129.823363,130.896984,129.493737,130.586197,24853500
2017-07-11,130.397834,131.113576,129.908108,130.953476,31517700
2017-07-12,132.074148,132.658042,131.810452,132.507355,36045800
2017-07-13,132.667454,133.119515,132.413185,132.799301,31073600
2017-07-14,133.392649,134.014223,132.968855,133.844696,34544800
2017-07-17,133.985988,134.381531,133.656362,133.910645,25343200
2017-07-18,133.816449,134.833565,133.392654,134.805313,25748500
2017-07-19,135.200847,135.794168,135.144343,135.59639,33752300
2017-07-20,135.944841,136.029597,135.163168,135.775314,36139400
2017-07-21,135.276207,135.718842,135.0031,135.718842,39697100
2017-07-24,135.699935,136.434516,135.539835,136.340347,26712700
2017-07-25,135.888317,136.312126,135.624622,135.991913,28120900
2017-07-26,136.330944,136.509883,136.114341,136.43454,18610600
2017-07-27,137.329258,137.461105,134.014215,135.57756,80665900
2017-07-28,134.767636,135.690569,134.551018,135.464539,38013200
2017-07-31,135.850703,136.020215,134.598144,134.890091,33848600
2017-08-01,135.351538,135.389203,134.786469,135.200851,20149400
2017-08-02,136.076696,136.104948,134.306159,135.56813,41769700
2017-08-03,135.699948,135.775292,134.795855,135.04071,27112800
2017-08-04,135.342102,135.586958,134.729941,135.285583,29472900
2017-08-07,135.530462,136.142609,135.342111,136.142609,17933900
2017-08-08,135.878975,136.999686,135.521096,135.907227,30810400
2017-08-09,134.786484,135.794187,134.475697,135.728256,36169500
2017-08-10,134.956004,135.050173,132.686329,132.818176,63331700
2017-08-11,132.997133,134.117844,132.695759,133.825897,45862500
2017-08-14,134.890078,135.756508,134.852414,135.549316,34161000
2017-08-15,135.888365,135.897792,135.276218,135.643509,25509200
2017-08-16,135.982532,136.51935,135.42689,135.878937,31913000
2017-08-17,135.351606,135.558797,133.100769,133.100769,70191000
2017-08-18,133.176027,133.920021,132.460271,133.0065,60751900
2017-08-21,132.99712,133.289068,132.017669,132.837021,37111500
2017-08-22,133.552738,135.003076,133.505647,134.861801,36294200
2017-08-23,134.183722,134.68286,134.089553,134.3815,25702300
2017-08-24,134.682849,134.833536,133.232526,133.985947,38160800
2017-08-25,134.503989,134.843013,133.524537,133.703476,26380400
2017-08-28,134.108386,134.4286,133.684591,134.117813,15362100
2017-08-29,132.968849,134.871233,132.846414,134.645203,24498300
2017-08-30,134.758163,136.453356,134.673407,136.227325,33642700
2017-08-31,136.613529,137.696576,136.538185,137.687149,38480700
2017-09-01,137.866039,138.054391,137.131458,137.498749,22293600
2017-09-05,137.093794,137.385741,135.238502,136.26503,44794300
2017-09-06,136.613497,136.990215,135.690564,136.679428,30722700
2017-09-07,136.933703,137.348085,136.500496,136.999634,22721100
2017-09-08,136.820693,136.886623,135.671729,135.813004,27890100
2017-09-11,136.877205,137.611786,136.83954,137.376343,27126300
2017-09-12,137.762482,137.884917,137.056153,137.705978,30256700
2017-09-13,137.470523,137.913157,137.244492,137.894318,28450900
2017-09-14,137.357488,137.771856,136.99961,137.084366,35296400
2017-09-15,137.056175,138.054451,136.830144,137.555313,46422400
2017-09-18,137.714811,138.148967,136.959741,137.375031,24858200
2017-09-19,137.620395,137.809159,137.148478,137.610962,20871200
2017-09-20,137.563792,137.714809,136.12916,137.186264,34236200
2017-09-21,137.09189,137.101323,135.864903,136.346268,28841800
2017-09-22,135.912047,136.412278,135.770478,136.214081,21702400
2017-09-25,135.676135,135.751643,134.118814,134.779495,54947700
2017-09-26,135.468473,135.723313,134.656776,135.128693,29628800
2017-09-27,135.846022,136.855932,135.506256,136.346268,33249400
2017-09-28,136.015874,136.440596,135.704407,136.299026,24149400
2017-09-29,136.572749,137.384447,136.214102,137.280624,43102400
2017-10-02,137.488262,137.960179,136.78982,137.40332,27351300
2017-10-03,137.582667,137.856373,137.280634,137.695923,19715200
2017-10-04,137.431595,138.120589,137.299458,137.828003,26381100
2017-10-05,138.328275,139.253228,138.186706,139.177734,31562400
2017-10-06,138.705835,139.366516,138.705835,139.366516,23561100
2017-10-09,139.54582,139.696823,139.026709,139.206039,13704800
2017-10-10,139.677955,139.819524,138.69636,139.30986,19223100
2017-10-11,139.243778,139.753456,139.064447,139.725128,12439100
2017-10-12,139.517547,140.017778,139.328768,139.470352,14513500
2017-10-13,140.036615,140.168751,139.479756,140.008301,18409900
2017-10-16,140.357534,140.527417,140.0555,140.48967,21809400
2017-10-17,140.442465,140.687857,140.225387,140.668976,13138200
2017-10-18,140.810597,140.829478,140.291486,140.49913,17218200
2017-10-19,139.677931,139.998831,138.998369,139.97995,27680300
2017-10-20,140.546338,140.669027,140.187677,140.357574,30173300
2017-10-23,140.650107,140.659541,139.24379,139.442001,29297100
2017-10-24,139.715664,139.970504,139.158806,139.677917,20289500
2017-10-25,139.404269,139.857305,138.111221,139.149429,36179100
2017-10-26,139.064488,139.413717,138.66808,138.705841,28230200
2017-10-27,141.037071,143.009695,140.819993,142.745422,60165100
2017-10-30,142.641592,143.642054,142.509456,143.066315,31733400
2017-10-31,143.5288,143.811938,143.113511,143.604294,26319300
2017-11-01,144.180048,144.246124,142.990823,143.557129,29481600
2017-11-02,143.396703,143.453345,142.301866,143.283447,31017400
2017-11-03,143.80253,144.680289,143.311733,144.661423,26199200
2017-11-06,144.548153,145.208849,144.500973,145.152206,28693900
2017-11-07,145.038986,145.425962,144.727519,145.237198,21333100
2017-11-08,145.161691,145.860119,144.991794,145.822372,17373500
2017-11-09,144.623646,145.133324,143.566556,145.057816,40594500
2017-11-10,144.718022,145.161625,144.463183,145.048355,20150800
2017-11-13,144.500965,145.416485,144.500965,145.227707,12522400
2017-11-14,144.717977,144.878427,144.000669,144.699097,25173800
2017-11-15,144.076189,144.406537,143.255059,144.019562,24808000
2017-11-16,144.746345,146.190409,144.718031,145.860062,34790600
2017-11-17,145.897781,146.001604,145.161592,145.303162,28725800
2017-11-20,145.407065,145.539201,144.982343,145.189987,21143900
2017-11-21,145.878892,146.832173,145.812831,146.766098,20147800
2017-11-22,146.898271,147.087034,146.615118,146.945465,17299000
2017-11-24,147.096468,147.530624,147.011512,147.483429,8280600
2017-11-27,147.436239,147.766572,147.077578,147.417358,22653400
2017-11-28,147.747727,147.889311,146.95491,147.794922,25227300
2017-11-29,147.62501,147.662757,144.519789,145.218231,71986300
2017-11-30,145.831738,146.718944,145.491957,146.435791,56595500
2017-12-01,145.539177,146.520772,143.708137,145.812897,59015800
2017-12-04,146.728386,146.888836,143.991259,144.132843,51319100
2017-12-05,144.104561,145.869541,143.55715,144.227264,40604200
2017-12-06,143.689269,145.10502,143.519371,144.878494,28647800
2017-12-07,144.869032,145.784552,144.718015,145.369263,32666200
2017-12-08,146.43577,146.794431,145.784537,146.011047,28081700
2017-12-11,146.077139,147.190856,146.067692,147.143661,20821500
2017-12-12,147.077601,147.379621,146.633998,146.945465,20310300
2017-12-13,147.540074,147.700524,147.011515,147.228607,24418500
2017-12-14,147.483449,147.860991,146.964352,147.124802,24594700
2017-12-15,147.700574,148.955875,147.455168,148.79541,49816200
2017-12-18,149.778113,150.165898,149.503835,150.042938,26844500
2017-12-19,149.75914,149.910473,148.737666,149.153824,31415000
2017-12-20,149.67404,149.702413,148.406661,148.993057,38972600
2017-12-21,149.201167,149.674071,148.841756,149.012009,18638700
2017-12-22,148.78502,148.898513,148.444529,148.841766,23330400
2017-12-26,148.009453,148.226985,147.498709,148.037827,21918700
2017-12-27,148.047249,148.453954,147.914836,148.056702,22388200
2017-12-28,148.529648,148.558036,148.056744,148.23645,25393800
2017-12-29,148.368817,148.39719,147.262224,147.31897,33186000
2018-01-02,148.0756,149.938842,147.706736,149.901016,32573300
2018-01-03,150.042948,151.490033,150.014575,151.35762,29383600
2018-01-04,151.877793,152.076405,151.40489,151.622421,24776100
2018-01-05,152.341244,153.249212,152.057499,153.145172,26992300
2018-01-08,153.145149,153.816679,153.088403,153.741013,23159100
2018-01-09,154.043702,154.204487,153.287067,153.750504,24782400
2018-01-10,153.069496,153.419455,152.388514,153.391068,34004000
2018-01-11,153.655926,154.450401,153.419474,154.440933,20473500
2018-01-12,154.308474,155.736652,154.109862,155.575867,37762700
2018-01-16,156.606851,157.401326,154.667942,155.131393,41231800
2018-01-17,155.86908,157.041872,155.112431,156.80542,33849900
2018-01-18,156.559524,157.193214,156.19066,156.833817,26432200
2018-01-19,157.297295,157.58104,156.569019,157.325668,38937600
2018-01-22,157.268858,159.00914,157.089152,159.00914,26081400
2018-01-23,159.500974,160.465702,159.425308,160.323822,37989700
2018-01-24,160.664287,161.014246,158.365982,159.283417,54287400
2018-01-25,160.380602,160.437348,158.715971,159.226715,28925000
2018-01-26,160.115746,161.68579,159.803643,161.66687,32038200
2018-01-29,161.326382,161.647953,160.54136,160.881851,37277800
2018-01-30,159.415889,160.238737,158.725454,159.557755,44987700
2018-01-31,160.45627,160.777856,159.217264,160.219818,42449200
2018-02-01,158.990292,160.531949,158.347135,158.85788,38037900
2018-02-02,158.233601,158.611919,155.556964,155.689377,68478100
2018-02-05,154.232861,156.767619,149.437609,149.551102,105372200
2018-02-06,147.366244,153.703151,146.694729,153.513992,118537900
2018-02-07,153.022226,154.686857,151.518395,151.527863,91028300
2018-02-08,151.915593,152.085846,145.134155,145.134155,94184800
2018-02-09,147.186566,148.718784,141.994092,147.640564,113836600
2018-02-12,149.153874,151.281942,147.981082,150.260468,63050600
2018-02-13,149.399768,151.338662,149.172769,151.036011,31785600
2018-02-14,150.146921,154.100389,149.437566,153.863937,52107400
2018-02-15,155.244834,156.720291,153.636964,156.720291,51633900
2018-02-16,156.20959,157.722874,155.755592,156.020432,62256300
2018-02-20,155.471861,157.647207,155.405647,156.332535,36785600
2018-02-21,157.098633,158.630836,155.793414,155.888,41161800
2018-02-22,156.568999,157.401314,155.471873,155.86911,37074400
2018-02-23,157.127016,159.056458,156.48386,159.056458,50096900
2018-02-26,159.803623,161.165573,159.67121,161.165573,39266700
2018-02-27,161.212885,161.47771,159.094285,159.169937,42209900
2018-02-28,160.077878,160.598075,158.044398,158.148438,42936300
2018-03-01,158.23359,158.961866,154.166615,155.566406,76809900
2018-03-02,153.693725,157.268876,153.182995,156.994598,57445100
2018-03-05,156.256837,159.141538,155.670427,158.734848,38540200
2018-03-06,159.510427,159.945505,158.403834,159.406387,29480900
2018-03-07,158.186304,159.90768,157.912026,159.775253,34609400
2018-03-08,160.43733,160.768354,159.794173,160.654861,25828400
2018-03-09,161.799327,163.776062,161.562875,163.776062,38310500
2018-03-12,164.258486,165.024588,163.889621,164.646271,37635000
2018-03-13,165.024494,165.714944,161.98846,162.404617,55638900
2018-03-14,163.255845,163.378804,161.66688,162.376236,40536400
2018-03-15,162.489655,163.180091,161.63842,162.234283,28810400
2018-03-16,162.508694,162.868091,161.676378,161.752045,31176700
2018-03-19,160.195526,160.309203,156.917717,158.300842,71395100
2018-03-20,158.367134,159.191316,157.836624,158.821854,34075700
2018-03-21,158.405047,159.873416,157.438755,158.13031,43863500
2018-03-22,155.94192,157.04084,154.028286,154.227234,66607300
2018-03-23,154.04727,154.700938,150.087373,150.163162,80110400
2018-03-26,153.204127,155.932476,150.778934,155.742996,57481500
2018-03-27,156.898749,156.898749,149.376853,150.70314,78889100
2018-03-28,149.841127,151.366349,147.823283,148.969574,89369700
2018-03-29,149.774773,153.194678,148.382179,151.697876,68692600
2018-04-02,150.617866,151.328372,145.776949,147.321106,85549400
2018-04-03,148.609541,149.604253,146.307507,148.979004,64090000
2018-04-04,146.099113,151.792634,145.928583,151.328445,65768700
2018-04-05,152.834691,153.071526,151.082102,152.190491,43054900
2018-04-06,150.513645,152.010446,147.67162,148.382126,59870900
2018-04-09,149.661045,152.408345,149.168438,149.42421,41810400
2018-04-10,151.773666,153.213616,150.693697,152.721008,48296800
2018-04-11,151.764177,153.469395,151.669451,151.839966,41622100
2018-04-12,152.758896,154.198859,152.673638,153.66835,30467900
2018-04-13,154.435728,154.663081,152.209468,152.872604,44604900
2018-04-16,153.943087,154.596755,152.976794,154.037827,28180800
2018-04-17,155.591459,157.694559,155.278834,157.353516,35536100
2018-04-18,157.353475,158.206077,156.605067,157.675568,29573900
2018-04-19,156.879849,157.249312,155.686189,156.226181,34705700
2018-04-20,155.828282,155.941959,153.213609,153.753601,49197100
2018-04-23,154.502042,155.108341,152.541051,153.365234,33040600
2018-04-24,154.094648,154.331483,149.102151,150.115814,70256800
2018-04-25,150.381063,150.921041,148.230593,150.295792,52089300
2018-04-26,152.237851,153.971489,151.745229,153.45993,43005500
2018-04-27,155.714596,155.752497,152.683104,153.554657,51043400
2018-04-30,153.914611,154.871421,152.086234,152.465179,35615300
2018-05-01,152.067401,154.22734,151.707406,154.208389,36513500
2018-05-02,154.473569,154.956722,153.118877,153.298874,38646800
2018-05-03,152.522092,153.848365,150.835824,153.279968,60337100
2018-05-04,152.616824,156.548288,152.503133,156.188293,41543200
2018-05-07,156.917719,157.997688,156.79456,157.48613,32500200
2018-05-08,157.154544,157.666102,156.178783,157.325073,26040200
2018-05-09,157.609284,159.153456,157.050356,159.03978,29122700
2018-05-10,159.551318,160.801816,159.428159,160.688126,27067600
2018-05-11,160.498704,160.915537,159.835567,160.536606,24688800
2018-05-14,160.905989,161.824911,160.545994,160.811249,21821700
2018-05-15,159.541877,159.627134,158.18717,159.030304,49361600
2018-05-16,159.238684,160.45128,159.162895,160.081818,22941200
2018-05-17,159.522918,160.678676,158.689252,159.46608,27480200
2018-05-18,158.850263,159.399723,158.405026,158.641861,26217900
2018-05-21,159.873423,160.574461,158.850292,159.532379,22954600
2018-05-22,160.261802,160.527057,159.039738,159.323929,19477700
2018-05-23,158.11137,160.688141,158.092433,160.669205,26557800
2018-05-24,160.621826,160.906032,159.001865,160.621826,27696500
2018-05-25,160.602885,161.360762,160.299743,160.782883,27460500
2018-05-29,160.053391,160.972314,159.115532,160.072342,41220500
2018-05-30,160.650247,161.502849,160.309203,161.218643,22665800
2018-05-31,161.218619,162.184912,160.697593,161.114426,35670900
2018-06-01,161.91966,163.738555,161.87229,163.643829,45543300
2018-06-04,164.060671,165.159591,163.956478,165.121704,20459600
2018-06-05,165.510095,165.907977,164.903797,165.63324,24779300
2018-06-06,165.803754,166.627937,164.970089,166.599518,25036600
2018-06-07,166.627953,166.66584,164.411176,165.244827,39600300
2018-06-08,164.468023,165.671151,164.060658,165.254318,31780300
2018-06-11,165.131144,166.106904,165.102724,165.699554,22319700
2018-06-12,165.926936,166.732183,165.746954,166.571136,22511800
2018-06-13,166.826946,167.812175,166.192214,166.561691,37858600
2018-06-14,167.329032,168.522678,167.205873,168.247955,35916000
2018-06-15,167.613183,167.992128,166.83637,167.660553,49615700
2018-06-18,166.604863,167.70612,166.082707,167.563721,31633200
2018-06-19,165.446645,167.127019,164.915,167.08905,38236000
2018-06-20,167.858062,168.968823,167.70616,168.275787,33038000
2018-06-21,168.703018,168.873913,166.490985,166.813782,43469400
2018-06-22,167.373906,167.440354,165.84542,166.443527,30073200
2018-06-25,164.933964,165.180809,161.212437,162.693451,77799700
2018-06-26,163.291569,164.297899,162.693462,163.358032,39008100
2018-06-27,164.051092,164.7916,161.022601,161.13652,52843500
2018-06-28,160.937183,163.073265,160.604898,162.522629,46407700
2018-06-29,163.301063,164.164993,162.721947,162.95929,36408500
2018-07-02,161.430847,164.098588,161.079585,164.051117,31770000
2018-07-03,164.668168,164.668168,161.990953,162.152344,25512700
2018-07-05,163.20612,164.297889,162.37067,164.164978,31626200
2018-07-06,164.544761,166.842234,164.240956,166.718811,37005600
2018-07-09,167.582735,168.256779,166.918179,168.218811,27362100
2018-07-10,168.532095,168.721966,167.763108,168.342224,23902500
2018-07-11,167.022627,168.104923,166.899219,167.487823,30280600
2018-07-12,168.228286,170.373871,168.114367,170.373871,27930100
2018-07-13,170.364379,170.791592,169.889694,170.516281,28049800
2018-07-16,170.554268,170.839081,169.823263,170.108063,21405300
2018-07-17,168.304248,171.503619,168.304248,171.142868,31034100
2018-07-18,171.161857,171.304271,170.297942,170.820084,23220800
2018-07-19,170.20298,170.772607,169.766278,169.965637,31094100
2018-07-20,170.478294,171.047907,169.737773,169.927658,35897300
2018-07-23,169.424543,170.544793,168.740996,170.468842,22184700
2018-07-24,172.225142,172.832738,170.468802,171.171341,36900300
2018-07-25,171.247287,173.668168,171.161833,173.563751,35026600
2018-07-26,171.209332,171.759968,170.706167,170.934021,40873500
2018-07-27,172.01627,172.13019,167.658668,168.627014,59456100
2018-07-30,168.636541,168.731469,165.446658,166.244125,60193000
2018-07-31,166.899212,168.161875,165.968833,167.516296,47285100
2018-08-01,167.905543,168.655539,167.184028,168.152374,37101900
2018-08-02,166.965642,170.639712,166.88969,170.440338,47178200
2018-08-03,170.763135,170.971998,170.013139,170.962509,28934400
2018-08-06,170.848562,172.016282,170.639699,171.968811,24808800
2018-08-07,172.45303,172.918226,172.082776,172.595444,29895700
2018-08-08,172.358071,173.117569,171.892874,172.804276,22680700
2018-08-09,172.699829,173.383376,172.443495,172.699829,18852900
2018-08-10,171.532122,172.04479,170.734655,171.380234,33818500
2018-08-13,171.693518,172.794776,171.114402,171.190353,26089200
2018-08-14,171.845382,172.462481,170.924493,172.263107,20913000
2018-08-15,170.896009,171.437157,169.101702,170.155502,58528000
2018-08-16,171.465648,171.826413,170.383367,170.715652,27711800
2018-08-17,170.269458,171.180845,169.244137,170.753632,36092600
2018-08-20,171.13336,171.199823,169.937159,170.601715,24939000
2018-08-21,171.114382,172.253623,171.009951,171.228302,26258700
2018-08-22,170.867532,172.092227,170.649181,171.892853,18042400
2018-08-23,171.589051,172.832723,171.361198,171.646011,25776200
2018-08-24,172.215616,173.38335,172.177647,173.240936,23136100
2018-08-27,174.114365,175.006775,173.839054,175.006775,29343600
2018-08-28,175.472,175.652383,174.892884,175.263138,20277000
2018-08-29,175.566968,177.380268,175.500519,177.285339,29175600
2018-08-30,176.94349,178.02577,176.383351,176.97197,29315500
2018-08-31,176.753639,177.703009,176.563768,177.199844,28653200
2018-09-04,176.658659,176.962449,175.490938,176.440308,29063500
2018-09-05,176.127067,176.155547,173.563772,174.161865,42623300
2018-09-06,174.237852,174.446715,171.437214,172.604935,46091400
2018-09-07,171.361252,173.421383,171.304293,171.940369,46629500
2018-09-10,172.927692,173.022635,171.579589,172.51947,26132000
2018-09-11,171.826424,174.133386,171.380219,173.848572,30116500
2018-09-12,173.592241,173.715649,171.84539,173.335907,36204000
2018-09-13,174.418223,175.519495,174.342272,175.18721,31133200
2018-09-14,175.310621,175.585932,173.981495,174.674545,31224100
2018-09-17,174.380213,174.503636,171.9973,172.158691,33071200
2018-09-18,172.301093,174.427672,172.215639,173.582733,31877300
2018-09-19,173.611205,174.019441,172.320062,173.449814,31843400
2018-09-20,174.646068,175.604927,174.228343,175.367584,33295800
2018-09-21,175.842265,176.089096,174.190356,174.408722,38605400
2018-09-24,173.143727,174.96029,172.430419,174.893707,34945600
2018-09-25,174.817688,175.264696,174.218505,175.131546,25277500
2018-09-26,175.283689,176.891013,174.912769,175.255157,36210600
2018-09-27,175.96846,177.366546,175.873346,176.738831,33113300
2018-09-28,176.244277,177.166824,175.920914,176.70079,28076800
2018-10-01,177.727947,178.355662,176.615187,177.062195,27371300
2018-10-02,176.910041,178.0228,176.253809,176.662766,25618600
2018-10-03,177.404563,177.823039,176.57713,176.852936,29128700
2018-10-04,176.139674,176.253814,172.202211,173.457642,80557300
2018-10-05,173.43862,174.018778,169.700875,171.336731,83325600
2018-10-08,170.737505,171.802707,168.274202,170.290497,66864500
2018-10-09,170.414121,172.164115,170.005164,170.842117,49097900
2018-10-10,169.776937,169.881556,163.109885,163.328629,114471100
2018-10-11,162.653339,164.916895,159.600373,161.302811,143084500
2018-10-12,165.649261,166.305507,162.567763,165.791931,102078400
2018-10-15,165.211789,165.525632,163.166962,163.785172,64885300
2018-10-16,165.506647,168.959051,165.202295,168.550095,71979700
2018-10-17,169.367998,169.539185,166.885684,168.616638,66987600
2018-10-18,167.979414,168.036476,164.003914,164.707703,82486200
2018-10-19,166.03916,167.456271,163.956297,164.555481,82923700
2018-10-22,165.544633,166.676419,164.146548,165.401978,52909300
2018-10-23,162.291964,165.611232,160.56101,164.793304,77567000
2018-10-24,164.603064,164.87887,156.965894,157.251221,102997400
2018-10-25,159.695531,163.661525,158.982223,162.691422,83481100
2018-10-26,157.118103,161.645244,156.195556,158.506683,130970900
2018-10-29,160.931918,161.550113,152.258077,155.244461,111871900
2018-10-30,154.787986,157.917027,154.084183,157.802902,92584000
2018-10-31,160.370765,162.872104,160.294677,161.51207,73828600
2018-11-01,161.749896,163.813734,160.522997,163.642532,52706800
2018-11-02,163.138471,164.108575,159.990404,161.093658,75966800
2018-11-05,161.302873,161.359935,158.906152,160.694183,39573500
2018-11-06,160.703702,162.815097,160.465932,161.911575,34410400
2018-11-07,163.851735,166.990295,163.461789,166.990295,51169600
2018-11-08,166.210361,166.723951,165.135652,165.925049,40296500
2018-11-09,164.374847,164.774298,161.83547,163.128937,50602700
2018-11-12,161.987648,162.291985,158.05017,158.192841,62578400
2018-11-13,158.934648,161.188698,157.87895,158.325958,64128100
2018-11-14,159.895249,160.446876,156.214582,157.118103,75270700
2018-11-15,156.832773,160.294697,155.463233,159.866714,73254300
2018-11-16,158.306938,160.075943,157.669717,159.305573,65390700
2018-11-19,158.5447,158.734913,153.637134,154.131699,67280500
2018-11-20,150.622221,153.484975,149.442894,151.373581,102652800
2018-11-21,153.45642,154.046083,151.440125,152.524353,42965800
2018-11-23,151.307019,152.971405,151.307019,151.421158,23503700
2018-11-26,153.542067,154.997215,152.895326,154.921127,42012600
2018-11-27,154.074629,155.834129,153.294738,155.444183,36608100
2018-11-28,156.566483,160.446884,155.472749,160.446884,70141000
2018-11-29,159.771621,160.97948,158.658861,159.923782,44885700
2018-11-30,160.142548,161.17922,159.343632,161.084106,36722800
2018-12-03,164.641101,164.831314,161.217215,163.899261,50771700
2018-12-04,163.043303,163.499831,157.422443,157.612656,70594700
2018-12-06,154.436046,158.744428,153.855888,158.725403,71715500
2018-12-07,158.031169,158.944196,152.990451,153.485016,80432200
2018-12-10,153.19965,155.767558,151.611351,155.0923,73960800
2018-12-11,157.622115,157.660166,154.293343,155.605835,59058300
2018-12-12,157.878939,159.40067,156.889825,156.975418,53780000
2018-12-13,158.00262,158.658866,156.00535,157.02301,46378500
2018-12-14,155.225416,155.796054,152.838201,153.199615,56547400
2018-12-17,152.543408,153.760787,148.529857,149.72821,74834100
2018-12-18,150.888498,152.124902,149.357262,150.669754,63642100
2018-12-19,150.441506,152.857252,145.838292,146.970078,81856500
2018-12-20,146.608713,148.244568,143.032663,144.839706,99002100
2018-12-21,145.562505,146.55162,139.542179,140.350601,141129400
2018-12-24,139.330966,141.143179,136.832017,136.870163,56163300
2018-12-26,138.377187,145.49252,137.43292,145.416229,98982100
2018-12-27,143.422799,146.102973,140.284806,145.978989,85824300
2018-12-28,147.028109,148.401582,144.710385,145.902634,77856600
2018-12-31,147.333361,147.819793,145.65468,147.133057,53015300
2019-01-02,144.014118,148.554196,143.9092,147.724396,58576700
2019-01-03,145.549723,146.179219,142.583407,142.898163,74820200
2019-01-04,145.301761,149.746469,144.72949,149.012039,74709300
2019-01-07,149.384016,151.520532,148.897584,150.786102,52059300
2019-01-08,152.16912,152.712793,149.937234,152.150055,49388700
2019-01-09,152.741408,154.057656,152.102365,153.389999,46491700
2019-01-10,152.226314,153.914528,151.367887,153.82869,38943400
2019-01-11,152.922653,153.428166,152.407594,153.266022,30176600
2019-01-14,151.968847,152.569745,151.26303,151.911621,30710200
2019-01-15,152.607898,155.087782,152.522059,154.877945,40874200
2019-01-16,155.135448,156.213245,154.792079,154.849319,33812200
2019-01-17,154.353319,156.766429,154.105336,156.07016,39329000
2019-01-18,157.167024,158.34974,156.251385,157.615311,57183200
2019-01-22,156.480255,156.556561,153.332716,154.458206,56711700
2019-01-23,155.249889,155.955691,152.913084,154.658524,38106100
2019-01-24,155.164039,155.888936,154.572688,155.660019,32417800
2019-01-25,156.909497,157.996828,156.375372,157.519928,36515900
2019-01-28,155.488335,155.583706,154.277006,155.574173,33491200
2019-01-29,155.66006,155.69822,153.552172,154.105377,30784200
2019-01-30,155.85076,158.597706,155.364328,158.025421,41346500
2019-01-31,158.998331,161.18254,158.778961,160.390884,37258400
2019-02-01,159.599172,160.810501,159.274884,159.713623,32143700
2019-02-04,159.742265,161.697556,159.5992,161.697556,26718800
2019-02-05,161.916921,163.319007,161.850163,163.12825,28156400
2019-02-06,163.166423,163.452551,161.907401,162.64183,27970000
2019-02-07,161.220699,161.621293,159.236795,160.457657,42036200
2019-02-08,159.055528,160.800982,158.874319,160.772369,29020700
2019-02-11,161.35418,161.745241,160.219157,160.619751,21434100
2019-02-12,161.792984,163.233216,161.506842,162.994766,29722100
2019-02-13,163.719607,164.206054,162.927967,163.109177,26094100
2019-02-14,162.527311,163.891251,161.983653,163.309433,30326800
2019-02-15,164.549482,164.587628,163.233234,163.996277,32521700
2019-02-19,163.490695,164.816475,163.462082,164.320496,19487700
2019-02-20,164.434965,165.083556,163.404874,164.291901,32593000
2019-02-21,163.853093,164.301379,162.823003,163.690948,25207400
2019-02-22,164.0439,165.016764,163.958047,164.902313,27735400
2019-02-25,166.161359,166.590565,165.388769,165.503235,32608800
2019-02-26,165.102641,166.199504,164.826031,165.674911,21939700
2019-02-27,164.911884,165.770312,163.824553,165.570007,25162000
2019-02-28,165.054945,165.779827,164.72111,165.188477,25085500
2019-03-01,166.380701,166.58099,165.178905,166.333008,31431200
2019-03-04,167.429899,167.668349,164.501743,166.361649,38063500
2019-03-05,166.485626,167.000671,165.665358,166.485626,22319900
2019-03-06,166.647762,166.676374,165.274289,165.541351,27194600
2019-03-07,165.121704,165.178929,162.89935,163.509781,39407400
2019-03-08,161.678485,163.347633,161.516341,163.261795,39303200
2019-03-11,163.938999,166.771784,163.910387,166.657318,30518400
2019-03-12,167.096038,168.002144,166.695444,167.572937,33953500
2019-03-13,168.440939,169.709479,168.202489,168.831985,42426100
2019-03-14,168.946447,169.146736,168.49816,168.545853,23751500
2019-03-15,169.203911,170.615543,169.089459,170.110031,38192000
2019-03-18,170.037476,171.031241,169.693483,170.515244,32935100
2019-03-19,171.212741,171.996287,170.362316,171.088531,36893300
2019-03-20,171.098111,172.818077,170.31458,171.766983,50105000
2019-03-21,171.250978,174.70046,171.231864,174.452026,42428500
2019-03-22,173.697155,174.165372,170.438777,170.620331,70794500
2019-03-25,169.999197,170.887837,169.062762,170.29541,46336500
2019-03-26,171.614079,172.655608,170.218991,171.088531,33248100
2019-03-27,171.346558,171.728766,168.747501,169.989685,37096700
2019-03-28,170.429249,171.021677,169.359055,170.38147,30368200
2019-03-29,171.700036,171.833811,170.648942,171.671371,35205500
2019-04-01,173.43914,174.155791,172.732053,173.945572,30969500
2019-04-02,174.136701,174.776908,173.697149,174.604904,22645200
2019-04-03,175.589101,176.697525,175.063568,175.608215,31633500
2019-04-04,175.656026,176.296233,174.528487,175.541367,28530800
2019-04-05,176.047789,176.554221,175.83757,176.449112,25674700
2019-04-08,176.162473,177.041564,175.464936,176.898239,22697500
2019-04-09,176.296214,176.879091,175.904442,176.2771,25631900
2019-04-10,176.506387,177.280367,176.315283,177.223038,24563000
2019-04-11,177.519294,177.519294,176.477764,176.802643,20654100
2019-04-12,177.586177,177.681722,176.831296,177.567062,24989100
2019-04-15,177.57668,177.796464,176.410926,177.595795,21073000
2019-04-16,178.245475,178.599033,177.662598,178.20726,27195700
2019-04-17,179.401696,179.573685,178.302837,178.828369,29651600
2019-04-18,179.124557,179.439871,178.006569,179.057663,28580900
2019-04-22,178.274154,179.631012,178.140365,179.564117,17936000
2019-04-23,180.022734,182.067578,179.76475,181.847809,33665600
2019-04-24,182.000768,182.230102,181.217222,181.274567,24977100
2019-04-25,182.631437,182.717431,181.02613,182.01033,29517500
2019-04-26,181.723642,182.210974,180.204345,182.172745,26359500
2019-04-29,182.172764,182.812985,181.87655,182.526321,21716200
2019-04-30,181.054746,181.408304,179.841227,181.112076,31495300
2019-05-01,182.296951,182.812948,180.404996,180.529205,34797100
2019-05-02,180.471944,181.408379,178.560874,179.745743,44110100
2019-05-03,181.236332,182.746079,180.911453,182.612305,30386200
2019-05-06,178.732828,181.742758,178.455715,181.494324,38371800
2019-05-07,179.51639,180.280821,176.305791,177.958878,58818100
2019-05-08,177.376007,178.847524,176.7358,177.509781,37165300
2019-05-09,175.531739,177.16571,173.993328,176.554169,55351700
2019-05-10,175.923546,177.624397,172.980497,176.773972,58526400
2019-05-13,172.273376,173.200246,170.142537,170.63942,67185800
2019-05-14,171.537618,173.553797,170.906961,172.512253,43360600
2019-05-15,171.375177,175.38842,171.336947,174.948868,40944500
2019-05-16,175.025341,177.796401,174.815122,176.707077,39281200
2019-05-17,174.958391,177.328113,174.748172,174.901047,44702300
2019-05-20,172.464514,173.123821,171.36564,171.948517,38608300
2019-05-21,173.429636,174.222732,172.875424,173.744965,31613800
2019-05-22,172.779843,173.974262,172.712949,172.970947,24332600
2019-05-23,170.983433,171.059878,169.263468,170.324112,45351300
2019-05-24,171.241413,171.852954,170.027879,170.238098,25903300
2019-05-28,170.71589,171.671425,169.578801,169.597916,24763800
2019-05-29,168.546828,169.129705,167.30463,168.202835,42178800
2019-05-30,168.651929,169.387695,167.954392,168.909927,30354800
2019-05-31,166.922403,167.495715,166.138857,166.215302,45446200
2019-06-03,165.766217,166.215319,161.743422,162.555618,75842300
2019-06-04,164.380669,167.189944,163.750012,167.132614,47797800
2019-06-05,168.728314,168.756979,166.626141,168.374771,34412700
2019-06-06,168.661491,170.123459,167.916175,169.712585,29913200
2019-06-07,170.620329,173.687602,170.40056,172.990051,45888300
2019-06-10,174.14622,176.630616,174.108005,175.006195,41385300
2019-06-11,176.831293,177.156172,174.652675,175.245102,41260300
2019-06-12,174.767321,175.130429,173.907345,174.232224,27758100
2019-06-13,174.958473,175.694224,174.61448,175.264236,23715800
2019-06-14,174.366047,174.968039,173.850064,174.518936,22844100
2019-06-17,174.901152,176.057356,174.710047,175.570038,20379500
2019-06-18,177.643525,179.373041,177.184857,178.121292,48177300
2019-06-19,178.360189,179.191499,177.318659,178.790176,31672900
2019-06-20,181.284115,181.32233,178.837948,180.452805,40922000
2019-06-21,180.242571,181.331881,179.803019,180.185242,39980400
2019-06-24,180.545289,180.727244,180.095193,180.190964,19375200
2019-06-25,180.066523,180.171865,176.829669,177.097809,33921100
2019-06-26,178.275711,179.396157,177.634089,177.921371,22595700
2019-06-27,178.563004,179.02267,178.112908,178.601303,19709200
2019-06-28,179.032244,179.223771,178.189524,178.831146,21179200
2019-07-01,182.259519,182.498931,180.40168,181.2444,31025600
2019-07-02,181.186939,181.981788,180.669816,181.962631,18035800
2019-07-03,182.422315,183.332077,182.230773,183.332077,15792100
2019-07-05,182.077569,183.293771,181.368904,182.958603,21415600
2019-07-08,181.771141,181.828597,180.928406,181.675385,17598800
2019-07-09,180.813459,182.81494,180.660232,182.585114,19193500
2019-07-10,183.695937,184.912139,183.360755,184.404587,28374500
2019-07-11,184.682365,185.151603,183.686403,184.270569,23736100
2019-07-12,184.47165,185.343098,184.299266,185.333527,20211900
2019-07-15,185.764509,185.965621,185.247385,185.927307,15606100
2019-07-16,185.697426,185.869795,184.404596,184.969604,20190900
2019-07-17,184.969622,185.295234,184.040703,184.05986,16765100
2019-07-18,183.188422,184.624894,182.613842,184.270569,28877000
2019-07-19,185.534677,185.620862,182.728761,182.920288,29387900
2019-07-22,183.332053,184.768524,183.332053,184.375885,18954900
2019-07-23,185.381452,185.601707,184.146078,185.58255,23786700
2019-07-24,184.873882,186.894519,184.854725,186.884933,20422900
2019-07-25,186.252854,186.281582,184.758911,185.113251,23434700
2019-07-26,186.29119,187.267995,186.19542,187.018997,20431200
2019-07-29,186.846648,186.913676,185.199493,186.377396,20451700
2019-07-30,184.950487,186.300759,184.816417,185.572952,18705000
2019-07-31,186.070939,186.195424,181.301858,183.00647,41627500
2019-08-01,183.322498,186.72215,181.215676,182.09671,63251600
2019-08-02,180.727256,180.985825,178.323566,179.415283,55214000
2019-08-05,175.661314,175.737928,171.610468,173.075668,75040000
2019-08-06,174.674912,176.015627,173.401253,175.498489,41897200
2019-08-07,173.592793,176.695562,172.271235,176.446579,49990600
2019-08-08,177.241386,180.344169,176.752991,180.286697,38418100
2019-08-09,179.424885,180.037779,177.193564,178.591736,33608900
2019-08-12,177.49039,178.02667,175.728322,176.542328,24642900
2019-08-13,176.389122,181.646599,176.226324,180.41124,40241900
2019-08-14,177.509574,178.074582,174.694087,175.019684,51000500
2019-08-15,175.249481,175.814489,173.487413,174.818542,36685000
2019-08-16,176.408294,178.074592,176.302953,177.624496,32781400
2019-08-19,180.19097,180.832592,179.558919,180.449524,22494100
2019-08-20,179.999468,180.650662,179.003506,179.051392,19902900
2019-08-21,180.621926,181.215663,179.999461,180.641083,20418500
2019-08-22,180.976264,181.435946,178.639601,180.056931,24243700
2019-08-23,178.83113,180.468699,173.870508,174.358917,55372400
2019-08-26,176.341285,177.040363,175.32618,176.992493,27598900
2019-08-27,178.227767,178.524635,175.929419,176.618912,28012800
2019-08-28,176.044346,177.547845,175.163312,177.250977,21792400
2019-08-29,179.453553,180.478243,178.773617,179.961105,25358900
2019-08-30,180.92837,180.966684,178.515108,179.530212,26319800
2019-09-03,178.333128,179.252462,177.193525,177.787262,27964200
2019-09-04,179.501469,180.507002,178.984331,180.353775,21592100
2019-09-05,182.345712,184.184394,182.278669,183.657684,33932600
2019-09-06,183.964087,184.031115,183.073467,183.475677,19487800
2019-09-09,184.050314,184.126928,182.163747,183.092667,24407600
2019-09-10,182.106282,182.661719,180.909222,182.565948,23744700
2019-09-11,182.910631,184.37583,182.489264,184.28006,25063600
2019-09-12,185.410175,186.463594,184.797282,185.046265,28689900
2019-09-13,184.778091,185.20903,184.14604,184.385452,27669800
2019-09-16,183.198009,183.944973,183.016053,183.561905,20319000
2019-09-17,183.581025,184.442917,183.188386,184.442917,20953400
2019-09-18,184.059864,184.442931,182.058384,184.366318,29781300
2019-09-19,184.691887,185.821904,184.318405,184.672729,26039400
2019-09-20,184.93131,185.122837,182.106253,182.719147,29086100
2019-09-23,182.665418,183.346726,182.051289,182.799759,22485900
2019-09-24,183.634555,184.037577,179.585133,180.371994,40820700
2019-09-25,180.189755,182.876579,178.683223,182.39679,34704900
2019-09-26,182.156844,182.319971,180.381618,181.725037,26826000
2019-09-27,182.060861,182.156824,178.241742,179.470001,40773500
2019-09-30,180.199311,181.465962,179.825076,181.178085,26307700
2019-10-01,181.840174,182.886111,179.40285,179.700317,32367600
2019-10-02,178.481665,178.510451,175.622124,176.610489,48544300
2019-10-03,176.591309,178.683199,174.470648,178.548859,39392500
2019-10-04,179.518018,181.437176,179.326105,181.178085,31887600
2019-10-07,180.659935,182.070518,180.314486,180.631149,21216000
2019-10-08,179.498772,180.266438,177.781133,177.925064,32379300
2019-10-09,179.431652,180.477589,178.894276,179.661942,20147400
2019-10-10,179.70994,181.773029,179.556404,181.053345,25177700
2019-10-11,183.11639,184.843634,183.010836,183.385071,40976700
2019-10-14,183.126057,183.951295,182.943734,183.365952,14975000
2019-10-15,183.932057,186.1295,183.816912,185.697693,23234200
2019-10-16,185.064374,185.70729,184.651747,185.237091,20457100
2019-10-17,186.350268,186.638145,185.016453,185.726547,19045200
2019-10-18,185.39064,185.841643,183.001298,183.941681,27700800
2019-10-21,184.920415,185.697672,184.373448,185.572922,15801200
2019-10-22,186.302219,186.561309,184.037613,184.0952,22392300
2019-10-23,183.720982,184.488633,183.4235,184.450256,14828400
2019-10-24,185.764855,186.359804,184.949222,186.244644,18998500
2019-10-25,185.285111,187.828004,185.246734,187.73204,21507100
2019-10-28,188.605225,189.833485,188.605225,189.584,18818700
2019-10-29,189.26732,189.555182,188.087028,188.115814,18569700
2019-10-30,188.480499,189.344129,187.39617,189.027466,21764300
2019-10-31,189.574409,189.660768,188.019896,189.113815,26801800
2019-11-01,189.929415,190.841026,189.641553,190.831421,22131900
2019-11-04,192.098062,192.424315,190.831411,192.011703,19015900
2019-11-05,192.251665,192.443578,191.483999,192.117325,15048900
2019-11-06,191.896579,191.915775,190.754678,191.685471,19725500
2019-11-07,192.645078,193.56628,191.771872,192.328415,17832400
2019-11-08,191.982954,193.11525,191.474363,193.096054,15258800
2019-11-11,192.117291,192.913729,191.858201,192.836975,10147600
2019-11-12,193.000032,194.036378,192.702565,193.393448,14778300
2019-11-13,192.721814,193.62382,192.597078,193.441498,15774600
2019-11-14,192.712225,193.412714,192.126882,193.287964,16945400
2019-11-15,194.45863,194.70813,193.83491,194.70813,18427900
2019-11-18,194.401086,195.168752,193.614239,194.861694,18365900
2019-11-19,195.600524,195.600524,194.401051,195.149521,16923300
2019-11-20,194.640948,195.226291,192.510682,193.978836,36629000
2019-11-21,193.767742,193.902097,192.942518,193.547043,17883600
2019-11-22,194.026808,194.141967,192.625831,193.671768,17189600
2019-11-25,194.506661,196.003602,194.477875,195.965225,17752800
2019-11-26,196.089947,196.588917,195.80207,196.339432,14780600
2019-11-27,196.848009,197.721229,196.608114,197.711624,16963100
2019-11-29,197.212622,197.510089,196.713637,196.809601,9854600
2019-12-02,196.819237,196.8864,193.623838,194.794525,28007000
2019-12-03,192.117322,193.345582,191.176924,193.268814,31104100
2019-12-04,194.257148,194.708152,193.969272,194.247543,15300100
2019-12-05,194.938466,194.938466,193.68142,194.631409,14962300
2019-12-06,196.051542,196.857585,195.898006,196.713654,16555300
2019-12-09,196.35862,197.279808,195.734885,195.821259,13984100
2019-12-10,195.917202,196.598509,195.216714,195.658112,21799800
2019-12-11,196.099509,196.895961,195.792436,196.694443,18780800
2019-12-12,196.492955,198.939884,196.224274,198.162613,32612000
2019-12-13,198.057049,199.506022,197.634847,198.815125,32519400
2019-12-16,200.120168,201.060551,200.05299,200.811066,21296600
2019-12-17,201.070124,201.233265,200.590335,200.926193,15996100
2019-12-18,201.098953,201.636315,200.868649,201.079758,15443300
2019-12-19,201.16612,202.40397,201.146924,202.336807,17865900
2019-12-20,203.296351,203.929676,202.730203,203.15242,27672600
2019-12-23,203.871759,204.016002,203.51595,203.689041,23774700
2019-12-24,203.87175,203.958295,203.333223,203.794815,7089000
2019-12-26,204.121802,205.612377,204.092953,205.59314,17067500
2019-12-27,206.31438,206.333617,204.871891,205.420044,18134100
2019-12-30,205.314249,205.43927,203.06397,204.073715,21815500
2019-12-31,203.419795,204.602632,203.102446,204.458389,18170900
2020-01-02,206.179709,207.872238,205.775814,207.872238,30969400
2020-01-03,205.121905,207.208703,205.102668,205.968155,27518900
2020-01-06,204.352598,207.324121,204.102572,207.295273,21655300
2020-01-07,207.372186,207.853016,206.612482,207.266403,22139300
2020-01-08,207.237563,209.776343,206.910603,208.824295,26397300
2020-01-09,210.545679,210.99766,209.362843,210.593765,23547000
2020-01-10,211.420806,211.440029,209.68019,210.055237,21898500
2020-01-13,210.920724,212.507456,210.584137,212.478607,22756900
2020-01-14,212.372824,212.728647,211.315007,211.641968,24418100
2020-01-15,211.757349,212.719008,211.036105,211.7285,25742100
2020-01-16,212.786313,213.796058,212.334332,213.757584,18805000
2020-01-17,214.719258,214.988521,213.60373,214.81543,24325200
2020-01-21,214.219232,215.257826,214.123075,214.719299,21146300
2020-01-22,215.805971,216.51759,215.017403,215.286667,20736400
2020-01-23,215.161648,216.075221,214.161514,215.97905,26496100
2020-01-24,216.98881,217.219614,213.171022,214.16153,37436500
2020-01-27,209.324394,210.872666,208.853176,209.737915,42264400
2020-01-28,211.218841,213.449898,210.661077,212.959442,26731900
2020-01-29,214.142272,214.382687,212.363212,213.305634,28924500
2020-01-30,211.930484,214.161526,211.266937,214.065369,39568100
2020-01-31,214.959661,214.98851,209.920562,210.67067,52015800
2020-02-03,211.699668,214.344231,211.555425,213.85379,25408600
2020-02-04,216.777207,219.123658,216.036726,218.748611,30691200
2020-02-05,221.383556,221.422016,218.15238,219.469849,38534800
2020-02-06,220.017987,221.422016,219.239046,221.364319,22467100
2020-02-07,220.373817,221.60474,219.777579,220.412277,25884900
2020-02-10,219.68144,223.085707,219.623742,223.076096,21478900
2020-02-11,224.307026,225.047508,222.52795,223.114563,30198000
2020-02-12,224.432042,225.393701,223.874278,225.287918,24471300
2020-02-13,223.720381,225.922574,223.451118,224.99939,22773200
2020-02-14,225.355252,225.855319,224.595548,225.643753,23438500
2020-02-18,224.547434,226.153403,224.307019,225.73027,24394500
2020-02-19,227.076611,228.365231,226.807347,227.894012,22230500
2020-02-20,227.393931,227.865134,222.98953,225.778336,42604000
2020-02-21,224.653238,225.037896,220.527726,221.441299,66017200
2020-02-24,213.180593,215.652064,211.815039,212.901718,84522600
2020-02-25,214.690397,215.40203,206.506683,207.112518,97743000
2020-02-26,208.401231,211.834347,206.660615,208.180038,79537700
2020-02-27,202.813938,208.122301,197.620984,197.755615,121822600
2020-02-28,191.024001,199.226953,190.57202,197.909485,148173700
2020-03-02,200.871365,208.266526,198.044085,208.122269,112933900
2020-03-03,208.785844,211.189993,199.659693,201.44838,131953500
2020-03-04,205.141177,209.959085,203.26593,209.853302,73086200
2020-03-05,204.535294,208.064581,202.0446,203.477463,78705500
2020-03-06,196.822808,201.131038,195.130293,200.044373,89828400
2020-03-09,186.061831,193.447382,184.744363,186.148392,116424000
2020-03-10,193.399293,196.466989,186.254158,196.284271,100599200
2020-03-11,191.70678,193.053097,185.340586,187.735123,89168800
2020-03-12,175.108559,183.465381,170.156019,170.521454,137820700
2020-03-13,179.897627,187.023511,171.300389,184.965561,134882000
2020-03-16,167.472921,177.59919,162.674252,162.808884,92054400
2020-03-17,168.742395,177.320396,163.27055,175.156662,121257100
2020-03-18,165.030355,172.348583,160.404776,169.829041,114156300
2020-03-19,168.953949,176.454895,165.049614,170.848419,120896500
2020-03-20,174.77197,175.858635,163.578256,164.155243,118983900
2020-03-23,164.717056,167.887665,158.944436,164.273758,124639800
2020-03-24,173.380798,177.158534,171.491923,176.994705,94881800
2020-03-25,177.72714,182.632413,173.448271,175.684082,88754900
2020-03-26,177.19709,185.725917,176.946531,184.935669,79887600
2020-03-27,180.146046,183.596124,177.958438,178.575211,58845000
2020-03-30,180.271337,185.504283,179.577466,185.070602,49356900
2020-03-31,184.762199,188.164089,182.33365,183.490097,62659300
2020-04-01,178.064409,180.849526,174.296306,175.69368,53715400
2020-04-02,174.662536,183.200994,174.40233,179.259415,56465300
2020-04-03,178.816148,180.28099,174.71074,176.715256,47487600
2020-04-06,183.567205,190.476994,182.324028,189.349457,64763500
2020-04-07,195.025695,195.305179,188.886877,189.272354,69904500
2020-04-08,190.958813,193.869217,189.050675,193.291,45940400
2020-04-09,195.006457,195.844879,191.806937,193.570526,68252600
2020-04-13,192.741692,196.037574,191.537057,195.661728,42853900
2020-04-14,199.70932,204.788068,198.928718,204.171295,63959600
2020-04-15,200.913963,204.142392,199.603319,201.829483,47036000
2020-04-16,204.007496,206.590229,202.080079,205.51088,64657400
2020-04-17,208.32486,208.652517,204.383295,207.476791,62863200
2020-04-20,205.616858,208.045408,204.855535,205.019363,38249100
2020-04-21,202.957068,203.496743,196.240017,197.454285,72932800
2020-04-22,201.511453,204.643506,200.769394,203.313583,40089100
2020-04-23,204.103813,206.657649,202.475158,202.879913,43278500
2020-04-24,203.313613,206.522765,201.896961,206.079453,34231900
2020-04-27,208.344202,208.768236,206.715532,207.737061,36451700
2020-04-28,209.433163,209.433163,203.544902,203.824371,46862800
2020-04-29,208.344136,211.986953,207.332239,211.052155,48716400
2020-04-30,211.967705,212.054435,209.462071,210.965454,43359500
2020-05-01,206.715485,208.806731,203.99782,205.019363,48795000
2020-05-04,203.785839,207.631027,203.458167,207.409378,32841000
2020-05-05,209.548786,212.150796,208.980202,209.760803,37783100
2020-05-06,211.437632,213.018113,210.194455,211.052155,36455200
2020-05-07,213.769821,214.646785,212.42062,213.769821,38624800
2020-05-08,215.437053,216.834427,214.405878,216.699509,31852300
2020-05-11,215.379271,219.658126,215.147976,218.636597,35714100
2020-05-12,219.234085,219.821948,214.03005,214.05896,41054100
2020-05-13,214.579388,216.458617,208.845324,211.379868,65521200
2020-05-14,210.059564,213.818022,208.151425,213.77948,51549300
2020-05-15,210.840149,215.225026,210.406483,215.167206,55747200
2020-05-18,218.06798,220.380875,217.287378,219.176239,42398100
2020-05-19,219.43648,221.508463,218.482418,218.626968,36237300
2020-05-20,221.17113,223.349106,221.151851,222.992538,37417000
2020-05-21,223.040718,223.715311,220.053216,220.56398,43642900
2020-05-22,220.159208,221.527673,219.243688,221.325302,28762400
2020-05-26,224.890995,225.093381,220.486841,220.727768,33055300
2020-05-27,220.390524,222.048104,215.812908,221.932449,55665600
2020-05-28,220.795242,224.997012,220.737422,221.643311,42784300
2020-05-29,222.019174,225.122317,220.457957,224.891022,50691800
2020-06-01,224.023718,225.941489,223.580406,225.565643,25776000
2020-06-02,225.989664,227.136479,223.590024,227.078659,33383400
2020-06-03,227.685772,228.851865,226.808808,228.100174,37228700
2020-06-04,227.753282,229.160289,225.199445,226.500458,38716100
2020-06-05,227.647233,231.579165,227.078648,230.991302,47365600
2020-06-08,230.846765,232.909101,229.27593,232.783829,32937300
2020-06-09,231.926116,235.31836,231.743009,234.470306,35046300
2020-06-10,236.156795,238.826272,235.636384,237.284332,58084400
2020-06-11,233.371672,234.749768,225.469264,225.527084,72919400
2020-06-12,230.413092,231.675548,223.329842,227.319595,72034800
2020-06-15,224.004435,230.760027,223.069636,230.085434,45307400
2020-06-16,234.932878,235.520741,230.422729,234.036636,48890100
2020-06-17,235.530347,236.590433,233.920956,234.778656,34749300
2020-06-18,234.460672,235.655676,233.689717,235.414749,30578600
2020-06-19,237.775815,238.036021,233.651144,235.37619,49422100
2020-06-22,235.244901,238.32448,234.955297,238.19899,24068700
2020-06-23,239.791837,242.456293,239.241576,240.226257,32767400
2020-06-24,239.473279,240.699321,233.777516,235.273865,46032400
2020-06-25,235.360716,237.812786,232.79279,237.513519,36940800
2020-06-26,237.27223,237.446007,231.383378,231.904694,52824600
2020-06-29,231.663341,234.443654,229.134039,234.43399,34377800
2020-06-30,234.366352,239.569772,234.182926,239.02916,38909200
2020-07-01,239.067816,242.813513,238.527203,241.819168,34689200
2020-07-02,244.261567,245.468298,242.996916,243.460297,31956500
2020-07-06,246.607507,249.967042,246.588195,249.445755,34589000
2020-07-07,249.194714,251.849521,247.428043,247.72731,36578200
2020-07-08,249.049908,251.019271,247.621128,250.990311,30426300
2020-07-09,252.901815,253.770656,248.71205,253.104538,40312900
2020-07-10,252.959656,255.083514,250.285552,254.832504,32885300
2020-07-13,257.670779,260.451091,248.769932,249.590515,64108100
2020-07-14,247.070838,251.762622,244.010571,251.357147,72230500
2020-07-15,252.766621,253.596867,248.576855,251.86882,54523900
2020-07-16,249.088492,250.787578,246.771575,250.150421,47594100
2020-07-17,250.604086,251.299164,248.267873,250.439987,35137900
2020-07-20,251.07714,258.172721,249.831816,257.545227,40610100
2020-07-21,259.109151,259.118814,254.021586,254.861465,43243800
2020-07-22,255.353848,256.686083,253.461673,255.759293,29865500
2020-07-23,255.353841,256.058553,247.66936,249.078842,51363500
2020-07-24,245.24628,248.036241,242.620448,246.713669,54054500
2020-07-27,248.354798,251.501932,247.572839,251.115784,36445700
2020-07-28,250.33381,250.855126,247.630746,247.920349,31302400
2020-07-29,249.455367,251.637145,248.982338,250.777939,27556900
2020-07-30,248.818198,252.650776,247.669388,252.090866,41774500
2020-07-31,256.70538,256.744004,251.820537,256.589539,53686300
2020-08-03,258.723032,260.798603,258.597527,260.055267,32081600
2020-08-04,259.553287,261.117235,258.809952,261.020691,24911300
2020-08-05,261.503321,262.121151,260.615154,261.667419,21612100
2020-08-06,261.474334,265.461375,260.837176,265.133148,28048200
2020-08-07,264.592546,265.364871,259.929752,262.072906,44969400
2020-08-10,262.362578,262.56533,257.43914,260.953125,35088400
2020-08-11,259.794637,261.078615,255.469732,256.010345,43104300
2020-08-12,258.163122,263.395489,258.114835,262.449402,38773400
2020-08-13,263.221766,265.316634,262.11158,263.048004,31895700
2020-08-14,263.665744,263.93605,261.348827,262.738983,30799500
2020-08-17,264.447744,266.291632,262.777648,265.789642,24803000
2020-08-18,266.851566,268.820929,265.393827,268.3479,23529500
2020-08-19,268.309335,269.361601,266.031041,266.542694,31999400
2020-08-20,265.75102,270.722743,265.345545,270.240051,27723400
2020-08-21,270.433186,272.566677,269.786365,272.112946,34748900
2020-08-24,275.37593,276.099968,271.533689,273.812012,36418500
2020-08-25,273.039669,276.157871,272.5956,275.964783,34866600
2020-08-26,277.210141,282.104647,275.935826,281.853638,42216700
2020-08-27,282.828618,283.678161,278.716072,280.975067,49482700
2020-08-28,282.210872,283.031455,280.85934,282.403961,28021000
2020-08-31,282.925203,286.47781,282.490768,284.672546,36321000
2020-09-01,287.317624,289.653866,285.550984,289.538025,36216200
2020-09-02,292.781836,292.994221,286.613043,292.279846,50836800
2020-09-03,287.781113,288.283103,274.564998,277.461151,110083300
2020-09-04,275.675236,278.928577,262.391534,273.763763,123959000
2020-09-08,262.796973,268.58928,260.325591,260.60556,99568600
2020-09-09,266.098596,270.355915,263.549966,268.261047,64837900
2020-09-10,271.215124,272.431518,261.194428,262.912811,69667500
2020-09-11,264.6601,265.693068,257.661064,261.088196,71809000
2020-09-14,264.862868,267.623883,263.511335,265.635193,38525200
2020-09-15,269.371186,270.742045,265.606193,269.400146,41849900
2020-09-16,270.191781,270.655147,264.756663,265.104187,42321000
2020-09-17,258.288634,264.901525,257.448755,260.962769,81570800
2020-09-18,262.381846,262.671449,253.538921,257.632141,86251100
2020-09-21,253.384454,258.385139,251.106132,258.25,57168600
2020-09-22,260.644176,263.627211,257.313617,263.048004,41128900
2020-09-23,262.729342,262.912767,254.137427,255.01593,48837300
2020-09-24,252.341892,259.398851,252.177763,256.20343,70631700
2020-09-25,256.705404,262.97074,255.151119,262.159821,55242400
2020-09-28,267.00599,267.604553,262.265979,267.604553,58438300
2020-09-29,267.044679,268.096945,265.837949,266.397888,27050000
2020-09-30,266.590849,271.35985,266.320543,268.222351,49380800
2020-10-01,272.035668,273.087933,270.153156,272.479736,50020200
2020-10-02,266.465436,272.470129,263.974756,264.814636,75497400
2020-10-05,266.774292,270.780631,266.668113,270.462067,28184600
2020-10-06,269.7767,271.45646,264.756689,265.635193,49704200
2020-10-07,268.270769,271.022092,267.68187,270.230499,27539700
2020-10-08,272.624544,272.692128,270.606895,271.668823,25443300
2020-10-09,273.310002,275.897255,272.923854,275.820007,30201100
2020-10-12,280.492476,287.163287,279.449873,284.334717,79370700
2020-10-13,286.130337,286.767464,282.963847,284.325043,64240000
2020-10-14,285.126319,286.091703,280.212515,281.950195,36949100
2020-10-15,277.258435,280.646915,276.621278,280.058044,42514200
2020-10-16,281.699227,283.118343,278.175579,278.523132,40570700
2020-10-19,280.434498,281.390249,273.001056,273.976074,36756800
2020-10-20,274.709835,277.663909,273.15558,274.565033,32195400
2020-10-21,274.816026,277.374289,273.869938,274.352631,29306100
2020-10-22,275.182836,276.080666,271.099279,274.342957,32196200
2020-10-23,274.912566,275.047734,272.026076,274.883606,24658500
2020-10-26,272.605302,275.424208,267.179845,270.761414,38421100
2020-10-27,271.755791,273.696224,270.500803,272.875641,30559100
2020-10-28,268.386618,268.994815,261.986112,262.237122,53413500
2020-10-29,263.549994,269.815331,263.086599,266.822662,43246300
2020-10-30,264.843566,265.712406,257.825232,260.055267,65838300
2020-11-02,262.439755,264.051931,257.728674,260.634491,39987400
2020-11-03,262.545936,267.237719,261.46471,265.142822,43604100
2020-11-04,273.773401,278.774086,272.112939,276.978485,75728200
2020-11-05,283.369369,285.165,281.892332,284.199615,52054200
2020-11-06,283.543147,285.136026,279.797449,284.411987,40959800
2020-11-09,287.346724,288.785167,278.14661,278.600342,86537100
2020-11-10,275.298798,276.737212,270.90628,273.609375,69024900
2020-11-11,276.128933,280.202857,273.57067,279.729828,36102900
2020-11-12,280.695193,281.959844,277.306684,278.41687,34414600
2020-11-13,280.125581,281.477113,277.905179,280.859253,24806900
2020-11-16,280.560042,283.350018,279.951845,283.050751,30168400
2020-11-17,283.243813,283.57204,281.515766,282.152924,21843500
2020-11-18,281.602645,283.21482,279.980776,280.067657,28069600
2020-11-19,279.517406,282.568024,278.851289,282.259094,22718400
2020-11-20,282.181922,282.925287,280.241519,280.3284,25907300
2020-11-23,281.322725,282.616337,278.098344,280.338043,26875600
2020-11-24,281.399938,284.76915,279.604337,284.276794,24516800
2020-11-25,285.338694,286.661266,284.392607,286.024109,23326800
2020-11-27,287.983887,289.779518,287.588076,288.659668,17163100
2020-11-30,288.978229,289.586426,284.576077,289.248535,27836200
2020-12-01,291.517092,294.577373,290.41654,292.955505,27521300
2020-12-02,291.78738,293.669891,289.953156,293.332001,23620000
2020-12-03,293.641045,295.291844,293.023184,293.747223,22828700
2020-12-04,293.795465,295.089106,293.119713,294.944275,19332100
2020-12-07,295.12768,296.981231,294.944254,296.61438,20851000
2020-12-08,296.141341,297.917645,294.393997,297.618378,18341500
2020-12-09,297.405951,297.685891,289.818015,290.879944,48839300
2020-12-10,288.852706,293.167976,287.77148,292.048126,27519500
2020-12-11,290.397298,291.526811,288.138302,291.401306,26760400
2020-12-14,292.588743,295.455936,292.521189,293.515533,28804800
2020-12-15,295.764848,296.653015,293.58307,296.653015,25709000
2020-12-16,297.048764,299.066413,296.006132,298.284454,25461900
2020-12-17,299.877371,300.466241,298.680303,300.234558,23730500
2020-12-18,300.871678,301.180608,296.961854,299.327057,41173400
2020-12-21,296.388009,299.299094,293.622019,298.767181,37095500
2020-12-22,299.666567,300.498289,296.765164,299.579529,26176300
2020-12-23,299.627934,299.985769,297.916117,298.070862,21201300
2020-12-24,298.331875,299.830921,298.254517,299.386047,16785000
2020-12-28,301.987734,302.877511,300.159836,302.403595,22497700
2020-12-29,303.72852,304.3475,301.774919,302.674347,25871900
2020-12-30,303.834913,304.154054,302.065041,302.684021,18138100
2020-12-31,302.587278,303.912248,301.513774,303.42868,21611400
2021-01-04,304.753747,304.927854,295.150108,299.144379,45305900
2021-01-05,298.157857,301.88133,298.157857,301.610504,29323400
2021-01-06,296.910265,301.629885,295.923798,297.432526,52809600
2021-01-07,300.082447,305.459712,300.053435,304.627991,30394800
2021-01-08,306.910401,308.893045,304.724668,308.544861,33955800
2021-01-11,305.59503,306.765254,303.438311,304.086304,32746400
2021-01-12,304.125014,305.2082,300.972177,303.602783,29266800
2021-01-13,303.863872,306.446104,303.264254,305.653076,22898400
2021-01-14,306.098071,307.094218,303.544822,304.018738,23500100
2021-01-15,303.805918,304.763372,300.372573,301.610504,35118700
2021-01-19,303.922003,306.513916,302.829136,306.011017,24537000
2021-01-20,309.618356,314.06715,306.107654,313.129028,30728100
2021-01-21,314.463687,316.378623,313.090373,315.633911,25130600
2021-01-22,314.599091,315.730621,314.038136,314.724823,21609400
2021-01-25,318.100111,319.463773,310.846604,317.326385,39080600
2021-01-26,318.042053,318.922148,316.465619,317.790588,25498100
2021-01-27,315.537308,315.546959,306.929787,308.931763,55264000
2021-01-28,310.130951,315.691973,309.511971,310.759583,42836300
2021-01-29,309.076744,310.179291,302.480911,304.221741,55259000
2021-02-01,307.65502,312.90658,305.633713,311.823395,35646000
2021-02-02,314.782906,318.061476,314.61848,316.910583,33930800
2021-02-03,318.980265,319.347781,315.595295,315.65332,24824500
2021-02-04,317.045995,319.473483,315.730677,319.386444,22350900
2021-02-05,320.334221,321.475432,318.699762,320.469604,22732000
2021-02-08,322.152494,322.771444,320.518034,322.616699,20462800
2021-02-09,321.688187,323.806213,321.678506,322.54895,17597500
2021-02-10,323.980306,324.43486,318.670748,321.813934,28068700
2021-02-11,323.342048,323.990041,321.204689,323.583832,22046100
2021-02-12,322.742396,325.556761,321.697904,325.392365,20346800
2021-02-16,326.185422,327.075199,323.351725,324.512299,27080800
2021-02-17,321.543162,324.628323,319.318765,322.95517,31360300
2021-02-18,319.37675,322.897103,317.568184,321.543121,32236200
2021-02-19,322.887374,323.013106,319.125238,320.140717,39157700
2021-02-22,315.769367,317.02663,311.639714,311.842804,47256900
2021-02-23,306.581595,312.57784,300.778789,310.914368,97241900
2021-02-24,308.264366,313.786724,305.575734,313.477234,58206300
2021-02-25,310.827186,313.380404,301.010753,302.548492,110182600
2021-02-26,305.469374,308.622211,300.662715,303.815582,104739800
2021-03-01,308.776899,313.293428,307.490624,312.954926,49164500
2021-03-02,313.593288,313.670646,307.684112,307.935547,48370000
2021-03-03,306.842682,307.780803,298.941211,298.999237,86301100
2021-03-04,298.63168,301.784547,290.246614,294.105499,139131600
2021-03-05,296.716877,299.434523,287.674193,298.535095,121523700
2021-03-08,297.993364,299.869607,289.666354,290.082214,88409800
2021-03-09,297.364712,303.41898,296.8328,301.523376,80391100
2021-03-10,305.769157,306.068966,299.976032,300.662689,76798100
2021-03-11,305.391928,309.347503,304.502181,307.587341,53484800
2021-03-12,303.544773,307.771175,301.155979,305.092194,69315600
2021-03-15,305.411373,308.515866,303.776914,308.35144,42955700
2021-03-16,310.537163,313.544966,308.612575,310.043915,54925900
2021-03-17,307.016766,313.206419,305.30492,311.320496,78258700
2021-03-18,306.45576,307.432575,301.329961,301.784515,82718100
2021-03-19,301.62014,304.386159,299.482782,302.848419,78446200
2021-03-22,305.235428,310.590435,305.235428,308.527832,56194800
2021-03-23,309.612406,310.929356,306.368408,307.181824,53455400
2021-03-24,308.547255,308.585998,301.855912,302.00116,64803700
2021-03-25,300.161291,302.988903,297.662946,301.478241,78729000
2021-03-26,301.265153,306.319972,299.870748,306.000427,63519600
2021-03-29,305.467803,306.95905,302.582093,305.913239,54608000
2021-03-30,303.957271,304.944984,301.681629,304.373657,44635700
2021-03-31,306.155415,310.590472,305.816484,309.031433,55032500
2021-04-01,312.846691,314.434779,312.594909,314.299225,55685600
2021-04-05,316.77825,321.339198,316.536161,320.574188,42172500
2021-04-06,320.264383,322.297907,319.576829,320.351532,33537200
2021-04-07,319.876972,321.958961,318.947359,321.12616,32046400
2021-04-08,323.973059,324.660583,323.179,324.476593,29940800
2021-04-09,323.12093,326.645759,322.385,326.442383,36664900
2021-04-12,325.406289,326.432743,324.137745,326.016357,25833000
2021-04-13,327.536717,330.286844,327.323677,329.822052,30374000
2021-04-14,330.064049,330.18994,325.047974,325.861389,42564300
2021-04-15,328.727722,331.187354,325.580566,330.799988,36342800
2021-04-16,331.322993,331.400478,329.318489,331.187439,40860100
2021-04-19,329.618629,330.770945,326.239048,328.156403,34533100
2021-04-20,327.497953,328.77616,323.798826,325.764587,38081800
2021-04-21,324.48633,328.737426,323.401777,328.553436,36598100
2021-04-22,328.166038,329.144057,323.440458,324.592804,45936100
2021-04-23,325.222345,329.986639,325.222345,328.679382,36381900
2021-04-26,328.921367,331.100167,328.175714,330.819336,30812000
2021-04-27,331.109903,331.322942,328.437261,329.38623,33187200
2021-04-28,329.056979,330.064078,327.623802,328.272614,33615700
2021-04-29,331.53603,331.952416,326.239122,329.454071,37708900
2021-04-30,327.013754,329.492742,326.384299,327.294556,38263400
2021-05-03,328.495385,329.241008,325.106139,325.551575,29729700
2021-05-04,323.004753,323.324327,315.887332,319.692993,65147000
2021-05-05,321.73621,322.598061,317.84343,318.618103,46219300
2021-05-06,318.356584,321.174502,316.119685,321.019562,46814300
2021-05-07,323.789146,325.996996,321.19396,323.624542,53324500
2021-05-10,322.249477,322.423774,315.248254,315.45163,60700500
2021-05-11,309.583347,315.809867,308.924842,315.015808,71963600
2021-05-12,310.096579,312.410934,306.000423,306.862274,91164900
2021-05-13,309.796343,312.197846,306.87189,309.23468,69877800
2021-05-14,312.391599,316.971903,311.888035,316.061676,44370000
2021-05-17,314.357327,316.042256,311.277962,314.144287,39395000
2021-05-18,315.09326,316.313368,311.752421,312.02356,36528500
2021-05-19,306.639614,312.682146,306.290991,312.381958,66319100
2021-05-20,313.863521,319.276627,313.640818,318.424469,46466100
2021-05-21,319.973778,320.390164,316.303731,316.662018,50330400
2021-05-24,318.947355,323.111303,316.555515,321.988007,32475800
2021-05-25,323.498547,324.21512,321.261648,322.43335,31280300
2021-05-26,323.101634,324.021555,322.41411,323.556763,25444900
2021-05-27,323.111292,323.953757,322.142937,322.346283,27931700
2021-05-28,323.547058,324.951185,323.043523,323.363068,29927400
2021-06-01,324.689681,325.164195,320.942149,322.288177,31145400
2021-06-02,322.704624,323.760129,321.203684,322.917664,22047900
2021-06-03,320.090079,321.358623,317.891922,319.557495,37057800
2021-06-04,321.34886,325.425629,321.281068,324.980194,38736500
2021-06-07,324.447669,326.006738,323.760145,325.948639,32611900
2021-06-08,327.691573,328.553424,324.428219,326.103485,27282800
2021-06-09,327.468899,328.243572,325.996979,326.180969,21485300
2021-06-10,326.519917,329.68643,326.074482,329.579926,33702100
2021-06-11,329.589493,330.451343,328.940711,330.44165,21222800
2021-06-14,330.867783,333.617909,329.686387,333.608246,27827700
2021-06-15,333.259682,333.569563,330.712901,331.429504,35963800
2021-06-16,331.894323,332.95952,326.771741,330.219086,55399500
2021-06-17,329.211951,335.419116,329.163545,334.412018,59722700
2021-06-18,332.756106,333.898759,331.042097,331.78775,55414900
2021-06-21,331.978644,334.169676,329.768234,333.849731,32992600
2021-06-22,333.646191,337.407775,333.345655,336.961823,28941600
2021-06-23,336.903748,338.270717,336.292971,337.126709,27188500
2021-06-24,339.05597,340.73315,338.513064,339.21109,32581600
2021-06-25,339.773281,340.015651,338.193026,338.794098,28682800
2021-06-28,340.073832,343.050139,340.015666,342.914398,39130300
2021-06-29,342.739903,344.184418,341.906166,344.155334,29426000
2021-06-30,344.000212,344.388028,343.030733,343.612427,32724000
2021-07-01,343.26349,344.252348,341.9159,343.74823,29290000
2021-07-02,345.63868,348.013915,345.406014,347.694,32727200
2021-07-06,348.295047,349.477812,345.609571,349.196655,38842400
2021-07-07,351.38769,351.688226,347.984809,349.933472,35265200
2021-07-08,344.882547,348.673215,343.602857,347.820068,50890000
2021-07-09,347.238382,350.466735,346.656688,349.991699,35184500
2021-07-12,351.387756,351.81433,349.817175,351.358673,25717700
2021-07-13,350.980562,354.315573,350.505527,351.358673,39723000
2021-07-14,353.695063,354.334923,351.164737,351.9888,35336400
2021-07-15,351.901603,352.105185,347.519538,349.516663,53391600
2021-07-16,350.369708,351.348891,346.336672,346.685699,47262000
2021-07-19,343.244143,344.33966,341.29551,343.845245,64404600
2021-07-20,344.775889,349.283962,343.001726,347.839447,42183700
2021-07-21,347.412822,350.524841,347.189831,350.524841,30259900
2021-07-22,350.728462,352.851624,350.728462,352.841949,30252200
2021-07-23,354.160441,357.243377,352.81288,356.96225,31960800
2021-07-26,356.273807,357.631101,355.410986,357.243286,28438100
2021-07-27,356.981585,356.981585,349.167586,353.307251,57933100
2021-07-28,354.441559,356.235101,352.153573,354.66452,42066200
2021-07-29,354.102299,356.458127,354.102299,355.294769,25672500
2021-07-30,351.378028,354.024717,351.348945,353.443024,36484600
2021-08-02,355.100794,355.682488,352.764346,353.472076,27334100
2021-08-03,354.131322,355.730957,350.951432,355.614624,35558500
2021-08-04,355.575869,357.078579,354.470678,356.128479,29602200
2021-08-05,356.942816,358.620025,356.235115,358.38736,21443900
2021-08-06,357.126982,358.096461,355.711551,356.816742,33332100
2021-08-09,357.272432,357.999541,356.176945,357.476044,25960200
2021-08-10,357.98989,358.280722,354.460972,355.643738,35130800
2021-08-11,356.904107,357.398521,353.704808,355.03299,34249800
2021-08-12,354.528754,356.671294,353.181164,356.312592,25969200
2021-08-13,356.661715,357.892943,356.167272,357.563324,19336200
2021-08-16,356.448399,357.757172,352.599566,357.718414,34856900
2021-08-17,354.974822,355.944301,352.143959,354.567657,44793900
2021-08-18,354.034353,355.430405,350.825379,351.154999,38541900
2021-08-19,349.225781,354.519129,348.973707,352.851624,48499400
2021-08-20,353.918039,356.904051,353.607799,356.506561,39486000
2021-08-23,357.543839,362.526975,357.534164,361.838654,34034700
2021-08-24,362.430086,363.544981,361.964725,362.943909,21732900
2021-08-25,363.195953,363.932767,362.449436,363.360748,20441900
2021-08-26,362.507655,363.186273,360.617159,361.053436,29133300
2021-08-27,361.683634,365.067107,361.198894,364.562988,27104700
2021-08-30,365.348217,369.138884,365.328808,368.654144,27295700
2021-08-31,368.896513,368.964354,366.812109,368.353607,29628200
2021-09-01,369.410368,371.029381,368.760804,368.964386,28138300
2021-09-02,370.311976,370.641595,367.578037,368.789886,25453400
2021-09-03,367.645882,370.321654,367.626503,369.924164,24605400
2021-09-07,370.030732,371.097165,368.87705,370.447601,23970200
2021-09-08,370.273129,370.273129,366.89936,369.158234,32949200
2021-09-09,369.381251,370.486442,367.645875,367.888245,29399000
2021-09-10,369.594558,370.311964,364.766542,365.096161,40249400
2021-09-13,367.422904,367.849477,362.798499,364.844086,48741800
2021-09-14,366.327354,367.054463,362.856632,363.806732,41826600
2021-09-15,364.262367,366.860563,361.974381,366.511536,34097900
2021-09-16,365.183386,367.33563,363.263836,366.763641,35193100
2021-09-17,366.288622,366.337084,361.383059,362.42038,60912300
2021-09-20,356.639704,358.377003,350.301988,354.931549,76203200
2021-09-21,356.756202,357.949994,354.242471,355.368317,41927500
2021-09-22,356.280638,360.143453,355.183907,358.687622,46972900
2021-09-23,359.842562,363.025977,359.201993,361.997192,44652000
2021-09-24,359.735836,362.754275,359.367021,362.336914,36056800
2021-09-27,359.299094,360.318164,356.901825,359.444672,43338100
2021-09-28,354.902485,359.396125,348.768577,349.273254,97701600
2021-09-29,350.535014,352.670216,348.079514,348.700653,58076600
2021-09-30,350.340872,352.000511,346.584832,347.419495,61384600
2021-10-01,348.040695,350.612658,343.944956,349.574158,56375500
2021-10-04,347.963018,348.293003,340.004493,342.236755,76766000
2021-10-05,343.294652,349.098575,343.071443,346.856598,47232900
2021-10-06,343.65368,349.350855,342.751072,349.079102,56806500
2021-10-07,352.116975,354.92189,351.583182,352.281982,39411200
2021-10-08,353.35927,353.592223,349.991446,350.525269,41822300
2021-10-11,348.991693,352.505122,347.749386,347.836761,34847200
2021-10-12,349.282935,349.719666,345.983058,346.623627,43905100
2021-10-13,348.923791,350.069037,346.905023,349.399353,40120800
2021-10-14,352.980737,356.047691,352.320767,355.834167,43433900
2021-10-15,357.047387,358.192634,356.018602,358.076172,40419900
2021-10-18,356.78525,361.890372,356.183512,361.676849,34513500
2021-10-19,362.744495,364.462365,361.725425,364.413849,29091000
2021-10-20,364.869986,365.48144,362.463002,363.938263,31390300
2021-10-21,363.142389,366.35492,362.84152,366.160797,25469300
2021-10-22,364.908813,365.869652,361.424529,363.084167,36275800
2021-10-25,364.501214,367.713745,362.560106,366.801422,32597800
2021-10-26,369.033812,371.440768,366.78212,367.956482,47191300
2021-10-27,368.402779,371.867663,368.14074,368.810425,45760500
2021-10-28,370.703042,373.158542,369.936297,372.906189,38007000
2021-10-29,369.839254,374.905547,369.489869,374.74054,37310100
2021-11-01,375.177351,376.147905,373.100381,376.021729,30765300
2021-11-02,375.410278,378.069616,375.361762,377.594025,25135300
2021-11-03,378.079241,382.019687,377.040771,381.602356,33748900
2021-11-04,382.864096,387.445111,382.320588,386.493958,40265300
2021-11-05,388.260393,389.182401,385.465193,386.862793,43383800
2021-11-08,386.833707,387.852776,385.698145,386.338715,29256300
2021-11-09,387.406306,387.804236,382.320613,383.679382,50490700
2021-11-10,380.913328,383.718214,376.118789,378.040497,54937400
2021-11-11,381.010361,381.185054,378.748954,379.088654,32243000
2021-11-12,380.233891,383.61143,378.642198,383.077637,34730600
2021-11-15,384.252033,384.572303,380.554225,382.990295,33716900
2021-11-16,382.262361,386.212522,382.068268,385.71756,27872900
2021-11-17,386.037818,387.94981,384.960517,385.921356,28703300
2021-11-18,387.959536,390.424721,385.746674,389.920044,45721500
2021-11-19,391.550547,393.365478,390.725571,392.094055,45191700
2021-11-22,393.627536,396.67506,387.435398,387.542145,61715400
2021-11-23,386.387211,388.444811,381.350064,385.775787,70098700
2021-11-24,383.300889,387.299567,380.98128,387.018127,46954400
2021-11-26,384.44615,385.834065,378.292841,379.680756,51533300
2021-11-29,384.232652,388.93013,383.504737,387.920746,54447100
2021-11-30,387.037604,389.376643,380.214609,382.223663,81332700
2021-12-01,386.552179,388.687409,375.254948,375.720795,77766500
2021-12-02,374.439688,380.204781,373.022688,378.42868,84416600
2021-12-03,379.787514,380.787183,367.742934,371.848389,105349100
2021-12-06,372.333672,376.186773,368.131156,374.828003,67588800
2021-12-07,381.456831,386.726932,381.418001,386.115479,56005300
2021-12-08,386.445447,388.046855,384.552855,387.843018,39204000
2021-12-09,386.620185,388.415716,381.942108,382.13623,49973700
2021-12-10,384.941199,386.552322,381.777183,386.290283,52545800
2021-12-13,386.280473,386.600743,380.340688,380.709503,50166400
2021-12-14,375.89546,378.603313,372.333544,376.768982,75199200
2021-12-15,376.516756,385.71762,372.576309,385.35849,73858000
2021-12-16,386.319376,386.746422,373.86715,375.449158,82591400
2021-12-17,372.042406,377.729867,370.528344,373.575897,80492500
2021-12-20,368.863714,370.739268,366.822941,369.952118,65336800
2021-12-21,373.217353,378.542793,369.475971,378.231812,48899500
2021-12-22,377.940196,383.042112,377.279383,382.838043,37042200
2021-12-23,383.187968,387.191754,383.02278,385.724365,29595500
2021-12-27,387.016753,392.099243,386.9876,392.099243,32820700
2021-12-28,392.993356,393.168272,389.407435,390.282043,33113700
2021-12-29,390.418125,391.681445,387.852576,390.223755,32248500
2021-12-30,390.009864,392.186702,388.474444,389.057526,23850100
2021-12-31,388.386965,389.74747,386.132397,386.628021,34752900
2022-01-03,387.794275,390.602774,385.6855,390.350098,40575900
2022-01-04,390.894256,390.933136,382.196721,385.287018,58027200
2022-01-05,383.605818,384.723404,373.197916,373.450592,75739800
2022-01-06,371.633295,376.42423,369.407879,373.188141,70814300
2022-01-07,373.1979,374.879114,367.376866,369.145508,72652300
2022-01-10,364.247691,369.903537,358.893099,369.388458,91770500
2022-01-11,368.659541,375.102536,366.579918,374.937347,68295700
2022-01-12,377.502871,379.193812,374.150201,376.424194,54576400
2022-01-13,377.804149,378.484417,366.074624,367.007538,77994000
2022-01-14,364.490597,369.621666,364.286499,369.29126,80121200
2022-01-18,363.489694,365.608197,359.340116,360.098114,75450900
2022-01-19,361.652998,364.121362,355.880541,356.142944,81791500
2022-01-20,359.359469,363.324373,350.982615,351.51709,88610700
2022-01-21,349.330602,351.964154,341.488222,341.77005,143388900
2022-01-24,336.153117,343.995498,324.724815,343.334656,198685800
2022-01-25,336.891758,341.128765,332.042487,335.375732,124398400
2022-01-26,342.955677,346.813698,331.167816,334.850922,146559500
2022-01-27,339.544728,341.361977,330.45845,331.478851,95255700
2022-01-28,333.354424,342.09084,328.417724,341.877045,108167900
2022-01-31,343.237518,353.392744,341.604883,352.809662,94326400
2022-02-01,354.15071,355.861076,349.009943,355.209961,74433000
2022-02-02,359.330419,359.660825,354.014707,358.096222,78777100
2022-02-03,348.41718,351.721272,342.518385,343.577637,95384800
2022-02-04,344.092603,351.206138,342.042133,347.911774,86318300
2022-02-07,348.504649,350.8661,343.859476,345.113098,58198100
2022-02-08,343.976051,350.078913,342.848766,348.990509,64720900
2022-02-09,353.499636,356.463595,351.905881,356.385864,55766400
2022-02-10,349.379198,356.1526,346.483272,348.319946,112468500
2022-02-11,348.319917,349.913672,336.046161,337.27063,101569100
2022-02-14,336.716683,341.080056,334.190044,337.688477,80254400
2022-02-15,342.955662,346.31806,341.896411,346.084839,55128800
2022-02-16,343.840114,347.017869,340.81782,345.997498,58947100
2022-02-17,342.79047,343.490162,335.288222,335.706116,61801400
2022-02-18,336.63901,337.027722,329.574082,331.877228,80001500
2022-02-22,328.942384,334.335856,324.919174,328.543945,85967100
2022-02-23,331.692603,332.528332,319.817284,320.128265,86215400
2022-02-24,309.846661,331.420491,309.283034,330.885986,130614100
2022-02-25,331.682808,336.221096,327.873394,336.016998,78842100
2022-02-28,332.849002,338.708916,331.692565,337.017975,77515500
2022-03-01,335.997638,338.261904,329.340846,331.857788,67407000
2022-03-02,333.402878,338.757469,330.642988,337.426117,70609000
2022-03-03,340.059688,340.166601,330.749919,332.606049,71089400
2022-03-04,330.254344,331.682882,325.473136,327.78598,76936300
2022-03-07,327.776255,328.932691,315.49277,315.696838,89933800
2022-03-08,314.909699,323.811332,310.915642,314.229462,116153900
2022-03-09,322.392566,326.891976,319.807591,325.541168,64723400
2022-03-10,321.488767,323.1311,317.494679,321.926056,69362700
2022-03-11,324.890022,325.201003,314.76392,315.249817,66228400
2022-03-14,314.015613,317.37801,308.495834,309.195526,79802600
2022-03-15,311.829115,319.671496,310.225661,318.894043,76471000
2022-03-16,322.800653,330.837375,319.136973,330.720764,105243000
2022-03-17,328.825875,334.782976,327.533402,334.72467,67810000
2022-03-18,333.07255,341.867301,331.916113,341.575745,85446300
2022-03-21,340.742883,342.961311,336.247621,340.626099,73799100
2022-03-22,341.122339,348.186292,340.742886,347.320312,63345900
2022-03-23,344.449948,348.001374,342.270419,342.328796,70615500
2022-03-24,344.245596,349.98629,342.095285,349.937622,53555300
2022-03-25,349.879292,350.930143,345.354871,349.645782,57584200
2022-03-28,349.636014,355.152908,348.400321,355.055603,56833900
2022-03-29,358.937909,361.788778,356.174607,361.166077,68073000
2022-03-30,359.307589,360.961692,355.697786,357.176727,68757700
2022-03-31,357.322662,357.672955,351.912812,352.749603,67011400
2022-04-01,353.012345,353.790729,348.906304,352.078278,54527800
2022-04-04,352.915053,359.336827,352.652355,359.327087,45950200
2022-04-05,357.877299,358.587596,350.210093,351.348511,62738700
2022-04-06,346.045565,347.145054,341.093026,343.720123,90077100
2022-04-07,342.727659,346.726683,339.27354,344.537445,63777400
2022-04-08,342.805629,343.554825,339.088781,339.721222,61956100
2022-04-11,335.498389,336.413006,331.343711,331.684265,66107400
2022-04-12,336.422738,338.300611,328.911216,330.283142,72790200
2022-04-13,330.623631,338.047586,329.903625,336.996765,61367800
2022-04-14,337.08441,337.600097,329.07665,329.29071,73519400
2022-04-18,328.239861,331.830215,326.721991,329.543671,58560600
2022-04-19,328.901511,337.483335,327.879878,336.909271,56515700
2022-04-20,337.716852,338.174161,330.779392,331.995636,65500000
2022-04-21,335.868155,338.475775,324.201954,325.126282,75801000
2022-04-22,325.281906,326.49815,316.184398,316.612518,82562100
2022-04-25,314.98772,320.991084,313.722809,320.679718,101755900
2022-04-26,318.626679,318.81155,308.303186,308.575653,105819600
2022-04-27,308.672921,314.160627,306.493421,308.205902,111204200
2022-04-28,313.158477,320.981366,308.945391,319.15213,99450000
2022-04-29,314.958458,318.393129,304.158209,304.790649,91977900
2022-05-02,304.38198,310.112934,301.287863,309.879425,115511800
2022-05-03,309.89887,312.49678,307.446934,310.210236,78185500
2022-05-04,310.687001,321.370496,305.413386,320.699127,116083400
2022-05-05,316.388786,316.466613,301.258697,304.547424,154607400
2022-05-06,302.552785,306.580968,296.870468,300.898682,139572800
2022-05-09,295.284564,300.99604,287.734112,289.125488,113387300
2022-05-10,296.286732,297.502976,288.561149,292.638,124124600
2022-05-11,290.380698,295.878115,283.092973,283.958923,140326100
2022-05-12,279.687382,287.763227,277.245155,283.287445,120910900
2022-05-13,287.734162,294.817566,286.138436,293.786194,83684900
2022-05-16,292.044459,294.097494,289.106025,290.380646,59190400
2022-05-17,296.228303,298.281308,292.433599,297.901855,62715300
2022-05-18,293.396944,294.087763,282.02263,283.277802,79477100
2022-05-19,281.47768,286.439959,279.813837,281.759827,79920700
2022-05-20,285.214056,285.865946,272.642947,280.884216,91764200
2022-05-23,281.925284,285.934018,279.531724,285.554565,63648400
2022-05-24,280.349043,281.05931,274.627827,279.483063,73491100
2022-05-25,277.994451,285.467077,277.79013,283.394592,67144500
2022-05-26,282.596672,292.79367,282.314495,291.246582,59462200
2022-05-27,294.369932,300.89872,294.253177,300.752777,66985600
2022-05-31,300.723661,302.92261,296.111643,299.954987,60968300
2022-06-01,302.085739,304.206861,295.527762,297.73645,65341700
2022-06-02,296.617437,306.065208,295.206583,305.890076,59291300
2022-06-03,300.684685,302.0858,296.685689,297.931122,60914700
2022-06-06,302.358194,303.914992,297.366725,298.923523,51785000
2022-06-07,295.605576,302.280336,294.515826,301.501923,44900300
2022-06-08,300.704111,303.302021,298.485684,299.332214,38342100
2022-06-09,297.648873,300.704062,291.149274,291.314667,55900500
2022-06-10,285.719959,286.907014,280.592287,281.039856,85963500
2022-06-13,272.195298,274.715351,267.116263,267.972504,94442000
2022-06-14,270.161848,271.134843,265.958502,268.459106,64697500
2022-06-15,271.874296,279.084163,269.140153,275.162994,86051400
2022-06-16,268.147688,268.604997,262.008092,264.061127,81910300
2022-06-17,264.829746,269.70446,263.204861,267.271973,82703400
2022-06-21,271.743714,276.325593,271.636493,274.015137,51633700
2022-06-22,271.519434,278.012039,270.92478,273.615417,67472900
2022-06-23,276.091575,278.538497,273.264472,277.690369,57457800
2022-06-24,280.507787,287.624323,280.273829,287.205109,58422300
2022-06-27,288.560125,289.125534,283.968518,285.099365,54151500
2022-06-28,285.635548,288.218935,276.228103,276.41333,61609800
2022-06-29,276.276838,278.16808,273.781185,276.666779,57302700
2022-06-30,273.693448,276.803271,268.848366,273.23526,79313600
2022-07-01,271.938663,275.428667,270.066908,275.038727,56675100
2022-07-05,271.314795,279.864355,269.794008,279.747375,61829300
2022-07-06,280.127601,283.637122,278.411828,281.541138,63194700
2022-07-07,282.35026,288.2677,282.35026,287.565796,56620100
2022-07-08,284.738594,289.291227,283.802732,287.926422,59895500
2022-07-11,285.518565,285.742765,280.897713,281.775085,55273900
2022-07-12,283.02297,284.933698,277.456466,279.045502,55797100
2022-07-13,273.547188,280.809916,272.981749,278.470245,73939400
2022-07-14,275.877164,280.332306,272.767341,279.464691,63741800
2022-07-15,282.447739,284.641186,280.839188,284.533936,63818100
2022-07-18,287.312298,288.716106,280.956187,282.126007,59519600
2022-07-19,285.742664,291.094693,284.143901,290.802216,55172600
2022-07-20,291.221573,296.593062,290.441663,295.413483,67769400
2022-07-21,295.871601,299.712573,293.219967,299.654083,55049400
2022-07-22,298.727971,300.794681,292.576573,294.399567,57127700
2022-07-25,294.428762,294.896708,290.724286,292.722748,40582400
2022-07-26,291.026543,291.280018,286.161975,286.9711,50074100
2022-07-27,291.523756,300.784978,290.958318,299.09845,69304400
2022-07-28,298.883943,302.598177,295.140464,302.02301,55139900
2022-07-29,303.563327,308.437653,302.140002,307.531006,57501000
2022-08-01,305.766518,310.796826,304.674673,307.345795,46358800
2022-08-02,305.054788,310.543253,304.001917,306.429321,48676500
2022-08-03,308.106187,315.593175,308.047697,314.774292,53735700
2022-08-04,314.852257,316.558271,312.707541,316.246307,38973700
2022-08-05,311.167311,315.690671,310.38743,313.662964,53894000
2022-08-08,314.579323,318.264313,311.18678,312.649078,43878500
2022-08-09,310.757846,311.011321,307.492071,309.110321,39764200
2022-08-10,316.431508,318.030301,313.9651,317.737823,51459600
2022-08-11,320.058017,322.056479,315.232422,315.934326,45897700
2022-08-12,317.98155,322.28071,316.928709,322.085754,40928400
2022-08-15,321.140075,325.185759,321.120558,324.688568,38266600
2022-08-16,323.713843,326.014541,320.886739,323.928314,41186900
2022-08-17,320.798959,323.099627,318.157052,320.233521,47842200
2022-08-18,320.184779,322.183241,318.576257,321.003662,41937200
2022-08-19,317.971827,318.62497,313.984601,314.744995,51770600
2022-08-22,310.494605,310.728564,305.649524,306.458649,51098900
2022-08-23,306.224656,309.032273,305.454504,306.20517,39497100
2022-08-24,305.727572,308.905643,305.12316,307.092407,38057100
2022-08-25,308.866563,312.541825,307.82348,312.522308,38098300
2022-08-26,312.229884,313.428979,299.624882,299.712616,69047700
2022-08-29,296.963472,299.498128,295.657156,296.758759,48321900
2022-08-30,298.40625,299.02042,290.938779,293.453918,51184500
2022-08-31,296.34929,297.246179,291.640704,291.747925,50044000
2022-09-01,289.262002,292.245087,285.586771,291.874634,57990700
2022-09-02,294.740775,296.115338,286.142456,287.751007,64666800
2022-09-06,288.228741,289.145117,283.559126,285.684326,57005400
2022-09-07,286.162023,292.449888,285.898791,291.455536,49260400
2022-09-08,289.388813,294.282627,288.024008,292.966553,55649800
2022-09-09,295.218493,299.86862,292.966556,299.371429,56125200
2022-09-12,300.745938,303.261077,300.433974,302.929626,45905700
2022-09-13,294.214379,295.403717,285.430862,286.317993,79562200
2022-09-14,287.458539,289.466759,285.694035,288.589386,54907200
2022-09-15,286.678646,289.076806,282.184501,283.783295,65299400
2022-09-16,280.488214,282.437944,278.440991,282.048004,79920400
2022-09-19,279.410238,284.400739,279.351644,284.244476,52613800
2022-09-20,281.744321,284.26401,279.683673,281.978729,51271100
2022-09-21,282.818628,287.076696,276.792916,276.929626,82931000
2022-09-22,275.406074,276.411989,272.300438,273.52121,62757100
2022-09-23,271.060026,271.353029,265.659336,269.067749,74815200
2022-09-26,268.599008,272.954712,267.16338,267.954437,71176700
2022-09-27,271.314043,273.657918,265.747312,268.06192,69780100
2022-09-28,268.042323,274.673562,266.567652,273.394196,79652100
2022-09-29,269.409633,269.790528,262.55379,265.512939,81216000
2022-09-30,264.692579,268.75531,260.85448,261.010742,78482400
2022-10-03,262.77836,268.725954,261.274361,267.134064,61267400
2022-10-04,272.466397,276.236155,272.466397,275.53299,66696900
2022-10-05,271.77307,277.173763,268.979959,275.386566,55766300
2022-10-06,274.390398,277.535107,272.896175,273.218475,53489400
2022-10-07,268.589266,268.716231,261.479494,262.807709,71354700
2022-10-10,263.002981,263.393651,257.475354,260.180573,60393000
2022-10-11,258.510648,261.37213,254.926449,256.606232,66522500
2022-10-12,257.240998,259.155159,255.824921,256.518311,50580200
2022-10-13,249.193704,263.852741,248.31474,262.534302,112894100
2022-10-14,264.858595,265.454317,254.057211,254.643158,77244300
2022-10-17,260.6005,263.920993,260.502833,263.051819,64576500
2022-10-18,270.063955,270.728047,262.456098,265.13205,69781000
2022-10-19,263.618349,267.280665,261.801855,264.165253,53115400
2022-10-20,263.276486,268.413502,261.655327,262.817474,60605500
2022-10-21,261.713855,269.517016,260.580976,268.979889,77897700
2022-10-24,269.243644,272.866886,265.610626,271.939117,63963600
2022-10-25,272.876671,277.945318,271.401969,277.564423,59014500
2022-10-26,271.948819,277.339765,270.942905,271.431213,63492400
2022-10-27,270.317854,271.773004,265.971896,266.489502,57760300
2022-10-28,265.864479,275.113044,265.698441,274.644257,62651300
2022-10-31,272.398034,273.218389,269.536523,271.450714,47742000
2022-11-01,274.917722,275.474401,268.31578,268.677124,45895900
2022-11-02,268.64791,271.704728,259.399342,259.467712,79803100
2022-11-03,256.860066,258.315216,254.018106,254.398972,70038900
2022-11-04,259.321158,260.375892,253.021966,258.491028,78313200
2022-11-07,259.536005,261.870135,257.406987,261.332977,47333800
2022-11-08,262.846847,266.470089,259.311466,263.237488,63213800
2022-11-09,261.499024,262.280306,256.879614,257.162842,64862100
2022-11-10,269.556159,276.431523,267.446662,276.13855,99256700
2022-11-11,275.952958,281.890807,274.614997,281.226685,66961800
2022-11-14,279.175757,282.44743,277.788977,278.765594,55290700
2022-11-15,285.37736,286.402826,279.283277,282.623322,73985400
2022-11-16,280.67001,282.711136,277.94524,278.765594,48859800
2022-11-17,274.312231,279.625031,274.155969,278.15033,55462100
2022-11-18,281.158317,281.255955,275.718552,278.160095,53588600
2022-11-21,276.773317,277.925718,274.468514,275.298645,40083500
2022-11-22,276.031102,279.419935,273.902054,279.263702,41873400
2022-11-23,279.283255,282.691639,279.107471,282.06662,46390000
2022-11-25,280.474674,281.17784,279.72269,280.210999,15498800
2022-11-28,278.238251,280.25008,275.171688,276.099457,38714200
2022-11-29,276.3241,276.724516,272.642263,274.009521,35618900
2022-11-30,274.273161,286.60784,273.423508,286.500397,74718100
2022-12-01,286.822662,288.834491,284.07837,286.851959,51547300
2022-12-02,281.793106,286.588299,281.617292,285.70932,53583200
2022-12-05,283.590137,284.859728,279.459035,280.914215,41482100
2022-12-06,280.757903,280.894614,273.706726,275.093506,53937600
2022-12-07,273.911864,275.962767,272.261379,273.970459,45614300
2022-12-08,275.318159,278.179641,273.247736,277.212799,42594900
2022-12-09,276.197083,278.960926,275.005609,275.445099,47860500
2022-12-12,275.620954,278.960999,274.585742,278.902374,35732500
2022-12-13,289.713575,289.938208,279.224712,281.900635,80667700
2022-12-14,281.314608,284.596057,276.568262,279.810638,64984400
2022-12-15,275.72839,276.392513,269.224144,270.415619,60554100
2022-12-16,269.741696,271.274962,266.235614,267.83728,68300400
2022-12-19,268.106534,268.194636,262.839749,264.073242,44167900
2022-12-20,262.908258,265.610185,261.332154,263.867645,51064200
2022-12-21,264.905314,268.99734,264.063397,267.695343,46394700
2022-12-22,264.689901,264.817169,256.936563,261.146088,60278400
2022-12-23,259.88325,262.399172,257.984074,261.733459,39373600
2022-12-27,261.126553,261.234254,257.494637,258.033051,38009000
2022-12-28,257.631697,259.883283,254.264088,254.626297,47139000
2022-12-29,257.42605,261.772613,256.731,260.832825,45893600
2022-12-30,258.072154,260.803447,256.770156,260.676178,37858300
2023-01-03,262.99632,264.464753,256.613542,258.914093,42335300
2023-01-04,261.028697,261.821649,257.005175,260.147614,47754900
2023-01-05,258.483355,258.649761,255.761861,256.075104,45396700
2023-01-06,257.80793,264.259243,254.861264,263.143219,54659700
2023-01-09,265.130494,269.496657,264.239671,264.846619,45568700
2023-01-10,263.818611,267.196018,263.309565,267.088318,35247800
2023-01-11,268.155463,271.816746,267.37228,271.709045,44077000
2023-01-12,272.267008,274.20535,267.97918,273.177429,60600000
2023-01-13,270.681137,275.301807,270.348295,275.057068,44802900
2023-01-17,274.861298,276.897541,273.696338,275.615112,36269700
2023-01-18,277.151991,278.698756,271.826502,272.032074,47754500
2023-01-19,270.407078,271.54267,268.126125,269.359589,44150400
2023-01-20,270.965048,277.06392,269.907759,276.731079,60613600
2023-01-23,277.573015,284.102631,276.780064,282.878937,52799900
2023-01-24,281.26361,283.45646,280.744765,282.3013,44875100
2023-01-25,277.798181,282.291583,275.26269,281.674866,50872000
2023-01-26,285.091428,287.343014,282.448236,287.166809,51596300
2023-01-27,285.85497,291.98324,285.7375,290.02533,56441900
2023-01-30,286.76534,288.184837,283.789338,284.161316,49405800
2023-01-31,284.200475,288.517671,284.092804,288.419769,46705100
2023-02-01,288.214181,297.044346,286.14857,294.587189,67562200
2023-02-02,301.097254,307.078656,300.274935,305.159912,83070600
2023-02-03,298.522647,305.815876,298.131071,299.736542,76170800
2023-02-06,297.122747,299.472233,295.859886,297.20105,40802300
2023-02-07,297.073797,304.484496,295.957803,303.358704,67584000
2023-02-08,302.046887,302.986676,297.279379,297.96463,56720900
2023-02-09,302.340562,302.487399,293.882403,295.331238,49137800
2023-02-10,293.177512,295.223525,290.994431,293.392883,50050100
2023-02-13,294.792844,298.679298,293.618086,298.091919,39636700
2023-02-14,296.515832,301.244174,294.57749,300.294586,64079100
2023-02-15,298.483499,302.761529,297.798248,302.595123,43100600
2023-02-16,297.974433,301.93919,296.770307,296.917145,59498600
2023-02-17,294.734102,295.575989,291.826604,294.822205,58230700
2023-02-21,291.00426,292.443326,287.705186,287.842224,46526700
2023-02-22,288.419765,290.123137,286.40312,288.057556,51389200
2023-02-23,291.69934,291.855977,286.393389,290.573547,69294400
2023-02-24,285.619997,286.804524,283.945962,285.708099,74332000
2023-02-27,288.860283,290.250382,287.16668,287.754059,48995000
2023-02-28,287.127573,289.888234,286.794731,287.382111,48243100
2023-03-01,287.088484,287.744368,284.092883,285.071838,58287000
2023-03-02,282.58516,288.23372,282.301254,287.430969,53565900
2023-03-03,289.173655,293.608322,288.664579,293.373352,60511500
2023-03-06,294.606829,297.60243,293.510404,293.706177,56736300
2023-03-07,293.755152,294.675373,289.49669,290.103638,65955800
2023-03-08,290.524569,292.149639,288.674359,291.55249,50876300
2023-03-09,292.051697,294.645952,285.688488,286.501038,71456700
2023-03-10,286.667467,288.155498,281.332178,282.477539,98593600
2023-03-13,280.695885,288.27299,279.188286,284.57254,97123600
2023-03-14,288.116368,291.660182,287.27448,291.111969,73602500
2023-03-15,288.507907,292.97194,287.068841,292.639099,83631500
2023-03-16,291.728737,300.715541,290.935785,300.353333,98198100
2023-03-17,300.265202,302.644057,296.985696,298.933807,89923700
2023-03-20,298.318093,300.318232,296.112033,299.99469,56359500
2023-03-21,301.926203,304.730336,300.41627,304.279327,49757000
2023-03-22,304.210702,309.093458,299.975091,300.141754,75791900
2023-03-23,303.867529,308.014902,301.014356,303.700836,74576000
2023-03-24,303.279257,304.916627,300.955546,304.818604,57195200
2023-03-27,305.514728,306.593252,301.877189,302.730194,50287400
2023-03-28,302.151735,302.181148,298.81811,301.122223,48585900
2023-03-29,304.808761,307.230525,303.994953,306.612823,53274300
2023-03-30,309.083697,310.142622,306.701159,309.515106,58354800
2023-03-31,309.740553,314.897839,309.43661,314.662506,62138100
2023-04-03,312.544711,314.162512,311.2211,313.897766,47126800
2023-04-04,314.338925,315.348809,311.623002,312.838806,45875400
2023-04-05,311.887785,312.829029,307.936489,309.750366,62795700
2023-04-06,308.103214,312.329042,306.710962,311.838806,46916500
2023-04-10,308.916986,311.711334,307.132522,311.662292,45134700
2023-04-11,311.623051,311.681907,309.152275,309.662109,40113600
2023-04-12,311.613317,312.201605,306.465844,306.926666,62813300
2023-04-13,308.68162,313.407496,307.505073,312.93689,54613800
2023-04-14,311.387669,314.103562,309.446327,312.348541,56278300
2023-04-17,311.936815,312.966327,309.868036,312.613342,43007000
2023-04-18,314.721281,315.142906,311.436728,312.632874,46746900
2023-04-19,310.230739,313.544734,310.103273,312.485809,38960100
2023-04-20,309.524828,313.0349,308.818888,310.103302,62462100
2023-04-21,309.740538,311.20143,307.965888,310.426849,59002300
2023-04-24,310.201411,311.534837,307.612953,309.779816,44043100
2023-04-25,308.1522,308.818913,303.838134,303.936157,57121600
2023-04-26,307.318765,308.789471,305.259771,305.779419,55400500
2023-04-27,309.534658,314.593861,308.897328,314.093842,65430400
2023-04-28,313.858485,316.348889,312.73095,316.260651,59712600
2023-05-01,315.799866,317.309799,314.819395,315.897919,41013400
2023-05-02,315.829272,316.152845,311.407339,313.142792,56519400
2023-05-03,313.505547,316.172429,310.98573,311.093597,59882100
2023-05-04,310.868148,312.015312,308.966032,309.995544,50224500
2023-05-05,312.250534,317.437233,310.034661,316.584229,51806100
2023-05-08,316.123374,317.711732,315.04485,317.368561,36465800
2023-05-09,315.711628,316.574447,315.044915,315.358673,31768800
2023-05-10,317.790184,319.643288,315.319408,318.790283,60446600
2023-05-11,319.339385,320.368867,317.790224,319.82962,44278500
2023-05-12,320.359092,320.780717,316.633314,318.682495,48432800
2023-05-15,319.153019,320.643323,317.633271,320.40802,33375600
2023-05-16,319.692289,322.476823,319.653062,320.770813,40019200
2023-05-17,321.829773,325.232008,320.653226,324.653534,47486100
2023-05-18,325.045643,330.899054,325.026044,330.68335,64213500
2023-05-19,330.899105,331.605045,328.879338,329.938263,61554900
2023-05-22,329.683335,332.056087,329.67352,331.046204,43015900
2023-05-23,329.330382,330.477516,326.496807,326.849762,48216700
2023-05-24,324.898657,326.40859,323.124007,325.173187,62891200
2023-05-25,332.516911,334.350387,330.095147,333.085571,66862800
2023-05-26,334.105287,342.429476,334.007234,341.596069,63007000
2023-05-30,345.821838,347.018014,341.723478,343.145172,72652200
2023-05-31,341.566584,343.753044,339.742923,341.194,65105400
2023-06-01,340.939145,346.459171,339.890034,345.135559,50488600
2023-06-02,346.890593,348.880948,345.135571,347.723999,53372100
2023-06-05,347.508233,350.518285,346.939573,347.969055,47266200
2023-06-06,347.361156,348.871089,346.037515,347.910217,41390400
2023-06-07,348.194581,350.145708,341.380297,342.007812,69225900
2023-06-08,342.301909,346.714027,342.07642,346.253204,47153900
2023-06-09,347.704401,350.675226,346.135641,347.576935,53196900
2023-06-12,349.233848,353.547913,348.263191,353.44986,44606500
2023-06-13,356.195306,356.99927,352.998962,356.165894,57097800
2023-06-14,356.17572,359.038709,353.381402,358.754364,69525600
2023-06-15,357.48943,364.509604,356.871759,363.029114,71138800
2023-06-16,365.441124,365.56859,360.303465,360.744659,80932000
2023-06-20,359.295473,361.622371,357.272935,360.22818,49204700
2023-06-21,359.089291,359.521293,354.396213,355.319122,53378300
2023-06-22,354.072207,359.668539,353.669659,359.511475,47603000
2023-06-23,355.623463,358.244924,354.258755,355.947479,48922900
2023-06-26,355.417324,358.205678,351.087513,351.175873,52685500
2023-06-27,352.717287,357.940553,351.990753,357.213989,49428100
2023-06-28,355.397687,359.855109,355.319125,357.911133,46498000
2023-06-29,357.616571,358.254775,355.554781,357.194397,46151000
2023-06-30,360.866402,363.752943,360.552244,362.702423,58712500
2023-07-03,363.340579,364.184926,362.260576,363.55658,19432900
2023-07-05,361.995497,365.245305,361.956216,363.546753,34460900
2023-07-06,359.845339,361.219875,357.891505,360.778046,49374700
2023-07-07,360.552249,363.74315,359.354432,359.580231,47133700
2023-07-10,359.305339,360.375514,356.80172,359.698059,48498800
2023-07-11,360.120248,361.926786,357.989694,361.475159,38214100
2023-07-12,365.569306,367.385671,363.566393,366.040588,61975400
2023-07-13,369.211797,373.080154,368.63253,372.255432,46960000
2023-07-14,372.687413,375.89794,371.30305,372.17688,55148500
2023-07-17,372.893687,376.526418,372.412607,375.652588,40868900
2023-07-18,375.014384,380.090385,373.090033,378.725647,55262000
2023-07-19,379.786006,380.924916,377.311811,378.637268,54093000
2023-07-20,375.652441,377.115367,368.887747,369.908844,71941700
2023-07-21,372.284903,373.011467,368.367468,368.799469,60499600
2023-07-24,369.771381,370.713916,367.532843,369.388489,40380100
2023-07-25,370.095502,373.551483,370.075847,371.892212,38894400
2023-07-26,370.851465,372.343815,368.357645,370.65509,47075700
2023-07-27,376.104178,377.71434,368.485278,369.771454,63940200
2023-07-28,373.816518,377.527781,373.305985,376.506714,56902900
2023-07-31,376.811079,377.881255,375.387434,376.703064,44019900
2023-08-01,375.358002,376.585272,373.767465,375.829285,41060600
2023-08-02,372.363438,372.363438,366.344903,367.582001,72687100
2023-08-03,365.176585,369.113676,365.009663,366.99295,47666400
2023-08-04,368.917278,371.224551,364.774014,365.27475,61702800
2023-08-07,367.081255,368.465619,364.754357,368.367432,37230400
2023-08-08,365.86382,365.883445,362.113276,365.235443,44726500
2023-08-09,365.520237,365.677332,360.463892,361.219879,51150900
2023-08-10,364.224177,367.552517,360.365649,361.887451,72035300
2023-08-11,359.334777,361.308236,358.058428,359.580231,48707200
2023-08-14,358.784962,363.733322,358.068255,363.615509,42130800
2023-08-15,362.6435,363.438798,359.089331,359.756989,45539900
2023-08-16,359.216912,360.748543,355.849292,355.947479,53190500
2023-08-17,357.341683,357.685325,351.647163,352.059509,62604300
2023-08-18,348.79993,352.87446,348.259913,351.617737,61191400
2023-08-21,353.080605,357.960231,352.619151,357.282776,50696500
2023-08-22,359.884494,359.894322,356.084873,356.772156,44530200
2023-08-23,357.950386,363.487841,357.734385,362.39801,51770600
2023-08-24,365.86387,365.962027,354.445347,354.65152,66842500
2023-08-25,355.486081,359.089329,352.059523,357.400604,69960500
2023-08-28,360.316558,361.023466,357.626392,360.090759,40910000
2023-08-29,359.894379,368.308547,359.570393,367.955078,58492400
2023-08-30,368.063134,370.586408,367.061663,370.007111,41731500
2023-08-31,370.085682,372.815129,370.016948,371.116577,35730700
2023-09-01,373.482716,373.904889,369.241265,370.723816,39801200
2023-09-05,369.918751,372.412571,368.995841,371.195129,32344200
2023-09-06,370.41948,370.763121,365.922776,367.925659,42998700
2023-09-07,363.478007,366.070015,362.437285,365.294373,52060700
2023-09-08,365.245319,368.033673,364.842771,365.804932,35800100
2023-09-11,368.828845,370.625554,366.865214,370.115021,39936600
2023-09-12,368.445962,370.095435,365.726343,366.011078,41391000
2023-09-13,366.246768,369.005669,365.117686,367.405304,46300700
2023-09-14,369.152884,371.391423,367.091095,370.409607,48039400
2023-09-15,369.074406,369.476954,363.134402,364.067139,69811200
2023-09-18,363.129091,365.557687,362.843944,364.446625,36903500
2023-09-19,363.129062,364.46625,360.651286,363.66983,37621700
2023-09-20,364.731783,365.085734,358.350554,358.42923,45514200
2023-09-21,354.751925,355.538533,351.694073,351.861206,69734800
2023-09-22,353.601569,355.735177,351.595757,351.9104,51589700
2023-09-25,350.94675,353.670335,349.963513,353.581818,39168000
2023-09-26,351.005767,351.546565,347.289132,348.272369,53657700
2023-09-27,349.422798,350.995983,345.470166,349.088501,56066000
2023-09-28,348.174049,354.132493,347.318638,352.008698,56453300
2023-09-29,355.479548,356.865916,351.035297,352.264343,64829600
2023-10-02,352.529848,356.600434,351.920246,355.204254,51625100
2023-10-03,352.76577,354.958399,347.357966,348.97049,60478500
2023-10-04,349.806219,354.565082,349.344096,353.719513,54786700
2023-10-05,353.709725,354.112855,349.186858,352.677338,45897400
2023-10-06,349.688294,359.776317,348.901717,358.586609,75049100
2023-10-09,356.226805,360.956174,354.732296,360.415405,45304800
2023-10-10,360.749643,365.056226,360.248213,362.411316,46968800
2023-10-11,363.738772,365.184132,362.018107,364.997314,38215100
2023-10-12,365.498727,367.475013,361.339623,363.728882,49587900
2023-10-13,364.358131,364.938238,357.76059,359.156799,52469900
2023-10-16,360.474381,364.269692,360.326901,363.217621,44201100
2023-10-17,359.677972,363.719093,357.564019,362.027924,50999100
2023-10-18,359.540333,361.742775,355.951494,357.27887,54280500
2023-10-19,358.694716,359.884424,353.139432,353.935852,72274200
2023-10-20,353.434371,354.004665,348.429698,348.655853,72559700
2023-10-23,347.338372,353.237795,345.23423,349.707977,60665200
2023-10-24,351.517055,353.876817,349.825886,353.109894,47082100
2023-10-25,350.720658,350.897633,343.887148,344.467255,71190500
2023-10-26,343.267697,344.201784,336.611193,337.899231,78621400
2023-10-27,340.622797,342.992401,338.312184,339.521576,63476700
2023-10-30,341.999284,344.663878,340.642442,343.346344,55298500
2023-10-31,343.37591,345.362038,340.809646,344.988403,47671900
2023-11-01,345.824135,351.53674,345.725806,350.976288,58992700
2023-11-02,355.479512,357.583624,354.260278,357.347656,58162400
2023-11-03,358.635739,362.83415,358.409583,361.546112,53280500
2023-11-06,362.313034,363.581418,360.759532,363.020966,38848700
2023-11-07,364.063195,367.317708,362.863645,366.452484,50777400
2023-11-08,366.825992,367.524112,364.407238,366.688354,35663400
2023-11-09,367.376649,368.517177,363.374867,363.866486,53859400
2023-11-10,365.587184,372.194538,365.056228,372.047058,58309800
2023-11-13,370.473837,371.93885,368.949802,370.88678,40733500
2023-11-14,377.277888,379.785161,376.756774,378.870728,67792600
2023-11-15,380.758565,381.250184,377.799012,379.155884,54141400
2023-11-16,378.388938,379.716314,377.130396,379.480347,45343500
2023-11-17,378.752775,380.581611,377.848213,379.568878,46571900
2023-11-20,379.578619,384.848784,379.578619,384.190002,44429600
2023-11-21,382.489056,382.705369,380.217781,381.958099,43337000
2023-11-22,384.022914,386.481007,382.518563,383.521454,44121000
2023-11-24,383.118381,383.708329,381.987664,382.980743,15718800
2023-11-27,382.489071,384.593183,381.771297,382.646393,34139700
2023-11-28,381.899162,384.229429,381.545181,383.649323,35491100
2023-11-29,386.107332,387.533037,382.931465,383.275604,38811700
2023-11-30,383.541119,384.003242,379.352549,382.312073,52834400
2023-12-01,381.250151,383.993391,379.59832,383.403442,40490100
2023-12-04,379.617961,380.119421,376.245465,379.844116,51186900
2023-12-05,377.946531,381.987621,377.769525,380.797913,42933000
2023-12-06,383.727927,383.826257,378.251319,378.595428,41994100
2023-12-07,381.564798,384.711139,380.47339,383.885223,49593500
2023-12-08,382.1548,386.038569,381.967983,385.59613,46687500
2023-12-11,385.173288,389.155416,384.966817,388.889923,41198000
2023-12-12,388.929239,392.105105,387.798522,391.987122,39221200
2023-12-13,392.921175,397.581709,392.154252,396.972107,55408100
2023-12-14,398.191395,399.489245,393.62916,396.628052,55447800
2023-12-15,397.40479,399.725246,396.80503,398.545349,62896600
2023-12-18,398.937457,401.95217,398.612354,401.055634,46610000
2023-12-19,401.508807,403.223047,401.321617,403.104828,35711900
2023-12-20,402.306774,404.395395,396.937417,397.114746,54042400
2023-12-21,401.035928,402.099962,398.484261,401.735413,45568900
2023-12-22,402.947215,403.902861,400.464519,402.336395,34314000
2023-12-26,403.193525,405.469337,403.094999,404.799408,22722500
2023-12-27,405.08131,405.909311,404.223709,405.623444,31980500
2023-12-28,406.77673,407.02316,405.071425,405.42627,27029200
2023-12-29,405.406567,405.761442,401.759394,403.671692,42662100
2024-01-02,400.044286,400.290716,394.524252,396.840698,58026900
2024-01-03,394.218636,395.273363,392.207791,392.641479,47002800
2024-01-04,390.778477,393.883486,390.403899,390.620758,39432800
2024-01-05,390.788403,393.853975,389.694239,391.084106,44922800
2024-01-08,392.306365,399.452829,392.158513,399.166992,42473800
2024-01-09,396.170378,400.882114,395.973222,399.955536,39132900
2024-01-10,400.271,403.671713,399.383859,402.66629,33962800
2024-01-11,403.937869,405.327737,398.46711,403.50415,54536200
2024-01-12,404.539121,405.376988,402.321253,403.711121,39595000
2024-01-16,402.47898,405.248849,401.020105,403.671692,43903000
2024-01-17,400.369588,401.769292,397.166001,401.394714,54386000
2024-01-18,404.657405,407.673703,403.316842,407.092133,59562500
2024-01-19,409.290314,415.32291,408.708743,415.165192,70325100
2024-01-22,417.363337,418.664494,415.106032,415.707336,44880600
2024-01-23,416.397319,417.649202,414.563896,417.432343,33003800
2024-01-24,421.335772,423.711359,419.255889,419.748749,46948000
2024-01-25,422.242658,422.91297,417.925233,420.261383,44367200
2024-01-26,418.378607,420.123319,417.107021,417.757599,37137000
2024-01-29,418.211049,422.2328,417.560471,422.035645,38694700
2024-01-30,421.000723,421.572427,418.319565,419.22641,36739000
2024-01-31,414.839915,416.831057,410.837898,411.01532,64010600
2024-02-01,412.809326,416.348054,411.84331,415.855194,51008600
2024-02-02,417.747804,424.095838,416.752248,422.883423,59602400
2024-02-05,422.942531,423.474798,418.930647,422.33139,39889200
2024-02-06,423.474784,424.076089,419.147493,421.483643,35846100
2024-02-07,424.263408,426.648832,422.962252,425.820831,37712700
2024-02-08,425.939094,427.368398,425.258975,426.609406,29889900
2024-02-09,427.742991,431.597157,426.954428,430.808563,36943900
2024-02-12,430.700204,432.868798,428.442898,429.123047,33203300
2024-02-13,421.178079,425.111089,419.255915,422.429932,64491700
2024-02-14,425.101233,427.457086,422.755216,427.033234,45092700
2024-02-15,427.723269,428.768129,425.17023,428.30484,38796100
2024-02-16,428.679457,428.778005,423.711424,424.421143,53716500
2024-02-20,422.429975,423.938125,417.452105,421.21756,53999500
2024-02-21,418.487092,419.620693,415.608809,419.531952,49779000
2024-02-22,428.285134,432.849019,427.516274,431.814026,53887800
2024-02-23,433.371429,434.298007,429.566567,430.542419,39853900
2024-02-26,431.350728,432.336447,430.128415,430.315704,33043200
2024-02-27,431.419716,431.735123,428.817403,431.350708,33713200
2024-02-28,429.211674,430.433986,428.097806,429.053955,32938800
2024-02-29,431.971689,433.805113,428.80751,432.730682,42495200
2024-03-01,433.617829,440.202426,433.558688,439.246277,43853000
2024-03-04,439.246275,439.670157,437.432556,437.678986,34325700
2024-03-05,434.643058,434.652924,427.457156,429.822876,57917100
2024-03-06,434.031861,435.677995,430.650852,432.523712,46234500
2024-03-07,436.101865,440.340445,434.564115,439.088593,44526700
2024-03-08,439.443438,442.23304,432.080115,432.750397,72096000
2024-03-11,431.262019,432.39559,429.221573,431.143738,45860000
2024-03-12,433.450289,437.679002,430.226968,437.324158,55300900
2024-03-13,436.328611,436.348344,432.849023,433.962891,37928700
2024-03-14,435.195027,435.717457,430.158016,432.868744,52195200
2024-03-15,429.842587,432.602589,426.560126,427.723297,73069800
2024-03-18,433.036452,435.316472,431.565767,431.802673,47323800
2024-03-19,429.799034,433.283223,427.706521,432.87854,43004100
2024-03-20,434.072776,438.34657,432.375096,438.010986,43653500
2024-03-21,443.054657,443.508679,439.886323,440.08371,39345700
2024-03-22,439.570496,441.682708,438.721641,440.587128,28253900
2024-03-25,437.79384,440.468693,436.796968,438.988159,27789200
2024-03-26,440.508141,441.426095,437.339807,437.566833,34142000
2024-03-27,440.646373,440.745081,436.194891,439.057251,41359200
2024-03-28,439.007921,439.856777,437.892581,438.247925,36839600
2024-04-01,439.19545,441.722225,437.270744,439.17572,38729000
2024-04-02,434.368927,435.701414,432.345542,435.385559,44259700
2024-04-03,433.263406,438.238008,433.253556,436.362671,39949800
2024-04-04,440.537799,441.149778,429.463404,429.69043,57267700
2024-04-05,431.111699,437.418788,430.302333,434.753815,54744600
2024-04-08,435.681566,436.757417,433.500255,434.88208,28144900
2024-04-09,437.211505,437.48787,431.763151,436.490997,39443600
2024-04-10,431.328845,433.539766,430.618187,432.681061,61502200
2024-04-11,434.54657,440.537774,432.2764,439.59024,45474600
2024-04-12,435.375658,436.500848,431.210421,432.582367,53665000
2024-04-15,436.323222,436.41205,424.626998,425.465973,63453600
2024-04-16,425.308016,428.130916,424.123607,425.505432,47619000
2024-04-17,427.479453,427.499182,419.385856,420.31366,56880500
2024-04-18,420.955269,422.682559,417.342763,417.915253,46549400
2024-04-19,416.740627,417.263748,407.709378,409.26886,75231000
2024-04-22,411.894352,415.714124,408.568091,413.384766,47807700
2024-04-23,415.309526,420.74803,413.434189,419.553741,44384700
2024-04-24,422.643077,424.15322,418.694986,420.975006,48440300
2024-04-25,413.799333,419.800447,412.713632,418.941742,57392200
2024-04-26,422.070597,426.936611,421.379699,425.406738,41874900
2024-04-29,427.509107,428.130936,424.399991,427.134033,30022200
2024-04-30,425.554791,426.946497,419.000977,419.079926,43665900
2024-05-01,417.658595,424.557904,415.200919,416.049744,52251700
2024-05-02,419.780682,422.258118,415.171304,421.359924,36559000
2024-05-03,428.80204,430.815575,427.005652,429.828552,48515300
2024-05-06,431.624923,434.62548,430.855047,434.536652,30227200
2024-05-07,434.980878,436.234386,433.875387,434.605804,30996100
2024-05-08,431.990183,435.750737,431.871715,434.349152,24896700
2024-05-09,434.615613,435.869151,432.769886,435.296661,24580100
2024-05-10,436.797024,438.544043,434.783489,436.323242,27116600
2024-05-13,438.22815,438.326859,435.918521,437.329956,22994200
2024-05-14,436.905572,440.676006,436.718036,440.143005,34478300
2024-05-15,442.61053,447.269278,441.100386,447.022522,41464700
2024-05-16,446.834979,448.789294,445.946664,446.114471,34780400
2024-05-17,446.242803,446.844903,443.706178,445.897369,35803700
2024-05-20,446.11447,449.667727,445.926934,449.006439,24474200
2024-05-21,447.160726,450.072424,446.963309,449.884888,23167700
2024-05-22,450.141515,450.891662,447.200177,449.796051,25120000
2024-05-23,454.573276,454.602885,445.986196,447.772705,40899200
2024-05-24,449.381505,453.270376,447.683825,452.006989,29669500
2024-05-28,453.220997,453.773727,450.76332,453.714508,26216800
2024-05-29,449.569068,452.29323,449.430871,450.516602,29739200
2024-05-30,449.588753,449.726951,444.367396,445.690002,30536800
2024-05-31,445.917083,446.608011,437.310245,444.860962,55941300
2024-06-03,448.670857,449.667729,442.087403,447.249542,32997500
2024-06-04,446.992885,449.667708,445.275476,448.473419,23767400
2024-06-05,452.036564,457.593475,448.512886,457.514526,33817400
2024-06-06,458.195604,458.511458,456.191949,457.356628,21966800
2024-06-07,456.991424,459.695856,455.846474,456.951935,25829700
2024-06-10,455.826781,459.153043,455.540536,458.797699,20660800
2024-06-11,457.524508,462.064818,456.034094,461.94635,22053300
2024-06-12,465.864762,470.316244,465.173865,467.996735,34532600
2024-06-13,471.520409,472.181727,468.263246,470.533386,25859000
2024-06-14,470.33592,473.040382,469.872018,472.971283,23372600
2024-06-17,473.237805,480.541765,471.934958,478.765137,37054500
2024-06-18,478.715822,479.594256,477.156309,478.913208,24438600
2024-06-20,480.107545,480.522078,473.395773,475.221771,33918700
2024-06-21,474.945419,476.277906,472.458133,473.948517,37456800
2024-06-24,472.724622,474.454657,468.414378,468.552765,37751000
2024-06-25,470.638715,474.207515,469.699541,473.91095,29014700
2024-06-26,473.090405,475.433392,472.675213,474.889648,22737100
2024-06-27,474.642487,477.5885,473.831835,476.115479,26222100
2024-06-28,476.906413,481.641774,473.001465,473.644043,34881600
2024-07-01,474.56338,476.98541,470.826506,476.421936,24898300
2024-07-02,474.929142,481.483507,474.800621,481.424194,26723600
2024-07-03,480.672879,485.566418,480.672879,485.437897,18064900
2024-07-05,486.278207,490.934464,485.981612,490.499481,28495900
2024-07-08,490.865259,492.219624,489.847011,491.666016,22109400
2024-07-09,493.178613,494.295726,490.578612,492.091156,25614500
2024-07-10,494.008971,497.775502,492.704054,497.221893,28046900
2024-07-11,497.330703,497.538298,485.131488,486.31778,49966600
2024-07-12,486.891161,493.920031,486.426522,489.174805,37109400
2024-07-15,490.944368,495.294194,488.453128,490.489624,31151400
2024-07-16,491.942825,492.753477,487.52382,490.677429,25950600
2024-07-17,482.709452,483.223509,476.204534,476.273712,56268800
2024-07-18,479.990784,480.168724,470.836418,474.019684,49347400
2024-07-19,473.683572,476.194603,468.533019,469.818176,42042900
2024-07-22,475.670674,477.835692,472.260021,476.817444,40300000
2024-07-23,475.917775,478.90331,474.662275,475.13678,23282500
2024-07-24,468.414403,468.780177,457.233436,458.093506,58818600
2024-07-25,458.429614,462.601471,450.431913,453.041779,59256800
2024-07-26,457.371815,460.614394,454.524667,457.688171,39992100
2024-07-29,460.396861,462.571774,456.353526,458.607513,28218500
2024-07-30,460.535299,461.23719,448.968768,452.310211,41317200
2024-07-31,462.532235,467.396118,461.0889,465.69574,44552100
2024-08-01,466.377886,470.124626,450.777915,454.415924,56653900
2024-08-02,445.745971,448.395389,439.399201,443.630371,66323200
2024-08-05,419.864628,437.244081,418.619023,430.403015,87483500
2024-08-06,432.241786,441.96952,429.602233,434.515533,63164400
2024-08-07,441.396105,443.877479,429.414384,429.809814,54929200
2024-08-08,436.028125,443.867648,432.162729,442.95816,47890100
2024-08-09,441.64328,446.902593,440.526167,445.271423,33574000
2024-08-12,446.240303,449.186286,443.432677,446.230408,27795000
2024-08-13,450.619695,457.56949,450.481277,457.302551,40084500
2024-08-14,458.221967,459.803689,453.170249,457.450867,34733700
2024-08-15,463.412107,469.402968,463.036437,469.007538,38280600
2024-08-16,467.228056,470.974826,466.269121,469.610565,38383600
2024-08-19,469.748975,475.81891,467.969492,475.779358,23737700
2024-08-20,474.869853,477.430301,473.090371,474.780884,29209300
2024-08-21,475.561831,478.843961,473.851587,476.9953,25658800
2024-08-22,479.308635,480.000661,468.404474,469.432617,37739600
2024-08-23,473.772495,477.232565,469.857682,474.523834,36061500
2024-08-26,473.980149,474.899532,467.840975,469.917023,27452600
2024-08-27,468.285879,472.388527,466.328457,471.320862,27510000
2024-08-28,470.856178,471.57783,462.552017,465.972534,37372400
2024-08-29,467.880571,472.477515,464.015175,465.290466,41081500
2024-08-30,469.620447,471.459213,465.14213,470.836395,33466500
2024-09-03,467.801452,467.929944,454.168769,456.541382,44985200
2024-09-04,453.437263,459.15132,452.507984,455.355103,32505100
2024-09-05,453.73379,460.050874,452.715543,455.780182,34452400
2024-09-06,455.078232,455.958093,443.076749,443.571045,50624400
2024-09-09,447.891186,450.263799,444.688159,449.275208,32981200
2024-09-10,451.034933,453.931529,447.070702,453.427338,29680300
2024-09-11,454.663059,464.015125,446.131511,463.273682,57843000
2024-09-12,463.303358,468.63188,461.523906,467.821228,40067800
2024-09-13,467.089666,471.093449,466.862279,469.917023,29111800
2024-09-16,467.791555,468.453895,464.529216,467.840973,22585600
2024-09-17,470.856239,472.151292,465.596926,468.088165,30084400
2024-09-18,469.28431,473.367167,465.458437,466.061493,39909200
2024-09-19,477.104046,480.682772,475.008237,477.84549,52782500
2024-09-20,476.985422,478.171744,472.843222,476.936005,34577700
2024-09-23,478.111192,479.289272,476.774712,478.200287,24843000
2024-09-24,479.606011,481.45727,475.359016,480.506897,25952600
2024-09-25,479.883136,482.902594,479.704946,480.952332,26549900
2024-09-26,488.426776,488.753486,480.932614,484.565857,32020200
2024-09-27,485.585474,485.724086,480.694968,481.873047,22851100
2024-09-30,480.912746,483.516399,478.081416,483.17981,30281100
2024-10-01,482.813535,483.110517,472.616717,476.447937,42735400
2024-10-02,475.547089,479.031841,472.933556,477.121185,23744000
2024-10-03,474.9333,479.695105,474.190815,476.764771,25337200
2024-10-04,482.566019,482.991704,477.55672,482.437317,30686600
2024-10-07,480.526698,481.694868,476.051966,477.269653,24975100
2024-10-08,479.803997,485.08058,479.002115,484.397491,28272000
2024-10-09,484.10051,488.783129,483.061042,488.208923,24995000
2024-10-10,485.931984,489.515709,484.625203,487.654541,25750400
2024-10-11,485.823034,489.436488,485.258768,488.416779,20644500
2024-10-14,490.802612,493.83195,490.297743,492.515289,26060100
2024-10-15,492.842052,493.505353,483.783736,485.932007,34784500
2024-10-16,486.258647,486.763547,482.684832,485.991364,22996800
2024-10-17,491.465974,491.515461,486.268576,486.327972,27210700
2024-10-18,489.10976,490.60464,488.357365,489.515656,25335000
2024-10-21,488.307936,491.258089,486.387371,490.456207,30336500
2024-10-22,487.793166,492.465875,487.040771,490.990784,26685800
2024-10-23,488.644498,489.297888,480.190055,483.466888,39346600
2024-10-24,487.17935,488.060448,484.536119,487.387268,22024900
2024-10-25,490.178988,495.267473,489.476081,490.357178,38762100
2024-10-28,493.465709,493.525105,490.139389,490.436371,20477800
2024-10-29,490.753196,496.326792,488.901937,495.148712,28014100
2024-10-30,494.386376,495.336748,490.921444,491.406525,29756000
2024-10-31,487.446608,487.496095,478.903071,479.002075,41245200
2024-11-01,480.635548,485.832946,480.338566,482.546204,33655800
2024-11-04,481.942354,484.476702,479.398097,481.140472,23291600
2024-11-05,482.724404,487.941621,482.635309,487.27832,24353600
2024-11-06,495.544682,501.336075,494.594309,500.514374,43082200
2024-11-07,503.306108,509.176716,503.246712,508.394592,32853100
2024-11-08,507.899572,509.76074,507.275879,508.988586,22924500
2024-11-11,510.20635,510.414268,505.800954,508.691711,24167500
2024-11-12,508.622303,509.50334,504.721747,507.770874,25835300
2024-11-13,507.266136,509.820243,504.840671,507.117615,24567400
2024-11-14,506.780939,507.652097,502.682405,503.593201,28679500
2024-11-15,497.900806,498.286883,489.535459,491.594635,51461100
2024-11-18,493.139023,497.108855,491.753056,495.010071,27080800
2024-11-19,492.436128,498.900699,492.099508,498.415588,24523000
2024-11-20,498.1186,498.435401,491.584723,498.12851,29565500
2024-11-21,501.167796,501.880583,492.574771,499.920441,34526700
2024-11-22,499.366021,501.454866,497.742439,500.72229,23826600
2024-11-25,504.791054,506.325542,499.20758,501.514221,26375200
2024-11-26,502.989314,505.028702,502.147854,504.207001,26557100
2024-11-27,503.078452,503.147728,496.900953,500.237183,24957400
2024-11-29,500.860867,505.226685,500.247084,504.63269,15334000
2024-12-02,505.88999,511.087388,505.503883,510.127075,25147200
2024-12-03,508.800497,511.968447,508.226291,511.691223,18597900
2024-12-04,515.106667,518.274617,514.393849,518.017212,26086200
2024-12-05,518.066758,518.789425,516.19568,516.581787,18169600
2024-12-06,517.245155,521.442664,517.116453,521.205078,23762600
2024-12-09,520.28434,521.076313,515.997707,517.146118,20674400
2024-12-10,518.373611,520.115986,513.958276,515.38385,24350000
2024-12-11,519.739726,525.293502,519.33386,524.610413,32168600
2024-12-12,522.392901,523.660105,520.74956,521.224731,23577500
2024-12-13,525.14505,527.827858,522.016678,525.214355,28780400
2024-12-16,527.738804,533.747993,527.659589,532.777771,31979900
2024-12-17,530.986027,532.094801,528.77839,530.431641,28579100
2024-12-18,529.78818,531.500827,509.849955,511.295288,54703200
2024-12-19,515.967994,516.53229,508.681751,509.018311,46441800
2024-12-20,505.325706,519.561632,504.187235,513.463318,60530000
2024-12-23,515.173778,518.842624,511.782602,518.46582,29672800
2024-12-24,520.40936,525.585363,519.774736,525.496155,17558200
2024-12-26,523.869973,526.765361,521.876894,525.13916,19090500
2024-12-27,521.5794,522.015696,513.498024,518.158447,33839600
2024-12-30,511.167865,514.985412,507.518838,511.266998,34584000
2024-12-31,512.546144,513.299691,505.962058,506.923889,29117000
2025-01-02,509.968007,512.288324,501.450365,505.932312,36389800
2025-01-03,509.025987,515.27297,508.212947,514.211975,29059500
2025-01-06,519.606125,523.473239,517.632897,520.121704,36109700
2025-01-07,521.162957,521.559551,508.956647,510.840607,36690300
2025-01-08,510.741408,512.565875,506.269386,510.92981,30777800
2025-01-10,507.171781,507.270915,499.675462,502.917908,40532500
2025-01-13,496.978345,501.757722,495.490979,501.301605,31694200
2025-01-14,504.45489,505.862942,497.36512,500.825714,33737200
2025-01-15,508.708708,513.488055,507.151895,512.347778,34957600
2025-01-16,514.608537,514.68788,508.62936,508.75827,28229000
2025-01-17,518.445973,519.655728,508.788023,517.345337,51837900
2025-01-21,520.062327,521.539767,515.679573,520.379639,23628000
2025-01-22,525.109419,529.323621,524.802033,527.033081,33593000
2025-01-23,524.583851,528.272549,523.998855,528.153564,23096600
2025-01-24,528.530283,529.293756,523.701309,525.168823,19878300
2025-01-27,506.695861,513.626975,505.853015,509.878845,60771700
2025-01-28,510.880276,518.594774,507.469279,517.414795,33194200
2025-01-29,518.059268,518.188178,512.546103,516.442993,26649000
2025-01-30,519.298823,521.668646,513.845149,518.644348,27431300
2025-01-31,522.481692,527.042982,516.799976,517.890686,38755200
2025-02-03,509.144979,516.462822,506.74538,513.745911,40580800
2025-02-04,514.261532,520.686931,513.864877,520.052307,26046800
2025-02-05,517.424692,522.570979,516.234787,522.412292,21134100
2025-02-06,522.918037,525.347413,521.311687,525.13916,19434500
2025-02-07,525.674598,527.61805,517.791549,518.515381,29605500
2025-02-10,522.779184,525.89275,522.313172,524.792114,20852800
2025-02-11,521.529855,525.456461,521.400945,523.542725,19325500
2025-02-12,517.900636,524.732616,517.553608,523.850098,25009400
2025-02-13,525.51599,531.703421,524.732666,531.386169,28714800
2025-02-14,531.495077,534.301256,531.157914,533.617065,17862600
2025-02-18,535.183735,535.45148,531.524814,534.826782,20565000
2025-02-19,534.033637,536.25476,531.941424,534.975647,19666900
2025-02-20,534.192199,534.559078,527.975053,532.704834,26550800
2025-02-21,533.845188,533.865039,521.281925,521.648804,47093800
2025-02-24,523.433692,524.613671,515.154048,515.49115,39268400
2025-02-25,514.866364,514.945708,505.148923,508.996246,48940000
2025-02-26,511.187691,515.282848,507.062697,510.22583,34457600
2025-02-27,513.765763,514.697847,495.838035,496.056183,52448000
2025-02-28,495.917362,504.494496,492.744303,503.889648,47654000
2025-03-03,507.211431,508.718618,489.422539,492.863312,44587200
2025-03-04,490.01749,499.496964,483.631732,491.375946,67875400
2025-03-05,492.020526,499.387936,487.122133,497.781586,46323700
2025-03-06,489.531669,494.380465,482.104767,484.087921,57574300
2025-03-07,483.056638,489.125084,476.482478,487.647644,54714700
2025-03-10,479.377906,479.893515,464.712474,468.748199,76668000
2025-03-11,468.371368,474.776947,463.076351,467.627686,68760800
2025-03-12,475.124046,477.008037,467.816129,472.902924,46971100
2025-03-13,472.238519,472.268265,462.501226,464.395142,46563300
2025-03-14,469.739738,476.512195,469.13486,475.619781,43563000
2025-03-17,475.570226,481.747762,473.775474,478.703613,41744400
2025-03-18,475.371944,475.570241,468.430905,470.542969,39072300
2025-03-19,472.793766,481.24199,470.870104,476.839417,40430300
2025-03-20,472.863247,480.468626,472.169131,475.223206,36780500
2025-03-21,470.086786,477.553359,468.926658,476.789856,42234900
2025-03-24,484.35298,488.096819,481.036178,487.252716,34567200
2025-03-25,487.977631,490.192126,487.014366,490.033234,26035200
2025-03-26,488.88128,489.735324,479.467132,481.016296,34627100
2025-03-27,479.059944,483.200968,476.91494,478.275421,33469800
2025-03-28,476.478074,477.183135,464.799729,465.683563,46363800
2025-03-31,458.712276,466.59711,454.154124,465.663666,53000300
2025-04-01,464.054864,470.340923,461.19489,469.417389,41156200
2025-04-02,462.883068,476.229738,462.624864,472.843414,49894500
2025-04-03,453.270286,456.875083,447.014048,447.530426,70456300
2025-04-04,435.097373,437.311867,419.734802,419.734802,117088400
2025-04-07,405.822117,440.062686,399.595669,420.747742,161557000
2025-04-08,435.11725,440.062678,406.944268,413.170715,101248100
2025-04-09,412.684156,464.581225,412.545114,462.763947,142876900
2025-04-10,450.410329,452.426231,429.625681,443.081573,108384100
2025-04-11,441.562214,452.624869,438.265261,451.244507,52483800
2025-04-14,461.23464,461.82054,449.486805,454.303131,43941200
2025-04-15,455.355739,459.169069,452.982321,454.80954,35404200
2025-04-16,445.911754,449.47682,434.720028,441.095428,48980600
2025-04-17,444.06471,444.640669,438.295029,441.016022,44837000
2025-04-21,435.186765,436.030838,424.958274,430.102295,44149300
2025-04-22,435.772703,444.47185,434.581024,441.393402,52304400
2025-04-23,454.988328,460.16214,449.735055,451.403381,55801100
2025-04-24,453.310043,464.412398,452.664533,464.104553,45956100
2025-04-25,463.727174,469.804669,462.158159,469.278351,38697100
2025-04-28,469.745115,471.512753,462.793725,469.129425,33550800
2025-04-29,466.904989,473.111587,466.329,472.227753,30613100
2025-04-30,463.886072,473.886149,459.218698,472.168152,46810600
2025-05-01,480.053019,483.796828,477.401547,478.335022,43316500
2025-05-02,483.161319,487.500967,481.463172,485.435394,39218100
2025-05-05,481.234761,485.63399,480.738233,482.555511,28309500
2025-05-06,476.229796,481.681663,474.869315,478.066956,32786300
2025-05-07,478.732258,482.426426,473.469075,479.943787,38006300
2025-05-08,485.137494,489.278549,480.807785,484.89917,39577600
2025-05-09,486.805795,488.126576,482.823662,484.58136,27767400
2025-05-12,503.46926,504.363034,497.997544,504.323303,45090600
2025-05-13,505.624151,513.797009,504.8893,512.009521,53269600
2025-05-14,513.181415,515.624294,512.168479,515.078125,47014500
2025-05-15,512.933142,518.305547,511.592481,515.644165,50153300
2025-05-16,517.044355,518.077172,513.509079,517.888489,48394600
2025-05-19,510.668948,518.901418,510.668948,518.38501,52536200
2025-05-20,515.862733,517.312617,513.072249,516.657227,42517600
2025-05-21,512.684906,519.368152,507.689807,509.477295,71292800
2025-05-22,510.092998,514.114923,508.742457,510.430664,55607200
2025-05-23,502.664896,508.285595,502.069057,505.703644,58368100
2025-05-27,512.565785,518.087173,511.016621,517.600525,47226300
2025-05-28,518.55383,520.043414,514.790171,515.306519,46637200
2025-05-29,522.675039,522.823961,513.727597,516.319458,58513300
2025-05-30,515.832791,517.06417,508.374934,515.505066,67662800
2025-06-02,513.648147,519.815045,512.386947,519.576721,44762800
2025-06-03,519.924226,525.068247,519.060273,523.638245,44070300
2025-06-04,524.343351,526.16066,522.317479,525.098083,41359300
2025-06-05,526.498337,529.348403,519.030538,521.145752,61031200
2025-06-06,526.319513,528.107001,524.541965,526.240051,42467000
2025-06-09,526.45854,528.653154,525.336382,527.014648,33688700
2025-06-10,527.481316,531.185455,525.217181,530.500244,40664800
2025-06-11,531.900438,533.052416,526.428692,528.712708,53701000
2025-06-12,527.401941,530.927276,527.153677,529.954041,34104900
2025-06-13,524.01563,528.176536,522.079159,523.300659,55814400
2025-06-16,526.816053,531.652229,526.766412,530.579712,37622100
2025-06-17,528.017564,529.626309,524.243904,525.405823,42180900
2025-06-18,526.418744,528.851743,523.737543,525.316467,43983500
2025-06-20,528.563794,529.854754,521.235038,523.171509,61643500
2025-06-23,523.739151,529.067892,520.597597,528.550964,50666100
2025-06-24,533.760437,537.548226,533.144056,536.633606,45442000
2025-06-25,538.900271,540.142985,536.235901,538.005493,44804200
2025-06-26,540.182745,543.4834,538.363456,543.036011,43811400
2025-06-27,544.070024,546.784091,541.365847,544.895203,57577100
2025-06-30,548.04671,549.577711,545.809825,548.4245,45548700
2025-07-01,546.525655,547.499984,541.4852,543.801636,56166700
2025-07-02,542.976327,547.788141,542.936582,547.589294,36538300
2025-07-03,549.955525,553.952112,549.955525,552.977783,26443500
2025-07-07,550.293561,551.108788,546.376525,548.812256,45349300
2025-07-08,550.154338,550.780671,547.887599,549.120422,36153300
2025-07-09,551.247866,554.379529,549.875906,553.007568,43045500
2025-07-10,553.643889,554.051472,549.528007,552.21228,34710900
2025-07-11,550.074765,552.550241,548.832052,550.969543,39618600
2025-07-14,550.760804,553.703572,548.414575,552.967896,36453300
2025-07-15,556.984245,557.531027,553.415145,553.474792,43277700
2025-07-16,554.031613,556.944527,548.344924,554.041504,52314700
2025-07-17,554.767334,559.032305,553.962058,558.525269,40423800
2025-07-18,559.837486,561.438086,556.715774,557.988342,50484700
2025-07-21,558.813577,562.760406,558.783723,560.881409,39595200
2025-07-22,561.010603,561.060299,555.353768,557.978394,43270600
2025-07-23,559.062157,560.563305,556.318236,560.52356,40215300
2025-07-24,561.835848,562.939364,560.006547,561.716553,42275500
2025-07-25,561.636995,564.390868,560.980869,563.068604,30630800
2025-07-28,564.430493,565.722903,563.56557,564.828186,31498700
2025-07-29,567.432967,568.775074,563.227644,563.953369,45463300
2025-07-30,564.868025,567.293804,561.756265,564.708984,43433800
2025-07-31,571.190971,571.280473,560.583183,561.716553,64613600
2025-08-01,555.572587,555.761482,548.46424,550.651428,69400800
2025-08-04,555.791217,561.030517,555.691824,560.811768,47669800
2025-08-05,562.094301,563.257464,556.467259,557.00415,48666600
2025-08-06,557.839238,564.450499,557.362056,564.013062,41823700
2025-08-07,568.337764,569.978171,561.816005,565.921936,44463000
2025-08-08,567.12473,571.419555,566.826491,571.200806,35255500
2025-08-11,571.340043,573.437729,568.238235,569.510742,33112900
2025-08-12,571.807313,576.967062,569.152894,576.668823,42143300
2025-08-13,579.36303,579.919763,575.56529,576.957153,41209300
2025-08-14,574.909226,578.488217,574.541327,576.509827,45425000
2025-08-15,576.420353,576.460159,572.215029,573.974731,49480200
2025-08-18,573.079894,574.402158,571.886877,573.745972,29831000
2025-08-19,573.030211,573.199203,564.937645,565.96167,53752600
2025-08-20,565.017085,565.136381,555.582414,562.601257,76781100
2025-08-21,561.060353,563.187893,557.710001,559.996643,46436900
2025-08-22,561.37849,570.64417,559.986687,568.635925,51502100
2025-08-25,567.075034,569.948141,565.842211,566.995483,34044700
2025-08-26,566.508392,569.580346,565.484367,569.272156,34103000
2025-08-27,568.258145,571.061654,567.045225,570.147034,36927100
2025-08-28,570.763407,574.630746,569.123061,573.716125,46787900
2025-08-29,571.310313,571.678212,565.225991,567.075195,56030400
2025-09-02,558.038002,562.670811,556.278301,562.322876,65876800
2025-09-03,565.912001,568.367635,563.426573,566.747131,54230200
2025-09-04,567.413075,572.24473,565.713081,571.876892,47526300
2025-09-05,577.106257,577.73259,568.198525,572.702087,68342500
2025-09-08,574.998581,577.454215,574.402103,575.495667,46371400
2025-09-09,576.29109,577.553707,573.676416,577.126221,44007600
2025-09-10,580.337321,580.367175,575.177572,577.315063,49308000
2025-09-11,579.840285,581.47074,578.229733,580.675415,44745800
2025-09-12,581.629743,584.433313,580.69522,583.240295,50745900
2025-09-15,585.009975,588.340423,584.860825,588.231079,44360300
2025-09-16,589.155605,589.404148,587.047967,587.733948,36942100
2025-09-17,587.654416,588.300651,580.963665,586.560852,69384800
2025-09-18,591.44227,594.653484,589.503685,591.849915,61069300
2025-09-19,593.848139,596.552255,592.376725,595.856323,58196100
2025-09-22,594.944625,600.050639,594.924699,599.383789,57154800
2025-09-23,599.553009,599.752086,594.188201,595.402527,64635500
2025-09-24,596.776084,597.094595,590.58514,593.312317,49850300
2025-09-25,589.430536,592.336864,585.747828,590.754333,70920200
2025-09-26,591.570503,593.511396,588.295911,593.182922,54337400
2025-09-29,596.30822,599.234474,594.616158,595.929993,48332900
2025-09-30,595.631448,597.900815,593.312327,597.562378,46533800
2025-10-01,594.37725,600.966286,593.551175,600.428833,46899600
2025-10-02,604.221075,604.320583,600.110384,602.897278,43765400
2025-10-03,603.673636,604.489809,598.577585,600.359192,46482100
2025-10-06,605.604511,606.510228,603.136067,604.867981,41962100
2025-10-07,606.171963,606.858739,600.209985,601.683044,58209500
2025-10-08,602.578797,608.889175,602.429535,608.580627,50629800
2025-10-09,608.620376,608.749773,604.639082,607.844055,45551000
2025-10-10,608.540835,610.312479,586.295317,586.743225,97614800
2025-10-13,596.875521,600.130248,594.436966,599.194641,65872600
2025-10-14,592.525947,599.871438,587.370179,595.203369,69203200
2025-10-15,601.185293,603.862716,593.143063,599.403625,62805500
2025-10-16,602.280133,605.46518,592.71509,597.184082,70982000
2025-10-17,595.153637,602.67828,593.581009,601.105652,72024900
2025-10-20,604.300667,609.934171,604.230987,608.680054,45761700
2025-10-21,608.779729,609.854635,606.470571,608.520935,44538200
2025-10-22,607.963477,608.550684,596.935276,602.658386,61478800
2025-10-23,602.081082,608.510893,601.692952,607.724609,42844300
2025-10-24,613.109256,615.527884,612.253292,614.21405,47632500
2025-10-27,621.599398,625.61052,621.111699,625.15271,54098600
2025-10-28,627.412057,631.711862,626.307263,629.960083,61195700
2025-10-29,632.617663,634.031005,627.302609,632.796814,67422800
2025-10-30,629.213628,630.537426,623.012782,623.122253,61628600
2025-10-31,631.204238,631.234127,623.759238,626.128113,66305100
2025-11-03,632.139883,632.846585,626.904472,629.124084,37154300
2025-11-04,620.365248,624.018068,615.567781,616.354065,63830800
2025-11-05,615.597596,623.669655,614.323614,620.365234,48688500
2025-11-06,618.882178,619.131009,607.445921,608.809509,72115100
2025-11-07,605.465244,607.09759,595.870311,606.88855,81835400
2025-11-10,616.025588,621.390396,614.005113,620.31543,55919900
2025-11-11,617.667885,619.807794,614.63216,618.663208,44868800
2025-11-12,621.917963,621.937828,614.92081,618.175537,47444400
2025-11-13,614.65202,615.229324,603.245652,605.55481,71333600
2025-11-14,596.746235,610.481688,594.37736,606.012695,80087300
2025-11-17,603.464644,609.615736,597.064721,600.836975,63850400
2025-11-18,596.815881,599.493303,588.574634,593.521362,83327300
2025-11-19,594.277804,603.32526,591.809421,597.064697,73111500
2025-11-20,608.759748,611.158512,582.015411,582.931091,117743200
2025-11-21,584.722609,594.188144,578.024102,587.310486,103344200
2025-11-24,592.496156,603.842806,592.376661,602.329895,60168100
2025-11-25,600.687636,607.406069,594.526581,606.04248,57560900
2025-11-26,609.64556,613.308343,607.535479,611.397339,42393600
2025-11-28,613.228735,616.423745,612.541959,616.354065,23034400
2025-12-01,610.760329,616.543156,609.655535,614.283752,40957600
2025-12-02,616.563087,620.833003,614.701837,619.091187,54541800
2025-12-03,616.72234,621.300804,615.13981,620.604126,47841600
2025-12-04,622.007478,622.017441,616.64267,620.026794,47067800
2025-12-05,621.4601,625.978847,620.79325,622.554932,53614200
2025-12-08,624.276825,625.899207,618.78262,621.360535,43462400
2025-12-09,620.096515,622.943126,618.095905,622.126953,37156000
2025-12-10,620.932562,626.267542,618.085951,624.674988,55031400
2025-12-11,620.902701,622.853557,614.831191,622.65448,58272800
2025-12-12,619.170886,620.62402,608.500986,610.750427,75158700
2025-12-15,615.478215,615.527969,606.470549,607.684814,49538200
2025-12-16,605.41543,610.640878,604.071707,608.889099,55152800
2025-12-17,610.192977,610.780245,597.472776,597.602112,70654300
2025-12-18,606.94825,610.063618,604.081714,606.261475,78875800
2025-12-19,609.088181,614.731648,609.008539,614.164307,60369800
2025-12-22,619.241028,619.540058,615.673223,617.108337,43703100
2025-12-23,616.101711,620.297383,615.683154,619.998413,41120400
2025-12-24,619.878838,622.161104,619.609735,621.812256,18468700
2025-12-26,622.539745,623.396872,621.024946,621.7724,28959800
2025-12-29,617.995289,620.666247,616.629944,618.762695,32458300
2025-12-30,617.736157,620.068181,617.118206,617.327515,31226800
2025-12-31,617.546816,617.855762,611.965787,612.224915,40746500
2026-01-02,617.955449,620.735957,608.079111,611.039001,61859200
2026-01-05,617.217959,618.702892,614.626747,615.892456,46828400
2026-01-06,617.128174,621.901955,616.440514,621.303955,43137500
2026-01-07,620.925323,625.808717,620.446972,621.902039,44880300
2026-01-08,620.915322,621.303952,615.703032,618.363953,50435900
2026-01-09,619.300745,625.758792,616.958746,624.52301,49688700
2026-01-12,620.19777,626.71555,620.147952,625.04126,37388700
2026-01-13,625.140974,627.333458,621.583084,624.114441,44481400
2026-01-14,620.128016,621.333931,612.47409,617.447144,72598700
2026-01-15,624.473203,627.861688,618.643083,619.669617,53934900
2026-01-16,623.376966,623.955015,616.77944,619.151367,61058100
2026-01-20,608.457803,612.972396,604.989573,605.996155,81988900
2026-01-21,607.401289,618.314134,605.796768,614.188232,79837900
2026-01-22,620.237584,620.347257,615.683149,618.653015,42254800
2026-01-23,617.626542,623.277342,616.550252,620.606384,43645800
2026-01-26,621.094734,625.479763,620.008407,623.337097,35983000
2026-01-27,626.775357,629.894739,625.21074,628.987854,38997200
2026-01-28,633.303127,634.439211,629.665491,631.070679,50691700
2026-01-29,630.502743,631.519239,616.171545,627.29364,79944000
2026-01-30,623.586271,626.127603,617.197993,619.759277,65650700
2026-02-02,616.600081,626.356831,616.560178,624.014832,49020300
2026-02-03,626.167414,627.841704,608.886303,614.427429,81234000
2026-02-04,612.932525,613.01221,598.431862,603.69397,81850700
2026-02-05,598.172862,602.757225,592.741347,595.003662,89354500
2026-02-06,598.152837,609.334725,596.737674,607.58075,78019300
2026-02-09,605.477907,614.367675,603.01632,612.234924,56797600
2026-02-10,613.221586,614.925804,608.936192,609.394592,53938900
2026-02-11,614.287912,615.424058,605.627405,611.028992,58575100
2026-02-12,612.623569,613.719811,597.534943,598.601318,81378900
2026-02-13,598.39202,604.421473,594.395621,599.876953,69237500
2026-02-17,596.348961,601.900063,591.32609,599.259033,69013800
2026-02-18,600.066324,607.700358,598.681027,603.733826,64250700
2026-02-19,600.763959,603.763752,598.710953,601.421692,60960800
2026-02-20,598.083144,608.278404,597.196151,606.743652,74127300
2026-02-23,604.551015,605.946287,597.016677,599.368652,63859100
2026-02-24,600.355358,606.922956,597.694377,605.806763,55023700
2026-02-25,608.995909,614.736368,608.926139,614.586853,55710700
2026-02-26,613.500664,613.500664,601.930023,607.17218,96178900
2026-02-27,600.933391,606.255293,600.146094,605.22876,68125200
2026-03-02,596.827289,607.849746,595.960247,606.026001,75264600
2026-03-03,594.305966,601.910074,589.861083,599.538147,97015500
2026-03-04,602.109403,610.799838,601.3819,608.677063,70943900
2026-03-05,605.338377,610.680169,600.215809,606.843201,89602400
2026-03-06,598.272391,603.94308,596.299131,597.714294,86302300
2026-03-09,592.213038,607.202028,589.322918,605.697144,93068200
2026-03-10,605.717129,611.208376,603.365093,605.707153,64078900
2026-03-11,606.883175,610.351344,602.976496,605.627441,60114800
2026-03-12,600.714182,602.089503,595.02354,595.232849,71836600
2026-03-13,597.694384,601.551243,590.558713,591.704773,63145500
2026-03-16,598.003351,601.810393,597.076515,598.342224,49077200
2026-03-17,601.092862,603.843504,599.827153,601.262268,47106600
2026-03-18,599.448458,601.112773,592.541987,592.880859,56128000
2026-03-19,587.509106,593.777735,585.087361,591.007202,75597600
2026-03-20,589.053864,589.163477,576.576339,580.084412,91964700
2026-03-23,589.257797,593.808048,584.707546,586.743164,89936100
2026-03-24,583.559932,586.673258,580.686084,582.731689,57750900
2026-03-25,587.880723,590.105937,584.438086,586.563538,60475500
2026-03-26,581.354642,583.380332,572.204261,572.563477,81492100
2026-03-27,569.589829,569.799402,560.369591,561.377441,82702200
2026-03-30,566.167256,566.835807,554.412406,557.086731,70602600
2026-03-31,563.083767,577.403129,563.003982,575.946228,95878000
2026-04-01,580.237067,586.483696,579.179335,583.061035,79435100
2026-04-02,572.743078,584.797273,570.697472,583.729553,50941700
2026-04-06,584.976898,589.347541,583.440212,587.242065,35108500
2026-04-07,584.388203,587.721029,577.163688,587.331909,49948200
2026-04-08,607.408889,608.596348,600.832949,604.794495,63086000
2026-04-09,604.634777,609.195016,601.741013,608.885681,37837500
2026-04-10,610.532167,612.358212,608.276989,609.763794,34038500
2026-04-13,608.177247,625.400364,606.81018,616.070374,32972100
2026-04-14,618.894195,627.256287,618.774456,627.256287,49921100
2026-04-15,627.735314,636.46661,626.85719,636.037537,50102400
2026-04-16,637.843697,640.807319,633.902128,639.100952,42320600
2026-04-17,644.210032,648.610579,642.693262,647.463013,53488900
2026-04-20,646.654738,647.37323,641.146579,645.40741,37138500
2026-04-21,647.023994,648.810207,640.837295,642.952759,39580500
2026-04-22,648.760297,653.929217,647.133776,653.709656,37368400
2026-04-23,652.152979,655.51577,644.140175,650.027527,40099800
2026-04-24,657.102421,663.089596,655.126673,662.460938,45563100
2026-04-27,661.981999,663.009765,659.277769,662.810181,32717000
2026-04-28,656.004755,658.23003,652.412474,656.14447,34147900
2026-04-29,657.222166,660.305527,655.186548,660.155884,31724900
2026-04-30,663.927777,667.470238,656.15445,666.312683,40622200
2026-05-01,667.72966,674.525102,667.370444,672.709045,39172600
2026-05-04,673.217875,675.283458,667.470238,671.441711,34542000
2026-05-05,676.510854,681.31057,676.061803,680.153015,37101100
2026-05-06,686.309865,694.442407,685.012595,694.282776,38778500
2026-05-07,695.091038,699.74105,690.291322,693.454529,43779100
2026-05-08,698.423895,709.709717,698.004809,709.709717,44320400
2026-05-11,708.84159,713.06259,707.394677,711.76532,36019100
2026-05-12,706.706096,708.661928,695.150893,705.72821,45873000
2026-05-13,708.442465,715.118168,703.323426,713.182312,40012500
2026-05-14,713.092472,720.486667,712.693303,718.251404,33327500
2026-05-15,708.622047,713.601371,704.041832,707.414612,51792700
2026-05-18,710.019029,710.547926,697.356152,704.371155,49834500
2026-05-19,698.314162,704.979877,693.763912,700.030518,46827500
2026-05-20,703.782365,711.62561,702.285572,711.62561,36779200
2026-05-21,707.474507,715.587133,705.259281,712.982727,36415400
2026-05-22,716.535122,720.576453,714.419658,716.006226,33118600
2026-05-26,724.408221,729.607045,722.61202,728.718994,34254700
2026-05-27,731.393254,731.75247,723.889309,727.890747,35148700
2026-05-28,728.170201,735.025511,724.85729,734.027649,32840000
2026-05-29,736.262845,740.044722,733.678355,736.731812,37541700
2026-06-01,735.464516,744.056158,734.416772,741.152344,33890600
2026-06-02,740.813091,744.844433,737.649823,744.565002,30085200
2026-06-03,745.712612,747.049775,739.426091,742.619263,40270200
2026-06-04,733.907877,741.910754,731.054005,739.026917,40782600
2026-06-05,728.499416,730.125937,702.814448,703.552856,99606600
2026-06-08,716.2757,721.484574,711.545841,714.539429,47401500
2026-06-09,721.434597,724.108861,684.902866,706.317017,91932200
2026-06-10,700.160149,709.759642,691.448829,692.207214,65334300
2026-06-11,697.795253,716.834486,693.514444,715.587158,71798900
2026-06-12,716.076088,722.462433,709.759663,719.798157,51168400
2026-06-15,736.522255,743.168053,735.803823,742.409668,46710200
2026-06-16,740.663396,742.629156,728.080365,728.299866,45348700
2026-06-17,733.618526,734.107469,719.309151,720.965637,51669300
2026-06-18,735.624254,740.234373,730.944276,739.036926,50154600
2026-06-22,741.247594,744.674016,733.625532,737.181824,43518600
2026-06-23,714.994956,722.856759,711.36873,712.907166,53354200
2026-06-24,714.625366,719.180617,703.716749,709.88031,52480400
2026-06-25,725.144387,726.073411,704.565794,715.634277,49668000
2026-06-26,706.393957,714.815175,702.078447,705.784607,47081800
2026-06-29,713.24677,723.825773,704.435944,723.326294,44939100
2026-06-30,723.426172,736.852185,723.156434,735.633484,42121800
2026-07-01,728.430935,731.158074,723.845686,724.4151,40803800
2026-07-02,724.824746,730.069281,706.823484,711.858215,50959800
2026-07-06,719.180621,725.324243,717.702181,722.067627,30220400
2026-07-07,713.426585,715.604308,704.166275,708.691528,42483100
2026-07-08,704.216228,711.518617,700.180394,710.699463,35603200
2026-07-09,717.582301,723.476123,714.38562,722.527161,33654700
2026-07-10,719.949831,725.633911,716.25367,724.754822,26415900
2026-07-13,716.97284,717.991798,709.340839,710.999084,36552400
2026-07-14,719.470274,721.538126,713.59645,718.940857,29448100
2026-07-15,723.096484,723.605963,709.490667,716.992859,32627600
2026-07-16,711.268828,712.857138,701.878589,705.205139,39402000
2026-07-17,690.930039,701.568916,686.045115,694.606201,54109300
2026-07-20,701.429075,705.065301,694.786034,695.335449,29687600
2026-07-21,705.834529,709.310888,702.068434,708.231995,33728300
2026-07-22,702.887543,708.911295,702.887543,704.615723,23692200
2026-07-23,693.946886,697.932723,687.074043,691.239746,44028600
2026-07-24,689.691321,691.909042,681.769583,683.517761,42876700
2026-07-27,690.96002,691.579369,675.246413,681.409973,42681500
2026-07-28,675.526085,678.692829,667.184801,674.786865,51398700
2026-07-29,674.806822,679.342074,660.451786,661.041138,57233300
2026-07-30,674.057612,684.406813,672.59911,682.83844,66753700
2026-07-31,691.389571,695.045796,679.342127,687.273865,50540500
2026-08-03,687.58354,700.859746,685.106141,699.341309,44965100
2026-08-04,707.422826,724.90461,706.793538,723.096497,59778600
2026-08-05,725.494041,727.781635,716.173735,716.553345,33540200
2026-08-06,710.080098,718.57125,707.762505,713.906128,33035900
2026-08-07,719.400398,722.876756,715.764172,722.277405,31070400
2026-08-10,721.638066,723.915661,719.580213,720.119629,26243200
2026-08-11,722.537076,722.597011,714.755207,717.702148,29286100
2026-08-12,726.323203,726.493009,722.167499,722.946716,29066000
2026-08-13,724.395204,733.196031,723.276374,731.307983,31599700
2026-08-14,732.646551,733.625572,727.561884,730.309021,23790600
2026-08-17,732.18704,733.815349,728.510878,729.110229,26452600
2026-08-18,719.460324,721.378309,715.174751,716.763123,48997200
2026-08-19,719.640106,720.748936,711.868175,715.334595,35801700
2026-08-20,711.348768,714.195777,707.782477,710.189941,33396400
2026-08-21,714.485503,714.925047,708.461811,712.697388,33399400
2026-08-24,708.921267,709.051137,701.968551,705.584778,37443100
2026-08-25,710.479643,713.296715,706.713609,709.980164,23869600
2026-08-26,707.672576,712.277823,707.233031,710.629517,20392400
2026-08-27,716.183733,720.599115,713.786268,720.359375,28723500
2026-08-28,718.990817,723.376262,714.345694,715.684265,34105400
2026-08-31,714.425544,716.83307,712.417627,716.013916,32237200
2026-09-01,706.653642,711.558504,703.926442,706.903381,35236100
2026-09-02,706.363922,709.061124,704.366004,708.501709,23476200
2026-09-03,710.110005,718.171611,708.951239,716.922913,29449800
2026-09-04,718.601157,721.108554,715.814083,718.211609,32871100
2026-09-08,720.159577,721.138599,714.82517,717.612244,28341400
2026-09-09,715.654325,718.950878,713.276798,715.564392,26763400
2026-09-10,706.813504,711.318819,706.124219,707.952332,31414400
2026-09-11,714.935019,716.883002,712.887165,714.135864,26649100
2026-09-14,702.597886,712.207868,702.008474,708.441772,35219000
2026-09-15,708.062155,708.791436,702.907553,703.80658,26631700
2026-09-16,707.263004,711.13897,699.271332,703.986389,35688000
2026-09-17,715.204745,717.292535,712.577478,716.173706,37270300
2026-09-18,718.081768,720.978712,714.335671,720.699036,48478700
2026-09-21,727.890015,743.219971,727.809998,741.469971,46730600
2026-09-22,740.97998,748.349976,740.929993,747.460022,40128800
2026-09-23,746.969971,747.130005,738.190002,741.210022,33191800
2026-09-24,735.289978,742.659973,734.619995,741.099976,29000900
2026-09-25,742.830017,745.919983,739.640015,744.5,30283800
2026-09-28,740.460022,741.419983,731.630005,736.530029,41775000
2026-09-29,740.150024,740.580017,735.340027,737.929993,27052300
2026-09-30,740.190002,745.099976,739.460022,739.77002,29820400
2026-10-01,742.51001,744.669983,736.25,742.030029,35728900
2026-10-02,751.309998,754.539978,747.530029,749.580017,34498900
2026-10-05,749.349976,756.919983,749.080017,756.200012,25603200
2026-10-06,760.52002,762.859985,759.099976,759.659973,26452100
