Date,Open,High,Low,Close,Volume
2016-01-04,39.31875,39.949677,37.947165,39.931389,4982727
2016-01-05,40.489167,41.449279,39.922246,40.772629,2554024
2016-01-06,41.110957,42.235656,40.059411,40.781776,4047421
2016-01-07,39.638789,40.635474,38.971285,39.455914,2258307
2016-01-08,39.273034,39.446767,36.639591,37.069355,2456643
2016-01-11,36.118383,36.913901,35.386872,35.953793,4552899
2016-01-12,36.575579,37.215652,36.3927,37.041916,2191574
2016-01-13,37.03278,37.179082,36.292123,36.621304,1980630
2016-01-14,36.036094,36.246403,34.234746,34.929684,2516956
2016-01-15,34.518208,34.893108,33.448374,33.786697,2082351
2016-01-18,33.795841,34.38105,32.378538,32.671143,1039639
2016-01-19,33.466663,35.478321,33.439232,35.478321,1845598
2016-01-20,34.097591,34.655369,32.232235,33.100906,1776040
2016-01-21,33.649542,34.381053,33.302073,34.289616,1791394
2016-01-22,35.203999,35.478315,34.298752,35.313725,1476133
2016-01-25,35.844067,35.862355,34.243885,34.243885,1014895
2016-01-26,33.878131,34.902246,33.338641,34.609642,1397169
2016-01-27,34.655366,35.149134,33.978717,34.664509,991569
2016-01-28,34.627934,34.783382,33.201488,33.201488,1085476
2016-01-29,34.170736,34.170736,32.918023,33.466656,890465
2016-02-01,33.466651,33.539804,32.579696,33.375214,696768
2016-02-02,33.622105,33.695255,30.119992,30.174856,1971915
2016-02-03,30.174854,31.491574,29.260464,30.129135,3826104
2016-02-04,30.915513,31.418427,29.260467,31.116676,1328437
2016-02-05,31.592158,32.049353,31.089245,31.089245,1218151
2016-02-08,31.59216,31.747608,29.553072,29.553072,935207
2016-02-09,28.894712,29.214748,27.358537,27.797443,1562180
2016-02-10,27.486552,29.553073,26.608739,27.696863,1665071
2016-02-11,26.928775,27.111652,25.520614,25.602909,1845964
2016-02-12,26.279556,27.468264,25.612052,27.468264,1072836
2016-02-15,28.300357,28.803271,27.53227,28.428371,1053213
2016-02-16,28.775837,28.775837,27.834017,28.538095,688545
2016-02-17,28.867273,31.82075,28.739259,31.500715,1687005
2016-02-18,32.259666,32.726006,31.345276,31.692745,1928082
2016-02-19,31.54644,31.976205,30.705204,31.418427,941920
2016-02-22,31.948767,32.96374,31.839041,32.890591,1114981
2016-02-23,32.588839,33.08261,32.085925,32.232227,660668
2016-02-24,32.277954,32.634565,30.705206,31.464148,1166949
2016-02-25,31.985351,32.003639,30.641197,31.820761,845586
2016-02-26,31.985352,32.497412,31.829907,32.268814,962981
2016-02-29,32.19566,32.543129,31.573875,32.543129,1247044
2016-03-01,31.866479,32.881452,31.82076,32.844875,1087257
2016-03-02,33.128332,33.402648,32.835728,33.00946,821434
2016-03-03,33.192344,33.192344,32.552271,32.844875,699543
2016-03-04,32.918026,32.918026,32.241376,32.918026,639312
2016-03-07,32.908883,33.53981,32.524837,33.53981,893955
2016-03-08,33.640397,34.929686,33.393511,34.554787,1560995
2016-03-09,34.061008,34.975398,34.015289,34.838238,1000191
2016-03-10,34.865674,35.652049,33.576385,33.65868,1578587
2016-03-11,34.417624,34.96626,34.243891,34.646221,832185
2016-03-14,34.929682,35.268006,34.48163,34.902248,774383
2016-03-15,34.545638,34.609645,33.896422,34.170738,654688
2016-03-16,34.317042,34.664511,33.969577,34.463345,474384
2016-03-17,34.893104,34.938823,33.942138,34.673649,768588
2016-03-18,34.838243,34.865677,34.454201,34.563927,803375
2016-03-21,34.298752,34.673652,34.097589,34.362762,438646
2016-03-22,34.061009,34.454197,33.33864,34.106728,710869
2016-03-23,34.061013,34.518208,33.567241,33.631248,476113
2016-03-24,33.539813,33.686115,32.881451,33.402653,448754
2016-03-29,33.558099,34.033582,33.018609,33.521523,439658
2016-03-30,33.622101,34.23474,33.512375,34.033577,559384
2016-03-31,34.033575,34.097582,33.338637,33.375214,563505
2016-04-01,32.918025,33.128334,32.661997,32.826588,623952
2016-04-04,32.753433,33.265492,32.588842,33.183197,471930
2016-04-05,32.81744,32.84487,32.232231,32.360245,523551
2016-04-06,32.597993,33.100906,32.140798,33.100906,619763
2016-04-07,33.073478,33.439236,32.44255,32.506557,671409
2016-04-08,32.625422,33.475805,32.570557,33.201488,650554
2016-04-11,32.81744,33.265492,32.296238,33.247204,598486
2016-04-12,33.24721,33.448377,32.726008,32.936317,612322
2016-04-13,33.366072,34.015287,33.366072,33.832409,721697
2016-04-14,34.015299,34.554789,33.686119,34.289616,747522
2016-04-15,34.554781,35.551466,34.152447,35.386875,1165460
2016-04-18,34.865677,35.734348,34.637079,35.688625,619701
2016-04-19,35.606332,36.100103,35.332016,35.935513,656965
2016-04-20,35.716058,36.154964,35.661193,36.154964,586728
2016-04-21,35.706913,36.090959,35.569757,35.816639,696875
2016-04-22,35.359444,35.478315,35.030267,35.295437,471933
2016-04-25,35.240573,35.33201,34.76509,34.865673,499034
2016-04-26,35.021118,35.450882,34.993687,35.386875,465568
2016-04-27,35.5789,35.81664,35.304584,35.560612,430935
2016-04-28,35.441734,36.346981,34.929678,36.346981,583031
2016-04-29,36.34698,36.639585,35.953793,35.953793,1119615
2016-05-02,36.502427,37.581407,35.615471,35.66119,1635778
2016-05-03,35.54232,35.642903,34.307895,34.801666,1019944
2016-05-04,34.774236,35.542324,34.774236,35.258865,594489
2016-05-05,35.075983,35.807494,34.472486,34.609642,581221
2016-05-06,34.435907,35.057692,34.198167,34.746799,648156
2016-05-09,34.719375,34.792525,34.271323,34.481632,425406
2016-05-10,34.57307,35.11256,34.57307,35.048553,520569
2016-05-11,34.701086,34.883965,34.344475,34.883965,482483
2016-05-12,34.591361,35.03941,34.49992,34.783382,339630
2016-05-13,34.371904,35.679482,34.298751,35.679482,581106
2016-05-16,35.332006,35.524027,34.883957,35.341152,261194
2016-05-17,35.450884,35.496602,34.115876,34.573071,511010
2016-05-18,34.134158,34.554777,34.070148,34.390186,507439
2016-05-19,33.923855,34.591363,33.137483,33.320358,672396
2016-05-20,33.119191,33.667823,33.009461,33.576385,574466
2016-05-23,33.631949,33.928265,33.317112,33.317112,477089
2016-05-24,33.215253,34.37274,33.002276,34.141243,618346
2016-05-25,34.372734,35.178348,34.335697,35.048706,704997
2016-05-26,34.863513,35.011672,34.632016,34.789433,415424
2016-05-27,34.594976,34.98389,34.530157,34.789433,437270
2016-05-30,34.983889,35.502444,34.928332,35.354286,286421
2016-05-31,35.270943,35.419101,34.956106,35.280201,731606
2016-06-01,35.372805,35.391326,34.863512,35.187607,410875
2016-06-02,35.095012,35.817283,34.956112,35.687645,565348
2016-06-03,35.909873,35.928393,34.891286,35.085743,488487
2016-06-06,34.919061,35.280196,34.724604,35.132038,286074
2016-06-07,35.27095,35.928402,35.15057,35.928402,472607
2016-06-08,36.067304,36.141381,35.511708,35.576527,426664
2016-06-09,35.641345,35.687643,34.90055,35.409847,372786
2016-06-10,35.419105,35.419105,34.307917,34.669052,665909
2016-06-13,34.270876,34.409776,33.539347,33.872704,834267
2016-06-14,33.678243,34.11346,33.465266,33.919003,675945
2016-06-15,34.122715,34.456072,33.585643,34.178276,499932
2016-06-16,33.67824,34.057896,33.428222,34.030117,481123
2016-06-17,33.817143,34.706092,33.752324,34.567196,657851
2016-06-20,35.187604,35.641341,35.020926,35.42836,585069
2016-06-21,35.465403,35.8358,35.095009,35.095009,429155
2016-06-22,35.067225,35.58578,34.807949,34.807949,620017
2016-06-23,34.817205,35.733936,34.733866,35.733936,554057
2016-06-24,31.12251,34.474592,30.566914,34.002338,1709740
2016-06-27,33.502313,34.030127,32.900418,33.076359,1084826
2016-06-28,33.150427,33.993077,32.807812,33.511562,827743
2016-06-29,33.641202,33.844917,33.168946,33.178207,813698
2016-06-30,33.437491,33.937527,33.085614,33.937527,639914
2016-07-01,34.020869,34.789439,33.807888,34.493122,444731
2016-07-04,34.520892,34.613493,34.094937,34.261616,291732
2016-07-05,34.076415,34.280133,33.687501,33.78936,444449
2016-07-06,33.391185,33.400444,32.242957,33.363403,887148
2016-07-07,33.381926,33.567125,32.835592,33.196728,396504
2016-07-08,33.085611,34.770912,33.085611,34.770912,556775
2016-07-11,34.724609,35.62282,34.724609,35.42836,674869
2016-07-12,35.224647,35.928398,35.076489,35.909878,589415
2016-07-13,35.641342,36.020998,34.919068,35.048706,543383
2016-07-14,35.511705,35.900622,35.419107,35.761723,464415
2016-07-15,35.659858,35.68764,35.243166,35.520962,239319
2016-07-18,35.446885,35.872843,35.215387,35.493187,258496
2016-07-19,35.317247,35.632084,34.937592,35.604305,278922
2016-07-20,35.687644,35.909879,35.335766,35.437626,345184
2016-07-21,35.641344,36.067299,35.261689,36.067299,408742
2016-07-22,35.909876,36.196934,35.604301,36.196934,419052
2016-07-25,36.058031,36.530288,35.928394,36.41917,406846
2016-07-26,36.576589,36.909946,36.132114,36.780308,568458
2016-07-27,36.798827,37.965572,36.798827,37.937794,1090174
2016-07-28,37.558143,37.73408,36.400656,36.817348,716723
2016-07-29,36.937724,37.882234,36.854385,37.447018,697432
2016-08-01,37.317388,37.872984,37.178491,37.502586,391632
2016-08-02,37.947055,38.752665,36.206193,38.44709,1336961
2016-08-03,38.447092,39.197145,37.132185,38.836006,1253563
2016-08-04,38.836009,39.484202,38.539692,38.548954,750311
2016-08-05,38.604508,39.4379,38.576729,39.308262,451040
2016-08-08,39.261968,39.993498,39.261968,39.586063,550443
2016-08-09,39.586061,39.956458,39.410124,39.771259,488979
2016-08-10,39.623101,39.965717,39.391604,39.863857,514112
2016-08-11,39.77126,39.974975,39.447161,39.863857,535546
2016-08-12,39.891634,40.27129,39.789775,40.234249,536578
2016-08-16,39.86385,40.095347,39.07676,39.234177,583152
2016-08-17,39.493461,39.697176,38.743408,39.447159,506714
2016-08-18,39.678653,39.808294,39.169359,39.530495,299398
2016-08-19,39.150838,39.447155,38.567467,39.382336,522464
2016-08-22,39.289744,39.715698,39.039726,39.660141,385038
2016-08-23,39.678652,40.169428,39.623094,39.937931,434038
2016-08-24,39.799038,40.45649,39.586061,39.863857,468468
2016-08-25,39.724956,39.900893,39.243441,39.632355,415056
2016-08-26,39.77126,40.002757,39.354564,39.836079,271848
2016-08-29,40.187949,40.280547,39.641615,40.049049,504208
2016-08-30,40.262031,40.456488,40.132393,40.187954,498864
2016-08-31,40.22499,40.373148,39.919415,40.002754,550256
2016-09-01,39.974974,40.447231,39.660141,39.660141,509147
2016-09-02,39.91015,40.12313,39.447155,40.095348,487258
2016-09-05,40.076828,40.280547,39.817552,40.06757,242733
2016-09-06,40.00275,40.215727,39.780511,39.974968,294315
2016-09-07,40.169428,41.271354,39.88237,41.188015,888140
2016-09-08,40.799105,41.021341,40.021274,40.558346,615488
2016-09-09,40.512045,40.743542,40.058308,40.123131,485248
2016-09-12,39.511972,39.771251,38.845262,39.76199,542948
2016-09-13,39.817559,39.928676,39.123066,39.215664,412675
2016-09-14,39.493463,39.63236,39.067505,39.169365,386281
2016-09-15,39.039728,39.539763,38.447095,39.354565,422491
2016-09-16,39.07676,39.484194,38.308187,38.484127,694629
2016-09-19,38.687845,39.697174,38.585986,39.650875,436839
2016-09-20,39.595316,39.706438,39.132322,39.31752,354062
2016-09-21,39.724957,40.678726,39.650876,40.549088,771449
2016-09-22,40.549089,41.669536,40.549089,41.539898,978056
2016-09-23,41.623235,42.039931,41.419516,41.799171,766256
2016-09-26,41.410259,41.447296,40.558346,41.363956,667741
2016-09-27,41.400998,41.845472,41.076903,41.484337,598328
2016-09-28,41.410263,42.206615,41.188024,42.086235,553470
2016-09-29,42.373282,42.808498,41.83621,42.132526,688301
2016-09-30,41.530643,42.984447,41.484344,42.80851,864099
2016-10-03,42.780717,43.049255,42.475139,43.030735,452161
2016-10-04,42.845541,43.965987,42.845541,43.845608,794433
2016-10-05,43.678927,44.3086,43.215932,44.141922,1001392
2016-10-06,44.00303,44.345645,43.910429,44.169708,602060
2016-10-07,44.206742,44.428978,43.919684,44.3549,485401
2016-10-10,44.095626,45.364235,44.095626,44.632702,661147
2016-10-11,44.743823,44.9568,44.447506,44.521587,519780
2016-10-12,44.447503,44.7253,44.354906,44.679001,473192
2016-10-13,44.438244,44.604918,44.077105,44.410461,763692
2016-10-14,43.780789,44.688258,43.669671,44.5401,800393
2016-10-17,44.178962,44.54936,44.104885,44.141922,304486
2016-10-18,44.021545,44.864195,43.780786,43.965984,541379
2016-10-19,44.308609,44.354911,43.669677,44.225269,456332
2016-10-20,44.354906,44.632702,44.086368,44.632702,465099
2016-10-21,44.910498,44.910498,44.271566,44.586403,396753
2016-10-24,44.743822,45.123478,44.595664,45.077179,457994
2016-10-25,45.0494,45.91057,44.891979,44.92902,565881
2016-10-26,44.938272,45.734623,44.586398,45.141991,448990
2016-10-27,45.206816,45.299414,44.725301,44.92902,415494
2016-10-28,44.919755,45.058655,44.466022,44.984577,407922
2016-10-31,44.641963,45.003098,44.18823,44.428986,580509
2016-11-01,44.521584,44.864199,43.197418,43.197418,503516
2016-11-02,42.984442,43.132603,42.317731,42.604786,656237
2016-11-03,42.789982,42.928882,42.225128,42.225128,477156
2016-11-04,42.188094,42.780727,41.475081,42.669609,502713
2016-11-07,43.05852,45.65129,42.965923,45.558693,1228802
2016-11-08,46.280961,46.290223,45.179035,45.799446,878249
2016-11-09,43.706711,45.790188,43.521513,45.790188,921516
2016-11-10,45.882793,46.225408,45.030884,45.030884,838587
2016-11-11,46.040203,46.07724,45.058653,46.07724,904750
2016-11-14,46.290226,46.901379,45.466092,46.345783,819954
2016-11-15,45.929087,46.392082,45.373494,46.262444,554801
2016-11-16,46.299477,46.716173,45.577206,46.392075,743717
2016-11-17,46.169839,46.623572,45.956862,46.392075,494838
2016-11-18,46.299476,46.855068,46.02168,46.197617,596881
2016-11-21,45.984642,46.762474,45.243852,46.716175,432670
2016-11-22,46.993974,47.456968,46.762476,47.132874,681819
2016-11-23,47.225471,47.318069,46.438382,47.179173,420745
2016-11-24,47.132883,48.244068,46.993983,48.244068,535487
2016-11-25,47.919959,48.151456,47.595864,47.781059,302145
2016-11-28,47.225471,47.503267,46.577278,47.179173,480232
2016-11-29,46.94768,48.012566,46.901381,48.012566,429138
2016-11-30,47.549566,48.105162,47.549566,47.873665,671153
2016-12-01,47.225466,47.688461,46.94767,47.595863,503849
2016-12-02,47.595868,47.595868,47.040272,47.040272,406651
2016-12-05,46.762476,48.244058,46.392079,47.827366,668143
2016-12-06,47.688465,48.336658,47.410669,48.336658,816283
2016-12-07,48.475554,48.845951,48.475554,48.799652,577010
2016-12-08,48.475554,49.725642,48.475554,49.540443,699799
2016-12-09,49.540449,50.049742,49.262652,49.771946,560276
2016-12-12,50.003438,50.188637,49.308946,49.586742,665603
2016-12-13,49.262655,50.234943,49.262655,50.234943,567082
2016-12-14,50.234937,50.744231,50.234937,50.466434,601175
2016-12-15,50.929429,51.80912,50.836832,51.762821,877582
2016-12-16,52.225809,52.225809,51.623914,51.901711,821049
2016-12-19,51.901716,52.133213,51.809118,52.133213,387949
2016-12-20,51.948016,52.364712,51.716518,52.364712,386413
2016-12-21,52.225816,52.411011,51.762821,51.762821,352368
2016-12-22,51.438723,52.086916,50.836832,51.160927,380739
2016-12-23,51.160927,51.948016,51.068329,51.762821,296656
2016-12-27,51.485021,52.41101,51.207224,51.62392,295291
2016-12-28,51.901721,52.040621,51.485025,51.716522,247358
2016-12-29,51.392424,51.80912,51.114628,51.160927,215903
2016-12-30,51.114632,51.716523,51.022031,51.20723,226876
2017-01-02,51.06833,52.040619,51.06833,52.040619,240887
2017-01-03,52.086925,52.781417,51.994328,51.994328,499350
2017-01-04,52.318418,52.688815,51.94802,52.503616,317854
2017-01-05,52.41102,52.54992,51.994328,51.994328,266985
2017-01-06,52.364716,52.364716,51.531327,51.716522,262188
2017-01-09,51.855414,51.994314,50.559027,50.975723,556932
2017-01-10,51.392423,51.76282,51.160926,51.62392,386364
2017-01-11,51.716517,52.225814,51.207223,52.133213,384953
2017-01-12,51.809115,52.966602,50.373832,50.975723,1018386
2017-01-13,51.67022,52.966606,51.392423,52.364712,628644
2017-01-16,51.67022,52.503612,51.485021,52.411011,412820
2017-01-17,52.225816,52.503612,51.577623,51.762821,458066
2017-01-18,51.670222,52.225818,51.438724,52.040619,280025
2017-01-19,51.994319,52.688812,51.71652,52.59621,394224
2017-01-20,52.781411,52.781411,52.04062,52.179516,347276
2017-01-23,52.225814,53.059202,51.623919,52.688808,491445
2017-01-24,52.642512,54.309296,52.642512,53.7537,744410
2017-01-25,54.170393,54.725986,53.707398,53.846298,545884
2017-01-26,54.448188,54.540789,53.4759,53.661098,546534
2017-01-27,53.568497,53.799995,53.290701,53.661098,315501
2017-01-30,53.568499,53.799996,52.549911,52.549911,502288
2017-01-31,52.735111,54.077797,52.735111,53.429604,853406
2017-02-01,53.337002,53.938896,53.105504,53.337002,480109
2017-02-02,52.874003,56.253867,52.874003,55.327877,1387913
2017-02-03,55.559377,56.670565,55.559377,56.485367,832093
2017-02-06,56.485362,56.485362,55.374174,55.698273,626676
2017-02-07,55.466777,56.300165,55.327877,55.929771,458549
2017-02-08,55.929774,56.485367,55.513078,56.485367,471868
2017-02-09,56.48537,56.62427,55.60568,56.439072,495240
2017-02-10,56.670565,56.809462,56.022372,56.485367,365077
2017-02-13,56.716868,57.874355,56.485371,57.828056,457558
2017-02-14,57.828053,58.522545,57.226158,57.874352,513178
2017-02-15,58.33735,58.33735,57.272461,57.272461,432405
2017-02-16,57.596554,58.01325,57.040958,57.642853,358496
2017-02-17,57.318761,57.735454,56.43907,56.902065,458678
2017-02-20,57.133558,57.318756,56.531663,56.716862,228412
2017-02-21,56.485368,57.781755,56.39277,57.31876,379634
2017-02-22,57.689155,57.828055,56.994663,57.596558,495553
2017-02-23,57.966951,58.291049,57.457657,57.503956,408053
2017-02-24,57.550257,57.735453,56.577965,56.670567,583180
2017-02-27,57.318761,57.781756,56.716866,57.503956,381452
2017-02-28,57.503949,57.735446,56.948357,56.948357,445805
2017-03-01,57.17986,58.105849,57.087262,57.966949,488064
2017-03-02,57.920656,58.291053,57.689158,58.198452,356117
2017-03-03,57.828054,58.10585,57.735453,58.059551,323496
2017-03-06,57.828051,57.920648,56.855762,56.855762,397794
2017-03-07,57.318761,57.642855,56.902064,57.457657,477109
2017-03-08,57.040958,57.87435,56.994659,57.642853,450784
2017-03-09,57.503954,57.689153,56.531666,57.13356,490881
2017-03-10,57.411363,57.411363,56.855771,56.994667,353787
2017-03-13,57.457659,57.828056,57.318763,57.828056,503179
2017-03-14,57.503953,57.966948,57.087261,57.689152,892394
2017-03-15,58.29105,58.568846,57.874354,58.29105,713725
2017-03-16,59.124432,60.143019,58.754038,59.911522,843653
2017-03-17,60.096731,60.143026,58.939244,59.031841,908952
2017-03-20,59.263342,59.402242,58.800347,58.985546,383234
2017-03-21,58.661441,59.217037,57.828053,57.874352,647237
2017-03-22,57.966953,58.754046,57.596559,58.47625,543338
2017-03-23,59.217036,61.022717,59.031837,61.022717,1080343
2017-03-24,61.207912,62.133902,60.93012,61.207912,871633
2017-03-27,62.782101,63.430291,61.995005,62.967297,1125301
2017-03-28,63.337695,63.893288,63.198795,63.893288,720048
2017-03-29,64.217384,64.634084,63.985887,64.217384,655136
2017-03-30,64.309983,64.356285,63.569195,64.356285,600891
2017-03-31,64.495186,64.587784,64.032191,64.587784,423212
2017-04-03,64.587772,65.097069,63.75438,63.800682,705040
2017-04-04,63.708085,64.68037,63.661783,63.985878,573187
2017-04-05,64.032177,64.263674,63.291382,63.38398,558862
2017-04-06,62.643207,63.754392,62.411709,63.198799,598198
2017-04-07,62.967284,63.198781,62.504289,62.735786,660293
2017-04-10,63.522892,63.522892,62.6895,62.874702,526788
2017-04-11,62.874701,63.106199,62.180209,62.643204,717292
2017-04-12,62.920996,63.245098,62.411706,62.643204,484818
2017-04-13,62.226504,62.596901,61.717213,61.902409,540230
2017-04-18,62.550601,62.782098,60.744917,61.069012,824014
2017-04-19,61.207914,62.457999,61.207914,62.087608,823787
2017-04-20,62.041301,62.504296,61.856106,61.856106,461000
2017-04-21,61.995013,62.133913,61.346823,61.71722,463854
2017-04-24,63.01205,63.292515,62.357618,63.292515,977531
2017-04-25,63.432735,63.57297,63.012034,63.245758,434411
2017-04-26,63.33925,64.694848,63.152274,64.554619,616930
2017-04-27,64.274152,65.162301,64.040427,64.881836,550611
2017-04-28,65.022067,65.302532,64.554619,64.554619,449764
2017-05-02,65.302542,65.302542,64.367645,64.788353,522036
2017-05-03,64.507883,65.022079,63.993687,65.022079,505466
2017-05-04,65.25579,68.808393,64.788342,68.714905,1552228
2017-05-05,69.649805,70.444466,69.229105,69.88353,1299965
2017-05-08,70.39773,70.584707,68.855149,70.350983,931520
2017-05-09,70.958669,73.342652,70.631457,72.921951,1279102
2017-05-10,73.108926,73.202422,72.127289,72.267525,726142
2017-05-11,72.828452,72.828452,70.678187,71.052147,815856
2017-05-12,71.5196,71.5196,70.257491,71.5196,673943
2017-05-15,72.174029,72.407753,71.28588,72.407753,667223
2017-05-16,71.987048,72.407749,71.098899,71.5196,752701
2017-05-17,71.192392,71.800076,69.930283,69.930283,732922
2017-05-18,69.930274,71.052147,66.143939,71.052147,1301364
2017-05-19,71.472857,71.519604,69.275851,69.649811,764643
2017-05-22,69.836784,70.164004,68.855147,70.117256,398894
2017-05-23,70.070521,70.631464,69.696568,70.584717,512908
2017-05-24,71.005407,71.426115,70.210746,70.911919,663749
2017-05-25,70.678197,71.472858,69.7433,71.005409,542041
2017-05-26,71.052147,71.519595,70.350974,71.332619,471602
2017-05-29,71.940305,72.314265,69.930283,69.930283,559761
2017-05-30,69.369339,71.706581,69.22911,71.706581,503188
2017-05-31,71.753321,72.267517,71.239125,71.987045,929273
2017-06-01,71.75332,73.669861,71.75332,73.669861,722251
2017-06-02,73.856838,75.165695,73.76335,75.025459,705811
2017-06-05,74.791746,75.352682,74.184061,74.838493,427358
2017-06-06,74.511268,75.586401,74.371039,75.492912,538954
2017-06-07,75.259201,75.586414,74.8385,74.978729,515953
2017-06-08,74.978728,77.502954,74.931988,76.240845,913749
2017-06-09,76.568049,77.175733,76.007112,76.381065,565941
2017-06-12,74.698251,75.446164,73.436142,73.436142,1066178
2017-06-13,73.763361,74.324298,73.389401,73.716614,589629
2017-06-14,73.52963,74.090567,73.249158,73.436142,674467
2017-06-15,73.342655,73.389403,71.613097,72.734978,734225
2017-06-16,73.810102,74.838494,73.529637,73.576378,1193995
2017-06-19,74.79174,75.025465,73.716608,74.931976,476008
2017-06-20,75.352672,75.446161,74.417776,74.604759,483617
2017-06-21,74.324292,75.165701,73.249159,74.651505,575976
2017-06-22,74.324294,75.212443,74.184058,75.165703,403710
2017-06-23,74.885237,75.305945,73.856852,74.371048,394495
2017-06-26,74.511264,74.931972,73.763351,74.184052,339181
2017-06-27,73.90358,73.950321,72.547976,72.641464,492027
2017-06-28,72.033798,72.267522,71.098901,72.174026,836612
2017-06-29,72.127283,72.220771,69.883529,70.30423,878511
2017-06-30,70.584705,71.472854,70.070508,70.257492,628607
2017-07-03,70.49122,71.519605,70.257496,71.005409,606390
2017-07-04,70.818429,71.052154,69.18236,69.55632,630840
2017-07-05,69.416086,70.537959,68.761661,70.350983,595047
2017-07-06,70.818431,70.958667,69.743298,70.491219,556212
2017-07-07,70.39773,70.584707,69.369338,70.491219,392424
2017-07-10,70.958667,72.875201,70.584707,72.828461,578377
2017-07-11,73.015442,73.623126,71.940309,72.875206,1084082
2017-07-12,73.856848,75.82013,73.529636,75.539665,998452
2017-07-13,76.007098,76.568034,75.539649,76.100586,1002437
2017-07-14,76.053851,76.147339,75.446166,76.147339,394247
2017-07-17,75.960362,76.521299,75.726638,76.427811,515876
2017-07-18,76.240834,76.381063,75.446166,76.147339,471442
2017-07-19,76.61479,78.718307,76.521301,78.718307,837261
2017-07-20,79.185747,80.307627,78.99877,80.120644,1244072
2017-07-21,79.933673,80.86857,78.8118,79.606461,842833
2017-07-24,80.120645,81.336014,79.653197,81.336014,720211
2017-07-25,81.336024,81.663237,80.027167,80.868576,842069
2017-07-26,81.24254,84.234207,80.915328,84.234207,1230670
2017-07-27,84.280945,86.851911,83.579772,84.421181,1526363
2017-07-28,83.392789,84.421181,83.018836,83.860237,765661
2017-07-31,85.683291,85.917015,82.738365,83.299301,1093318
2017-08-01,83.346041,86.851903,82.878593,86.758415,1651835
2017-08-02,86.758428,87.366106,82.083944,83.766754,2178981
2017-08-03,86.477946,86.524694,84.561405,85.730026,1356406
2017-08-04,85.776785,86.898659,84.795141,86.898659,980245
2017-08-07,86.851905,87.50633,86.524693,87.412842,359795
2017-08-08,87.553082,89.095663,87.412846,88.581467,766786
2017-08-09,88.020533,88.58147,86.992148,88.254257,811744
2017-08-10,88.25425,88.25425,87.13237,87.272606,496999
2017-08-11,86.431195,86.618178,84.140701,84.701637,940887
2017-08-14,85.356072,87.50633,85.169088,87.272606,608514
2017-08-16,87.64657,88.768443,87.366098,88.581467,717518
2017-08-17,88.347741,88.721701,87.55308,87.646568,430552
2017-08-18,86.992135,88.628204,86.290963,88.628204,605085
2017-08-21,88.628232,88.955444,87.319375,88.955444,573320
2017-08-22,89.37614,91.947106,88.628226,91.666641,1021835
2017-08-23,91.339414,92.22757,90.684989,91.526398,946487
2017-08-24,91.99385,92.321062,90.35778,90.35778,729752
2017-08-25,90.825219,91.479644,89.796834,89.843575,471518
2017-08-28,90.217543,90.40452,88.674962,89.14241,388126
2017-08-29,88.815193,88.908682,87.272612,88.534721,747480
2017-08-30,88.955431,90.124052,88.768447,90.030563,489017
2017-08-31,90.217535,90.591495,89.56311,89.843575,654912
2017-09-01,90.544756,91.012205,89.890331,90.918716,458056
2017-09-04,90.030567,91.292677,89.09567,90.918716,597337
2017-09-05,90.731739,91.853613,90.684992,91.339417,717720
2017-09-06,91.058934,92.741744,90.965446,91.386147,651118
2017-09-07,89.750075,89.843563,84.37442,85.075592,2429896
2017-09-08,84.140713,87.412852,82.972092,85.169098,1505975
2017-09-11,86.290977,87.179126,85.917017,86.851913,759144
2017-09-12,87.22588,87.693328,85.823534,86.057259,794131
2017-09-13,85.823532,86.197485,85.356084,85.402824,930164
2017-09-14,85.169095,86.477952,85.169095,85.496307,754666
2017-09-15,85.730029,86.805162,85.21584,85.683289,1137607
2017-09-18,85.589806,88.067277,85.356082,87.786812,744472
2017-09-19,88.067278,88.441238,87.740066,88.441238,500085
2017-09-20,88.441238,88.581474,87.880302,88.441238,496704
2017-09-21,88.301012,89.048933,88.207524,88.955444,525402
2017-09-22,88.815208,89.142421,87.9738,88.955444,560720
2017-09-25,88.441235,89.095667,86.805165,87.132378,542691
2017-09-26,87.366105,87.693325,86.103996,86.384468,571121
2017-09-27,86.290978,87.599828,86.150743,87.366104,455179
2017-09-28,87.880288,87.880288,86.758415,87.038879,393297
2017-09-29,86.477945,87.459589,86.337709,87.412842,504794
2017-10-02,87.225875,89.703346,87.038892,89.703346,697536
2017-10-03,89.703345,90.638242,89.002173,90.544754,526696
2017-10-04,90.965452,91.4329,89.983807,90.451256,607200
2017-10-05,90.871956,91.386152,90.357768,90.451256,533412
2017-10-06,90.357769,90.498005,88.7217,89.189148,526293
2017-10-09,89.329396,92.975488,89.18916,92.274315,1156729
2017-10-10,91.479652,92.835257,90.918716,91.479652,951848
2017-10-11,91.619891,92.367811,91.619891,91.993851,605105
2017-10-12,91.619878,91.993838,91.152429,91.806854,355884
2017-10-13,92.13408,92.13408,90.871963,91.432907,305734
2017-10-16,91.012204,92.087337,90.684992,91.479652,618691
2017-10-17,92.461299,92.554787,91.19919,91.853615,461112
2017-10-18,92.321052,92.741753,91.806856,92.741753,474958
2017-10-19,92.554767,92.741744,89.70333,91.386147,821758
2017-10-20,91.52639,91.713367,90.731729,91.105682,447555
2017-10-23,91.105688,91.573136,90.871963,91.152435,288897
2017-10-24,90.918716,91.853613,90.918716,91.479652,428008
2017-10-25,90.965464,92.180826,90.73174,90.918716,528181
2017-10-26,90.918708,92.180817,90.498007,92.040581,625176
2017-10-27,92.414548,93.957129,92.321059,93.302704,789402
2017-10-30,93.489684,94.985518,93.396196,94.331093,579737
2017-10-31,94.611553,96.29437,94.144105,96.200882,605608
2017-11-01,96.481361,97.603242,96.387873,97.042305,463416
2017-11-02,97.696718,98.444638,92.554785,94.237602,2006928
2017-11-03,94.237609,95.079011,93.442941,94.798546,848256
2017-11-06,94.705051,95.546452,94.237602,94.237602,484443
2017-11-07,94.518058,94.611546,92.648264,92.741753,406378
2017-11-08,92.414545,93.162465,89.002171,90.591499,707677
2017-11-09,90.684974,91.573123,87.459584,88.207497,809274
2017-11-10,88.207515,88.301003,86.010509,87.740067,725881
2017-11-13,88.160778,89.469628,88.020542,88.768456,689657
2017-11-14,88.534726,89.189158,86.851916,87.08564,475580
2017-11-15,86.711678,86.99215,84.608161,85.87027,858865
2017-11-16,86.524693,88.207503,85.636537,87.272606,439126
2017-11-17,87.693327,87.693327,86.337723,86.477959,385863
2017-11-20,86.103992,88.160769,85.636543,87.833549,369589
2017-11-21,88.534736,89.563129,87.459611,88.955444,599999
2017-11-22,89.142403,89.329387,88.39449,88.581467,329850
2017-11-23,87.553076,88.955422,87.553076,88.67495,291710
2017-11-24,88.815193,89.329389,88.254256,89.235893,383692
2017-11-27,88.67495,89.282635,87.927037,87.973778,436296
2017-11-28,88.160764,88.674953,87.693315,88.34774,459985
2017-11-29,88.721709,88.76845,86.664932,86.805168,566304
2017-11-30,85.776777,86.758421,84.514668,85.262581,822187
2017-12-01,85.54306,86.150745,83.346054,83.346054,722474
2017-12-04,84.421188,84.608164,81.896962,82.644882,742932
2017-12-05,82.551383,83.48628,80.588095,82.972084,739467
2017-12-06,82.177433,83.392795,81.476261,83.065582,429475
2017-12-07,83.065577,83.533025,82.364404,83.299301,372532
2017-12-08,83.626518,84.70165,83.626518,84.32769,473226
2017-12-11,85.075608,85.075608,84.327688,84.654907,401479
2017-12-12,84.514671,85.449567,83.953734,85.215843,466420
2017-12-13,85.0756,85.589796,84.32768,84.374428,432340
2017-12-14,84.374436,84.935373,83.953735,83.953735,369406
2017-12-15,83.252556,83.766745,82.457888,82.831848,551028
2017-12-18,83.25256,84.421181,83.205812,84.421181,317409
2017-12-19,84.608173,85.075622,83.439552,83.439552,375482
2017-12-20,83.720002,83.906978,82.878593,82.878593,293809
2017-12-21,82.785102,83.486275,82.551378,83.205803,300769
2017-12-22,83.626513,84.000474,82.972089,83.720009,270840
2017-12-27,84.234195,84.374431,83.20581,84.047218,197902
2017-12-28,83.673271,84.047231,82.925351,83.392799,193951
2017-12-29,83.579775,83.579775,81.756721,81.756721,273501
2018-01-02,81.756714,81.803462,77.689915,81.616486,511258
2018-01-03,81.896957,83.486285,81.756721,83.018837,427199
2018-01-04,83.392796,87.459603,83.299308,86.477959,1056023
2018-01-05,86.477945,87.786802,86.384457,87.272606,587577
2018-01-08,87.506339,88.487984,87.179127,88.487984,578255
2018-01-09,88.534721,90.311026,87.833548,89.656601,560611
2018-01-10,89.469607,90.638228,88.768435,89.422867,574892
2018-01-11,89.516371,90.638245,89.469624,90.638245,524446
2018-01-12,91.479645,91.993842,90.498008,90.778473,536735
2018-01-15,90.778476,90.965459,89.937067,90.591499,319614
2018-01-16,90.965462,91.526398,90.357777,90.825226,431143
2018-01-17,90.311022,91.339407,89.983809,91.105682,391553
2018-01-18,91.15243,91.52639,90.731729,91.105682,265082
2018-01-19,91.432909,92.414546,90.96546,92.22757,427018
2018-01-22,92.227569,92.508034,91.806861,92.508034,283483
2018-01-23,92.41455,92.741762,90.77848,90.918716,468841
2018-01-24,90.591498,90.965458,89.376129,89.376129,439754
2018-01-25,89.002175,89.983819,88.114026,88.72171,523963
2018-01-26,88.721709,90.26429,88.721709,90.124054,249421
2018-01-29,89.637902,90.348425,89.263949,89.58181,387383
2018-01-30,89.282657,89.937082,88.815208,89.151772,502443
2018-01-31,89.18915,89.787483,88.17946,89.787483,575927
2018-02-01,89.750085,97.182511,89.50701,96.481339,2774092
2018-02-02,96.481361,98.164178,94.892039,97.042305,1624234
2018-02-05,94.424573,96.668326,94.331085,94.751785,1301621
2018-02-06,90.834569,94.798529,88.815188,94.003868,1399190
2018-02-07,95.1725,95.920413,93.302706,95.593201,724689
2018-02-08,95.265992,95.452968,92.274317,92.704376,692154
2018-02-09,92.068637,93.022229,89.806182,91.432907,1009756
2018-02-12,91.638574,93.078316,91.058943,92.797852,572570
2018-02-13,93.022232,93.770153,92.274312,92.853951,414368
2018-02-14,93.377492,94.377831,91.507698,94.237602,571470
2018-02-15,94.377816,97.135766,94.144092,96.294357,1002100
2018-02-16,97.229257,98.351131,96.761809,98.164154,868866
2018-02-19,98.351143,98.865339,95.920413,96.013901,458808
2018-02-20,96.294371,97.696716,94.611554,97.696716,465633
2018-02-21,97.089021,98.865327,96.621573,98.444626,592410
2018-02-22,97.696728,97.696728,95.780186,96.387871,630976
2018-02-23,96.387859,97.743464,95.12575,97.696716,535292
2018-02-26,98.444629,99.800226,97.509732,97.97718,719865
2018-02-27,98.257651,98.678359,96.948794,97.322754,429188
2018-02-28,96.294376,97.135784,95.826927,95.826927,538018
2018-03-01,95.452969,95.826929,93.816899,94.144112,668873
2018-03-02,93.396187,93.396187,90.124048,90.66629,1008172
2018-03-05,89.488325,91.395515,88.908686,91.283325,679238
2018-03-06,92.031249,93.340099,91.806869,92.704376,783881
2018-03-07,92.087327,94.377821,91.395505,94.003868,655060
2018-03-08,94.097362,94.751787,92.928741,93.489677,510075
2018-03-09,93.863636,94.705045,93.134418,94.611549,438215
2018-03-12,94.892016,94.985505,94.097356,94.70504,329854
2018-03-13,94.845277,95.219237,92.891346,93.583168,524149
2018-03-14,93.396188,94.144101,92.274307,92.554779,481655
2018-03-15,92.517384,93.583166,92.218217,93.433586,520806
2018-03-16,93.414885,93.816891,92.91004,92.928741,755805
2018-03-19,92.92874,93.059625,91.54509,91.825562,388324
2018-03-20,91.713375,93.190514,91.264628,93.190514,477336
2018-03-21,92.92874,94.751786,92.92874,94.190849,601653
2018-03-22,93.536434,93.863646,91.788174,92.648277,755993
2018-03-23,91.245924,91.91905,89.993165,90.871964,721041
2018-03-26,91.657266,91.900341,89.581795,89.862267,592199
2018-03-27,91.61989,93.284006,90.87197,92.049942,753033
2018-03-28,90.666294,92.274311,89.189156,91.414207,1080242
2018-03-29,92.3117,92.3117,91.15243,91.189827,643702
2018-04-03,90.628907,92.554793,90.067964,91.900368,604489
2018-04-04,91.713373,91.769471,89.020872,90.479309,889100
2018-04-05,91.713368,92.741753,91.09634,92.741753,723122
2018-04-06,92.554769,93.003523,91.732063,92.180809,446937
2018-04-09,93.209204,93.358791,91.788165,92.162125,477871
2018-04-10,92.106028,92.685667,91.806862,92.143425,542389
2018-04-11,92.068642,92.648273,90.591503,91.339417,628861
2018-04-12,91.638572,92.741751,90.984147,92.536079,513670
2018-04-13,92.835254,92.891345,92.180821,92.592178,461939
2018-04-16,92.928744,92.928744,92.143427,92.517387,345463
2018-04-17,92.760458,94.331085,92.143423,94.050613,619523
2018-04-18,94.331093,94.705053,93.536432,94.331093,487124
2018-04-19,94.331088,94.564813,93.265307,93.583168,308687
2018-04-20,93.770152,93.910381,92.816554,93.302704,330052
2018-04-23,94.0654,94.103064,93.255627,93.895912,319646
2018-04-24,94.140722,95.195305,93.726418,95.195305,512335
2018-04-25,94.912827,96.042738,93.91473,94.912827,530037
2018-04-26,95.430692,95.619016,94.536179,95.101135,434670
2018-04-27,95.571945,96.042743,94.912831,95.383629,491625
2018-04-30,95.195308,96.089828,94.300796,96.089828,404995
2018-05-02,96.089815,100.044513,95.807334,99.573715,1175050
2018-05-03,99.714975,100.232848,96.136909,99.479576,1657586
2018-05-04,102.869302,108.000995,102.728062,107.153564,2460013
2018-05-07,107.530209,111.767389,107.341893,111.155357,906613
2018-05-08,110.449154,110.778711,107.436044,108.189323,1095648
2018-05-09,108.283482,109.554635,107.247729,107.388969,533349
2018-05-10,107.341888,108.424724,105.788254,106.965248,526701
2018-05-11,107.341881,108.000995,106.211969,107.153564,282910
2018-05-14,106.871094,107.294809,105.176219,107.05941,447778
2018-05-15,106.164899,107.483134,106.023658,106.44738,372947
2018-05-16,106.070738,107.059409,104.658344,106.117813,570703
2018-05-17,106.494449,107.341886,106.023651,107.012329,416845
2018-05-18,109.225083,109.225083,105.882416,106.07074,567304
2018-05-21,106.070739,107.906848,105.741182,107.05941,434377
2018-05-22,107.859763,108.518877,106.023648,106.306129,476199
2018-05-23,106.541524,106.541524,104.517093,105.034973,533722
2018-05-24,105.034992,106.682785,104.61127,105.317467,577710
2018-05-25,105.835332,106.494446,104.846654,106.306129,607649
2018-05-28,106.070743,107.76561,106.02366,106.776939,669899
2018-05-29,106.494451,106.541534,103.057626,103.622589,1120215
2018-05-30,103.340093,105.976563,103.151777,105.364525,739074
2018-05-31,105.364539,106.164894,104.564185,104.9879,878538
2018-06-01,106.87109,108.330566,106.211976,106.965248,923320
2018-06-04,107.530203,108.142242,105.882411,106.588608,469452
2018-06-05,105.835333,110.91995,105.835333,109.601715,876675
2018-06-06,109.931281,110.731636,108.283489,110.731636,687533
2018-06-07,111.108266,111.720305,109.601715,109.601715,522279
2018-06-08,108.283475,109.60171,107.85976,108.565956,440060
2018-06-11,109.507561,111.249512,109.507561,111.249512,554875
2018-06-12,111.673228,112.473582,111.20243,111.814468,523779
2018-06-13,112.520665,116.004565,112.379424,115.533768,829681
2018-06-14,115.816245,120.147582,114.592168,119.770943,920449
2018-06-15,119.676791,121.936622,119.676791,120.194672,1030825
2018-06-18,120.618388,120.712539,118.028993,120.147583,524406
2018-06-19,118.735194,118.829353,117.134485,118.264397,510124
2018-06-20,118.641047,118.970604,116.239975,116.239975,532270
2018-06-21,116.334132,116.993246,113.744744,114.498016,536285
2018-06-22,114.074294,115.580845,112.002779,113.132698,541718
2018-06-25,111.673236,112.520673,109.460487,109.460487,652553
2018-06-26,109.460477,111.10827,109.036762,110.496231,529777
2018-06-27,110.825778,112.614811,109.413385,111.343658,541681
2018-06-28,110.919956,111.43783,106.965251,108.660126,558423
2018-06-29,111.061188,111.579068,108.518883,109.695877,508844
2018-07-02,109.46048,109.554638,107.012333,108.283485,545809
2018-07-03,108.9426,109.601721,108.189328,108.660126,377917
2018-07-04,108.848432,108.989673,106.918166,107.341881,293825
2018-07-05,108.000993,111.202419,108.000993,108.942589,452908
2018-07-06,109.978354,109.978354,107.5302,108.236397,345247
2018-07-09,109.742964,109.93128,108.048089,108.613045,201767
2018-07-10,109.460481,111.484913,108.33057,110.590393,362496
2018-07-11,110.166671,110.307912,107.859765,109.601715,357428
2018-07-12,110.11959,112.144021,109.130919,111.720306,312495
2018-07-13,112.991457,116.334123,112.850216,115.298363,667234
2018-07-16,115.81625,115.81625,113.368103,113.556419,354508
2018-07-17,114.074299,115.157135,113.132703,115.157135,316638
2018-07-18,116.522439,117.134477,115.015887,115.722084,516026
2018-07-19,115.816263,116.287061,114.356787,115.580864,395290
2018-07-20,114.639255,114.874654,112.09695,112.803146,657680
2018-07-23,106.8711,109.790045,106.400302,107.294815,1604032
2018-07-24,109.225088,109.601728,107.294814,107.718536,897333
2018-07-25,107.341874,107.624355,103.810891,105.364525,1324591
2018-07-26,107.953924,108.095165,106.070733,108.000999,748560
2018-07-27,106.965255,107.388977,105.505786,106.400299,617764
2018-07-30,106.07073,106.306129,104.470013,104.752495,477368
2018-07-31,104.422936,107.624362,104.422936,107.153564,655515
2018-08-01,107.812692,109.507567,98.20842,98.20842,1668229
2018-08-02,96.748942,102.82223,94.630352,102.163116,1912039
2018-08-03,101.833555,106.682773,100.65656,101.503998,1299450
2018-08-06,102.163099,102.398498,100.091592,101.033188,419944
2018-08-07,101.645225,102.728062,100.891953,101.456909,438068
2018-08-08,102.398515,103.387194,101.833559,102.163116,459215
2018-08-09,102.398517,103.29303,100.986123,101.739403,433152
2018-08-10,100.891958,101.268597,98.585045,99.385406,493027
2018-08-13,98.679205,100.421155,98.679205,99.903275,388576
2018-08-14,100.939042,101.033207,99.80913,100.138687,346341
2018-08-16,99.573721,101.127355,99.055841,99.620804,510838
2018-08-17,98.867533,99.809129,98.396735,99.008774,379278
2018-08-20,99.338341,100.750734,98.82046,100.515335,316221
2018-08-21,100.939039,102.96347,100.70364,102.775154,524702
2018-08-22,102.492669,104.328784,101.551073,101.692314,685486
2018-08-23,102.163115,102.680996,101.22152,101.409836,363916
2018-08-24,101.45692,103.763826,101.45692,103.340111,395076
2018-08-27,104.09339,104.281706,101.833559,103.340111,316060
2018-08-28,104.0463,104.281699,102.492666,103.716743,406090
2018-08-29,105.74118,108.518884,105.2233,108.095169,858602
2018-08-30,108.377638,110.119588,106.494447,107.247726,762205
2018-08-31,107.247732,108.048087,105.647015,106.117813,526374
2018-09-03,106.117813,106.588611,104.658344,105.929497,294751
2018-09-04,106.30612,107.294791,104.375847,105.364525,481637
2018-09-05,104.375857,104.611256,102.068951,102.351425,735070
2018-09-06,101.97479,103.71674,101.692308,102.633904,658283
2018-09-07,102.351427,103.952144,102.116028,103.481346,433168
2018-09-10,103.434266,103.575507,102.445595,102.822227,482366
2018-09-11,103.575502,104.328781,101.362754,104.328781,565243
2018-09-12,105.83534,107.577291,105.129144,107.05941,846531
2018-09-13,107.953931,108.848444,107.29481,107.624374,751290
2018-09-14,107.624365,108.42472,106.588604,107.859764,462393
2018-09-17,106.306135,107.577287,105.741179,106.35321,446671
2018-09-18,107.812676,110.543304,102.445585,110.543304,1872448
2018-09-19,111.531979,112.708973,108.989674,109.083832,883620
2018-09-20,109.319232,110.590384,108.18932,109.837112,613089
2018-09-21,110.825797,110.967038,109.27217,110.072525,581854
2018-09-24,109.978351,111.202421,109.31923,111.06118,464809
2018-09-25,111.48491,112.238182,111.061188,112.049866,623750
2018-09-26,111.579066,113.462257,110.967028,113.273941,686248
2018-09-27,113.415181,115.015897,112.332352,113.509346,625719
2018-09-28,113.509325,114.30968,110.825773,111.67321,741623
2018-10-01,111.249494,113.980122,111.108254,112.285248,509097
2018-10-02,112.144022,112.850219,111.061186,112.096947,487512
2018-10-03,112.285266,112.850222,111.155355,112.002785,473759
2018-10-04,111.108268,111.720307,109.554634,109.554634,409760
2018-10-05,108.989688,109.178005,106.918181,108.707207,600754
2018-10-08,107.859773,108.001006,105.364543,106.07074,530274
2018-10-09,105.97657,106.729842,103.716739,105.788246,555645
2018-10-10,106.211976,106.49445,97.172653,97.172653,1329495
2018-10-11,93.029647,96.136908,91.089955,95.006996,1639310
2018-10-12,96.089822,97.078493,94.630347,94.677429,670047
2018-10-15,94.206625,94.63034,91.880883,93.34977,937015
2018-10-16,93.933562,99.809116,92.765979,99.526634,1163820
2018-10-17,99.809124,100.656562,95.948584,96.183983,936903
2018-10-18,95.760259,97.831774,94.065392,94.253708,720452
2018-10-19,94.677436,96.748944,93.029644,95.666107,1054213
2018-10-22,96.984345,96.984345,94.008899,94.818672,498549
2018-10-23,94.159559,95.101155,91.937393,92.653008,865177
2018-10-24,94.159559,94.677439,92.596506,93.010811,569619
2018-10-25,92.370515,96.136897,92.163363,95.289459,606800
2018-10-26,94.724496,95.101135,92.841305,95.101135,712481
2018-10-29,96.042737,98.585042,94.583261,95.148224,803676
2018-10-30,95.94857,96.372285,94.20662,95.57193,516848
2018-10-31,96.231062,98.961691,96.136904,97.455139,694847
2018-11-01,97.737616,100.13868,97.031419,99.150009,923538
2018-11-02,100.562403,101.080276,97.831774,98.161331,820772
2018-11-05,98.86753,99.950366,95.571946,97.12558,1075854
2018-11-06,97.172667,97.21975,93.594608,95.054077,818912
2018-11-07,94.347864,96.513536,94.347864,95.289459,482593
2018-11-08,95.807351,96.089833,94.630356,95.006996,426728
2018-11-09,94.771586,94.912826,91.918553,92.201027,905055
2018-11-12,91.560738,91.749062,89.564561,89.771706,743625
2018-11-13,89.639897,92.878988,89.074941,92.276367,787976
2018-11-14,92.144544,94.300799,90.769816,92.276367,819657
2018-11-15,93.217948,93.274441,90.468491,91.391251,453427
2018-11-16,92.841317,93.086134,90.826303,91.052284,405081
2018-11-19,91.33477,91.975055,89.526908,89.696396,313052
2018-11-20,89.451576,89.602235,86.796277,87.078758,794844
2018-11-21,87.756697,88.735957,86.513791,88.434647,611080
2018-11-22,88.528805,88.980774,87.926185,88.26516,261657
2018-11-23,88.133341,89.300918,87.945025,89.093773,324518
2018-11-26,89.752894,91.014636,89.357425,90.167198,613225
2018-11-27,90.562663,90.562663,86.702122,86.815109,836950
2018-11-28,87.210578,88.095673,85.346216,87.737869,876376
2018-11-29,88.509977,90.845137,88.509977,90.449661,685755
2018-11-30,90.393172,90.939299,89.470405,90.901634,579406
2018-12-03,93.425116,93.877077,91.447766,92.653008,772321
2018-12-04,92.031538,93.368609,91.730228,92.163361,383936
2018-12-05,90.939294,91.560744,89.960034,90.430832,405568
2018-12-06,89.451578,89.564572,87.097589,87.681381,554176
2018-12-07,88.980776,90.223682,88.133339,88.133339,417350
2018-12-10,86.758601,87.643703,86.23131,86.268974,493661
2018-12-11,87.267074,89.451576,85.948839,87.982689,545418
2018-12-12,88.227501,88.453489,86.984595,87.681381,564650
2018-12-13,88.302825,89.056104,86.250146,87.003426,464593
2018-12-14,86.306641,86.344299,84.687096,85.063728,589763
2018-12-17,84.649436,85.176727,82.521428,84.08448,522418
2018-12-18,83.161708,85.007234,83.086379,84.140968,401521
2018-12-19,84.423453,87.003422,84.423453,86.928093,732552
2018-12-20,85.609861,86.118323,83.707841,84.272797,596592
2018-12-21,83.50069,84.253969,82.389607,83.029892,835615
2018-12-27,81.730503,82.427282,79.169362,80.56292,751513
2018-12-28,81.146706,82.069473,80.939554,81.711662,354750
2019-01-02,81.448006,81.843475,79.376499,81.466835,424022
2019-01-03,80.449927,82.012972,79.658983,80.600578,558777
2019-01-04,81.109031,84.310457,80.996037,84.178635,689799
2019-01-07,84.743598,86.287814,84.027983,85.986504,465124
2019-01-08,86.250139,89.847033,85.835842,88.641792,720858
2019-01-09,89.752885,93.161463,89.470403,91.052284,841186
2019-01-10,90.14834,91.1276,89.395068,90.732132,371601
2019-01-11,91.372425,91.78673,90.393165,91.10878,445181
2019-01-14,90.393157,91.654891,90.054182,90.732132,356353
2019-01-15,92.276355,92.973134,92.144533,92.540001,539506
2019-01-16,92.916641,93.519262,91.843223,93.462769,501642
2019-01-17,93.4816,94.30079,92.935473,93.707581,458630
2019-01-18,94.30079,94.677429,93.274447,93.688751,550424
2019-01-21,93.877076,94.630356,93.613431,94.630356,187300
2019-01-22,94.300793,95.054065,92.5965,92.671829,520542
2019-01-23,92.408182,92.784822,91.184105,91.184105,516024
2019-01-24,91.240609,93.293288,90.619152,93.255623,484588
2019-01-25,93.594586,94.206625,91.843218,92.257523,540302
2019-01-28,91.76789,92.445839,89.734047,90.11068,639232
2019-01-29,90.11068,91.654896,89.56456,90.48732,443770
2019-01-30,91.052283,92.106873,90.939296,92.106873,469045
2019-01-31,92.577677,103.198874,91.014632,102.257278,2172029
2019-02-01,103.575509,106.541536,102.680996,104.140465,1312310
2019-02-04,104.42294,104.987896,102.916389,103.90506,608302
2019-02-05,104.470022,105.741182,103.857991,105.694099,521521
2019-02-06,105.270391,106.070746,104.705428,105.317467,327223
2019-02-07,104.752493,104.940809,101.97479,102.633904,689521
2019-02-08,102.49268,103.905073,102.021882,102.586838,479293
2019-02-11,102.633914,103.57551,102.210199,103.151794,328711
2019-02-12,103.575498,104.987891,103.387182,104.611252,393713
2019-02-13,105.317454,105.364536,104.187542,104.2817,332252
2019-02-14,104.611256,105.364536,103.293021,103.90506,443608
2019-02-15,103.481356,105.647021,102.586836,104.799591,621466
2019-02-18,104.5171,105.788252,103.716745,104.846657,390236
2019-02-19,104.658338,105.458693,103.716743,104.705414,323353
2019-02-20,104.987891,105.788246,104.328777,104.422935,468113
2019-02-21,104.752508,105.270389,103.905071,104.799591,409238
2019-02-22,104.281695,105.129132,104.281695,104.611252,374690
2019-02-25,105.176215,105.694096,104.7525,105.599937,422157
2019-02-26,105.552855,107.294805,105.317456,106.965248,522270
2019-02-27,106.824012,107.200652,105.599942,106.07074,336587
2019-02-28,105.599924,106.588595,105.505766,106.541519,438369
2019-03-01,106.871088,108.660121,106.77693,108.000999,556021
2019-03-04,109.083838,110.307915,108.565965,109.13092,676912
2019-03-05,109.225076,109.319234,107.718525,108.989677,395975
2019-03-06,109.036761,109.884191,107.859766,108.189323,454089
2019-03-07,108.189323,108.707196,106.588606,108.000999,619100
2019-03-08,107.106482,107.765596,105.97657,107.341881,411760
2019-03-11,107.718519,109.036754,106.96524,108.942589,342197
2019-03-12,109.554639,109.648797,108.283486,108.660126,335432
2019-03-13,108.283485,109.319239,108.048086,108.095169,309709
2019-03-14,107.953924,109.225076,107.906841,108.989677,447647
2019-03-15,109.460474,109.978355,108.989677,109.790031,588082
2019-03-18,109.790033,109.790033,108.613039,109.554634,303965
2019-03-19,109.648789,110.072511,109.225074,109.837112,406108
2019-03-20,109.507558,110.402071,108.801361,108.801361,473626
2019-03-21,109.083838,109.695876,108.330566,109.319237,292610
2019-03-22,109.978367,109.978367,107.577296,107.718536,431218
2019-03-25,106.918172,109.13092,106.682774,109.13092,319528
2019-03-26,109.225085,111.249517,108.189331,110.91996,541120
2019-03-27,111.249519,112.708988,110.684564,111.437836,549438
2019-03-28,111.108276,112.238188,111.061194,111.108276,322415
2019-03-29,111.955712,112.520668,111.202433,112.520668,316865
2019-04-01,112.991464,114.780497,112.944381,113.744743,601872
2019-04-02,113.462264,114.215543,112.520669,114.074303,410399
2019-04-03,114.639244,115.674997,114.215529,114.450928,612044
2019-04-04,114.262617,115.062972,114.027219,114.498016,401531
2019-04-05,114.874649,116.145801,114.498009,114.686333,439762
2019-04-08,114.403845,115.157124,114.121364,114.450928,298290
2019-04-09,114.63926,115.345457,113.368108,113.838905,350965
2019-04-10,114.309702,114.874658,113.556422,114.262619,403979
2019-04-11,114.874648,114.921731,113.697654,114.309692,393165
2019-04-12,113.933054,116.475359,113.933054,115.439606,538190
2019-04-15,115.439613,115.76917,113.226865,113.885979,454497
2019-04-16,114.450934,114.874649,113.368098,114.686333,402547
2019-04-17,114.921742,114.921742,113.650582,113.838905,482240
2019-04-18,113.933059,116.19289,113.226862,115.910408,726850
2019-04-23,116.556102,117.315737,115.938899,117.268257,349221
2019-04-24,116.318715,117.030871,115.938897,116.223763,440494
2019-04-25,116.033837,116.318702,114.941871,115.559067,267638
2019-04-26,115.036831,115.511601,114.419628,114.799446,288011
2019-04-29,114.562061,115.559074,114.039811,114.799446,234131
2019-04-30,114.419628,115.701506,114.372148,114.657013,280945
2019-05-02,115.701498,115.701498,113.849897,114.514572,227907
2019-05-03,114.324682,114.7045,113.375141,113.754959,417117
2019-05-06,110.811382,112.615511,107.345565,112.425606,525999
2019-05-07,112.615493,118.787506,112.378108,116.793472,1208408
2019-05-08,117.458155,120.211824,114.989351,119.879486,792295
2019-05-09,119.689581,120.923979,117.74302,118.645081,800276
2019-05-10,119.357225,120.923968,117.695529,118.407684,437953
2019-05-13,118.597603,118.692556,115.843935,116.271225,545559
2019-05-14,116.840955,120.116867,116.745996,120.116867,587961
2019-05-15,120.544163,121.826049,117.363204,121.541183,736433
2019-05-16,122.063435,122.443245,120.259306,122.443245,645699
2019-05-17,122.253336,122.443241,120.734073,122.063431,494658
2019-05-20,121.588666,122.395767,119.547152,120.259308,421025
2019-05-21,121.018927,121.968468,120.544157,121.968468,381714
2019-05-22,121.541176,122.680622,120.829021,121.683601,317487
2019-05-23,120.591644,121.683609,119.452198,120.449211,496085
2019-05-24,121.351278,121.778569,120.354258,121.541183,430067
2019-05-27,121.588655,124.057452,120.734067,121.398743,449091
2019-05-28,121.541195,122.775601,120.401749,122.538216,579017
2019-05-29,121.968476,122.490727,120.496693,120.876511,448700
2019-05-30,121.541183,122.110914,120.734075,121.541183,378119
2019-05-31,120.496686,121.161362,118.31274,121.161362,584786
2019-06-03,120.923973,121.351271,119.45219,120.923973,471735
2019-06-04,120.306774,121.303794,119.167328,121.161362,593767
2019-06-05,120.923974,122.585677,120.211818,122.300812,472109
2019-06-06,122.063435,124.579712,121.446233,124.579712,726580
2019-06-07,125.054466,127.095987,124.437271,126.146446,584233
2019-06-10,126.668688,127.713188,126.146452,127.713188,312674
2019-06-11,128.852633,130.989099,128.852633,129.422363,543241
2019-06-12,129.184995,130.514346,128.94761,129.84967,476415
2019-06-13,129.849665,130.371915,129.374894,129.65976,356329
2019-06-14,129.659762,129.707242,128.757702,129.137512,277757
2019-06-17,129.80216,130.514316,129.137485,129.992065,392933
2019-06-18,130.941638,134.26503,130.039577,134.26503,597056
2019-06-19,134.26503,134.644854,132.081098,132.745773,559997
2019-06-20,133.552861,137.540942,133.552861,135.784286,722901
2019-06-21,135.641857,136.354012,134.977167,136.021667,961740
2019-06-24,135.356992,136.686343,135.167087,135.879242,351353
2019-06-25,135.499406,136.069136,134.027615,134.40744,327289
2019-06-26,133.885219,134.502415,132.555868,132.745773,383191
2019-06-27,132.888197,134.170083,132.033617,133.695312,342669
2019-06-28,134.454945,135.594391,133.64783,135.594391,331008
2019-07-01,137.208586,138.300552,135.974181,136.781296,373523
2019-07-02,137.588409,138.965254,137.066173,138.680389,546698
2019-07-03,138.870274,142.47853,138.727849,141.1017,602664
2019-07-04,141.718929,141.766409,139.534983,140.721909,344739
2019-07-05,140.48452,140.62696,139.440034,139.867325,265020
2019-07-08,139.629938,141.149195,139.487499,140.816864,312856
2019-07-09,140.579464,141.291619,139.487484,139.724869,386602
2019-07-10,140.294609,141.434054,139.629933,140.911804,327164
2019-07-11,141.339097,141.576482,140.247117,140.389557,450043
2019-07-12,139.867292,141.386548,139.772332,140.531967,308329
2019-07-15,141.006768,142.336119,140.342092,141.766403,358905
2019-07-16,142.288651,144.852407,141.671441,143.665482,520967
2019-07-17,143.902858,144.899878,142.668453,142.763412,372551
2019-07-18,142.383579,143.80789,141.671424,142.003769,479962
2019-07-19,143.000816,143.000816,140.911815,141.1492,404231
2019-07-22,140.864343,142.288653,140.864343,141.766403,311869
2019-07-23,141.718934,143.807921,141.718934,143.38063,424185
2019-07-24,142.668461,143.760427,141.956306,142.431076,520457
2019-07-25,143.523043,144.282678,139.819841,141.481537,612677
2019-07-26,142.05125,142.146195,140.91179,141.05423,315924
2019-07-29,141.054252,141.434062,140.152191,140.152191,314260
2019-07-30,140.009743,140.389568,136.781311,136.923737,775084
2019-07-31,136.543926,138.917778,136.021676,138.300568,556149
2019-08-01,137.778316,141.861328,137.683356,141.861328,509721
2019-08-02,138.965242,142.431058,132.033594,135.689316,1582054
2019-08-05,133.220532,135.974194,132.935667,133.742783,661324
2019-08-06,133.410432,134.170067,131.084061,131.084061,684732
2019-08-07,132.365925,134.787256,131.036574,133.22052,564698
2019-08-08,134.359971,135.879242,133.220526,135.879242,471835
2019-08-09,134.834745,136.211576,132.793239,133.030624,582670
2019-08-12,135.024657,135.499427,132.793245,134.739792,388296
2019-08-13,133.742798,137.303575,133.220548,136.354034,472391
2019-08-14,138.253123,138.348069,132.650825,133.125595,701752
2019-08-16,134.075105,134.35997,132.081079,132.983139,493101
2019-08-19,133.50541,134.787281,133.362971,134.549896,327776
2019-08-20,133.932703,134.787284,132.365953,132.508392,387600
2019-08-21,132.793251,135.214567,132.698291,134.644852,401209
2019-08-22,133.742794,134.454949,132.271003,132.745773,490611
2019-08-23,133.457916,133.980166,130.989105,130.989105,405422
2019-08-26,131.036591,133.837732,129.70724,133.647827,430233
2019-08-27,133.078112,137.63591,132.698302,137.63591,818919
2019-08-28,137.683366,138.632907,134.02763,135.49942,706977
2019-08-29,135.499424,136.876255,134.644844,136.496445,325702
2019-08-30,135.784277,137.066162,135.546892,135.974182,349569
2019-09-02,137.635886,138.158136,136.49644,136.5914,224280
2019-09-03,136.923724,138.110649,135.831758,137.493454,308680
2019-09-04,138.632887,139.582427,138.158117,138.205597,493275
2019-09-05,139.107698,140.057238,138.917793,139.392563,433688
2019-09-06,140.247109,141.291609,140.009724,141.006744,345626
2019-09-09,141.623952,142.003777,138.91777,138.91777,435509
2019-09-10,138.917778,139.012723,129.707238,130.609299,1544038
2019-09-11,131.036589,132.793245,129.944623,131.843704,736120
2019-09-12,131.36894,133.315486,128.995089,132.176041,831406
2019-09-13,132.793245,133.03063,131.226494,131.843704,355863
2019-09-16,130.087042,131.179008,127.760671,130.276947,581324
2019-09-17,130.039569,132.270995,129.374893,131.843704,539098
2019-09-18,131.511362,133.173058,131.131552,132.555862,353314
2019-09-19,132.840723,133.362973,132.271007,132.508392,448569
2019-09-20,132.983149,132.983149,131.273973,131.701263,492834
2019-09-23,132.128558,132.793248,130.087052,131.463882,394560
2019-09-24,131.036597,131.748753,130.134537,130.134537,364020
2019-09-25,130.182019,130.46687,127.333398,129.469864,502544
2019-09-26,129.564801,132.223518,129.564801,131.321457,347382
2019-09-27,132.365935,133.22053,131.321449,133.17305,378669
2019-09-30,132.508359,134.502386,132.270974,134.40744,513140
2019-10-01,134.73979,135.689331,131.701263,131.701263,498256
2019-10-02,132.223519,132.365944,126.526276,126.526276,826262
2019-10-03,127.23842,128.472825,125.624204,127.523285,598049
2019-10-04,128.662754,129.94464,128.187984,129.8022,421711
2019-10-07,129.090029,130.276955,128.282929,129.65976,280764
2019-10-08,129.992081,130.13452,127.760669,127.998055,303936
2019-10-09,128.187976,129.469861,127.333395,128.900131,230038
2019-10-10,129.327414,129.517319,127.096002,129.517319,322872
2019-10-11,130.371917,132.840714,128.995086,132.840714,477926
2019-10-14,132.413415,133.60034,131.558834,133.17305,311286
2019-10-15,133.695273,135.119583,132.983118,135.119583,422263
2019-10-16,135.072144,138.205631,134.692333,137.825806,551591
2019-10-17,137.683366,138.632907,135.49942,135.49942,546614
2019-10-18,135.594375,135.641855,132.555849,132.983139,495546
2019-10-21,133.125589,133.790265,132.176049,132.935684,342648
2019-10-22,132.603331,134.644852,132.271,133.410446,294523
2019-10-23,132.271014,132.36596,129.564818,130.371933,505767
2019-10-24,130.751727,132.745768,129.897146,132.698288,328151
2019-10-25,132.365935,133.505395,132.223509,133.17305,321315
2019-10-28,133.410437,135.689328,132.983147,134.977173,361602
2019-10-29,134.597347,135.214542,133.695287,134.834732,248598
2019-10-30,134.549884,136.73383,133.980168,135.262039,370867
2019-10-31,135.309518,137.920754,134.502403,136.211578,481527
2019-11-01,136.733827,137.825793,136.211577,137.161118,370615
2019-11-04,138.158153,147.321214,137.968248,146.086823,1789605
2019-11-05,146.086801,146.609037,141.339099,142.19368,852351
2019-11-06,142.43107,142.905841,140.626949,142.241165,404262
2019-11-07,142.620966,143.380601,141.813866,142.573486,428794
2019-11-08,142.288655,142.85837,141.196674,142.05127,300738
2019-11-11,141.481536,142.146211,140.38957,141.196671,313955
2019-11-12,141.481544,142.478565,140.816869,142.09874,366712
2019-11-13,141.766381,142.288631,140.674401,141.434036,388604
2019-11-14,141.38659,142.668475,140.389584,142.146225,302928
2019-11-15,142.573475,143.95032,142.43105,143.42807,354782
2019-11-18,143.190709,143.902864,141.529013,141.718918,327139
2019-11-19,142.573478,143.143208,140.437012,140.437012,315504
2019-11-20,140.721897,142.668458,140.057222,141.718918,287144
2019-11-21,141.24415,142.526036,139.440029,142.431076,389991
2019-11-22,141.861318,143.285629,141.861318,141.908798,254603
2019-11-25,142.431087,145.279709,142.431087,144.045303,255459
2019-11-26,144.330146,146.181747,143.855376,146.181747,505985
2019-11-27,146.229227,148.460653,145.849417,147.273727,432959
2019-11-28,146.988861,147.511111,145.42211,145.61203,206672
2019-11-29,145.61205,146.846441,144.899895,145.659515,225269
2019-12-02,145.422131,147.273747,140.721909,140.721909,507032
2019-12-03,142.28863,145.137251,141.76638,143.475555,460601
2019-12-04,143.617998,145.517078,143.428092,143.902863,276467
2019-12-05,143.71297,145.042321,143.19072,143.19072,275804
2019-12-06,143.2382,143.950355,142.288659,143.19072,275152
2019-12-09,143.855363,143.855363,140.294586,140.437012,347083
2019-12-10,140.816872,142.098743,139.534987,141.576508,361647
2019-12-11,141.576497,142.098732,140.721902,141.481537,219226
2019-12-12,141.62395,142.76341,141.291619,142.19368,321544
2019-12-13,142.763432,143.902878,140.057236,140.057236,435046
2019-12-16,141.006768,141.671444,140.057228,140.674423,285827
2019-12-17,140.721895,142.573496,140.674415,142.241165,389828
2019-12-18,142.193691,143.285657,142.098731,142.431076,275711
2019-12-19,142.810886,143.618001,141.33911,142.288651,332905
2019-12-20,143.38063,143.807921,142.47857,143.38063,804092
2019-12-23,143.38061,144.662495,143.048265,144.42511,209706
2019-12-27,143.807889,144.804909,142.620964,144.330139,282084
2019-12-30,143.760403,144.092748,140.437012,140.437012,324572
2020-01-02,141.054229,142.051249,140.294593,142.003769,254932
2020-01-03,141.956299,142.763414,140.769373,141.956299,307069
2020-01-06,141.386584,141.671449,138.632922,140.721909,264605
2020-01-07,141.149171,142.098711,140.626935,141.291611,285810
2020-01-08,140.152186,143.950348,140.057226,143.950348,502401
2020-01-09,144.140252,146.276718,143.997812,145.042313,538748
2020-01-10,145.659515,149.552637,145.659515,148.128326,719140
2020-01-13,148.03336,149.695056,146.656529,147.795975,491076
2020-01-14,148.650557,149.077847,147.653537,148.365692,340888
2020-01-15,146.988888,148.270759,146.846448,147.368698,476352
2020-01-16,148.12831,148.223269,145.517073,146.466614,389116
2020-01-17,147.985895,150.264787,147.416165,149.172821,527148
2020-01-20,149.552616,149.742522,148.508116,149.315231,216833
2020-01-21,148.603078,148.603078,146.609038,147.273727,383652
2020-01-22,149.267754,150.692065,148.365693,148.650558,470864
2020-01-23,149.077854,149.172814,146.609043,147.463638,473075
2020-01-24,148.12831,149.979911,147.70102,149.07785,358411
2020-01-27,147.178783,148.365709,143.570526,143.570526,703649
2020-01-28,145.279681,148.460648,144.187716,148.460648,590751
2020-01-29,148.413179,150.26478,147.511118,148.698044,492268
2020-01-30,148.175805,148.31823,146.276724,146.609055,491917
2020-01-31,147.985883,147.985883,144.709957,144.804916,687131
2020-02-03,145.944364,146.609039,142.336107,146.466614,545511
2020-02-04,147.17876,149.220266,142.003768,143.095734,1264330
2020-02-05,143.523039,146.656526,141.861343,145.56456,785965
2020-02-06,145.706995,146.276725,143.000813,145.659515,517376
2020-02-07,145.659504,146.229234,144.520059,145.422119,431913
2020-02-10,145.089784,146.60904,144.709959,145.517075,326371
2020-02-11,146.229233,149.030374,145.754463,148.698044,735197
2020-02-12,149.07786,151.499191,147.985894,151.499191,628575
2020-02-13,150.976922,151.451692,148.840456,150.644577,550042
2020-02-14,151.451702,152.496202,150.881972,151.689087,411902
2020-02-17,152.496205,155.344827,152.25882,155.012482,510846
2020-02-18,154.110417,157.053984,153.730592,156.626694,620633
2020-02-19,156.674167,160.519809,156.436782,158.763153,655592
2020-02-20,157.813626,158.193451,155.867065,155.867065,492801
2020-02-21,155.344813,156.151914,151.166827,151.736557,757510
2020-02-24,145.327177,146.371663,141.434056,143.665482,1316232
2020-02-25,144.567556,144.899901,140.437049,143.38063,824481
2020-02-26,142.858351,143.712946,136.354008,142.573486,1027420
2020-02-27,139.060189,139.962249,134.882217,137.208588,1149365
2020-02-28,133.36294,136.686331,131.938629,134.40744,1352945
2020-03-02,138.063196,138.395541,130.419406,134.027649,1046357
2020-03-03,136.733828,139.01272,135.309518,136.069153,759619
2020-03-04,136.116617,136.306523,132.840691,134.834732,817507
2020-03-05,135.49942,135.92671,131.226488,132.888184,646463
2020-03-06,129.612268,130.609289,126.004012,128.187958,857036
2020-03-09,113.944847,120.781535,111.191179,118.407684,1634543
2020-03-10,118.882463,126.193921,118.36022,119.167328,1407736
2020-03-11,120.591657,124.104954,120.259319,122.633163,1245216
2020-03-12,118.692559,119.309762,110.051743,110.051743,1927170
2020-03-13,115.843938,127.143463,113.185221,116.983383,1631952
2020-03-16,110.14669,119.309757,108.24761,115.843933,1816853
2020-03-17,118.692558,121.066409,115.084301,119.784531,1203059
2020-03-18,117.743015,121.493697,115.796454,121.066406,873210
2020-03-19,122.300812,125.006994,117.173292,123.820068,1186113
2020-03-20,125.434294,127.38084,120.544152,124.389793,1389871
2020-03-23,119.83201,121.968476,115.464125,118.882469,1220418
2020-03-24,121.256323,131.606323,119.832012,131.606323,1173562
2020-03-25,132.128558,135.879255,126.953565,132.840714,939138
2020-03-26,131.273962,134.739779,129.184976,134.075104,714851
2020-03-27,131.98612,136.733822,130.134519,130.656769,831255
2020-03-30,130.656779,132.50838,129.422374,132.128555,537706
2020-03-31,133.600325,134.40744,130.466839,134.40744,644595
2020-04-01,132.745761,134.027632,129.659754,129.7547,539656
2020-04-02,131.6063,131.6063,126.763639,128.520294,778021
2020-04-03,125.956532,127.808147,119.974432,120.021912,913203
2020-04-06,125.054475,125.81411,122.490718,125.81411,477826
2020-04-07,129.612289,133.410452,127.950593,129.469864,757183
2020-04-08,129.137502,134.122589,128.662732,134.122589,381513
2020-04-09,135.499413,137.683358,131.701251,133.505386,542103
2020-04-14,134.549885,136.211581,133.98017,134.3125,423616
2020-04-15,134.502396,135.974187,130.514329,130.656769,485913
2020-04-16,132.318464,136.496436,131.179004,135.736801,536219
2020-04-17,138.205599,142.858341,137.920734,141.1017,782746
2020-04-20,142.039403,142.13509,138.738389,139.312485,369362
2020-04-21,137.925101,141.895899,136.442047,136.442047,542200
2020-04-22,136.729053,139.88655,136.44202,139.025421,404346
2020-04-23,140.46067,140.508514,137.972941,140.221466,275812
2020-04-24,136.920419,140.50848,136.920419,137.829391,285278
2020-04-27,140.699867,141.226119,138.834078,140.652023,308663
2020-04-28,139.790893,141.991559,139.408157,139.599518,520811
2020-04-29,139.599496,141.417456,138.499163,140.030075,389395
2020-04-30,140.508518,140.939082,136.585564,137.207489,676157
2020-05-04,134.049979,139.982238,128.596114,139.216782,1036258
2020-05-05,138.164262,139.83869,134.958936,138.355637,447404
2020-05-06,137.542354,140.55632,137.542354,140.173599,430970
2020-05-07,139.216789,141.226109,137.925081,139.360306,334728
2020-05-08,140.077919,140.843375,139.168947,140.125763,209300
2020-05-11,140.652001,141.752334,139.455981,141.273926,304745
2020-05-12,141.513128,142.326428,139.121087,139.838699,299356
2020-05-13,139.121108,140.412816,137.78157,137.78157,341163
2020-05-14,137.398847,137.781568,133.858615,136.059296,402363
2020-05-15,137.590211,140.221456,136.968271,138.6427,368876
2020-05-18,140.460644,144.574957,139.743032,143.66597,521054
2020-05-19,143.618144,144.144381,139.073266,139.790878,782515
2020-05-20,139.312476,140.843374,138.068612,138.977585,698725
2020-05-21,138.068589,140.173582,137.016085,138.355637,366386
2020-05-22,137.303166,141.082588,136.72907,140.460663,449932
2020-05-25,141.513125,143.044036,140.699839,142.948349,216429
2020-05-26,143.905165,144.287901,141.848016,142.948349,355035
2020-05-27,142.948354,144.957675,140.460641,141.273926,693063
2020-05-28,142.565647,145.244736,141.321783,145.244736,516670
2020-05-29,143.761652,146.775618,143.522448,145.340393,1004870
2020-06-01,147.349752,147.44544,143.713846,145.579636,257608
2020-06-02,146.345054,146.91915,144.670626,145.91449,593302
2020-06-03,147.158367,150.411537,146.584272,150.268021,668509
2020-06-04,148.928489,151.12917,147.014856,148.497925,632188
2020-06-05,149.933117,150.220165,145.770975,147.254028,711658
2020-06-08,145.914504,146.153708,143.570307,145.053375,568846
2020-06-09,145.292574,147.828131,145.149043,146.727798,566410
2020-06-10,148.067344,148.689269,146.727807,147.82814,450750
2020-06-11,144.861989,145.866649,141.369615,142.517792,656012
2020-06-12,140.843378,144.383596,140.125765,142.230759,383392
2020-06-15,139.312487,142.517814,138.164296,141.800201,311312
2020-06-16,144.862001,147.158369,143.139743,145.627457,491103
2020-06-17,144.00087,145.483938,143.283258,144.383591,494969
2020-06-18,145.292562,145.770971,142.900522,144.192215,312476
2020-06-19,145.292594,145.340423,142.852709,145.149063,748116
2020-06-22,144.000872,148.163029,143.570307,145.531784,347381
2020-06-23,145.818805,148.306534,145.292568,147.923813,409887
2020-06-24,146.966998,147.780283,143.091888,143.091888,344973
2020-06-25,143.044037,144.048697,139.455976,143.426758,421854
2020-06-26,145.053374,147.110524,144.000871,144.862,366997
2020-06-29,144.287904,146.584257,143.809496,145.340393,332116
2020-06-30,145.531761,146.297202,143.378924,145.292557,336372
2020-07-01,144.670647,146.249403,143.187579,144.909851,271879
2020-07-02,146.392901,148.306533,145.770976,148.210846,379262
2020-07-03,148.306548,148.641439,146.727806,146.96701,167997
2020-07-06,149.263352,149.837448,148.115176,149.837448,382101
2020-07-07,148.40223,149.789611,148.163026,148.832794,247864
2020-07-08,148.306548,150.172338,147.82814,147.82814,289555
2020-07-09,148.545753,149.837461,147.875984,148.019501,289865
2020-07-10,148.689257,151.033469,148.450053,150.220169,336049
2020-07-13,152.133796,152.420844,150.36368,151.703232,252776
2020-07-14,149.741759,150.315855,146.727793,148.593582,365722
2020-07-15,149.50255,151.272666,149.119829,150.459366,343678
2020-07-16,149.45471,150.650731,148.019486,148.210846,355254
2020-07-17,149.167662,149.837445,146.775621,147.445404,334397
2020-07-20,147.636768,150.220169,146.775624,150.220169,319926
2020-07-21,151.368348,153.90392,150.937784,152.133804,435719
2020-07-22,150.602899,151.703247,150.172334,151.416199,286756
2020-07-23,151.655412,152.899276,151.272691,152.420868,365444
2020-07-24,150.220181,150.507229,146.727807,147.82814,476475
2020-07-27,147.828118,148.641418,147.206193,148.35437,184580
2020-07-28,146.871314,147.732443,144.718477,146.536423,274175
2020-07-29,147.206192,147.923804,146.584252,147.110504,152598
2020-07-30,146.153702,147.301879,144.479274,146.24939,382000
2020-07-31,145.483947,147.20622,144.766335,144.814178,294621
2020-08-03,144.670631,150.41153,143.905175,150.41153,557412
2020-08-04,151.176994,151.607558,147.636776,150.93779,499777
2020-08-05,151.368347,152.038115,150.842095,150.889938,346924
2020-08-06,150.889952,151.368361,148.784959,149.933136,392707
2020-08-07,149.598246,152.085959,149.071994,151.368347,240762
2020-08-10,151.751103,151.990307,148.593606,149.406891,265629
2020-08-11,150.220172,152.373008,149.311199,152.133804,455699
2020-08-12,153.090618,156.439476,152.325162,156.200272,444837
2020-08-13,155.961077,159.118574,155.482669,157.87471,335306
2020-08-14,156.917893,158.113913,155.530512,157.01358,332641
2020-08-17,157.444125,159.788323,156.487309,159.644806,244295
2020-08-18,159.30992,160.458096,157.970383,157.970383,338824
2020-08-19,157.970381,159.21423,156.630829,156.726517,292271
2020-08-20,156.48732,157.539809,155.578348,156.870041,245913
2020-08-21,157.874709,157.874709,154.717212,156.917892,269429
2020-08-24,157.587648,159.644812,157.587648,158.735825,286981
2020-08-25,159.166419,160.5538,158.879372,159.022888,275391
2020-08-26,158.353107,160.362427,157.635494,160.362427,230641
2020-08-27,160.362432,161.0322,158.209595,158.209595,340131
2020-08-28,158.83151,159.02287,156.774361,157.300598,182623
2020-08-31,157.970395,158.353116,155.961075,156.152435,236495
2020-09-01,157.109259,158.161763,154.669375,156.008926,239721
2020-09-02,157.204927,161.032192,157.204927,157.970383,434450
2020-09-03,159.309908,159.83616,153.999575,155.052078,367194
2020-09-04,153.856079,156.870045,151.798915,153.760391,507996
2020-09-07,155.004236,156.295944,154.23878,155.817535,205103
2020-09-08,155.817563,156.248128,151.224841,153.999603,334733
2020-09-09,151.033488,154.286659,150.794284,153.951767,349756
2020-09-10,153.138466,154.286643,151.751085,153.281982,290522
2020-09-11,153.042781,155.291305,153.042781,155.004257,287290
2020-09-14,155.913229,156.152433,153.760392,154.430161,188306
2020-09-15,154.238816,157.109266,153.712564,155.195633,294920
2020-09-16,155.865408,156.965756,153.377694,153.903946,311942
2020-09-17,151.751085,154.095283,151.272677,153.569031,237532
2020-09-18,153.090636,154.334501,152.13382,152.229507,508964
2020-09-21,151.36835,151.99029,147.349724,147.780289,360455
2020-09-22,149.311203,150.315863,147.780291,149.311203,253985
2020-09-23,150.411529,150.889937,148.880631,149.5504,342880
2020-09-24,147.541088,150.794273,147.541088,150.268021,335952
2020-09-25,149.885267,150.028799,146.584254,148.35437,354799
2020-09-28,149.741769,151.033477,149.119844,150.555069,300704
2020-09-29,150.602911,150.889959,148.641449,149.406891,243916
2020-09-30,148.497904,150.698584,148.258699,149.885284,301358
2020-10-01,150.889953,151.607565,149.215524,150.124496,313946
2020-10-02,148.545753,149.885291,147.44542,148.68927,236111
2020-10-05,148.545752,148.689269,146.105867,147.158371,296937
2020-10-06,148.067342,148.067342,145.627457,145.818817,323477
2020-10-07,146.297223,149.980972,145.770986,149.980972,474528
2020-10-08,149.98097,150.411534,147.062677,147.875977,388630
2020-10-09,147.158365,148.210854,145.244732,148.163025,386542
2020-10-12,148.497919,150.31588,147.254055,150.076675,313644
2020-10-13,149.311205,151.464042,148.784953,150.555069,328943
2020-10-14,150.698594,151.559722,150.268029,150.794281,257598
2020-10-15,149.598253,152.229499,148.306545,151.607559,546289
2020-10-16,153.329838,158.066077,152.994947,156.774384,547213
2020-10-19,157.396276,158.927188,155.291284,155.817535,247348
2020-10-20,155.004243,156.535155,154.621522,155.769699,190763
2020-10-21,156.439464,156.439464,152.899246,152.899246,376808
2020-10-22,151.655399,154.334487,150.79427,154.04744,312142
2020-10-23,153.18631,154.765051,150.985629,153.569031,343237
2020-10-26,151.176977,151.511869,149.598236,149.598236,312242
2020-10-27,150.459365,151.89459,149.215501,150.172318,319615
2020-10-28,147.39755,148.210835,145.005509,145.292557,624461
2020-10-29,144.957682,147.397566,144.144382,146.24939,334536
2020-10-30,144.000865,147.110518,144.000865,146.536423,425033
2020-11-02,146.53642,150.41153,145.770979,150.41153,374951
2020-11-03,150.889951,161.223572,150.363699,161.032211,992067
2020-11-04,158.831512,166.868764,157.779009,164.715927,917603
2020-11-05,166.964455,170.121952,164.859462,167.012299,774662
2020-11-06,167.395027,168.160483,165.24219,167.251511,427773
2020-11-09,168.878093,175.049555,168.351841,170.839569,813471
2020-11-10,167.969105,169.59569,162.658772,165.624908,862279
2020-11-11,166.007642,170.93524,165.577077,169.787064,561411
2020-11-12,168.399682,171.030927,167.68207,168.734573,345725
2020-11-13,168.112624,168.87808,166.964447,166.964447,388258
2020-11-16,168.447531,169.787068,166.390367,167.442871,484552
2020-11-17,167.58639,170.648214,167.107982,169.547867,419544
2020-11-18,169.404346,173.375128,169.404346,171.987747,436450
2020-11-19,172.70536,174.188428,171.365822,172.179108,401047
2020-11-20,172.083425,172.51399,170.408997,170.791718,302174
2020-11-23,171.270139,171.700703,168.878098,168.878098,305111
2020-11-24,170.313316,170.648208,168.256167,170.1698,394791
2020-11-25,169.64357,170.743903,169.117318,169.739243,384470
2020-11-26,170.504683,170.935247,169.165146,169.165146,211471
2020-11-27,169.021609,171.174446,168.830249,170.839569,272527
2020-11-30,169.356506,171.365827,169.165146,169.165146,426787
2020-12-01,170.743895,170.887426,169.356514,169.500031,296936
2020-12-02,169.356522,170.217651,168.256189,169.739243,327689
2020-12-03,169.739213,170.791717,169.165132,170.121948,310070
2020-12-04,169.834911,169.834911,165.672754,166.677414,598805
2020-12-07,166.342529,166.773094,163.998318,166.53389,291719
2020-12-08,165.577074,167.347175,165.194338,167.107971,208963
2020-12-09,168.399686,172.322639,168.399686,171.796387,540716
2020-12-10,170.887402,171.652843,168.303986,168.591034,383031
2020-12-11,167.347178,169.117294,166.151158,169.117294,320796
2020-12-14,169.643556,172.274801,169.212992,171.174454,324145
2020-12-15,171.652851,174.379783,171.174442,173.757858,514602
2020-12-16,174.379776,176.6283,173.710008,174.571136,445682
2020-12-17,176.054229,176.054229,174.331957,175.575821,345975
2020-12-18,174.618982,176.819663,174.188418,176.197723,541231
2020-12-21,173.75785,175.623639,172.083422,173.710007,404001
2020-12-22,175.384441,178.207047,174.284094,178.207047,328980
2020-12-23,178.733314,179.355239,178.207062,178.589783,282137
2020-12-28,179.403068,180.312041,178.828972,178.972504,204884
2020-12-29,180.216355,182.512708,179.977151,180.886124,366465
2020-12-30,182.082174,182.369222,180.503418,180.503418,244071
2021-01-04,182.656247,183.038982,178.494104,179.498764,408979
2021-01-05,178.398412,179.116024,175.81501,175.862854,453109
2021-01-06,177.345927,177.345927,172.083437,173.422974,577578
2021-01-07,172.226959,173.183775,170.026278,171.939911,486384
2021-01-08,173.279471,174.284117,170.552538,172.466171,408143
2021-01-11,170.600366,172.992407,169.212985,171.987747,335561
2021-01-12,171.652878,171.98777,169.787089,171.748566,332880
2021-01-13,170.696033,173.614326,170.217625,172.896713,316834
2021-01-14,173.805693,176.054218,172.848877,172.848877,372712
2021-01-15,170.839581,171.844242,167.586397,168.44754,460107
2021-01-18,167.203654,168.925926,164.094001,168.686722,246779
2021-01-19,168.543186,169.165125,165.242172,165.433533,585997
2021-01-20,164.907329,168.016983,164.907329,168.016983,359157
2021-01-21,169.021592,170.3133,167.347164,169.404327,326409
2021-01-22,168.925947,170.02628,166.868783,167.299362,351162
2021-01-25,167.490706,167.873426,164.572413,166.246841,338017
2021-01-26,165.385719,167.203664,163.663447,165.337875,386921
2021-01-27,165.337866,166.246839,161.797649,164.141846,476443
2021-01-28,164.094009,164.381057,161.319248,163.711288,381842
2021-01-29,161.319256,165.62493,160.984365,164.81163,558590
2021-02-01,166.390354,169.834898,165.385708,168.782394,506338
2021-02-02,171.27014,174.044901,162.802308,163.759125,1137115
2021-02-03,166.486041,166.629558,157.63549,157.779007,1173585
2021-02-04,158.161756,163.041511,155.961075,162.036865,775962
2021-02-05,162.323905,163.137204,160.362443,160.840851,546101
2021-02-08,161.606267,165.290015,161.223546,164.572403,499548
2021-02-09,164.955124,165.72058,163.5199,164.859451,383914
2021-02-10,166.007642,166.007642,162.754472,163.998322,329567
2021-02-11,162.706641,164.094022,161.367089,161.51062,318946
2021-02-12,160.888673,162.084693,159.453448,161.462769,237332
2021-02-15,162.754484,162.898,160.553803,161.032211,246060
2021-02-16,161.032217,161.558469,159.644836,159.93187,264255
2021-02-17,158.831528,159.214248,157.061411,158.831528,388960
2021-02-18,158.640173,158.783689,156.535179,156.774384,363652
2021-02-19,156.152428,157.874701,156.056756,156.67868,347402
2021-02-22,155.578361,155.721877,153.616884,155.243469,349695
2021-02-23,156.248105,156.295949,151.464023,154.238785,427694
2021-02-24,154.477997,155.099936,152.851412,154.095276,328030
2021-02-25,154.334493,155.099949,152.468704,152.755737,309953
2021-02-26,153.473345,155.578352,151.942447,154.525848,411576
2021-03-01,156.104585,157.348449,154.430156,157.061401,428257
2021-03-02,156.535146,157.061384,154.717187,155.052078,318582
2021-03-03,155.195608,156.487316,151.846751,153.808228,493640
2021-03-04,151.60755,153.281979,149.550401,150.60289,458682
2021-03-05,149.741773,151.751094,147.732453,148.019501,445474
2021-03-08,148.545731,154.717193,148.210839,154.238785,536279
2021-03-09,153.09061,156.678671,152.660046,155.865372,439159
2021-03-10,155.865402,156.056777,154.573708,155.195633,281856
2021-03-11,155.052096,159.022878,155.052096,157.157089,390912
2021-03-12,159.022884,159.166415,154.669366,155.291306,421800
2021-03-15,155.195605,157.683333,155.195605,156.535156,425986
2021-03-16,157.874695,158.831512,156.774362,157.970383,384682
2021-03-17,157.97038,158.496618,156.248108,156.630829,300920
2021-03-18,157.970388,157.970388,155.291299,156.200272,466126
2021-03-19,155.00426,159.118574,155.00426,157.01358,900264
2021-03-22,157.874704,164.90731,157.252779,164.668106,802216
2021-03-23,166.486052,169.069453,163.806963,165.050827,743334
2021-03-24,164.189702,165.481396,161.319253,162.228226,509729
2021-03-25,162.563103,164.237532,160.936518,162.419586,341894
2021-03-26,164.57242,166.151161,164.237528,165.911957,404624
2021-03-29,166.390349,167.347165,164.285356,165.433533,304854
2021-03-30,166.486055,167.777763,165.337878,167.634232,426221
2021-03-31,169.356516,171.652869,168.878108,170.648224,603700
2021-04-01,171.461493,172.274793,169.308656,170.36116,413703
2021-04-06,172.226939,173.662164,168.208314,168.686722,540401
2021-04-07,169.165128,169.356489,165.720584,167.825577,440836
2021-04-08,168.351844,170.217633,167.203667,167.634232,441120
2021-04-09,167.538573,168.351858,166.486069,166.486069,258561
2021-04-12,167.586389,168.830254,166.72526,168.495377,331615
2021-04-13,169.834906,170.217627,167.777757,168.734573,381577
2021-04-14,169.16515,169.16515,166.007653,166.629578,372690
2021-04-15,166.390368,169.930601,166.342539,168.208328,429420
2021-04-16,168.495377,169.834914,167.825594,169.260818,369273
2021-04-19,169.325238,170.671372,168.26755,168.411774,293679
2021-04-20,168.700238,169.613687,165.431046,166.200272,365468
2021-04-21,167.450266,170.52717,166.632975,170.238708,372263
2021-04-22,170.767538,172.209831,170.286773,171.055984,325030
2021-04-23,169.757947,171.729084,169.757947,171.152161,231211
2021-04-26,171.536746,172.786737,170.911758,172.450211,262428
2021-04-27,173.027114,174.421328,172.49827,173.74826,361672
2021-04-28,174.325182,174.469406,172.78673,172.882889,276822
2021-04-29,174.277111,174.277111,170.382916,171.729065,442578
2021-04-30,171.921359,172.786729,170.142525,171.296356,307803
2021-05-03,171.584828,176.104011,171.440604,175.671326,606233
2021-05-04,175.671339,175.671339,161.584946,161.584946,1547429
2021-05-05,161.873395,164.902205,158.508044,164.0849,992754
2021-05-06,164.325283,164.325283,158.748427,159.469574,658512
2021-05-07,158.940739,159.806109,157.258063,159.133041,544830
2021-05-10,159.661865,159.709945,157.06574,158.892639,424488
2021-05-11,158.411899,158.459978,154.661942,156.248459,708116
2021-05-12,156.921518,158.604194,156.440754,157.402283,289340
2021-05-13,155.911907,157.931124,153.0754,156.488831,370678
2021-05-14,157.690736,157.834959,155.671519,156.969589,308655
2021-05-17,157.690728,159.181101,156.440738,158.892639,280533
2021-05-18,160.094551,161.248383,159.036863,161.248383,402537
2021-05-19,159.181115,159.806103,157.690742,159.6138,440582
2021-05-20,159.950336,163.219528,159.036872,163.219528,448496
2021-05-21,163.844519,167.113726,163.652216,166.488724,646021
2021-05-24,166.056041,167.498334,165.671435,167.354111,211131
2021-05-25,167.306019,168.027165,166.104108,167.498322,334408
2021-05-26,168.027164,168.363705,166.392568,167.450241,284875
2021-05-27,167.306015,168.315623,164.998352,166.536789,546957
2021-05-28,165.190668,167.20987,165.094509,166.440659,321731
2021-05-31,165.767589,167.642582,165.719524,166.296432,128286
2021-06-01,166.344475,168.555994,166.296395,166.72908,284121
2021-06-02,166.488732,168.123343,166.488732,167.642578,228989
2021-06-03,168.123333,171.488684,167.690633,171.055984,439715
2021-06-04,170.671384,172.209836,169.950237,172.065598,300640
2021-06-07,172.113657,173.507871,170.959825,173.363647,381981
2021-06-08,172.690581,174.854021,172.017499,172.642502,321371
2021-06-09,171.440623,173.555984,168.027192,168.075272,535738
2021-06-10,168.267572,169.277181,167.113741,167.209885,349749
2021-06-11,167.642571,167.882953,166.632963,167.30603,229576
2021-06-14,164.421441,165.38297,160.671485,161.777237,783638
2021-06-15,162.498376,163.171443,161.056083,161.392624,494779
2021-06-16,161.392642,161.96955,159.80611,159.998413,422391
2021-06-17,159.421504,163.075317,158.652278,163.075317,613671
2021-06-18,162.93107,163.652216,162.01762,162.594543,858706
2021-06-21,161.681076,164.854124,161.440694,163.988754,321784
2021-06-22,163.267618,163.700303,161.681087,162.20993,282402
2021-06-23,163.027225,163.556069,160.671482,160.863785,318540
2021-06-24,161.536853,163.219528,160.623403,163.219528,396679
2021-06-25,162.979159,164.277229,162.402236,163.892609,240439
2021-06-28,163.363756,165.623355,163.363756,164.998367,258227
2021-06-29,165.382978,167.642577,165.334899,166.825272,328547
2021-06-30,166.344501,168.1714,165.238749,167.30603,481403
2021-07-01,167.690638,168.556023,163.988761,165.094513,317715
2021-07-02,165.238748,167.25795,164.421442,167.25795,184668
2021-07-05,166.825264,167.738714,166.007959,166.440659,116734
2021-07-06,166.344509,167.979105,165.671441,167.690643,237061
2021-07-07,167.834875,169.421392,166.921426,168.123337,295282
2021-07-08,166.632942,167.738694,163.8445,167.017548,412811
2021-07-09,167.882946,170.334833,167.354102,169.22908,345385
2021-07-12,169.373313,170.719462,168.267561,170.47908,190126
2021-07-13,170.190618,171.200226,169.13293,170.431,217057
2021-07-14,170.190614,171.296367,169.421388,171.055984,176141
2021-07-15,171.248283,171.248283,166.200257,167.017548,353997
2021-07-16,168.267549,169.229078,167.546402,169.084854,272416
2021-07-19,168.075262,168.796409,165.190675,166.825272,333445
2021-07-20,166.536805,167.979099,164.998368,165.815659,222610
2021-07-21,165.863734,168.459859,165.863734,167.931015,223280
2021-07-22,168.267561,168.507943,167.354111,168.171402,153569
2021-07-23,169.181015,172.305984,168.844489,172.305984,364848
2021-07-26,171.632908,174.95018,171.584828,172.594437,296452
2021-07-27,171.873293,172.738663,170.911764,171.200226,241295
2021-07-28,171.055998,172.930991,171.007933,172.498291,313494
2021-07-29,172.930974,174.132886,171.921366,173.988647,304874
2021-07-30,173.123272,177.690534,172.786731,176.777084,464221
2021-08-02,177.59437,179.75781,170.671365,173.459793,682931
2021-08-03,173.075189,173.123268,168.748309,168.892532,435416
2021-08-04,170.430989,172.402126,169.757922,171.440598,338272
2021-08-05,171.729065,177.882844,171.296365,177.161697,500953
2021-08-06,177.930925,180.57513,177.305922,180.334747,479152
2021-08-09,179.517448,182.017429,179.228987,181.440506,268045
2021-08-10,181.873191,183.171261,181.440506,181.440506,290372
2021-08-11,181.44051,183.844332,181.44051,183.171265,237862
2021-08-12,183.45973,183.700112,182.402042,183.363571,209383
2021-08-13,183.315488,185.527008,183.027041,184.709717,323268
2021-08-16,183.652006,185.863525,182.930859,183.555847,267674
2021-08-17,182.930875,183.507798,181.296279,182.017426,268023
2021-08-18,180.959733,181.536656,179.51744,180.238586,294347
2021-08-19,178.84438,179.132841,172.930983,175.190567,480962
2021-08-20,174.709789,175.479015,173.267496,174.517487,218042
2021-08-23,176.152093,178.652074,174.998261,176.584778,265434
2021-08-24,177.786698,177.786698,175.142493,176.24826,238340
2021-08-25,176.440551,178.027068,176.007866,177.161697,182465
2021-08-26,176.87324,177.834769,175.62325,175.863632,217300
2021-08-27,175.959795,176.921324,174.709805,176.055954,159257
2021-08-30,175.671323,177.209775,175.382861,177.065536,117651
2021-08-31,177.690531,178.171295,175.382853,176.632843,253934
2021-09-01,177.882854,178.459777,175.671334,177.642471,226305
2021-09-02,177.402084,178.603996,177.209782,178.17131,150531
2021-09-03,178.652071,179.325138,176.392472,177.209778,173192
2021-09-06,178.363604,179.373213,177.402075,179.277054,159848
2021-09-07,179.661682,181.055896,177.738624,178.892456,316727
2021-09-08,177.738615,179.517434,176.680927,179.180908,257932
2021-09-09,178.652081,181.873194,178.652081,180.046295,410915
2021-09-10,180.286669,181.632804,178.603993,178.844376,321050
2021-09-13,179.036678,181.007816,176.777094,177.305923,347603
2021-09-14,178.555903,181.344345,178.075138,180.575119,365697
2021-09-15,180.238582,181.440493,178.315524,179.998199,308485
2021-09-16,180.23859,183.892402,179.998207,180.382828,431611
2021-09-17,180.478972,181.152039,176.632856,177.305923,906083
2021-09-20,175.76748,176.536706,173.988645,174.661713,310546
2021-09-21,174.998261,176.921318,174.084811,176.536713,231525
2021-09-22,176.921305,177.113607,173.892495,176.632843,310511
2021-09-23,177.834766,178.940533,176.825157,177.209778,239537
2021-09-24,176.584784,178.123236,175.815572,177.642471,228203
2021-09-27,178.652074,179.4213,175.719408,177.354004,282784
2021-09-28,177.113615,178.027064,173.892502,173.892502,395024
2021-09-29,174.18094,176.392459,173.459793,173.459793,261323
2021-09-30,174.661715,175.575179,172.209828,173.988647,349604
2021-10-01,172.402139,174.325196,171.344451,172.834824,248519
2021-10-04,172.402144,172.402144,169.806019,170.767548,274425
2021-10-05,170.767559,173.700211,170.238715,173.700211,312107
2021-10-06,173.219433,173.363671,169.229094,172.257904,375827
2021-10-07,173.555957,176.007858,172.88289,176.007858,249506
2021-10-08,176.440555,178.555916,175.62325,177.402084,277396
2021-10-11,176.248254,180.190514,175.575187,179.805908,305154
2021-10-12,178.315529,180.76743,177.882844,180.238586,315055
2021-10-13,179.853998,181.680897,177.979019,177.979019,319627
2021-10-14,179.325142,182.11357,178.555916,182.017426,396197
2021-10-15,183.652014,185.33469,183.219329,184.757767,459690
2021-10-18,183.988569,185.382783,183.123184,183.89241,279095
2021-10-19,183.796246,186.344307,183.315482,185.959686,290918
2021-10-20,185.238545,186.584694,184.277016,184.661636,272533
2021-10-21,184.180859,185.863535,182.978948,185.575073,233584
2021-10-22,185.86354,186.536607,183.940482,184.277008,232654
2021-10-25,184.757769,191.825012,183.988558,191.825012,642788
2021-10-26,192.257697,200.286469,192.113474,192.594238,777643
2021-10-27,191.825018,192.882706,189.90196,191.344254,317469
2021-10-28,191.344262,196.055748,191.248104,195.671143,285078
2021-10-29,192.882697,197.209577,191.536548,197.113419,431733
2021-11-01,198.074962,202.498001,197.594198,202.498001,429077
2021-11-02,200.959535,205.094113,197.209579,204.90181,650092
2021-11-03,206.728717,219.03629,206.728717,213.074814,1178970
2021-11-04,212.305597,215.094025,210.190236,215.094025,548121
2021-11-05,216.247846,222.593943,215.382476,219.997818,682708
2021-11-08,219.517056,221.055493,216.440166,217.786301,382446
2021-11-09,217.305537,218.267066,213.074815,213.170959,458843
2021-11-10,213.267111,214.901707,210.863289,213.555573,412816
2021-11-11,212.017129,215.478639,211.247903,214.805557,246241
2021-11-12,217.017072,219.228592,216.344005,219.228592,290818
2021-11-15,217.401693,219.613198,216.920928,218.459366,232888
2021-11-16,219.420893,220.670883,217.01707,219.901657,367715
2021-11-17,220.093948,228.266944,219.324737,227.016968,515217
2021-11-18,226.920824,227.016983,221.824718,225.478531,459839
2021-11-19,225.28622,230.766931,224.997758,230.47847,498806
2021-11-22,234.997656,238.459166,232.689993,236.82457,582341
2021-11-23,235.574586,235.574586,226.728523,227.882355,506161
2021-11-24,227.882345,230.574629,224.997759,228.170807,377343
2021-11-25,229.420795,232.786146,228.170805,229.613098,230494
2021-11-26,221.151668,227.209304,220.478601,222.497803,595024
2021-11-29,224.132406,227.882363,224.036247,226.728531,400007
2021-11-30,224.613169,226.343909,221.151659,222.786255,1017097
2021-12-01,223.363163,224.805456,221.247802,223.555466,428151
2021-12-02,221.151667,223.747792,219.324767,221.632431,454653
2021-12-03,224.709298,224.997759,219.132427,220.478577,408891
2021-12-06,221.824734,222.113196,217.401709,221.632431,322712
2021-12-07,223.94009,228.363129,222.690114,228.363129,392118
2021-12-08,227.690041,228.363108,224.228531,225.766983,255118
2021-12-09,225.766976,225.959278,222.78623,223.843918,260316
2021-12-10,221.34396,222.497792,219.709364,220.382431,286193
2021-12-13,222.113173,223.651625,219.517048,220.478577,269742
2021-12-14,220.478571,221.151638,215.574768,216.343994,299275
2021-12-15,217.113237,221.151656,217.113237,220.286285,327145
2021-12-16,223.940079,224.613161,217.497838,220.093964,342211
2021-12-17,218.170906,219.709359,214.805555,218.555527,661883
2021-12-20,213.170943,215.286303,211.536346,211.536346,405368
2021-12-21,214.420925,214.420925,210.190204,211.920944,280134
2021-12-22,212.594045,212.882492,208.844074,212.882492,247840
2021-12-23,212.882505,215.190183,211.440212,215.094025,209147
2021-12-27,214.805553,217.882457,214.420947,217.69014,141352
2021-12-28,218.074753,220.190113,217.49783,218.843979,148359
2021-12-29,218.84396,219.324724,215.959373,217.113205,126938
2021-12-30,217.882448,219.420885,217.401683,218.747818,135265
2022-01-03,219.132437,220.57473,217.690143,219.420898,184184
2022-01-04,221.055488,227.113123,218.459363,226.05545,371993
2022-01-05,227.882353,229.516949,226.247756,227.786194,358502
2022-01-06,222.786253,224.80547,220.382431,220.382431,366176
2022-01-07,222.401662,222.882427,215.478657,216.440186,351621
2022-01-10,218.267068,218.843991,211.536365,212.497894,317322
2022-01-11,215.863254,215.959413,211.728677,215.286331,315215
2022-01-12,216.440164,218.170904,214.517106,217.69014,234788
2022-01-13,216.536317,217.209384,212.690201,213.459427,349605
2022-01-14,211.536358,212.017123,204.03643,205.190262,512325
2022-01-17,206.440239,206.440239,203.171047,205.286407,237961
2022-01-18,203.84412,204.324885,200.574928,200.959534,320947
2022-01-19,199.998024,205.671039,198.748033,202.690308,309540
2022-01-20,204.036429,206.247948,203.267203,205.863342,335025
2022-01-21,200.959538,201.632605,197.209581,199.613403,360844
2022-01-24,197.498028,199.805706,189.950035,190.334641,448127
2022-01-25,196.344199,196.344199,191.151949,192.786545,350717
2022-01-26,194.228849,195.671143,191.873106,195.671143,349794
2022-01-27,192.305778,194.517298,190.238497,192.690384,368850
2022-01-28,192.594242,193.555771,188.988509,192.786545,299452
2022-01-31,197.594173,198.074938,193.363452,195.094193,393655
2022-02-01,197.882669,201.151862,197.498049,199.13266,441006
2022-02-02,202.594141,203.747973,192.498087,202.305679,894807
2022-02-03,201.440315,202.786449,194.805771,194.805771,482349
2022-02-04,195.382676,195.959599,190.28657,192.305786,360428
2022-02-07,193.459627,193.65193,188.988523,189.661591,404276
2022-02-08,189.661592,191.055806,185.478935,189.709671,383251
2022-02-09,191.536565,195.863445,191.200039,195.671143,344444
2022-02-10,196.34421,197.401897,188.02699,191.007721,539379
2022-02-11,188.55581,190.046168,187.209661,187.450043,404639
2022-02-14,183.26741,186.488523,180.67127,186.344299,525616
2022-02-15,185.623167,192.401949,185.046244,190.959656,364298
2022-02-16,190.382722,191.200027,187.882741,188.123123,282027
2022-02-17,189.901948,191.921164,188.748116,189.180801,266511
2022-02-18,189.180804,189.757728,186.440441,187.017365,261625
2022-02-21,187.786603,189.565423,182.450115,183.796249,215734
2022-02-22,179.805906,186.440449,179.03668,184.325089,278606
2022-02-23,184.325084,188.988505,182.88279,184.853928,285773
2022-02-24,176.152089,182.402026,175.19056,181.007812,720637
2022-02-25,181.488558,183.123154,178.892433,183.123154,511133
2022-02-28,178.748208,186.440439,178.315523,185.334686,603115
2022-03-01,185.190474,187.450058,182.017426,182.017426,420037
2022-03-02,180.094367,183.459718,177.113621,181.200119,513209
2022-03-03,180.815532,184.661648,178.075168,178.267471,349438
2022-03-04,176.104002,179.613591,173.652115,173.652115,735363
2022-03-07,170.527166,172.546368,163.796463,163.796463,906848
2022-03-08,159.565732,167.450267,158.604203,158.652283,674643
2022-03-09,163.988745,172.786728,161.633002,172.786728,692006
2022-03-10,173.507901,173.55598,165.863748,166.344513,494765
2022-03-11,169.132912,173.652109,165.671417,168.748306,944935
2022-03-14,170.382933,172.690612,168.363731,171.10408,389935
2022-03-15,169.229085,171.248302,165.815655,171.055984,369609
2022-03-16,174.998266,179.902069,174.565581,179.902069,749604
2022-03-17,180.767431,183.652018,177.498239,181.055893,542672
2022-03-18,181.728959,182.594329,176.729012,181.777039,587013
2022-03-21,183.171255,183.940481,180.286668,181.152039,306513
2022-03-22,180.142445,187.642358,180.142445,185.76738,315187
2022-03-23,185.767387,186.440455,181.921271,183.027039,307142
2022-03-24,183.027007,186.680804,182.786625,186.055817,328736
2022-03-25,186.055851,189.132741,183.844332,184.709717,247080
2022-03-28,185.911605,190.28655,184.950077,188.219269,292542
2022-03-29,188.075052,195.094201,187.978893,192.401932,575196
2022-03-30,193.267301,194.22883,190.623097,193.171143,317298
2022-03-31,191.728869,194.805773,190.959657,191.055801,476002
2022-04-01,191.055802,193.075019,189.469285,191.873108,290078
2022-04-04,192.305768,202.978744,190.767316,201.440292,650501
2022-04-05,203.0749,204.709496,198.74802,199.709549,435269
2022-04-06,198.940341,199.421106,192.065415,193.651932,357439
2022-04-07,195.959586,197.690341,191.921167,192.401932,341156
2022-04-08,195.286516,197.017256,192.690376,195.38266,238356
2022-04-11,195.671122,196.632651,191.680783,193.844223,274514
2022-04-12,195.382664,200.382611,194.613438,198.651871,365970
2022-04-13,197.305725,198.267254,192.978845,197.305725,281316
2022-04-14,197.305725,199.90185,195.863432,198.844177,381595
2022-04-19,197.45234,199.000992,194.645425,199.000992,251517
2022-04-20,199.194574,201.227162,198.033092,198.517044,258909
2022-04-21,198.129872,200.840005,196.290861,197.64592,284227
2022-04-22,194.064667,195.226149,190.580208,190.725403,472100
2022-04-25,186.757007,190.53184,185.934298,189.32196,266616
2022-04-26,193.048387,193.435558,186.32146,186.369858,303424
2022-04-27,188.30565,192.080468,184.676012,191.402939,376206
2022-04-28,193.09678,195.613335,192.225673,194.935791,380891
2022-04-29,197.065184,199.484943,195.032581,196.484436,331657
2022-05-02,194.258248,195.710104,184.579212,192.177261,366459
2022-05-03,194.54863,197.645919,193.774305,197.355545,259462
2022-05-04,197.065196,199.291363,186.369858,186.369858,611047
2022-05-05,191.790105,192.419252,185.256756,185.740707,357086
2022-05-06,184.966379,185.305136,178.384631,182.062668,531385
2022-05-09,180.126842,181.820673,174.996951,176.158432,417725
2022-05-10,177.61032,179.255754,173.109574,173.690308,329375
2022-05-11,175.626102,178.191055,172.044862,178.191055,367276
2022-05-12,174.222651,177.319939,170.931784,176.352036,432934
2022-05-13,176.73918,180.901154,174.706577,180.901154,366933
2022-05-16,179.642897,180.126849,174.029054,174.609787,246378
2022-05-17,175.142157,177.319941,173.545122,176.932785,227197
2022-05-18,176.739208,177.126364,170.593014,171.36734,233028
2022-05-19,169.383137,171.899693,165.366343,171.415741,327275
2022-05-20,171.899692,179.013775,170.447837,173.641907,416993
2022-05-23,175.142152,175.626104,169.189551,172.093262,311330
2022-05-24,169.963884,173.641906,169.963884,170.834991,333018
2022-05-25,172.286853,173.448335,169.721915,172.625626,251905
2022-05-26,172.867585,177.900681,172.432016,177.900681,240509
2022-05-27,178.191051,181.82069,177.17475,181.191544,279680
2022-05-30,182.449824,184.337233,181.094765,183.466125,158444
2022-05-31,180.804401,181.965883,174.900183,175.577713,654552
2022-06-01,176.400421,176.448819,170.254228,171.948059,475109
2022-06-02,172.577213,176.110055,171.802887,175.432526,208985
2022-06-03,177.465124,177.658702,171.46411,171.99646,259420
2022-06-06,172.964362,175.28734,171.851279,174.75499,172847
2022-06-07,172.964375,174.077473,170.205859,171.36734,260645
2022-06-08,173.254739,175.674498,171.706088,175.09375,310541
2022-06-09,172.190051,175.480932,170.738195,170.834991,294398
2022-06-10,171.222118,171.754467,166.285819,168.076431,365068
2022-06-13,163.769296,166.382633,159.41373,160.865585,422367
2022-06-14,160.671987,161.252735,156.219625,157.429504,404807
2022-06-15,159.655679,163.430512,159.316922,162.607788,390636
2022-06-16,161.881873,166.672993,157.477909,161.44632,628450
2022-06-17,160.913966,165.31793,160.52681,161.930267,904162
2022-06-20,162.027054,167.011766,161.736694,166.479416,316099
2022-06-21,167.108551,170.012262,166.431021,169.334732,341994
2022-06-22,167.640896,169.915476,164.833982,168.415222,294757
2022-06-23,168.85078,171.222141,165.12436,170.44783,321495
2022-06-24,170.593002,175.045364,168.124845,173.932266,350871
2022-06-27,175.287341,176.448822,170.544605,171.99646,296706
2022-06-28,172.286849,174.609812,171.415742,173.109573,220096
2022-06-29,170.205832,170.205832,166.866553,169.770264,317315
2022-06-30,169.770284,169.770284,165.995466,169.576706,354472
2022-07-01,168.173241,173.109555,167.786086,171.948059,252250
2022-07-04,174.464626,176.352035,173.351542,176.061661,245061
2022-07-05,176.64241,178.529819,173.690301,176.352036,340186
2022-07-06,178.578213,180.368841,176.594008,178.239441,320621
2022-07-07,180.368838,184.095258,180.030066,182.933777,373554
2022-07-08,182.643416,184.966394,180.514031,184.579224,332496
2022-07-11,182.111052,185.982666,182.111052,184.869583,280075
2022-07-12,183.078966,185.401943,179.304147,183.659714,317744
2022-07-13,183.756504,184.14366,178.191059,183.272552,269963
2022-07-14,181.578719,184.772789,179.981669,182.401428,289094
2022-07-15,182.401413,186.853775,182.014257,186.853775,357114
2022-07-18,186.321445,190.628613,186.176265,189.176758,343871
2022-07-19,186.515007,190.531816,184.385623,189.999466,299587
2022-07-20,188.837999,189.61231,184.482432,187.192551,318783
2022-07-21,185.063154,191.596503,184.675998,190.870575,385651
2022-07-22,189.999481,193.290347,189.031577,191.112564,235146
2022-07-25,189.902696,192.951602,188.741215,191.886902,256002
2022-07-26,190.822187,191.983683,187.821694,188.257248,185260
2022-07-27,188.354046,191.209359,187.095768,190.241455,206869
2022-07-28,190.386643,197.64592,189.612317,197.64592,451783
2022-07-29,196.968374,200.549614,196.871578,199.581711,372077
2022-08-01,199.872076,203.066161,199.000969,200.259232,314719
2022-08-02,198.420231,203.356545,193.677509,202.388641,427990
2022-08-03,201.323938,205.38913,196.774794,205.38913,392380
2022-08-04,205.679515,208.8736,203.453334,203.646912,347325
2022-08-05,204.421223,206.260248,200.839983,201.420731,246844
2022-08-08,202.195042,204.421223,201.227138,203.937271,242019
2022-08-09,203.259738,204.130846,198.904173,200.259232,149985
2022-08-10,199.388143,204.034083,198.129865,201.711105,196464
2022-08-11,202.195049,202.872593,200.646412,202.679001,186480
2022-08-12,202.775791,203.743695,201.22714,202.29184,192777
2022-08-16,204.421223,204.421223,199.19455,201.420731,311461
2022-08-17,202.485427,203.743705,199.388139,199.678513,220923
2022-08-18,200.452849,202.388656,199.968897,202.098282,141814
2022-08-19,201.711109,202.679013,198.129869,198.710617,231335
2022-08-22,197.936291,198.710617,195.613329,196.484436,230009
2022-08-23,195.516512,197.936271,195.419716,196.677994,227449
2022-08-24,195.226153,199.194564,194.742202,198.90419,204841
2022-08-25,199.19455,200.065657,197.258742,199.19455,159668
2022-08-26,200.743192,200.743192,193.145158,193.435532,276929
2022-08-29,190.677008,193.435539,190.241454,192.177261,160673
2022-08-30,192.903207,194.451844,188.402446,189.709122,259829
2022-08-31,189.999469,190.483421,185.837481,186.998962,358615
2022-09-01,185.934298,188.354057,184.917996,185.692322,254622
2022-09-02,187.724905,191.548121,187.192555,190.338242,312680
2022-09-05,184.966391,186.902198,183.030584,184.530823,350655
2022-09-06,183.950074,186.611809,183.417724,185.643906,297412
2022-09-07,185.837486,188.837992,184.240451,187.918472,230737
2022-09-08,188.886369,189.273539,183.756492,188.06366,213629
2022-09-09,188.015282,191.983693,187.724908,189.27356,286961
2022-09-12,188.934778,193.580718,188.789598,193.290344,310734
2022-09-13,193.774306,195.806909,188.692811,189.27356,387987
2022-09-14,191.354534,195.129367,190.677004,194.064667,474060
2022-09-15,194.064669,194.935777,192.32244,192.999969,280297
2022-09-16,189.418731,191.402936,188.305648,190.241455,769417
2022-09-19,189.321962,191.112575,187.628131,190.193069,148880
2022-09-20,191.644909,192.854788,185.837487,187.386139,325669
2022-09-21,188.305647,189.95108,186.998971,189.95108,252567
2022-09-22,188.208844,189.951074,185.014759,185.643906,285360
2022-09-23,185.353535,185.547113,182.401427,184.04686,373698
2022-09-26,185.353537,190.435031,185.256741,188.257248,421015
2022-09-27,189.612309,193.387142,189.32195,190.241455,407741
2022-09-28,189.418736,190.24146,185.837495,188.934784,397849
2022-09-29,188.305639,188.547615,182.111048,183.950073,440930
2022-09-30,184.19206,186.127867,182.885384,185.547119,347445
2022-10-03,183.90169,184.385641,179.255749,183.659714,400676
2022-10-04,185.305133,190.096252,184.530807,190.096252,342812
2022-10-05,187.289336,188.450818,184.385626,186.998962,369712
2022-10-06,189.709098,190.725399,186.369833,188.160446,345809
2022-10-07,187.531323,187.918478,183.46613,183.562912,246521
2022-10-10,182.014266,185.256734,181.530314,181.723892,234724
2022-10-11,181.191542,184.579205,179.594507,183.950073,272373
2022-10-12,183.853295,185.401947,181.820706,182.885391,257763
2022-10-13,182.546621,183.901681,177.126356,180.707596,326076
2022-10-14,183.078943,184.627594,179.739679,181.28833,303683
2022-10-17,180.030071,186.321444,179.062167,185.256744,247516
2022-10-18,187.579696,189.757479,186.80537,187.289322,204808
2022-10-19,187.676512,188.644416,185.35355,185.692322,173793
2022-10-20,185.498707,186.902179,185.014755,186.127853,299673
2022-10-21,185.498718,185.740694,181.627104,184.095261,272730
2022-10-24,184.240446,188.934769,183.127348,187.821686,455908
2022-10-25,188.257245,192.999966,186.708593,192.661209,268268
2022-10-26,190.531827,191.79009,188.644403,191.596512,231720
2022-10-27,192.080472,193.048376,189.951087,190.918991,285993
2022-10-28,189.709107,192.516022,189.273554,192.516022,202220
2022-10-31,192.467625,193.677504,188.88637,193.096756,274200
2022-11-01,193.871091,196.387632,191.79009,192.70961,217061
2022-11-02,192.564416,196.968381,186.031067,189.660706,449853
2022-11-03,188.450832,190.38664,186.466627,190.338242,380976
2022-11-04,192.903202,198.129876,190.967395,194.935791,529602
2022-11-07,194.258245,195.613318,191.306136,194.064667,263272
2022-11-08,192.661227,198.226673,191.9353,197.742722,239809
2022-11-09,196.000484,198.033088,194.451833,196.484436,244935
2022-11-10,194.548621,204.130861,194.548621,202.485428,451727
2022-11-11,205.195547,206.453824,201.711088,203.066162,289031
2022-11-14,203.259761,203.743713,200.743206,201.227158,231330
2022-11-15,200.936784,202.485421,199.872084,201.517517,276887
2022-11-16,201.904687,201.904687,197.549121,199.291336,291354
2022-11-17,200.065662,201.130362,197.549121,199.291336,230971
2022-11-18,199.775288,201.517517,197.355529,201.517517,273671
2022-11-21,200.549632,203.840514,200.549632,203.259766,226624
2022-11-22,200.549623,204.324456,198.517034,203.646912,234882
2022-11-23,202.388654,204.034087,201.03358,203.743713,194892
2022-11-24,203.259762,204.808413,202.09828,203.743713,137386
2022-11-25,204.711621,205.292369,202.969392,203.259766,161891
2022-11-28,203.259751,204.61481,201.807896,203.550125,198982
2022-11-29,203.066169,203.259747,199.775288,201.807892,239943
2022-11-30,201.323952,205.582722,200.743204,205.09877,569628
2022-12-01,206.647416,209.260752,206.550619,209.163971,342695
2022-12-02,208.680026,210.131881,205.389145,207.615326,274206
2022-12-05,207.615308,208.970367,206.744201,208.680008,277969
2022-12-06,206.647418,208.002478,203.259756,203.356552,350162
2022-12-07,203.259745,204.7116,202.678997,203.162949,235661
2022-12-08,204.034074,204.42123,201.130364,202.388641,268653
2022-12-09,202.388642,203.453327,200.743194,202.679001,259940
2022-12-12,201.807901,204.808408,201.807901,203.646912,215365
2022-12-13,204.130862,209.260754,203.453333,205.292358,392629
2022-12-14,204.227668,206.260272,203.840513,205.195572,313172
2022-12-15,203.840502,206.453838,200.356043,202.485428,375542
2022-12-16,202.00147,202.291844,199.872086,199.872086,466678
2022-12-19,199.775296,201.517525,197.742707,198.323441,207001
2022-12-20,196.000491,196.678021,194.16148,194.935791,275479
2022-12-21,195.710104,196.968382,194.548623,196.097275,258106
2022-12-22,195.516521,196.968377,193.096762,193.774292,217557
2022-12-23,192.951595,193.677523,191.354545,192.322449,155320
2022-12-27,193.145161,193.871089,191.499728,192.661209,132396
2022-12-28,192.806394,193.58072,191.644912,192.757996,185028
2022-12-29,192.12887,196.484436,191.209364,196.484436,181291
2022-12-30,194.548618,195.806895,193.67751,193.774292,152782
2023-01-02,193.774292,196.097269,193.774292,196.000473,103437
2023-01-03,196.387636,200.549625,196.194059,197.258759,273295
2023-01-04,198.033069,200.646406,197.452321,199.484924,299920
2023-01-05,199.484929,200.743191,198.613807,199.291336,219985
2023-01-06,199.291342,202.485427,197.839487,202.195053,213367
2023-01-09,204.034074,209.647917,203.840496,209.067169,401865
2023-01-10,206.744196,208.873581,206.550604,206.6474,221108
2023-01-11,208.29286,210.422245,207.324957,209.938293,323336
2023-01-12,209.260753,211.87409,208.486428,209.744705,305581
2023-01-13,210.519033,211.390141,209.454333,210.615829,221065
2023-01-16,209.841503,210.809407,208.680022,210.325455,131109
2023-01-17,209.163957,214.874582,209.163957,214.197052,307700
2023-01-18,213.906691,216.32645,212.74521,215.552124,324318
2023-01-19,215.455351,215.74571,212.358047,212.358047,267878
2023-01-20,213.51953,215.648915,213.035579,215.455338,273532
2023-01-23,215.842496,217.100774,213.325941,216.907196,239427
2023-01-24,216.61683,217.391156,215.55213,216.22966,317970
2023-01-25,216.810411,217.778315,214.874604,217.391159,231953
2023-01-26,217.971878,220.682011,216.907193,220.198059,308234
2023-01-27,219.617312,226.199059,219.52053,225.231155,473570
2023-01-30,225.424717,226.876572,223.585706,224.940765,406746
2023-01-31,223.004987,224.069686,216.423254,221.553131,651925
2023-02-01,220.875614,223.295373,220.004507,222.617844,414119
2023-02-02,223.585736,239.16899,221.165977,238.878616,1052774
2023-02-03,233.748714,235.878099,231.425752,234.232666,562250
2023-02-06,234.039092,235.974899,231.909707,235.974899,324600
2023-02-07,236.652428,238.781813,235.878102,237.910706,327856
2023-02-08,239.556127,242.459837,238.781801,239.362549,352139
2023-02-09,240.040094,242.750227,239.74972,242.169479,304800
2023-02-10,241.395148,241.782318,232.393657,234.813416,429514
2023-02-13,235.29737,238.87861,235.006996,238.20108,229571
2023-02-14,238.201074,238.878604,235.587723,237.813904,247548
2023-02-15,237.136391,242.266283,237.136391,240.911209,285609
2023-02-16,241.975908,243.234185,239.846523,242.556656,263756
2023-02-17,241.007996,241.685525,238.588237,241.007996,346499
2023-02-20,242.943788,242.943788,238.878596,239.072174,133137
2023-02-21,238.104284,239.652936,236.071681,238.20108,177233
2023-02-22,237.620331,238.201079,235.587727,237.620331,274005
2023-02-23,237.813897,241.395137,237.620319,239.072174,259459
2023-02-24,238.588228,239.749709,235.974891,236.942795,278445
2023-02-27,239.072184,239.652932,237.620328,238.975388,201598
2023-02-28,238.201068,238.201068,235.587717,237.426743,335009
2023-03-01,237.81391,241.685524,237.620332,238.20108,297877
2023-03-02,237.620337,241.491951,236.362059,240.524048,188165
2023-03-03,241.975909,249.331983,241.879113,248.170486,460111
2023-03-06,245.944298,248.751213,245.460347,247.492935,327187
2023-03-07,245.847511,249.622329,245.266763,246.815414,277308
2023-03-08,246.234661,247.880109,245.557131,246.718613,155947
2023-03-09,246.234662,246.621832,243.23417,244.782806,222005
2023-03-10,240.040091,243.137379,238.685031,240.427246,381923
2023-03-13,240.717633,241.298382,232.296875,234.523056,381476
2023-03-14,234.813405,238.104271,232.006476,237.136368,321301
2023-03-15,237.233171,238.104278,231.619327,233.071182,451093
2023-03-16,235.974893,241.298362,233.555134,240.040085,460707
2023-03-17,240.717617,241.104787,233.84551,234.232666,700867
2023-03-20,235.587719,239.459333,232.103275,236.071671,367837
2023-03-21,237.03958,240.136884,236.168473,238.975388,284004
2023-03-22,239.749711,242.072688,238.588229,240.040085,192246
2023-03-23,240.717629,240.717629,237.813918,239.749725,197837
2023-03-24,239.072177,241.201562,235.29736,236.071671,236040
2023-03-27,238.297848,241.007981,237.813897,239.072174,218879
2023-03-28,240.911193,240.911193,236.846001,238.104279,175538
2023-03-29,238.781822,241.395159,238.68504,239.749725,229413
2023-03-30,241.00801,241.00801,237.620348,238.491455,200062
2023-03-31,239.846515,241.782322,238.781815,241.29837,254131
2023-04-03,241.491945,241.588741,238.97539,239.846512,165097
2023-04-04,239.556134,243.137374,239.556134,240.33046,179441
2023-04-05,241.588753,245.460368,240.040102,240.911209,361473
2023-04-06,242.653439,242.653439,239.55615,240.911209,199372
2023-04-11,242.653425,243.911702,242.363051,243.718124,248788
2023-04-12,242.556644,246.331462,242.169473,244.008499,246191
2023-04-13,245.653944,248.944825,244.29887,247.009003,389541
2023-04-14,247.880129,251.461355,247.880129,251.267792,268363
2023-04-17,251.074196,252.622847,247.202581,247.299377,240201
2023-04-18,248.751207,249.428751,246.718604,247.105774,240106
2023-04-19,246.815403,247.68651,245.750703,246.331451,164542
2023-04-20,245.073193,245.363567,240.233675,243.621338,316405
2023-04-21,245.750714,246.621836,241.879099,244.008499,252324
2023-04-24,243.725775,248.502794,243.725775,248.112839,242294
2023-04-25,246.552973,248.795253,245.57807,247.917847,193567
2023-04-26,247.625375,247.625375,243.725763,245.285614,291269
2023-04-27,244.505697,246.942955,243.823268,244.993149,160069
2023-04-28,246.358003,247.040433,241.775962,245.968048,294057
2023-05-02,245.968044,246.650473,242.945839,243.043335,241800
2023-05-03,242.848358,248.112829,242.750862,246.747971,262713
2023-05-04,246.650468,260.494103,242.458382,258.349304,821791
2023-05-05,260.396628,263.028848,258.154333,262.736389,395823
2023-05-08,263.223828,263.516287,261.079029,262.151428,241429
2023-05-09,262.736357,263.906253,259.909144,263.126312,283559
2023-05-10,262.443913,263.516282,259.421707,261.274017,277594
2023-05-11,260.786576,264.10124,260.299124,262.638885,353889
2023-05-12,263.321333,267.610901,263.321333,265.563599,278886
2023-05-15,266.733494,267.415909,263.223837,263.516296,203442
2023-05-16,262.736392,265.661101,261.176541,264.003754,248284
2023-05-17,263.126341,265.856088,262.736386,263.516296,227339
2023-05-18,265.66106,269.36568,265.563564,266.733459,338148
2023-05-19,267.415918,270.925575,267.025963,268.975769,302903
2023-05-22,269.073231,272.095437,269.073231,271.802948,279672
2023-05-23,270.730607,271.608013,262.248938,262.736389,439527
2023-05-24,262.248953,262.346449,255.522127,258.836792,380017
2023-05-25,261.663977,261.761473,256.30201,260.104126,281714
2023-05-26,262.053952,265.563609,257.764384,264.881195,312353
2023-05-29,264.003757,265.953563,261.956484,263.223846,111504
2023-05-30,263.711289,265.466103,262.63889,263.516296,193260
2023-05-31,260.884052,264.588672,259.129209,259.909149,603235
2023-06-01,261.469035,265.661107,261.469035,264.491211,307946
2023-06-02,266.635996,272.972866,265.076145,272.095459,359104
2023-06-05,271.510507,271.997959,268.878257,271.218048,283637
2023-06-06,270.828063,272.095455,269.755693,271.218048,259821
2023-06-07,269.950664,270.730604,267.123451,269.26825,268292
2023-06-08,266.733494,270.828069,264.686191,269.658203,305177
2023-06-09,270.828054,270.828054,267.415893,269.463196,186813
2023-06-12,271.997936,273.167832,271.023033,272.972839,305192
2023-06-13,273.655278,274.630181,270.340584,272.485382,368527
2023-06-14,271.802977,275.800085,271.70551,274.240234,302485
2023-06-15,273.167845,274.240215,272.095446,273.5578,350254
2023-06-16,272.972872,276.190041,271.802977,274.240234,702170
2023-06-19,275.215131,275.312627,272.777873,274.142761,126985
2023-06-20,272.387913,275.215126,272.387913,273.26532,193278
2023-06-21,273.26531,275.89756,272.290407,273.947754,313363
2023-06-22,272.290403,274.337705,268.390791,273.070343,317053
2023-06-23,272.972875,276.28754,272.485424,275.507629,315773
2023-06-26,276.872446,276.872446,272.192923,274.532684,256394
2023-06-27,274.922684,276.774994,274.24024,276.774994,225143
2023-06-28,279.992179,283.989258,278.91978,283.989258,275879
2023-06-29,284.671707,288.57132,284.184256,288.57132,318429
2023-06-30,290.521105,291.983459,288.083847,291.983459,409728
2023-07-03,291.106034,292.470892,288.863739,288.863739,379935
2023-07-04,290.423651,291.788509,287.206482,287.206482,265376
2023-07-05,287.10895,289.058756,286.621499,288.376312,256026
2023-07-06,287.498883,287.498883,279.114711,280.284607,406532
2023-07-07,280.674613,282.136968,278.237355,280.967102,220078
2023-07-10,280.869578,282.234436,277.359921,282.234436,234356
2023-07-11,283.696804,284.281752,280.869591,282.819397,222481
2023-07-12,282.234413,283.014323,280.089614,282.331909,374190
2023-07-13,282.624401,285.061659,279.894685,281.552002,223977
2023-07-14,281.746987,285.744095,280.967076,285.549103,201693
2023-07-17,285.256617,287.206422,283.794262,284.769165,189343
2023-07-18,285.159139,285.93905,280.869572,281.746979,220914
2023-07-19,283.989278,285.159174,279.992199,280.967102,184622
2023-07-20,277.944889,279.602207,275.507631,278.822296,299278
2023-07-21,277.652391,281.35704,277.652391,279.50473,216606
2023-07-24,278.822277,280.577091,278.432322,279.79718,210927
2023-07-25,281.06455,281.941986,277.457426,279.894684,214696
2023-07-26,280.284658,280.479651,275.800098,278.9198,211904
2023-07-27,279.212214,285.256625,278.919755,284.476685,269323
2023-07-28,283.111856,286.42652,282.136953,284.866699,282360
2023-07-31,285.646612,286.719012,283.306851,284.086761,214974
2023-08-01,283.794285,284.281737,280.382125,282.62439,282702
2023-08-02,279.797173,286.621494,269.560691,281.746979,723533
2023-08-03,280.674575,282.91687,276.190015,280.869568,369681
2023-08-04,280.772089,280.967082,276.969973,278.237335,221169
2023-08-07,277.457415,277.652378,273.947758,274.825165,244749
2023-08-08,276.482533,278.334843,273.460327,275.507629,288335
2023-08-09,276.580006,279.89467,275.605103,275.605103,201540
2023-08-10,277.652399,281.454545,277.262443,281.259552,240223
2023-08-11,280.187127,280.869571,277.164922,278.042358,160669
2023-08-14,277.457407,281.259523,277.164919,280.869568,159982
2023-08-16,281.747,285.45162,280.284646,282.039459,234101
2023-08-17,281.064553,281.746997,276.190038,277.067474,241937
2023-08-18,275.605122,275.897581,270.63311,272.582916,355413
2023-08-21,274.922646,280.577072,273.850247,278.724762,248113
2023-08-22,279.114727,281.064533,278.139824,280.08963,184498
2023-08-23,279.699699,280.967091,277.749892,279.992188,167540
2023-08-24,281.746984,283.69679,278.529816,278.529816,203855
2023-08-25,277.652367,281.551979,277.262412,279.602173,156909
2023-08-28,281.357023,282.526889,279.992165,281.746979,150004
2023-08-29,281.746971,285.74408,281.162024,285.74408,224455
2023-08-30,286.621475,288.473784,283.989225,286.816467,261267
2023-08-31,287.596413,288.473819,285.646606,285.646606,443926
2023-09-01,285.744106,285.939069,276.969978,277.067474,572877
2023-09-04,279.01726,280.284622,276.38501,276.38501,166120
2023-09-05,275.507605,278.822269,274.825161,278.042358,304007
2023-09-06,276.287531,276.385027,272.290422,273.752777,305614
2023-09-07,273.362799,273.752754,269.170728,271.802948,327652
2023-09-08,272.582925,274.435235,269.365726,272.290436,246547
2023-09-11,272.192927,273.362793,269.268218,273.362793,252927
2023-09-12,273.460331,274.630227,271.997977,272.290436,261992
2023-09-13,271.023056,272.290418,268.293339,271.218048,336945
2023-09-14,273.460314,275.800075,269.853161,274.922668,387507
2023-09-15,277.06746,281.55199,275.702571,276.872467,3346662
2023-09-18,275.702572,276.872467,271.607997,272.777863,311625
2023-09-19,272.777864,275.702573,271.705495,274.435211,218738
2023-09-20,273.655317,279.992188,273.557821,279.992188,281699
2023-09-21,276.774994,277.554935,266.831,266.928467,554786
2023-09-22,266.635981,268.585787,265.07613,266.148529,277042
2023-09-25,265.173635,266.440997,261.469015,265.856079,328852
2023-09-26,265.563596,268.683298,264.003745,264.296234,405242
2023-09-27,264.978643,269.950654,264.491191,265.856079,363416
2023-09-28,267.12345,271.60801,265.758591,271.315521,302549
2023-09-29,273.557827,277.554936,271.90048,272.68042,416344
2023-10-02,272.875363,275.702576,271.802963,275.702576,255168
2023-10-03,276.092567,279.602195,274.142761,274.142761,312864
2023-10-04,272.38791,276.09256,269.463201,276.09256,292481
2023-10-05,277.749878,279.504721,275.215124,275.702576,229246
2023-10-06,277.262399,279.992145,275.897541,279.017242,265047
2023-10-09,279.114751,280.187151,275.020176,275.897583,215326
2023-10-10,277.84738,284.18425,277.554921,283.989258,436281
2023-10-11,282.331932,287.888862,280.28463,284.281738,426747
2023-10-12,286.524006,291.885973,285.939058,287.596405,416582
2023-10-13,284.671703,291.593521,283.794296,289.741211,375594
2023-10-16,291.008599,292.958405,286.913993,290.911102,342538
2023-10-17,290.521135,291.691031,284.184265,286.231567,348701
2023-10-18,285.6466,286.426511,280.967077,281.454529,274802
2023-10-19,279.797195,280.869595,277.749893,277.944885,233641
2023-10-20,275.897562,278.822271,274.727667,277.262421,301740
2023-10-23,279.602214,279.894703,275.020187,278.9198,191601
2023-10-24,279.212233,280.772083,273.362814,277.749878,151668
2023-10-25,276.775007,278.237362,274.532742,277.359955,178728
2023-10-26,274.825184,278.237345,271.608015,275.897583,277032
2023-10-27,278.724798,280.869597,274.337734,275.507629,267089
2023-10-30,276.87249,277.554935,272.972878,274.727692,246705
2023-10-31,273.947775,278.82229,272.875375,278.334839,240640
2023-11-01,277.457433,281.064557,274.922679,279.992188,271347
2023-11-02,281.064534,296.175531,279.992165,295.68808,945996
2023-11-03,299.100236,302.122441,297.442919,300.952576,477959
2023-11-06,304.657213,306.509523,301.732504,304.072266,331603
2023-11-07,303.682329,304.852225,301.732523,303.097382,208232
2023-11-08,303.584835,310.409157,302.707428,306.412048,372557
2023-11-09,306.704508,310.994076,306.11956,308.069366,274582
2023-11-10,307.971868,308.069364,303.974759,306.802002,236377
2023-11-13,308.751837,312.943909,308.166889,312.943909,269096
2023-11-14,312.651423,317.330946,312.066475,315.868591,392447
2023-11-15,318.208363,321.328064,316.258556,317.233459,305038
2023-11-16,316.843497,319.865702,316.161053,317.135956,218983
2023-11-17,318.79331,322.010478,317.818407,321.328064,288248
2023-11-20,322.497921,323.667816,320.840603,323.667816,229682
2023-11-21,323.667831,325.03269,321.035581,321.815521,262975
2023-11-22,323.472819,328.054875,322.985367,326.884979,229250
2023-11-23,326.690029,327.372443,323.667824,323.76532,180696
2023-11-24,323.667831,328.444851,323.667831,327.567444,194809
2023-11-27,328.054914,329.517269,325.325197,328.639862,204186
2023-11-28,327.567442,330.687144,325.227681,327.957397,251142
2023-11-29,328.054882,330.394644,324.740218,326.982483,345764
2023-11-30,325.130192,326.202591,321.425572,322.302979,536778
2023-12-01,321.035578,322.692925,319.475757,320.548126,283138
2023-12-04,319.085787,320.353179,316.35607,318.695831,270975
2023-12-05,319.085755,326.982476,318.6958,326.884979,326944
2023-12-06,327.567463,330.784631,326.495063,328.639862,292066
2023-12-07,327.957411,331.174609,327.080004,328.542358,249112
2023-12-08,327.469953,332.344468,327.079997,332.149506,272535
2023-12-11,331.174613,337.024032,330.784628,335.171692,265564
2023-12-12,336.828975,337.316427,333.904266,333.904266,341213
2023-12-13,328.54232,334.196746,327.372425,330.492126,327622
2023-12-14,332.441979,334.196792,320.353185,322.887939,500724
2023-12-15,322.010509,328.34738,319.0858,319.280792,877995
2023-12-18,317.233471,317.428464,307.094485,308.361847,677627
2023-12-19,309.04425,309.434206,305.924549,309.04425,365105
2023-12-20,309.434254,310.409157,306.022093,306.412048,306687
2023-12-21,304.852219,306.41204,297.442949,298.905304,376047
2023-12-22,296.760473,299.880175,296.565511,297.247925,247406
2023-12-27,297.735371,300.855072,296.468009,296.760468,234157
2023-12-28,297.832867,298.515311,296.370512,296.760468,140284
2023-12-29,298.320346,300.465145,297.540436,297.540436,172419
2024-01-02,300.855107,302.707417,296.857998,299.685211,254676
2024-01-03,300.075166,300.367655,295.590635,298.027893,263268
2024-01-04,297.150444,302.999863,297.150444,299.10025,265106
2024-01-05,296.273042,299.392744,294.713191,297.930389,250988
2024-01-08,297.44294,303.487321,296.565533,303.292358,262947
2024-01-09,305.534607,308.166857,304.462208,305.534607,312227
2024-01-10,307.484423,310.409132,306.996971,308.946777,374837
2024-01-11,312.553942,315.966103,309.726729,309.921692,387365
2024-01-12,312.456425,313.626321,309.141761,311.28653,288107
2024-01-15,308.849264,308.94676,305.437103,305.437103,204969
2024-01-16,304.169735,311.286515,302.317426,311.091553,252889
2024-01-17,309.336743,309.629232,305.144672,308.264374,272240
2024-01-18,308.264353,311.676514,306.899465,311.676514,290047
2024-01-19,313.236381,313.236381,309.434265,311.481567,198900
2024-01-22,313.723806,315.186161,303.487324,304.559723,376389
2024-01-23,303.779822,304.267274,297.150463,298.125366,410540
2024-01-24,300.757589,302.31744,296.857977,301.440033,302519
2024-01-25,301.537533,301.927518,297.345461,298.612823,233936
2024-01-26,301.050063,306.217067,300.562612,305.339661,351215
2024-01-29,305.632132,307.971893,304.267273,307.971893,228233
2024-01-30,310.701628,314.796204,309.434237,314.796204,317590
2024-01-31,314.796201,319.280761,313.918794,315.576141,474662
2024-02-01,314.698699,345.700634,307.386926,344.628235,1541323
2024-02-02,350.770136,351.940031,335.85413,338.778839,551819
2024-02-05,338.291355,340.046168,334.19675,337.511444,368221
2024-02-06,338.388861,342.873421,336.341559,342.580933,229522
2024-02-07,343.848347,350.087721,342.580955,346.578064,338419
2024-02-08,344.1408,346.090607,342.28849,346.090607,227392
2024-02-09,348.0404,353.987315,347.357956,353.304871,286681
2024-02-12,355.839632,356.619543,351.355072,351.355072,237716
2024-02-13,350.965111,351.940014,343.06839,345.115692,366166
2024-02-14,344.725754,347.163012,343.458362,346.578064,168920
2024-02-15,348.235373,352.817399,347.552929,350.575134,253595
2024-02-16,353.012425,356.03463,352.622469,353.889832,320321
2024-02-19,351.062609,352.817422,349.990209,352.524963,115146
2024-02-20,351.452568,353.499871,350.282672,353.402374,182082
2024-02-21,351.745033,359.641754,351.745033,359.641754,283998
2024-02-22,363.151377,371.438053,362.176474,370.658142,452327
2024-02-23,374.167763,376.312561,372.12049,376.312561,351151
2024-02-26,374.850212,378.164877,372.120496,374.752716,277187
2024-02-27,377.189987,381.967006,373.777826,379.432281,395735
2024-02-28,380.212194,385.769154,377.774937,384.79425,416533
2024-02-29,387.91394,388.693881,375.727652,380.114716,622581
2024-03-01,383.136912,384.891725,380.212203,382.454468,234228
2024-03-04,373.387886,376.020136,367.148512,371.43808,457733
2024-03-05,370.75563,372.412977,365.978611,370.950623,277366
2024-03-06,370.463164,371.34057,368.610854,370.853119,197349
2024-03-07,369.585753,377.189985,368.220895,373.680328,232019
2024-03-08,374.947736,379.237303,373.972832,377.579956,274258
2024-03-11,374.752739,376.215093,370.170712,370.950623,227907
2024-03-12,369.098316,377.96994,369.00082,377.96994,361871
2024-03-13,377.287504,379.919755,374.655254,377.67746,274916
2024-03-14,377.969944,379.822254,375.922642,376.800049,279277
2024-03-15,376.702524,380.017188,374.752718,378.457367,603629
2024-03-18,379.334799,383.721863,378.164903,383.721863,209608
2024-03-19,383.136897,388.401367,380.40718,388.401367,308128
2024-03-20,386.1591,389.961215,384.891708,389.181305,254639
2024-03-21,389.961215,391.326074,383.624346,389.181305,327798
2024-03-22,386.451542,391.423553,386.451542,391.423553,287400
2024-03-25,392.690967,397.760475,392.690967,395.810669,306520
2024-03-26,394.640752,397.955446,394.1533,395.518188,254744
2024-03-27,396.298105,399.807762,395.420698,396.005646,213455
2024-03-28,395.810646,396.785549,392.788441,393.86084,254884
2024-04-02,392.593472,395.518181,381.479553,381.479553,519953
2024-04-03,380.212204,381.187107,371.34058,378.359894,405982
2024-04-04,375.435173,378.847334,372.217975,377.384979,263388
2024-04-05,372.705455,378.457407,370.268197,377.774963,300663
2024-04-08,377.287507,382.74697,376.4101,380.992126,177845
2024-04-09,379.237264,379.627219,372.997891,375.825104,196906
2024-04-10,377.774944,382.259504,373.777836,380.79715,242167
2024-04-11,380.602167,382.844462,375.532689,380.114716,170551
2024-04-12,383.136907,384.794254,375.92263,377.872437,186790
2024-04-15,379.139812,386.256623,378.554865,380.114716,206865
2024-04-16,375.435194,379.919755,372.510485,377.67746,255029
2024-04-17,377.96996,385.281733,376.800064,380.699677,246464
2024-04-18,382.16202,382.844464,375.630157,381.772064,217588
2024-04-19,377.189994,382.649457,374.265285,377.482483,327247
2024-04-22,380.467905,383.999846,371.539981,375.562439,210866
2024-04-23,377.034093,387.433687,376.347346,387.335571,279060
2024-04-24,388.512884,389.886409,383.901735,385.962036,249419
2024-04-25,386.158277,388.414779,375.856799,378.898193,340947
2024-04-26,379.879292,387.23749,377.720875,387.04126,277434
2024-04-29,387.041255,389.003441,383.214997,385.275299,195247
2024-04-30,387.728049,387.826134,378.996295,379.879303,254263
2024-05-02,382.135786,390.278847,377.524636,387.629913,309524
2024-05-03,390.475082,395.282433,389.88642,391.554291,300002
2024-05-06,393.418383,394.10516,387.041277,390.082672,256073
2024-05-07,390.180777,397.244631,363.985577,371.638092,1062377
2024-05-08,368.596733,373.305968,362.415828,371.245667,552736
2024-05-09,371.245646,372.226739,366.536411,370.558899,197927
2024-05-10,373.992739,373.992739,365.064785,367.419403,388387
2024-05-13,368.400507,371.245671,366.536435,370.951355,263669
2024-05-14,370.362688,373.502199,367.321293,373.404083,250581
2024-05-15,373.404043,374.581336,370.460763,374.09079,200874
2024-05-16,376.543537,382.037665,375.071897,379.486816,293571
2024-05-17,379.781174,381.547129,378.309534,380.860382,236802
2024-05-20,381.350925,382.037672,376.837891,376.837891,197502
2024-05-21,376.837892,377.230323,373.305951,376.739777,232613
2024-05-22,375.758676,379.094387,373.305944,377.230316,291056
2024-05-23,378.407639,381.93955,373.502173,377.32843,270369
2024-05-24,375.758682,378.898192,374.090812,376.837891,233206
2024-05-27,377.622778,380.271741,375.856822,379.388763,140746
2024-05-28,380.467897,381.350905,370.264535,371.83429,275871
2024-05-29,372.324868,373.305961,367.02697,367.517517,319678
2024-05-30,368.498609,371.63809,365.162899,369.675903,219298
2024-05-31,370.951334,371.638081,367.419393,370.264557,681584
2024-06-03,371.834339,372.913548,366.045895,368.400513,181025
2024-06-04,367.811813,372.030532,366.732605,371.049438,185695
2024-06-05,370.853199,380.762246,370.656969,378.015167,323682
2024-06-06,381.449014,382.332022,378.60385,380.860382,257812
2024-06-07,379.879273,379.977358,372.422959,375.562439,271577
2024-06-10,374.875703,377.917098,372.324855,376.936005,173859
2024-06-11,377.720885,379.09441,374.090828,375.660583,228246
2024-06-12,376.445467,386.943146,374.973827,386.943146,419317
2024-06-13,386.158264,386.45258,377.720857,379.781158,312286
2024-06-14,379.683056,380.271718,370.362671,372.521088,361633
2024-06-17,376.347327,379.781153,374.973803,378.015167,203472
2024-06-18,380.664154,381.547132,375.366257,376.445465,211228
2024-06-19,378.50571,380.075465,375.169999,378.309509,186826
2024-06-20,378.407639,384.392283,377.524631,383.705536,309673
2024-06-21,380.860381,383.116883,376.739778,378.800079,756514
2024-06-24,379.977358,386.746925,379.290611,386.256378,238531
2024-06-25,384.980962,390.376974,383.215006,388.905334,239618
2024-06-26,388.512912,390.475098,381.154713,381.939575,275656
2024-06-27,380.173611,382.92066,375.071915,376.151123,228990
2024-06-28,377.426539,378.113286,372.913505,373.502167,224411
2024-07-01,377.328434,377.328434,371.147529,374.973816,221839
2024-07-02,372.81541,375.268143,368.694807,374.188934,231071
2024-07-03,378.50573,386.550706,375.071904,381.154694,328447
2024-07-04,383.60745,387.041276,382.920673,385.863953,139984
2024-07-05,385.863906,388.51287,379.683032,380.56601,192213
2024-07-08,380.271695,390.278827,379.192487,389.003418,304883
2024-07-09,386.648847,390.278874,384.784776,387.826141,226576
2024-07-10,389.395897,392.044861,387.23751,392.044861,232391
2024-07-11,393.025943,394.105151,386.452606,386.452606,248992
2024-07-12,387.924244,392.044847,386.158288,390.867523,251942
2024-07-15,390.475096,392.437282,386.354492,386.354492,212465
2024-07-16,384.784733,385.569595,377.818966,384.490387,240181
2024-07-17,382.724462,383.705555,375.954925,378.113312,269364
2024-07-18,379.977395,384.196114,376.7398,379.388763,181131
2024-07-19,380.075492,383.901749,375.954918,376.445465,225461
2024-07-22,376.543548,381.547129,375.954916,380.860382,181813
2024-07-23,382.724454,384.68664,378.996282,382.920654,212326
2024-07-24,376.936,377.622748,370.951326,375.071899,339787
2024-07-25,371.736224,373.50221,365.849664,368.400513,347627
2024-07-26,366.340171,374.188917,366.340171,373.305939,228327
2024-07-29,375.071882,375.758659,369.185324,369.872101,189154
2024-07-30,372.521086,377.03409,371.932424,374.777588,205714
2024-07-31,373.894632,374.973841,369.577828,373.207855,307044
2024-08-01,369.970218,395.380524,366.634508,382.528198,763285
2024-08-02,382.626334,387.5318,376.151113,385.373383,569068
2024-08-05,380.369809,381.154671,367.419368,380.56601,647769
2024-08-06,378.996277,379.683054,368.989144,374.777588,457139
2024-08-07,374.483295,383.60745,372.815425,381.645264,335584
2024-08-08,377.426558,377.720874,370.166445,376.445465,316880
2024-08-09,378.015193,381.154703,375.268144,378.407654,184837
2024-08-12,377.132215,381.645249,375.954921,378.407654,203685
2024-08-13,381.645244,384.588523,377.818986,383.018768,221973
2024-08-14,385.079064,398.323822,384.980949,398.323822,467375
2024-08-16,409.606401,412.157249,405.780143,410.587494,587556
2024-08-19,409.704506,413.236448,408.429067,411.274261,272240
2024-08-20,411.274271,415.591075,411.176156,412.745911,219110
2024-08-21,412.942113,423.341707,412.647797,423.243591,315080
2024-08-22,423.832258,424.813351,419.613569,422.94928,344137
2024-08-23,423.047396,427.266085,421.870073,422.851166,245872
2024-08-26,423.243575,426.28497,421.379504,422.262482,155090
2024-08-27,422.949278,430.111247,422.164386,429.4245,280516
2024-08-28,429.424474,433.545047,428.149035,429.032013,226067
2024-08-29,429.130137,436.978882,428.835821,436.978882,278881
2024-08-30,435.114816,439.725966,434.231839,438.744873,405991
2024-09-02,440.707076,440.903277,434.624286,437.567566,189529
2024-09-03,437.959997,441.786255,435.016718,435.409149,319813
2024-09-04,427.756618,432.465853,420.104103,430.209351,261797
2024-09-05,429.22825,430.994205,416.474039,420.104095,390892
2024-09-06,422.262492,428.247167,417.160826,417.258911,299034
2024-09-09,419.123035,422.753062,417.749481,419.907898,208111
2024-09-10,419.515452,421.477639,415.689195,416.670288,244353
2024-09-11,415.885386,419.221097,411.568582,415.198639,267605
2024-09-12,422.753032,423.145463,413.726993,417.749451,247757
2024-09-13,418.828665,419.711643,415.983501,417.357025,204059
2024-09-16,414.31566,417.160854,408.2329,408.919647,209325
2024-09-17,410.489372,415.787269,409.90071,411.078033,271395
2024-09-18,410.489352,411.56856,403.4255,403.916046,268836
2024-09-19,408.821536,419.2211,406.368803,419.2211,366030
2024-09-20,416.08163,419.319225,410.783733,412.157257,583741
2024-09-23,413.236446,424.911448,411.47046,422.066284,316787
2024-09-24,425.794453,425.892568,414.11945,420.202209,270069
2024-09-25,418.338122,419.907877,414.217548,415.002411,254335
2024-09-26,422.066308,426.186881,417.160842,420.398438,362879
2024-09-27,419.123019,425.205779,414.119438,416.768372,444004
2024-09-30,411.764832,415.78729,409.802645,411.764832,363591
2024-10-01,413.530777,416.277826,405.976348,406.074463,357445
2024-10-02,406.074448,412.059122,402.24819,407.153656,232361
2024-10-03,406.957454,412.549697,397.637068,398.814392,341030
2024-10-04,398.814379,405.191485,396.950308,401.855774,305460
2024-10-07,402.248198,403.719838,399.206803,402.346313,250617
2024-10-08,399.010597,409.312075,398.32382,409.115845,324417
2024-10-09,411.078029,412.745899,407.546088,411.372345,212726
2024-10-10,406.957411,409.115828,404.210363,408.134735,198641
2024-10-11,407.84045,418.73056,404.308508,418.73056,379971
2024-10-14,422.066308,430.307484,421.281415,428.93396,336030
2024-10-15,430.798026,434.231852,425.990675,427.167969,365629
2024-10-16,424.715226,428.933945,422.066293,425.69632,247151
2024-10-17,427.167981,436.586482,426.481234,434.820526,350464
2024-10-18,436.78268,440.314591,433.054508,434.918579,296134
2024-10-21,435.605358,438.058091,432.662079,432.662079,220395
2024-10-22,432.858333,436.194044,431.092347,435.311066,217633
2024-10-23,434.13373,439.922174,432.956406,438.254333,207912
2024-10-24,438.941088,443.257892,437.077017,437.763794,304674
2024-10-25,441.001395,443.061697,438.254346,441.590057,216060
2024-10-28,446.201164,447.476603,441.88436,444.631439,229761
2024-10-29,445.318174,448.065253,442.276779,443.355988,216831
2024-10-30,442.473032,442.669263,432.367784,435.409149,290239
2024-10-31,429.816931,434.428051,427.95286,431.484772,317472
2024-11-01,429.032018,435.997785,428.541471,432.95639,238715
2024-11-04,431.680999,437.273242,429.522582,429.620697,234802
2024-11-05,431.681007,431.681007,398.71627,399.304932,1140054
2024-11-06,408.134759,412.745909,396.754072,400.089783,696838
2024-11-07,405.19147,414.511854,400.874666,409.312073,359594
2024-11-08,409.900733,413.72702,405.387728,413.72702,243968
2024-11-11,419.907876,421.183285,415.983503,419.319214,209002
2024-11-12,415.198661,418.338141,405.191498,405.191498,369424
2024-11-13,402.346319,408.330994,399.991702,408.330994,269784
2024-11-14,407.153667,412.74591,405.289595,410.685608,222506
2024-11-15,406.466905,410.293192,402.934993,403.229309,243556
2024-11-18,400.187898,404.897163,396.655956,402.248199,275912
2024-11-19,403.719829,403.817944,393.908897,398.716248,329235
2024-11-20,399.991715,400.874693,393.222148,396.754089,195445
2024-11-21,397.244628,401.855778,392.437277,401.561432,195551
2024-11-22,402.444437,410.489383,399.403042,410.293182,312976
2024-11-25,414.90431,416.179749,407.938542,409.802643,399606
2024-11-26,404.406613,406.074453,401.659534,404.602814,224800
2024-11-27,403.131172,409.900708,398.618137,402.640625,194147
2024-11-28,404.210404,404.897182,399.501169,400.972809,132434
2024-11-29,399.795443,403.916046,398.520034,403.916046,200120
2024-12-02,402.248197,409.704511,399.206802,408.821533,234011
2024-12-03,408.331008,415.19866,408.331008,413.72702,228694
2024-12-04,415.296736,420.398433,410.587501,416.47406,226300
2024-12-05,416.474049,418.33812,413.727,415.100525,256648
2024-12-06,412.157268,424.617134,412.157268,424.126587,269628
2024-12-09,427.462304,427.854735,417.160826,419.417328,257142
2024-12-10,417.16083,420.10411,416.179737,416.9646,206176
2024-12-11,416.964587,420.692729,415.198631,420.005981,232651
2024-12-12,418.926792,425.205782,418.926792,422.94928,182356
2024-12-13,425.107661,429.915042,422.753043,423.341705,236028
2024-12-16,422.262502,424.126573,410.685614,412.353455,302994
2024-12-17,407.349891,409.410163,403.719834,406.859344,283442
2024-12-18,407.6442,409.11584,403.719827,407.349884,313383
2024-12-19,403.719856,410.587508,398.716275,401.070892,382962
2024-12-20,397.440857,404.995257,395.576786,403.817963,491997
2024-12-23,400.482269,402.836887,398.716284,400.482269,162856
2024-12-27,404.014179,406.957458,398.912512,406.957458,175636
2024-12-30,403.916066,406.957431,401.463334,404.602814,157241
2025-01-02,402.444442,403.719851,395.282443,401.463348,258736
2025-01-03,400.187903,402.248204,392.927819,397.637054,243575
2025-01-06,399.893594,407.840455,398.912501,403.523621,274882
2025-01-07,406.172563,408.625296,401.070867,407.153656,253345
2025-01-08,406.368812,412.255371,404.897172,412.255371,287678
2025-01-09,409.900726,414.119445,409.213979,412.059143,150420
2025-01-10,411.764818,417.749462,410.293178,410.587494,244647
2025-01-13,407.251763,407.742309,394.988099,399.206787,404109
2025-01-14,403.229283,406.85934,400.972781,402.934967,323923
2025-01-15,402.248201,412.353448,400.678446,410.685608,274620
2025-01-16,414.315644,420.006003,411.862911,412.157257,294235
2025-01-17,412.157259,419.123026,411.666712,416.277832,298496
2025-01-20,416.572181,419.711662,412.549693,413.923218,209067
2025-01-21,413.040236,415.787285,410.489388,412.059143,286344
2025-01-22,413.530765,416.474045,407.938522,409.017731,308375
2025-01-23,407.447993,408.821547,399.501162,401.463348,447854
2025-01-24,404.210402,406.663135,401.463353,403.229309,299779
2025-01-27,403.229314,404.308522,394.693791,400.776581,439473
2025-01-28,404.504697,410.293171,397.53896,402.542511,338976
2025-01-29,407.153663,407.349894,401.070874,404.5047,249963
2025-01-30,407.447974,407.447974,399.893575,404.897156,347893
2025-01-31,407.251779,410.979921,406.172571,408.723419,287172
2025-02-03,397.34275,408.429091,395.969225,407.447998,401920
2025-02-04,406.957439,445.121988,400.87468,440.216522,1235801
2025-02-05,433.054531,437.07702,426.186879,435.409149,493277
2025-02-06,439.529736,442.178699,434.8205,438.744873,304220
2025-02-07,434.820488,438.744861,425.500104,426.775513,403705
2025-02-10,426.97174,436.292125,426.481194,435.507233,323238
2025-02-11,439.333522,451.302871,438.352428,450.321777,511186
2025-02-12,451.302859,456.993187,449.831219,453.265045,402940
2025-02-13,458.562945,466.804122,455.227234,465.823029,382289
2025-02-14,463.076002,473.671797,461.898678,470.630432,456775
2025-02-17,470.434177,480.245109,469.354969,478.675354,353248
2025-02-18,479.165905,483.482709,472.003937,472.003937,425951
2025-02-19,472.886909,477.203713,468.962536,470.237946,273667
2025-02-20,469.94361,474.554759,467.785193,473.769867,239869
2025-02-21,476.615043,480.146984,470.237937,472.985016,281050
2025-02-24,474.06421,475.339619,468.864399,471.807678,177382
2025-02-25,468.472017,476.026447,467.98147,468.373901,246144
2025-02-26,472.298255,475.045334,469.845522,473.966125,191398
2025-02-27,441.491923,443.45411,430.994215,436.488342,1287643
2025-02-28,429.326394,441.688174,427.167977,441.491943,804893
2025-03-03,436.095919,449.340677,435.507257,442.276794,648577
2025-03-04,435.114832,438.450543,422.753052,422.753052,497717
2025-03-05,424.813343,429.522578,412.353447,415.002411,559299
2025-03-06,415.100542,415.492973,402.640646,407.546112,508046
2025-03-07,403.916068,409.704511,397.931393,404.5047,423920
2025-03-10,408.625316,409.017747,398.029521,399.403046,355922
2025-03-11,398.814359,401.855754,390.180752,394.693756,472087
2025-03-12,397.833275,406.908387,395.576773,406.859344,464061
2025-03-13,403.425544,407.251802,397.342755,400.776581,423302
2025-03-14,399.893579,407.447978,398.323823,404.602814,263221
2025-03-17,403.327392,408.429058,400.482228,407.644196,244956
2025-03-18,410.096944,410.685605,399.69735,402.346313,339940
2025-03-19,399.893588,409.115858,399.697357,408.23288,293579
2025-03-20,408.232893,410.587511,401.659557,403.033081,258461
2025-03-21,400.972789,402.248198,392.731582,395.969208,778142
2025-03-24,399.108668,401.16897,390.082629,395.184296,484099
2025-03-25,396.361638,398.029508,391.259942,391.750488,345805
2025-03-26,390.96562,391.456167,376.445454,377.230316,641843
2025-03-27,372.81542,386.256409,366.73263,384.097992,1025051
2025-03-28,397.342761,399.697378,389.59213,394.00705,755032
2025-03-31,388.512871,391.358035,383.313089,384.784729,444321
2025-04-01,389.395868,396.361635,386.158272,394.105133,454776
2025-04-02,390.671301,396.655945,389.493977,396.655945,448740
2025-04-03,390.475057,399.697326,383.018743,384.784729,617920
2025-04-04,386.550722,389.984548,371.540008,380.0755,819735
2025-04-07,356.136826,374.875711,340.439335,355.057617,1137260
2025-04-08,359.570642,370.558898,353.585968,368.498596,663091
2025-04-09,356.725486,367.615627,354.665185,355.155731,509565
2025-04-10,380.271721,383.705547,368.891034,370.166443,558250
2025-04-11,373.600278,374.679487,358.295248,363.200714,373255
2025-04-14,367.5175,375.46436,364.966651,373.011627,301945
2025-04-15,375.954928,379.977386,373.502195,377.917114,294325
2025-04-16,373.992723,377.034088,371.147529,377.034088,266066
2025-04-17,375.954916,380.173605,372.815406,378.701965,256463
2025-04-22,382.643094,383.928446,373.348927,383.631836,284440
2025-04-23,387.092434,390.651911,385.11495,386.301453,419105
2025-04-24,383.631833,396.979848,383.434073,396.386597,327393
2025-04-25,398.06747,401.429187,395.892226,397.276459,330977
2025-04-28,398.858457,401.725803,393.914748,395.298981,292952
2025-04-29,397.177597,400.737043,394.310221,399.451691,302854
2025-04-30,401.429163,402.121294,390.553003,397.078705,418621
2025-05-02,403.208908,405.878523,398.66072,405.483032,357903
2025-05-05,403.999913,407.163868,402.61568,405.680756,188527
2025-05-06,405.087525,416.062535,394.705736,412.305328,579905
2025-05-07,415.271551,422.489354,408.74585,414.183929,423484
2025-05-08,416.359173,426.048831,415.568162,425.060089,441895
2025-05-09,425.060105,429.311713,423.774752,428.224091,317055
2025-05-12,432.871165,441.670992,429.212839,433.464417,425649
2025-05-13,432.772303,437.518252,430.597059,435.639648,240810
2025-05-14,435.046384,439.693483,433.563272,436.924988,283888
2025-05-15,436.03513,440.385588,434.650898,437.716003,241178
2025-05-16,439.495725,444.736045,439.100235,441.374329,281144
2025-05-19,438.012626,439.297979,431.091434,436.430634,238869
2025-05-20,437.518253,440.583359,433.563286,438.309235,203774
2025-05-21,433.167792,438.506992,432.574541,438.408112,217042
2025-05-22,435.046388,437.518242,430.399289,431.388031,238497
2025-05-23,430.10268,432.574534,408.646971,415.963684,577716
2025-05-26,420.709631,421.401763,416.754664,419.622009,172010
2025-05-27,417.941183,425.158987,416.853561,420.017517,221404
2025-05-28,421.797259,422.093869,416.95243,417.644531,218610
2025-05-29,421.204021,422.093882,413.887337,416.359192,194757
2025-05-30,415.864811,420.116389,414.183938,416.655792,772761
2025-06-02,415.17268,415.27156,408.350368,412.107574,193688
2025-06-03,413.294065,414.678297,410.327839,414.282806,311675
2025-06-04,414.282807,416.853542,410.13008,416.062531,237561
2025-06-05,418.237796,419.720909,413.096326,417.249054,184002
2025-06-06,415.271572,420.116401,414.678321,419.918671,193944
2025-06-09,417.74341,420.907396,414.480574,414.974945,137394
2025-06-10,417.347934,423.478115,416.062551,422.687134,244916
2025-06-11,421.995008,422.98375,418.336681,419.819794,221686
2025-06-12,413.294081,415.073805,405.977398,408.350372,327852
2025-06-13,397.770809,401.824657,395.496715,396.979828,366613
2025-06-16,398.759576,400.934821,396.188872,399.847198,209510
2025-06-17,394.705744,399.550573,391.640639,397.57309,368757
2025-06-18,398.364077,398.759568,394.903481,396.485474,199926
2025-06-19,394.013613,395.397845,389.860885,391.245148,178748
2025-06-20,392.629375,396.683223,390.157521,394.112488,667504
2025-06-23,390.553011,395.101229,390.553011,393.222626,219234
2025-06-24,402.615666,402.912277,393.222619,394.310211,237633
2025-06-25,399.451693,411.613205,399.451693,403.011169,361055
2025-06-26,403.999912,404.395403,393.717003,399.352814,259569
2025-06-27,405.878528,415.864827,403.703284,415.271576,324292
2025-06-30,416.754666,417.051276,409.833473,411.415466,239554
2025-07-01,411.118849,412.107591,406.3729,410.723358,199961
2025-07-02,412.898578,413.096308,406.867247,409.635712,181608
2025-07-03,412.503089,413.294071,408.053751,413.19519,186327
2025-07-04,410.130083,411.316585,404.197632,404.197632,175866
2025-07-07,404.494273,411.514346,403.406651,410.525604,175941
2025-07-08,411.415488,414.579444,408.350383,414.381714,212782
2025-07-09,411.909835,416.556903,410.228962,413.294067,216357
2025-07-10,413.392968,420.116401,412.404227,419.918671,196964
2025-07-11,419.12764,420.511873,413.68956,416.853546,150021
2025-07-14,410.327866,414.381714,409.932376,414.381714,144403
2025-07-15,412.700824,417.347923,411.810962,414.876068,147389
2025-07-16,414.183945,426.444338,413.096323,423.675873,337794
2025-07-17,429.21284,430.992563,424.170251,429.806091,265635
2025-07-18,431.486935,434.552041,427.927459,431.585815,269452
2025-07-21,431.28918,431.783551,426.740962,429.608307,151977
2025-07-22,427.334216,429.509429,423.181488,423.181488,165823
2025-07-23,430.10269,433.662166,426.642094,427.433075,309964
2025-07-24,433.859884,435.837368,429.806067,434.156525,226893
2025-07-25,433.068904,437.617122,430.89366,435.936249,203118
2025-07-28,439.001353,442.46195,433.167783,434.156525,257922
2025-07-29,433.266674,437.913742,432.277932,434.749786,217826
2025-07-30,433.563282,435.540766,430.893667,431.190308,235896
2025-07-31,432.080184,433.859908,378.984736,380.962219,1540417
2025-08-01,380.368985,380.566715,362.373872,375.029755,1082185
2025-08-04,373.843285,377.303882,371.07479,374.041016,647904
2025-08-05,375.326387,383.829572,374.832016,382.544189,537890
2025-08-06,378.688117,381.654343,372.063535,373.052277,462698
2025-08-07,375.227514,378.786991,373.546641,378.68811,332908
2025-08-08,381.753208,382.346459,376.216248,376.216248,344780
2025-08-11,377.106112,379.676847,375.91964,376.117371,214959
2025-08-12,377.501614,377.798255,372.854546,377.600494,242319
2025-08-13,378.094863,380.764478,376.51287,379.479095,224021
2025-08-14,380.96221,394.409104,379.973468,393.024872,456693
2025-08-18,390.355257,393.519243,389.366515,393.024872,266746
2025-08-19,394.211385,400.934818,393.024883,400.835938,297596
2025-08-20,398.561838,403.011177,397.177606,398.265198,232627
2025-08-21,396.089972,397.968576,393.716998,395.892212,297214
2025-08-22,396.386582,403.110044,395.49672,399.550568,233035
2025-08-25,398.462952,399.748304,396.386588,398.462952,168139
2025-08-26,396.485463,401.231412,395.892212,395.892212,381951
2025-08-27,397.474201,404.790884,396.485459,400.539307,263052
2025-08-28,399.451697,409.141354,398.660715,403.802155,328413
2025-08-29,404.296521,408.053758,402.121307,402.121307,212478
2025-09-01,403.505536,409.240226,403.307775,406.768372,177153
2025-09-02,413.294089,416.952445,409.635732,414.480591,422145
2025-09-03,416.655784,421.204002,415.765922,419.622009,339203
2025-09-04,418.040041,423.774762,417.24906,421.599518,254129
2025-09-05,421.50063,422.588252,412.997474,413.689575,329163
2025-09-08,412.305323,413.590676,404.296509,404.296509,279275
2025-09-09,402.912279,406.768366,399.056192,403.30777,267300
2025-09-10,405.977401,406.669502,401.923553,401.923553,194878
2025-09-11,401.033673,405.878502,398.759549,404.296509,195207
2025-09-12,402.714539,404.296532,399.155092,402.714539,196991
2025-09-15,403.208899,405.878514,399.847183,402.121307,225640
2025-09-16,414.480569,415.568161,401.528046,401.528046,473274
2025-09-17,400.440435,401.330296,389.959765,391.245148,561196
2025-09-18,395.49674,404.692027,393.123765,404.395416,387479
2025-09-19,403.802154,409.339114,401.52806,402.912292,605612
2025-09-22,402.41791,402.813401,395.991089,401.429169,305679
2025-09-23,401.330287,411.712075,400.341545,409.635712,441399
2025-09-24,406.768383,408.053765,402.714535,402.813416,236027
2025-09-25,404.395393,405.680745,399.649445,399.649445,226983
2025-09-26,402.417914,405.186379,399.253928,401.330292,214812
2025-09-29,402.912301,407.75713,401.033698,406.274017,213796
2025-09-30,404.395391,407.855987,403.703259,406.966125,225761
2025-10-01,407.559388,410.525614,404.692013,409.339111,299711
2025-10-02,421.599493,424.071348,416.952425,420.511871,543028
2025-10-03,424.269116,426.34548,417.842294,422.093872,342361
2025-10-06,421.20402,425.060107,415.46933,415.46933,346324
2025-10-07,417.446814,421.698392,415.963701,416.359192,293877
2025-10-08,415.765936,417.644539,413.788452,413.788452,340433
2025-10-09,409.734584,412.008709,346.850602,350.014587,4232353
2025-10-10,351.992093,357.133562,340.324951,340.324951,2086588
2025-10-13,339.039553,341.906898,325.098288,326.28479,1668587
2025-10-14,324.999452,329.44879,318.078259,321.341095,1220590
2025-10-15,327.471298,331.623996,322.92308,330.635254,955287
2025-10-16,333.40376,338.94069,328.16341,338.44632,807063
2025-10-17,328.954421,336.666595,328.657781,336.666595,700323
2025-10-20,340.423788,340.423788,333.107105,336.172211,461000
2025-10-21,337.457566,340.819312,335.578962,340.621552,481188
2025-10-22,341.41253,341.41253,335.8756,336.172211,420320
2025-10-23,336.073348,343.884403,334.985726,343.785553,358281
2025-10-24,344.873121,350.212351,344.477631,349.91571,520040
2025-10-27,350.508984,350.706744,346.356256,347.443878,380540
2025-10-28,346.059638,347.24614,338.742954,339.533936,610425
2025-10-29,343.291175,343.291175,331.525123,332.217255,568520
2025-10-30,332.217248,337.853088,331.030746,337.853088,407601
2025-10-31,339.830565,346.751757,338.742943,342.59903,552203
2025-11-03,343.587785,344.675407,335.183479,335.87561,421924
2025-11-04,334.985718,350.410097,331.228511,346.75177,1144107
2025-11-05,350.113478,352.585333,344.477638,350.607849,753699
2025-11-06,350.212353,351.003335,347.048368,348.037109,591071
2025-11-07,350.311207,350.706728,345.268648,347.938232,452580
2025-11-10,354.562834,355.254936,351.9921,352.783081,445603
2025-11-11,352.387591,361.187388,351.398849,360.000916,669072
2025-11-12,364.054759,373.250046,362.868256,364.64798,946973
2025-11-13,360.890772,364.252488,357.430176,357.430176,537009
2025-11-14,356.836914,358.616667,351.695474,355.947052,424404
2025-11-17,354.958307,356.045929,347.641623,349.717987,307246
2025-11-18,343.983284,344.082164,335.974469,338.347473,567586
2025-11-19,339.632827,339.632827,334.194747,334.689117,338690
2025-11-20,334.689117,337.754223,332.810514,333.799255,378633
2025-11-21,330.239762,338.446307,328.954409,333.403748,373001
2025-11-24,338.347473,341.017058,332.810513,332.909393,682604
2025-11-25,329.251011,331.327375,326.383666,330.041992,443410
2025-11-26,329.745384,330.140875,326.97692,329.053253,357088
2025-11-27,328.163412,333.898132,327.075789,333.898132,247396
2025-11-28,334.194739,335.381241,330.338652,333.996979,289072
2025-12-01,331.82175,333.304863,328.855525,331.72287,333617
2025-12-02,330.239775,330.833026,327.47131,327.57016,351176
2025-12-03,328.954404,336.271088,328.460034,336.271088,422304
2025-12-04,336.07335,339.929437,333.898136,334.689117,368415
2025-12-05,334.194744,338.644082,333.403763,336.567719,346503
2025-12-08,328.262293,330.536387,323.812955,324.801697,600502
2025-12-09,325.394949,328.361175,321.143341,321.143341,405477
2025-12-10,316.496261,317.188362,303.247127,307.004333,1355454
2025-12-11,308.882929,313.826638,307.498697,310.860413,703178
2025-12-12,308.685208,311.948044,307.993077,309.67395,426489
2025-12-15,310.464935,313.03567,308.091961,310.464935,428859
2025-12-16,308.487435,311.948031,307.498693,310.95929,456141
2025-12-17,314.123287,314.123287,306.707723,307.894196,357605
2025-12-18,308.38858,314.222151,307.894209,313.82666,488766
2025-12-19,312.24464,321.538837,311.651419,319.165833,898538
2025-12-22,320.35234,320.45122,315.408631,316.298492,292736
2025-12-23,316.001882,318.869227,315.507511,316.298492,292349
2025-12-29,317.386117,317.386117,314.716502,315.309753,247870
2025-12-30,315.30976,316.693993,314.518779,315.11203,246455
2026-01-02,314.419887,315.210868,308.685197,312.739014,328403
2026-01-05,314.024409,318.869238,312.145806,317.781616,430701
2026-01-06,319.066983,319.462474,314.617645,314.617645,389017
2026-01-07,313.431163,314.815395,310.860428,314.024414,527073
2026-01-08,310.464933,318.275987,307.993078,317.781616,616890
2026-01-09,311.552564,323.417466,311.552564,322.033234,625533
2026-01-12,318.572629,319.561371,316.100774,319.561371,457053
2026-01-13,317.583897,319.561381,306.015605,307.498718,672516
2026-01-14,307.498703,309.772797,302.752754,304.334717,638846
2026-01-15,300.676406,304.334733,300.478646,302.9505,565084
2026-01-16,301.269654,303.741509,295.139443,296.721436,745984
2026-01-19,290.690083,291.678825,288.119348,289.20697,570619
2026-01-20,286.735118,288.910362,284.757634,286.438507,674113
2026-01-21,285.647514,286.537375,282.285798,283.175659,766953
2026-01-22,289.701352,289.800233,285.252014,285.252014,610572
2026-01-23,282.186896,284.263259,281.000424,281.099274,424182
2026-01-26,282.780164,285.350899,280.901561,281.494812,567419
2026-01-27,283.768915,284.263286,276.946602,278.528595,456992
2026-01-28,277.638675,280.20941,275.364581,277.539825,526758
2026-01-29,276.946586,280.407182,273.68372,279.912811,526234
2026-01-30,279.517336,279.715066,274.672477,277.638702,395319
2026-02-02,276.847703,282.285783,276.254452,281.791412,388305
2026-02-03,283.27452,284.065501,277.53983,279.220673,465824
2026-02-04,278.330822,289.206982,277.44096,286.141876,707901
2026-02-05,285.252026,285.944157,278.330833,282.18692,516532
2026-02-06,279.81394,281.395933,273.090508,277.836456,573919
2026-02-09,277.836436,280.703781,274.17808,278.429688,504479
2026-02-10,281.297052,309.871685,277.045474,306.80658,2064585
2026-02-11,309.179565,319.759084,304.631347,319.165833,1815692
2026-02-12,318.671475,326.48256,317.583883,325.098297,1107193
2026-02-13,324.80169,325.394941,317.781617,318.671478,600968
2026-02-16,320.352348,320.352348,311.898617,312.442413,355509
2026-02-17,314.222151,315.903025,310.860435,314.716522,308901
2026-02-18,312.640188,312.837918,304.927983,306.608856,703522
2026-02-19,308.487457,310.16833,300.874133,307.597595,623266
2026-02-20,307.004346,308.68522,302.555008,305.718994,644900
2026-02-23,305.521227,307.498711,300.478638,300.478638,360929
2026-02-24,301.467387,317.583897,301.071896,312.936798,681060
2026-02-25,314.716516,320.648967,314.024415,315.804138,539758
2026-02-26,315.11203,318.770357,313.035667,316.001892,440449
2026-02-27,315.408642,318.572628,313.628919,317.781616,504888
2026-03-02,310.464942,311.354804,304.829102,304.829102,633584
2026-03-03,306.213359,307.202101,296.0293,301.3685,603002
2026-03-04,307.498719,310.366064,303.543752,309.278442,500612
2026-03-05,308.487435,312.046911,303.642606,304.631348,436762
2026-03-06,307.004325,307.300935,296.523656,298.204529,471397
2026-03-09,294.645058,295.23831,287.921626,291.678833,515194
2026-03-10,295.139429,298.006774,293.854077,297.116913,457541
2026-03-11,296.325945,299.588781,291.184475,291.283356,395027
2026-03-12,289.305847,291.777702,286.932873,289.305847,383025
2026-03-13,285.153141,289.503599,284.757651,285.944153,467765
2026-03-16,287.130614,287.723865,281.297044,285.350891,345626
2026-03-17,286.636259,292.2721,285.054266,289.404755,411649
2026-03-18,289.503603,291.382237,285.153145,286.735138,423481
2026-03-19,281.791402,282.483533,270.816362,271.211853,776740
2026-03-20,271.014139,274.771346,269.728757,270.717499,1073617
2026-03-23,267.751269,286.438513,265.971546,279.912811,889997
2026-03-24,280.802677,281.494809,275.661208,276.155579,480223
2026-03-25,277.144326,280.506072,271.310755,273.288239,474466
2026-03-26,273.28822,280.604904,271.508497,276.551086,405369
2026-03-27,278.528586,281.099291,273.189356,275.16684,349929
2026-03-30,273.288246,287.526123,272.497264,286.636261,877501
2026-03-31,285.746399,287.130632,281.297061,285.746399,583002
2026-04-01,295.040547,298.105653,290.195718,294.447296,688289
2026-04-02,288.21825,293.26084,286.240767,292.173218,391528
2026-04-07,291.184478,294.249584,282.483562,283.521729,504633
2026-04-08,304.77967,307.202099,298.155088,299.143829,991595
2026-04-09,294.892234,297.710154,292.420379,296.968597,506642
2026-04-10,297.907902,302.901066,297.413531,298.253967,370740
2026-04-13,293.40913,296.474236,291.827137,295.782104,372323
2026-04-14,298.600032,302.901065,298.352846,301.912323,500553
2026-04-15,301.912318,303.395431,297.116914,299.341583,477294
2026-04-16,300.577509,305.916708,299.984257,301.665131,494131
2026-04-17,301.862876,318.226572,301.170775,317.485016,922762
2026-04-20,311.5,315.0,310.5,311.950012,586783
2026-04-21,314.5,316.399994,309.299988,309.299988,343339
2026-04-22,308.0,310.200012,306.5,308.100006,323406
2026-04-23,304.25,307.5,301.850006,305.850006,354672
2026-04-24,300.75,302.450012,297.350006,299.549988,349130
2026-04-27,299.5,300.049988,296.100006,296.100006,320015
2026-04-28,295.700012,296.649994,291.350006,291.450012,319843
2026-04-29,292.600006,292.649994,287.600006,290.25,275955
2026-04-30,286.200012,293.700012,284.649994,293.350006,476042
2026-05-04,293.350006,293.350006,286.0,291.049988,580910
2026-05-05,288.75,297.350006,275.850006,279.549988,1209259
2026-05-06,279.0,295.25,278.725006,286.100006,1103375
2026-05-07,288.399994,292.899994,286.299988,288.850006,672948
2026-05-08,287.100006,293.0,286.75,289.5,446033
2026-05-11,287.5,288.200012,278.399994,281.100006,829035
2026-05-12,276.549988,280.350006,274.799988,280.0,511292
2026-05-13,281.100006,283.549988,274.899994,283.149994,519853
2026-05-14,285.200012,288.549988,283.700012,287.0,384999
2026-05-15,284.899994,286.350006,277.100006,279.399994,433659
2026-05-18,275.0,279.450012,272.299988,277.0,471047
2026-05-19,280.0,289.5,279.649994,286.600006,535802
2026-05-20,283.299988,293.100006,282.399994,290.25,490555
2026-05-21,294.799988,299.450012,294.100006,298.200012,681485
2026-05-22,301.5,304.600006,298.850006,301.549988,542108
2026-05-25,304.399994,310.25,303.850006,310.0,318078
2026-05-26,290.0,293.549988,283.549988,284.049988,1892781
2026-05-27,283.0,292.75,281.5,283.75,1208484
2026-05-28,284.549988,296.799988,284.049988,293.649994,900973
2026-05-29,294.5,301.5,292.700012,295.200012,1157651
2026-06-01,293.100006,302.450012,291.399994,298.600006,784126
2026-06-02,300.399994,307.899994,299.399994,304.75,666014
2026-06-03,303.600006,303.899994,297.0,297.299988,501326
2026-06-04,297.5,305.149994,295.200012,301.700012,483972
2026-06-05,300.649994,305.100006,298.450012,300.399994,351982
2026-06-08,299.299988,307.950012,298.350006,305.700012,485442
2026-06-09,305.299988,314.0,304.299988,308.549988,512781
2026-06-10,309.950012,314.450012,303.899994,303.899994,509651
2026-06-11,302.5,314.350006,299.399994,310.299988,626053
2026-06-12,316.149994,318.5,305.100006,306.850006,598140
2026-06-15,316.200012,323.299988,315.799988,319.350006,884610
2026-06-16,319.350006,322.549988,317.600006,318.799988,370227
2026-06-17,316.5,317.0,307.299988,310.700012,581347
2026-06-18,310.0,314.649994,308.600006,313.350006,513666
2026-06-19,315.600006,317.450012,307.5,307.5,1131768
2026-06-22,309.549988,310.0,302.049988,306.200012,556023
2026-06-23,301.0,304.899994,297.450012,301.700012,400627
2026-06-24,303.450012,310.149994,302.950012,307.5,332423
2026-06-25,308.100006,313.799988,305.399994,312.350006,475641
2026-06-26,313.200012,323.25,308.5,322.149994,668620
2026-06-29,323.600006,326.850006,322.25,323.950012,593711
2026-06-30,323.649994,325.799988,318.700012,324.350006,673760
2026-07-01,326.600006,332.0,322.899994,331.5,612080
2026-07-02,330.0,336.25,327.600006,333.149994,614539
2026-07-03,336.299988,336.350006,331.149994,331.149994,368288
2026-07-06,336.0,341.149994,334.5,338.5,676229
2026-07-07,343.399994,349.799988,339.25,339.350006,933665
2026-07-08,336.799988,337.350006,325.850006,327.600006,649143
2026-07-09,328.600006,329.149994,323.5,327.450012,362141
2026-07-10,330.200012,333.399994,329.200012,331.0,287378
2026-07-13,328.100006,332.649994,327.299988,327.950012,217007
2026-07-14,326.0,328.0,322.450012,324.5,319726
2026-07-15,323.0,330.25,320.549988,329.149994,345307
2026-07-16,328.149994,334.049988,327.350006,334.049988,345843
2026-07-17,333.0,336.399994,328.649994,328.850006,546478
2026-07-20,327.600006,331.5,324.950012,326.899994,251442
2026-07-21,324.700012,327.0,321.799988,325.0,266610
2026-07-22,322.450012,329.200012,321.0,326.700012,310421
2026-07-23,325.299988,327.0,315.450012,315.450012,442221
2026-07-24,315.0,318.149994,312.850006,318.149994,299702
2026-07-27,321.149994,332.850006,321.149994,331.799988,518589
2026-07-28,335.25,341.350006,334.5,341.350006,513757
2026-07-29,344.0,344.450012,333.450012,339.799988,768942
2026-07-30,334.850006,356.200012,331.799988,343.649994,1040465
2026-07-31,346.149994,349.350006,338.149994,340.100006,624155
2026-08-03,342.649994,354.75,342.549988,346.649994,705928
2026-08-04,348.600006,350.549988,344.75,348.200012,410237
2026-08-05,349.149994,353.549988,348.899994,352.5,471817
2026-08-06,354.0,361.5,352.850006,355.700012,778290
2026-08-07,355.200012,357.649994,354.149994,355.649994,415360
2026-08-10,357.75,357.75,350.350006,352.850006,259147
2026-08-11,352.299988,357.549988,351.200012,355.600006,281174
2026-08-12,356.700012,356.700012,350.549988,351.600006,410872
2026-08-13,353.799988,358.649994,352.149994,355.25,393716
2026-08-14,358.299988,361.549988,356.149994,356.799988,359610
2026-08-17,357.450012,364.299988,357.350006,361.649994,541592
2026-08-18,360.0,360.950012,356.25,357.399994,312704
2026-08-19,357.0,363.700012,354.799988,362.5,301709
2026-08-20,367.75,367.75,361.299988,364.149994,342922
2026-08-21,367.600006,372.850006,365.674988,371.100006,506706
2026-08-24,371.649994,373.0,363.75,363.75,395028
2026-08-25,362.5,363.399994,353.049988,361.799988,402219
2026-08-26,360.399994,361.899994,356.149994,356.149994,339295
2026-08-27,354.0,357.75,350.799988,355.799988,375835
2026-08-28,356.600006,365.75,356.600006,362.649994,359068
2026-08-31,360.600006,365.299988,360.600006,364.5,479231
2026-09-01,363.5,364.0,354.700012,355.5,375804
2026-09-02,354.200012,359.5,352.450012,357.049988,279686
2026-09-03,358.0,361.049988,354.350006,357.700012,365355
2026-09-04,359.0,360.350006,351.149994,353.200012,323240
2026-09-07,351.25,357.649994,350.5,356.149994,163149
2026-09-08,352.350006,356.799988,347.149994,348.299988,282454
2026-09-09,350.0,356.0,344.399994,346.0,403630
2026-09-10,347.350006,354.100006,346.450012,351.200012,313464
2026-09-11,353.950012,356.5,350.649994,356.200012,304862
2026-09-14,354.600006,357.399994,347.149994,352.149994,274066
2026-09-15,352.149994,353.700012,346.950012,352.700012,266313
2026-09-16,350.5,357.549988,348.799988,356.950012,528700
2026-09-17,360.0,362.5,356.899994,359.299988,428582
2026-09-18,360.0,361.600006,353.75,353.75,923056
2026-09-21,358.100006,363.899994,355.299988,363.350006,315199
2026-09-22,361.799988,364.850006,359.799988,360.899994,336749
2026-09-23,361.799988,367.049988,360.75,365.0,341264
2026-09-24,363.700012,368.399994,360.649994,360.649994,362927
2026-09-25,361.799988,362.350006,353.350006,357.049988,363724
2026-09-28,360.100006,364.0,347.75,347.950012,585426
2026-09-29,349.299988,356.200012,349.0,352.049988,300072
2026-09-30,354.0,355.0,346.100006,346.399994,656406
2026-10-01,346.5,350.700012,341.649994,342.0,371288
2026-10-02,342.25,348.75,341.850006,343.5,361195
2026-10-05,344.100006,345.200012,340.450012,341.200012,235190
2026-10-06,343.5,348.350006,342.399994,345.25,238126
2026-10-07,342.5,345.649994,341.299988,345.149994,277571
2026-10-08,343.0,345.700012,342.149994,342.799988,245734
