Date,Open,High,Low,Close,Volume
2000-01-03,92.665007,92.665007,89.930373,90.907028,8164300
2000-01-04,89.715517,90.04758,87.283647,87.352013,8089800
2000-01-05,87.469189,88.465377,85.789343,87.508255,12177900
2000-01-06,87.273876,88.445862,86.101891,86.101891,6227200
2000-01-07,87.703575,91.102333,87.547311,91.102333,8066500
2000-01-10,91.414856,91.825051,90.653065,91.414856,5741700
2000-01-11,91.141397,91.317194,89.695948,90.321007,7503700
2000-01-12,90.379653,90.379653,89.305333,89.422531,6907700
2000-01-13,90.301467,91.102324,89.55921,90.63353,5158300
2000-01-14,91.590665,92.176658,91.239069,91.864128,7437300
2000-01-18,90.848475,91.649333,90.75081,91.141472,6488500
2000-01-19,90.828865,91.883652,90.633534,91.883652,6157900
2000-01-20,91.864137,91.864137,89.891294,90.477287,5800100
2000-01-21,90.946123,90.946123,90.0476,90.281998,6244800
2000-01-24,91.043732,91.16093,87.137114,87.723106,7896900
2000-01-25,87.830544,88.719299,86.883189,88.719299,9942500
2000-01-26,88.13335,88.475179,87.56689,88.016151,5158100
2000-01-27,88.660716,88.895113,86.336277,87.664528,10922700
2000-01-28,87.156619,87.547281,84.714984,84.929848,11916200
2000-01-31,84.890816,87.303153,84.382956,87.234787,10768700
2000-02-01,87.351966,88.563017,86.590175,88.094223,8419900
2000-02-02,88.309118,88.914644,87.742658,88.172386,6205900
2000-02-03,88.055192,89.539707,87.508265,89.500641,7997500
2000-02-04,89.500653,90.008514,88.836528,89.129524,4925400
2000-02-07,89.110012,89.246743,88.40682,88.992813,5845800
2000-02-08,89.98894,90.360069,89.774076,90.203804,4936400
2000-02-09,90.301496,90.301496,88.299354,88.30912,8511500
2000-02-10,88.523975,89.109968,88.055181,88.484909,6690600
2000-02-11,88.660677,88.719277,86.277641,86.687836,9849800
2000-02-14,87.371507,87.371507,86.453452,87.195709,8528800
2000-02-15,87.039458,88.270043,86.131169,88.182144,11078300
2000-02-16,87.742635,88.09423,86.756214,86.883179,8845400
2000-02-17,87.781744,87.781744,86.394894,86.43396,7584200
2000-02-18,86.80505,86.80505,84.14855,84.578278,9409200
2000-02-22,84.50015,85.222875,83.464896,84.363419,16415400
2000-02-23,84.773611,85.926063,84.07042,85.359604,12119000
2000-02-24,85.437738,85.652602,83.191433,83.640694,17375000
2000-02-25,84.500202,85.457324,83.211017,83.337982,10559900
2000-02-28,83.367254,85.437762,82.957059,85.086166,13397800
2000-02-29,85.047076,85.906532,84.851745,85.906532,8242500
2000-03-01,86.023695,86.883151,85.769765,86.531555,6868000
2000-03-02,86.687845,86.961308,85.847922,86.590179,7600200
2000-03-03,87.781721,88.582577,87.332459,88.211449,12770300
2000-03-06,88.016138,88.348201,86.726954,87.352013,11967100
2000-03-07,87.508215,87.60588,84.519653,85.662338,20062000
2000-03-08,85.300994,86.16045,84.402472,85.554924,11808500
2000-03-09,85.78933,88.055168,85.086139,88.055168,5500900
2000-03-10,87.625454,88.758373,87.215259,87.586388,7924600
2000-03-13,85.437746,87.80125,84.812687,86.629265,10540500
2000-03-14,87.058979,87.566839,85.10567,85.398666,8263900
2000-03-15,85.554934,87.781706,85.047074,87.391045,10300800
2000-03-16,88.523924,91.785948,88.05513,91.473419,25601400
2000-03-17,91.373025,92.743816,91.138032,92.078003,10272900
2000-03-20,92.038852,92.332593,90.726809,91.608032,12502300
2000-03-21,91.196804,93.840473,90.550573,93.487984,13612600
2000-03-22,93.722986,94.525879,93.17467,94.055893,8260000
2000-03-23,93.468408,96.170826,93.468408,95.661674,11654500
2000-03-24,95.798733,97.600345,95.074172,96.229553,11462900
2000-03-27,96.112102,96.366678,95.132965,95.211296,8798600
2000-03-28,94.780414,95.867256,94.369177,94.662918,6334400
2000-03-29,94.976236,95.553927,93.78169,94.760826,6747500
2000-03-30,94.095048,95.201473,92.195523,93.17466,9491900
2000-03-31,93.762131,95.446246,93.017987,94.232117,9249100
2000-04-03,94.075493,94.780472,93.174687,94.780472,8508200
2000-04-04,95.093803,95.877113,88.602124,94.0755,19585500
2000-04-05,92.665509,94.506286,92.508847,93.487984,8387200
2000-04-06,94.153804,95.05461,93.370494,94.300674,6378500
2000-04-07,94.976295,95.328785,94.310482,94.897964,6023600
2000-04-10,95.093786,95.945635,94.19298,94.525887,9624200
2000-04-11,93.997118,95.01542,92.978816,94.251694,9006400
2000-04-12,94.232109,94.721677,91.58844,91.666771,10779200
2000-04-13,92.410943,92.841763,90.10018,90.393921,12225800
2000-04-14,89.375632,89.493128,83.657471,85.224091,29604000
2000-04-17,84.714911,88.200638,84.401587,88.200638,23918200
2000-04-18,88.083149,90.530991,87.59358,90.530991,11069200
2000-04-19,90.550575,90.942229,89.316862,89.688934,6553700
2000-04-20,89.963074,90.198067,89.21893,90.119736,8537600
2000-04-24,88.670624,89.806423,88.043977,89.14061,12893100
2000-04-25,90.628894,92.841743,90.511398,92.841743,14102000
2000-04-26,92.72427,93.213839,91.490558,91.79409,7711100
2000-04-27,89.610582,92.332582,89.610582,91.490524,15595300
2000-04-28,92.117185,92.65571,90.903055,90.922638,8743400
2000-05-01,91.843033,93.047371,91.39263,92.156357,7328300
2000-05-02,91.177207,92.195509,90.315567,90.315567,9411900
2000-05-03,90.237242,90.237242,87.593573,88.200638,12630700
2000-05-04,88.983951,89.209153,88.200642,88.866455,5963600
2000-05-05,88.396483,90.237261,88.318152,89.94352,7862400
2000-05-08,89.45395,89.845605,88.88605,89.267914,5064100
2000-05-09,89.649749,89.865159,87.897094,88.553116,5620300
2000-05-10,88.043959,88.3377,86.320679,86.555672,10293900
2000-05-11,87.809016,88.670656,87.182368,88.533577,7091100
2000-05-12,88.866433,89.904317,88.748936,89.49308,5960800
2000-05-15,89.453937,91.245757,88.983951,91.040138,4441300
2000-05-16,91.843025,92.567586,91.059716,91.921356,8192200
2000-05-17,91.294737,91.608061,90.53101,90.96183,5907200
2000-05-18,91.255538,91.686358,89.845581,89.845581,4325600
2000-05-19,89.336437,89.757465,87.985228,88.435631,6518400
2000-05-22,88.513988,88.651067,85.850735,87.769844,10839400
2000-05-23,88.004817,88.23981,86.203205,86.477364,7979200
2000-05-24,86.477364,88.16148,85.537393,87.887321,11081500
2000-05-25,88.161485,88.866463,86.301125,86.379456,8278900
2000-05-26,86.986515,87.534831,86.056335,86.477364,4814000
2000-05-30,87.73066,89.571438,87.397754,89.297279,5362700
2000-05-31,89.336418,90.237224,89.042677,89.49308,6056500
2000-06-01,90.041451,91.138084,89.61063,91.059753,8961600
2000-06-02,93.331346,93.42926,92.420749,92.64595,8962200
2000-06-05,92.410959,92.880945,92.038887,92.195549,6998100
2000-06-06,91.882185,92.606746,91.431782,91.784271,4858900
2000-06-07,91.882175,92.743815,91.49052,92.4207,4919500
2000-06-08,92.43049,92.587152,91.529685,92.058418,5723100
2000-06-09,92.430548,92.724289,91.255583,91.862648,3085300
2000-06-12,92.097604,92.097604,90.785561,90.785561,3678900
2000-06-13,90.746387,92.587164,90.628891,92.48925,6558700
2000-06-14,92.900526,93.292181,92.234713,92.64595,6420500
2000-06-15,92.822161,93.213815,92.019269,92.841743,5881200
2000-06-16,93.158528,93.158528,91.627478,92.078941,5567900
2000-06-19,92.000414,93.688495,91.863012,93.25666,5106900
2000-06-20,93.079959,93.511793,92.334063,92.922928,6480000
2000-06-21,92.294847,93.237032,92.265404,92.883713,3115000
2000-06-22,92.687409,92.765925,91.077844,91.470421,7490500
2000-06-23,91.588161,91.784449,90.371173,90.685234,4863300
2000-06-26,91.313379,91.862987,90.999318,91.853172,5201300
2000-06-27,91.696144,92.157422,91.08765,91.17598,4159500
2000-06-28,91.470372,92.324226,91.274084,91.431114,5347700
2000-06-29,90.920778,91.548901,90.145439,90.567459,6345700
2000-06-30,90.410423,91.450752,90.38098,91.254463,7420200
2000-07-03,91.352633,92.608879,91.195602,92.510735,1436600
2000-07-05,91.941508,92.118168,90.685262,90.842293,2748200
2000-07-06,91.038555,92.000368,90.587091,91.548904,5963200
2000-07-07,92.137759,93.452892,91.862956,93.021057,3034800
2000-07-10,92.883726,93.531479,92.667809,92.864098,2816100
2000-07-11,92.628476,93.668804,92.432188,93.06031,5431600
2000-07-12,93.766967,94.296946,93.394019,93.668823,5883000
2000-07-13,94.208612,94.453972,93.708076,94.081024,5356000
2000-07-14,94.493266,95.003616,94.01236,95.003616,5341900
2000-07-17,94.836758,95.464881,94.650284,94.846573,4208300
2000-07-18,94.610983,94.610983,93.806201,94.07119,4262100
2000-07-19,93.884758,94.159562,93.119233,93.315521,8506800
2000-07-20,93.590323,94.611023,93.47255,94.611023,4538900
2000-07-21,94.061388,94.061388,92.765884,92.765884,5656900
2000-07-24,93.040745,93.502023,92.059302,92.235962,5628500
2000-07-25,92.805199,92.864086,92.196705,92.530396,4757100
2000-07-26,92.314443,92.432216,91.480217,91.627434,12062500
2000-07-27,91.666712,92.098546,90.881558,91.313393,7652600
2000-07-28,91.529311,91.647084,88.889231,89.252365,6229500
2000-07-31,89.782344,90.52824,89.232736,89.821602,5265500
2000-08-01,90.214132,90.901141,89.90007,90.371162,3946600
2000-08-02,90.371184,91.332997,90.214153,90.822647,7439800
2000-08-03,89.743021,91.588131,89.58599,91.450729,4607100
2000-08-04,91.902187,92.157362,91.332951,91.941444,3686600
2000-08-07,92.157405,93.236991,91.941488,93.040703,4159800
2000-08-08,92.648154,93.472566,92.648154,93.394051,3658700
2000-08-09,93.678628,93.7277,92.569599,92.608856,5383800
2000-08-10,92.667783,92.873885,91.882629,92.157433,4193400
2000-08-11,92.098528,92.962197,91.431147,92.589249,5089400
2000-08-14,92.824768,93.943612,92.373305,93.766953,2966700
2000-08-15,93.806227,94.100659,93.315506,93.688454,5564600
2000-08-16,93.786632,94.179209,92.864076,93.354797,5191600
2000-08-17,93.394035,94.493251,93.178118,94.33622,5652200
2000-08-18,94.45399,94.45399,93.727723,94.022156,4626400
2000-08-21,94.238046,94.66988,93.845469,94.532478,2380600
2000-08-22,94.571761,95.042854,94.277329,94.375473,3075300
2000-08-23,94.100692,95.023247,93.767001,94.748444,5483200
2000-08-24,94.944763,95.160681,94.532558,95.042908,4529000
2000-08-25,94.94473,95.239162,94.807328,95.003616,2822200
2000-08-28,95.003563,96.043891,95.003563,95.327438,5518700
2000-08-29,95.12139,95.396194,94.7877,95.347122,3561900
2000-08-30,95.042866,95.160639,94.434372,94.434372,3964800
2000-08-31,94.885823,96.161697,94.787678,95.690605,4863100
2000-09-01,96.259834,96.475751,95.474681,95.788742,3191200
2000-09-05,95.396218,95.602321,94.728837,95.02327,3470800
2000-09-06,94.964334,95.44524,93.924005,93.943634,4322200
2000-09-07,94.375496,94.89566,94.110506,94.748444,4265500
2000-09-08,94.39511,94.532512,93.79643,94.100677,3518200
2000-09-11,94.061401,94.964328,93.39402,93.963257,3937500
2000-09-12,94.061414,94.375476,93.237003,93.27626,4769100
2000-09-13,92.962207,93.806248,92.74629,93.521629,7691600
2000-09-14,94.139946,94.179203,93.060359,93.992729,3397100
2000-09-15,93.313796,93.353152,91.936325,91.936325,4085700
2000-09-18,92.172463,92.546347,90.804831,91.090164,5109300
2000-09-19,91.385392,92.133162,91.119737,91.916702,6588200
2000-09-20,91.739571,91.95603,90.14564,91.237778,6508100
2000-09-21,90.972111,91.660847,89.8111,89.850456,5972300
2000-09-22,89.811121,91.503443,89.683213,91.483765,7791300
2000-09-25,91.897002,91.975714,90.499852,90.834381,9726300
2000-09-26,90.913087,91.30665,89.673363,89.673363,5302400
2000-09-27,90.401454,90.65727,89.496258,90.145638,7186200
2000-09-28,90.16533,92.142985,89.978388,91.306664,7036400
2000-09-29,91.601799,91.91665,90.440788,90.440788,9333600
2000-10-02,90.854077,91.24764,90.135824,90.578583,5517800
2000-10-03,91.011471,91.77892,89.594644,89.732391,9347200
2000-10-04,89.968547,90.834386,89.260133,90.480179,6148900
2000-10-05,90.303067,91.208262,90.244033,90.795021,4566900
2000-10-06,90.598244,91.080359,88.000727,88.827209,10014900
2000-10-09,88.984655,88.984655,87.764609,88.158173,4508000
2000-10-10,88.217176,88.945268,86.701958,86.701958,6104700
2000-10-11,86.662613,87.292314,85.08836,85.973877,10346000
2000-10-12,86.44616,86.642941,83.612504,83.828964,12336900
2000-10-13,83.710834,86.682234,83.671478,86.623199,11778800
2000-10-16,86.524876,87.046348,86.072279,87.01683,5659000
2000-10-17,87.17421,87.252923,84.635728,84.852188,7831700
2000-10-18,83.514105,85.718058,81.95953,84.537369,10897300
2000-10-19,86.170653,87.813779,85.914837,87.725227,8767300
2000-10-20,87.134891,88.905926,87.134891,88.099121,7373500
2000-10-23,88.118806,88.807542,87.489105,88.492691,5290000
2000-10-24,88.768121,89.378144,87.528398,87.902283,5750700
2000-10-25,87.371032,87.882665,85.718067,85.836136,9137600
2000-10-26,86.347767,86.682296,84.39963,86.072273,9345800
2000-10-27,86.820026,87.705544,86.0329,87.705544,9762900
2000-10-30,87.174254,88.846898,86.997151,88.492691,10154100
2000-10-31,88.797677,90.48016,88.197494,90.017723,7752400
2000-11-01,89.574968,90.204669,88.925589,89.712715,6753600
2000-11-02,90.145616,90.617892,89.742214,89.860283,11395100
2000-11-03,90.342358,90.519462,89.653623,89.909439,5187100
2000-11-06,90.145621,90.863874,90.066909,90.539185,4042500
2000-11-07,90.13586,90.67701,89.771814,90.519585,5231300
2000-11-08,90.716274,90.716274,88.512321,88.512321,6123300
2000-11-09,88.158125,88.925573,86.426447,88.177803,10635300
2000-11-10,87.528446,87.823618,85.973871,86.032906,8569500
2000-11-13,85.403217,86.259217,83.760091,85.363861,17285300
2000-11-14,86.564213,87.922005,86.26904,87.607155,7668900
2000-11-15,87.567764,88.226982,86.741281,87.882614,8837700
2000-11-16,87.262743,88.079386,86.465778,86.505135,6684100
2000-11-17,86.465805,87.528425,85.481897,86.042725,6551100
2000-11-20,85.481893,85.875456,84.576698,84.812836,5458500
2000-11-21,84.930915,85.757398,84.074915,85.245766,7684300
2000-11-22,84.596394,84.930922,83.199244,83.209084,5736900
2000-11-24,84.143769,84.989929,84.143769,84.911217,3411600
2000-11-27,85.934521,86.072268,85.206429,85.659027,5992000
2000-11-28,85.088346,86.01322,84.153634,84.183151,5336100
2000-11-29,84.616079,85.580308,83.917504,84.025734,6914100
2000-11-30,83.43537,84.065071,81.703692,83.297623,11201600
2000-12-01,83.868278,84.419266,82.490807,83.258255,7587200
2000-12-04,83.041847,84.301249,82.805709,83.966721,6996600
2000-12-05,84.930907,87.056147,84.635734,86.721619,8883400
2000-12-06,86.760963,87.11517,85.029286,85.334297,12888000
2000-12-07,84.930877,85.560578,84.163429,84.163429,6529100
2000-12-08,86.308421,87.82364,84.301248,84.360283,10276300
2000-12-11,86.505201,87.882673,86.09196,87.292328,6405600
2000-12-12,87.016794,87.410357,86.505162,86.918404,5022900
2000-12-13,87.685835,87.784226,85.658986,85.727859,6070500
2000-12-14,85.560585,85.954148,84.399574,84.635712,7678400
2000-12-15,84.086094,84.086094,82.467536,82.724136,9065300
2000-12-18,83.414959,84.303192,83.227443,83.829468,7235400
2000-12-19,83.671559,85.25064,82.122086,82.122086,9616600
2000-12-20,81.243711,81.441096,79.644891,79.743584,9994300
2000-12-21,79.585663,81.391737,79.289585,80.296249,14331500
2000-12-22,81.480603,82.812953,81.381911,82.704391,10182900
2000-12-26,82.645172,83.592621,82.289879,83.592621,4665300
2000-12-27,83.217565,84.470961,82.901749,84.204491,4854100
2000-12-28,83.888681,84.55979,83.750511,84.461098,8358700
2000-12-29,84.678209,84.816379,82.862267,82.862267,8774600
2001-01-02,83.375488,83.474181,80.572619,81.36216,8737500
2001-01-03,81.046336,85.902011,80.631827,85.270378,19431600
2001-01-04,85.230872,85.566427,84.007085,84.352509,9219000
2001-01-05,84.303183,84.401875,81.599007,81.599007,12911400
2001-01-08,82.03329,82.230675,80.651593,82.230675,6625300
2001-01-09,82.773452,83.05966,81.747049,82.013519,5702400
2001-01-10,81.480593,83.454445,81.362162,83.454445,8746100
2001-01-11,82.803107,84.313104,82.803107,83.533432,7245100
2001-01-12,83.80972,84.461091,82.921487,83.375473,7244000
2001-01-16,83.375469,84.125533,83.069522,83.908409,8542200
2001-01-17,85.171684,85.299984,83.780118,84.29332,7851400
2001-01-18,84.283461,85.714504,83.967645,85.132217,8107000
2001-01-19,86.020432,86.020432,84.559782,84.648605,7782500
2001-01-22,84.796658,85.763845,84.36241,85.211166,7050900
2001-01-23,84.934822,86.316518,84.737437,85.882271,8463100
2001-01-24,86.059939,86.731049,85.803338,86.138893,6199900
2001-01-25,86.05993,86.691563,85.684898,85.921761,10818300
2001-01-26,85.369081,85.980975,84.924964,85.823067,7136800
2001-01-29,85.586206,86.470488,85.504091,86.281006,6705900
2001-01-30,86.091499,87.114741,85.769361,87.038948,7069100
2001-01-31,86.786294,87.607418,86.280995,86.54628,9706900
2001-02-01,86.596809,87.133691,86.059918,87.121056,8239100
2001-02-02,86.786297,87.158967,85.112475,85.144058,8276600
2001-02-05,85.144023,85.864083,85.11244,85.769333,4352900
2001-02-06,85.459871,86.344153,85.40934,85.516716,7106700
2001-02-07,85.093548,85.523054,84.436645,85.0746,5748700
2001-02-08,85.144041,85.523014,84.070268,84.082893,5943300
2001-02-09,84.228224,84.228224,82.908104,83.274452,9913000
2001-02-12,83.185988,84.322929,83.185988,84.228188,5804400
2001-02-13,84.449225,84.746093,83.375452,83.539673,6587600
2001-02-14,83.786014,83.786014,82.529072,83.413353,8400100
2001-02-15,83.906054,84.335569,83.369172,84.22187,5929800
2001-02-16,82.743851,82.927021,81.670078,82.364868,6434900
2001-02-20,82.769098,82.832265,80.912107,81.095276,5760000
2001-02-21,80.785794,81.379525,79.269875,79.345673,10910800
2001-02-22,79.806742,79.926754,77.703405,79.46566,21281600
2001-02-23,79.004554,79.295105,76.932802,78.928757,20173000
2001-02-26,79.459354,80.608925,78.63823,80.608925,11503700
2001-02-27,80.090997,80.747891,79.276191,79.863609,11415000
2001-02-28,80.059429,80.116273,77.861345,78.290855,14825800
2001-03-01,78.354029,78.701424,76.901272,78.701424,14672000
2001-03-02,77.375013,79.364658,77.248689,78.076126,12564300
2001-03-05,78.41721,78.815137,78.202453,78.789871,5293200
2001-03-06,79.806746,80.691032,79.263542,79.636208,6917000
2001-03-07,80.154165,80.242593,79.434104,80.204697,6371700
2001-03-08,79.96467,80.368914,79.674119,80.293121,6055000
2001-03-09,79.648885,79.648885,77.760305,77.918213,10020300
2001-03-12,77.273911,77.374975,74.374721,74.58316,13972900
2001-03-13,75.416893,76.073791,74.235739,75.808502,12888000
2001-03-14,73.932553,75.347408,73.111429,74.311531,19883400
2001-03-15,74.81686,75.075832,74.128383,74.330505,10370300
2001-03-16,74.182301,74.353303,72.712968,72.839638,58514600
2001-03-19,73.314643,74.536976,72.719308,74.32164,10067800
2001-03-20,74.669957,75.024622,72.269624,72.326622,15083900
2001-03-21,72.313983,72.997984,70.869984,71.097984,19004600
2001-03-22,70.945949,71.313284,68.425287,70.375954,28624800
2001-03-23,71.724958,72.61796,70.616625,72.50396,12861700
2001-03-26,73.276646,73.637646,72.687646,73.42865,9943800
2001-03-27,73.226001,75.145,73.010665,74.929665,12880700
2001-03-28,74.03665,74.068314,72.769984,72.85865,10953300
2001-03-29,72.643287,73.783288,71.021956,73.137291,12060300
2001-03-30,73.181619,73.903618,72.516617,73.903618,9183600
2001-04-02,73.656625,74.340621,72.073293,72.326622,10561000
2001-04-03,72.187256,72.294922,69.704589,69.913589,12836000
2001-04-04,70.027616,70.996615,69.223285,70.204948,14884300
2001-04-05,71.756665,73.143661,71.249996,72.864998,21522800
2001-04-06,72.193649,72.453318,70.971316,71.756653,14937800
2001-04-09,72.199977,72.826975,71.42731,72.554642,9034300
2001-04-10,73.118301,74.574969,72.940968,73.878304,17873600
2001-04-11,75.227316,75.360315,73.555316,73.928986,12722300
2001-04-12,73.65664,75.328639,73.441305,75.271637,9233200
2001-04-16,74.916982,75.296981,74.042984,74.47998,7350000
2001-04-17,74.296346,75.784684,74.112679,75.531349,10924700
2001-04-18,76.671294,79.799961,76.436964,78.533295,32481600
2001-04-19,78.691633,79.69863,78.267301,79.5783,13809900
2001-04-20,79.103302,79.419969,78.31797,78.849968,7626700
2001-04-23,78.31165,78.463648,77.209651,77.418648,8451800
2001-04-24,77.595994,78.311663,76.696662,77.000664,10044700
2001-04-25,76.899304,78.324304,76.601637,78.007637,8249000
2001-04-26,78.362322,79.305987,78.216653,78.355988,10590400
2001-04-27,79.115978,79.698643,78.659977,79.660645,7938700
2001-04-30,80.084968,80.604301,78.957635,80.217972,10766900
2001-05-01,79.210987,80.528321,78.913319,80.464989,10578000
2001-05-02,80.692967,80.870299,79.799965,80.319298,9572900
2001-05-03,79.882279,79.894948,78.672616,79.299614,9926200
2001-05-04,78.311633,80.654963,78.178633,80.648628,12145300
2001-05-07,80.344641,80.673972,79.945643,79.951973,7185200
2001-05-08,80.34463,80.496629,79.521295,79.913963,6952600
2001-05-09,79.324966,80.148301,79.204631,79.5783,9507400
2001-05-10,80.597982,80.74998,79.654312,79.812645,6872400
2001-05-11,79.79999,80.110322,78.786658,79.261658,7734400
2001-05-14,79.103324,79.445324,78.824656,79.419991,7914000
2001-05-15,79.514974,80.116639,79.071638,79.787308,9782200
2001-05-16,79.065298,81.82663,78.925968,81.668297,14909000
2001-05-17,81.699964,82.383965,81.421296,81.79496,11824600
2001-05-18,81.756991,82.168663,81.129997,82.168663,6683100
2001-05-21,82.231957,83.498623,81.794956,83.378288,11531500
2001-05-22,83.492308,83.656971,83.010978,83.270638,8342700
2001-05-23,82.998293,82.998293,81.858292,81.858292,12330800
2001-05-24,81.997671,82.333337,81.415005,82.099007,7902800
2001-05-25,82.11161,82.143278,81.003282,81.129951,7425000
2001-05-29,81.20597,81.288306,80.36997,80.483971,9003900
2001-05-30,80.173647,80.490313,79.166649,79.356651,10041800
2001-05-31,79.43901,80.281344,79.331344,79.768341,9874200
2001-06-01,79.926651,80.496652,79.242655,80.262321,8848300
2001-06-04,80.306633,80.705631,79.850632,80.648628,5623500
2001-06-05,80.743641,81.845639,80.604307,81.573311,9115400
2001-06-06,81.592326,81.592326,80.661325,80.89566,12064900
2001-06-07,80.464982,81.288317,80.433313,81.186981,7355300
2001-06-08,80.876635,80.984305,79.888637,80.433304,8170600
2001-06-11,80.24963,80.426963,79.4263,79.863297,7012200
2001-06-12,79.078001,80.268666,78.558668,79.723999,9364400
2001-06-13,79.907626,80.167295,78.944962,79.039963,7629400
2001-06-14,78.647345,78.723347,77.108345,77.266678,12603000
2001-06-15,76.794098,77.740447,76.470178,77.391121,16821100
2001-06-18,77.26409,77.765847,76.794092,77.016388,11368300
2001-06-19,77.727754,78.051674,76.781405,77.353027,7732300
2001-06-20,76.971933,78.032607,76.914769,77.759499,8787200
2001-06-21,77.626143,78.953571,77.581683,78.642357,12259100
2001-06-22,78.432754,78.496266,77.588029,78.026268,12212000
2001-06-25,78.299387,78.401011,77.168848,77.308578,8406800
2001-06-26,76.787769,77.734118,76.578173,77.200607,8005800
2001-06-27,77.232364,77.63885,76.794124,77.156151,10105100
2001-06-28,77.486417,78.718579,77.441958,77.581688,10269300
2001-06-29,77.994469,78.762981,77.651496,77.867439,9824200
2001-07-02,77.994493,78.959895,77.880169,78.839218,8522200
2001-07-03,78.743962,78.820175,78.153287,78.820175,3303100
2001-07-05,78.166009,78.534388,77.270472,77.283173,5517900
2001-07-06,77.048147,77.162472,75.612747,75.612747,11665900
2001-07-09,75.892227,76.55912,75.708037,76.025604,8339300
2001-07-10,76.400345,76.622642,75.079264,75.111023,8630700
2001-07-11,75.009381,75.511138,74.367894,75.187218,15328600
2001-07-12,75.898575,77.149791,75.777898,76.971954,12002800
2001-07-13,76.749666,77.689667,76.60994,77.638855,10433800
2001-07-16,77.340309,77.664229,76.400313,76.667068,6915300
2001-07-17,76.343146,77.454631,76.108149,77.384766,7469800
2001-07-18,76.571807,77.257753,76.25424,76.85762,7709300
2001-07-19,77.600718,78.108828,76.698829,77.530853,10082900
2001-07-20,76.94655,77.448307,76.800467,77.067223,6705800
2001-07-23,77.359385,77.410192,75.549248,75.549248,8065200
2001-07-24,75.580999,75.708024,74.151947,74.81884,12269000
2001-07-25,74.895072,75.885886,74.602911,75.644531,12088500
2001-07-26,75.619099,76.75599,75.301532,76.438423,12898200
2001-07-27,76.743289,77.073556,76.158966,76.730583,8478800
2001-07-30,76.97193,77.073549,76.40666,76.755981,8547700
2001-07-31,76.851289,77.918316,76.724264,77.073586,11918100
2001-08-01,77.467341,77.930986,77.200585,77.556259,11940800
2001-08-02,78.267641,78.280341,77.416558,77.873856,11070100
2001-08-03,77.715036,77.715036,76.78774,77.44828,10816300
2001-08-06,77.073589,77.175212,76.27967,76.4067,8550100
2001-08-07,76.387587,76.978262,76.158943,76.705154,8865100
2001-08-08,76.292368,76.952908,75.218989,75.282501,15183800
2001-08-09,75.390474,75.561964,74.856964,75.504799,14118500
2001-08-10,75.45393,76.114465,74.52663,75.765144,11173300
2001-08-13,75.96207,76.120854,75.460313,75.784233,7431600
2001-08-14,76.305056,76.438434,75.453978,75.752487,13178100
2001-08-15,75.727068,75.968418,74.996663,75.098282,8520600
2001-08-16,74.81884,75.422216,74.310731,75.358704,10734700
2001-08-17,74.723554,74.863284,73.681934,74.151932,11604600
2001-08-20,74.183711,74.882357,74.024927,74.837898,10417400
2001-08-21,74.818856,75.288854,73.548586,73.561287,14480800
2001-08-22,74.151964,74.583856,73.535883,74.323448,11752300
2001-08-23,74.285351,74.641024,73.986836,74.056702,8744100
2001-08-24,74.444112,75.663569,74.145598,75.593704,11687700
2001-08-27,75.561952,75.708031,75.111007,75.142761,7425100
2001-08-28,75.123695,75.257072,74.043968,74.043968,12046600
2001-08-29,74.3933,74.425058,73.148437,73.383438,16180000
2001-08-30,72.945151,73.51042,71.160425,71.973396,17692600
2001-08-31,72.024229,72.89436,71.85274,72.50058,15985400
2001-09-04,72.31005,73.783561,72.005188,72.036942,24473400
2001-09-05,72.214798,72.526017,71.103312,72.214798,21477100
2001-09-06,71.547931,71.960769,70.353874,70.353874,21653000
2001-09-07,69.877506,70.658724,68.994669,69.051834,33133900
2001-09-10,68.403998,70.087106,68.403998,69.896568,23408700
2001-09-17,64.148606,67.578335,63.513471,66.244553,32388700
2001-09-18,66.263553,66.879634,65.647472,66.085716,22029200
2001-09-19,66.117485,66.37154,62.59884,64.751945,42771800
2001-09-20,63.767501,64.663038,62.598851,62.694122,36210900
2001-09-21,60.105151,63.107858,59.799146,62.017704,49782100
2001-09-24,63.573264,64.491291,63.1525,64.198029,25549600
2001-09-25,64.229906,65.026803,63.688017,64.867424,25466200
2001-09-26,65.249925,65.281803,64.025893,64.637909,18587500
2001-09-27,64.548655,65.211674,63.751758,65.198921,20536800
2001-09-28,65.651554,69.88467,65.345543,66.582329,21687200
2001-10-01,66.238082,66.505839,65.555939,66.473961,20457400
2001-10-02,66.301826,67.309105,66.078696,67.309105,19833100
2001-10-03,66.684342,68.775399,66.524962,68.437515,32045800
2001-10-04,69.036739,69.470251,68.054962,68.49485,32674100
2001-10-05,68.373771,68.609654,67.270863,68.361023,29796100
2001-10-08,67.748986,68.405633,67.493982,67.914742,12970300
2001-10-09,67.965748,68.055001,67.321854,67.551361,15976300
2001-10-10,67.449366,69.202539,67.270857,69.055908,19987400
2001-10-11,69.457535,70.318187,69.457535,70.12693,23006300
2001-10-12,69.585067,70.056829,68.40566,69.808197,31360500
2001-10-15,69.253562,69.776326,68.890177,69.680702,16873000
2001-10-16,69.999435,70.515822,69.457541,70.12056,15877100
2001-10-17,70.809086,70.860088,68.628777,68.628777,28542300
2001-10-18,68.73714,68.953898,68.054996,68.482132,16510000
2001-10-19,68.214385,68.794528,67.583244,68.437515,21912500
2001-10-22,68.405658,69.852821,68.348279,69.78907,17540600
2001-10-23,70.101443,70.305449,69.094164,69.432053,22062500
2001-10-24,69.476653,69.776282,68.992139,69.247147,16065200
2001-10-25,68.501239,70.50942,68.048603,70.490295,27467900
2001-10-26,70.09508,71.268115,69.916576,70.330963,18623300
2001-10-29,70.228928,70.477559,68.501251,68.501251,18727500
2001-10-30,68.437475,68.660605,67.296319,67.678833,26178600
2001-10-31,68.15064,68.762656,67.449371,67.449371,28124200
2001-11-01,67.959379,69.495799,67.385612,69.17704,29806800
2001-11-02,69.132378,69.731641,68.768993,69.648766,17575900
2001-11-05,70.203462,70.82185,70.09508,70.560471,15929500
2001-11-06,70.350069,71.707985,70.031311,71.656982,23245800
2001-11-07,71.255353,72.116005,71.172477,71.561363,19716000
2001-11-08,71.956571,72.727967,71.338179,71.784439,22563500
2001-11-09,71.561366,72.014003,71.044978,71.861,15895800
2001-11-12,70.764447,71.816352,70.126929,71.421089,26068800
2001-11-13,72.319981,73.027626,72.154225,73.027626,15296200
2001-11-14,73.422886,73.569517,72.492111,73.097755,17571300
2001-11-15,72.91293,73.429318,72.632421,73.231689,19470200
2001-11-16,73.365538,73.378286,72.294508,72.906525,18134900
2001-11-19,73.263531,73.856423,72.963897,73.80542,13625400
2001-11-20,73.550427,73.82456,73.085037,73.187042,16209700
2001-11-21,72.995749,73.104126,72.364608,72.702492,11470200
2001-11-23,72.702496,73.79265,72.676994,73.748024,6717100
2001-11-26,73.792672,74.168805,73.359159,73.907425,13726000
2001-11-27,73.709799,74.525821,72.734393,73.588669,19261400
2001-11-28,73.148759,73.422891,72.198859,72.256233,20195500
2001-11-29,72.460293,73.263562,72.039529,73.231689,16354700
2001-11-30,72.932038,73.257174,72.689778,72.708908,13680300
2001-12-03,72.453849,72.727982,72.045838,72.275345,15220400
2001-12-04,72.625989,73.505766,72.262604,73.49939,17239900
2001-12-05,73.703394,75.227061,73.671516,74.844551,25204000
2001-12-06,74.806305,75.188819,74.544925,74.806305,17972900
2001-12-07,74.52581,74.646935,73.760786,74.309052,18857800
2001-12-10,73.856379,74.200639,72.900103,72.919228,13862700
2001-12-11,73.250767,73.773531,72.613249,72.772629,20833300
2001-12-12,73.02767,73.174296,72.109643,72.855537,16171500
2001-12-13,72.326342,72.485721,71.427445,71.440193,19026700
2001-12-14,71.612349,72.351867,71.401967,72.12236,16721900
2001-12-17,72.033089,72.90649,71.975715,72.86824,13925900
2001-12-18,73.078646,73.410158,72.893765,73.301781,13663700
2001-12-19,72.734363,73.901021,72.676989,73.818146,20143400
2001-12-20,73.633251,73.824508,73.027611,73.091362,14867900
2001-12-21,73.585876,73.611465,73.054916,73.534698,14037700
2001-12-24,73.457952,73.592291,73.317215,73.393982,5728800
2001-12-26,73.342803,74.34075,73.342803,73.796997,10304800
2001-12-27,73.75862,74.257594,73.726633,74.244797,9407300
2001-12-28,74.391922,74.686188,74.155228,74.206406,10593800
2001-12-31,74.302367,74.455897,73.074125,73.118904,14619500
2002-01-02,73.637031,74.046445,72.805406,73.905708,18651900
2002-01-03,73.982492,74.814112,73.912123,74.743744,15743000
2002-01-04,74.954879,75.473048,74.558262,75.242752,20140700
2002-01-07,75.293895,75.479412,74.564626,74.711761,13106500
2002-01-08,74.711764,74.884484,74.187202,74.53904,12683700
2002-01-09,74.641384,75.345064,73.784169,73.931305,16610300
2002-01-10,74.008105,74.430311,73.758618,74.257591,12823400
2002-01-11,74.34072,74.385499,73.374756,73.52829,13708400
2002-01-14,73.342794,73.464336,72.901392,73.067719,12301100
2002-01-15,73.278864,73.816218,72.863051,73.662689,20219900
2002-01-16,73.118885,73.182855,72.088951,72.172112,17067000
2002-01-17,72.773427,73.080485,72.543131,72.715851,17283400
2002-01-18,72.287275,72.831027,72.076169,72.383232,17028000
2002-01-22,72.76703,72.882178,71.660329,71.884232,11689300
2002-01-23,72.050572,72.63911,71.660349,72.434402,12438900
2002-01-24,72.696683,73.086907,72.491976,72.658302,12142800
2002-01-25,72.364024,73.042115,72.312846,72.639099,12810700
2002-01-28,72.863029,73.048546,72.236111,72.83744,10589200
2002-01-29,72.831014,73.010132,70.400118,70.547249,27720800
2002-01-30,70.617596,72.536726,69.344574,71.564369,34711800
2002-01-31,71.743496,72.479164,71.404451,72.402397,19909200
2002-02-01,72.34487,72.479213,71.756337,72.0634,15838500
2002-02-04,71.794716,71.794716,70.009923,70.272202,24243400
2002-02-05,69.984324,70.681606,69.427774,69.837189,33614000
2002-02-06,70.144273,70.201844,69.12713,69.536545,29486000
2002-02-07,69.549294,70.278563,69.088702,69.101494,23445400
2002-02-08,69.491744,70.847931,69.280643,70.42572,19277800
2002-02-11,70.400132,71.41727,70.252997,71.28933,18792400
2002-02-12,70.982239,71.462021,70.387308,71.065399,13942500
2002-02-13,71.314908,71.992999,71.231742,71.820274,16781100
2002-02-14,71.973832,72.268098,71.385294,71.685959,20453800
2002-02-15,71.743544,71.801116,70.82236,70.937508,18366800
2002-02-19,70.464095,70.553654,69.47894,69.574898,15988100
2002-02-20,69.76041,70.74556,68.973564,70.74556,29242800
2002-02-21,70.323381,70.771177,69.255066,69.280655,26288600
2002-02-22,69.312613,70.329755,69.005555,70.13784,26572900
2002-02-25,70.201826,71.526027,70.176237,71.295731,17458700
2002-02-26,71.391701,71.673175,70.7328,71.148613,22346500
2002-02-27,71.621984,72.197725,70.783965,71.423676,28597900
2002-02-28,71.538816,72.127349,71.027046,71.103813,23755400
2002-03-01,71.468475,72.831057,71.334137,72.760689,26273600
2002-03-04,72.863038,74.20003,72.70311,74.046501,27184600
2002-03-05,73.777778,74.462268,73.547482,73.809761,22718900
2002-03-06,73.63068,74.942088,73.611489,74.686203,20143200
2002-03-07,75.076427,75.165986,73.931345,74.526276,19330800
2002-03-08,75.089201,75.421853,74.513465,74.839714,19930100
2002-03-11,74.775751,75.42186,74.481485,74.999649,15621800
2002-03-12,74.27039,75.006058,74.168039,74.95488,17153600
2002-03-13,74.609429,74.686196,73.976117,74.232002,17175300
2002-03-14,74.231987,74.481474,73.969703,74.129631,11168100
2002-03-15,74.399719,75.028428,74.354811,74.835968,21220100
2002-03-18,75.12468,75.419789,74.483137,74.848816,17548900
2002-03-19,75.252993,75.535268,74.94505,75.34922,17912000
2002-03-20,74.739734,74.791059,73.899315,73.931389,17114500
2002-03-21,73.96991,74.354835,73.212889,73.963493,25846800
2002-03-22,74.098179,74.380459,73.584943,73.80307,15235400
2002-03-25,73.835146,74.008366,72.686789,72.885666,17499600
2002-03-26,72.827933,73.790247,72.795858,73.30909,19947600
2002-03-27,73.155161,73.783875,72.981946,73.501595,19020300
2002-03-28,73.758195,74.271426,73.456669,73.469498,17532900
2002-04-01,73.283472,73.841612,72.815144,73.501595,17711000
2002-04-02,73.123052,73.745344,72.988323,73.097389,15669500
2002-04-03,73.142304,73.270611,71.955451,72.58416,25658500
2002-04-04,72.237723,72.750959,72.000355,72.282631,23549000
2002-04-05,72.616235,72.89851,71.968275,72.295464,19404900
2002-04-08,71.416578,72.513616,71.358842,72.449463,16470100
2002-04-09,72.60984,72.60984,71.807911,71.942635,15122700
2002-04-10,71.916931,72.840754,71.910514,72.757355,17199300
2002-04-11,72.423762,72.526411,70.890475,70.948212,25453700
2002-04-12,71.224095,71.62827,70.595385,71.480713,14950600
2002-04-15,71.609016,71.762985,70.698022,70.935394,17394900
2002-04-16,71.660343,72.699645,71.641098,72.622658,15040900
2002-04-17,72.744553,72.924184,72.237733,72.468689,12920100
2002-04-18,72.430222,72.789484,71.307521,72.154358,25204800
2002-04-19,72.622652,72.648314,72.212065,72.417358,10499200
2002-04-22,72.09657,72.128649,71.108593,71.211243,13922900
2002-04-23,71.268992,71.519198,70.678774,70.903313,16967000
2002-04-24,70.928971,71.730899,70.184783,70.1912,18902700
2002-04-25,70.062888,70.402905,69.748533,70.229691,25451500
2002-04-26,70.434998,70.576138,68.831141,68.895294,19769800
2002-04-29,69.241703,69.453413,68.407695,68.555252,17724400
2002-04-30,68.657932,69.697234,68.414147,69.196831,19473500
2002-05-01,69.267366,70.08854,68.516763,70.043633,24575600
2002-05-02,69.992323,70.511976,69.145486,69.7742,15666800
2002-05-03,69.671545,69.774194,68.773384,69.017174,18185500
2002-05-06,69.055668,69.280207,67.560872,67.663521,23630400
2002-05-07,68.067713,68.208854,67.297864,67.42617,21910000
2002-05-08,68.677162,70.159125,68.51036,69.934586,27917400
2002-05-09,69.703633,69.992325,69.017182,69.126244,18085600
2002-05-10,69.267362,69.318686,67.746904,67.823891,18958900
2002-05-13,68.144685,69.254552,67.868821,69.203232,14677700
2002-05-14,70.325891,70.807048,69.928133,70.710815,34201200
2002-05-15,70.248957,71.153535,70.114234,70.435005,29535300
2002-05-16,70.377246,70.877654,70.139878,70.800667,28092000
2002-05-17,70.993133,71.371641,70.633866,71.147102,27823700
2002-05-20,70.980279,71.012359,70.242504,70.377228,13833800
2002-05-21,70.640311,70.877684,69.491948,69.735733,16877200
2002-05-22,69.427798,70.005187,69.286657,69.889709,15844200
2002-05-23,70.094979,70.800676,69.594577,70.633873,13879800
2002-05-24,70.556854,70.697989,69.677939,69.729263,11877000
2002-05-28,69.960238,70.011557,68.933765,69.350769,24236900
2002-05-29,69.042841,69.299454,68.728481,68.837547,14773300
2002-05-30,68.356434,68.972315,67.93943,68.645126,18217900
2002-05-31,68.901733,69.64592,68.548882,68.786255,19826300
2002-06-03,68.702801,69.02999,66.803836,66.957809,26056300
2002-06-04,66.816666,67.490282,66.431741,67.124603,25856200
2002-06-05,67.329913,67.791825,66.944989,67.753334,19695900
2002-06-06,67.708418,67.746909,66.175132,66.374008,22998500
2002-06-07,65.296237,66.669139,65.257746,66.297043,24011600
2002-06-10,66.232901,67.015585,66.091761,66.553673,18759900
2002-06-11,66.803836,67.066871,65.264138,65.41169,19990700
2002-06-12,65.251357,65.957054,64.654722,65.809502,31266000
2002-06-13,65.520765,66.078909,65.013946,65.148674,21043900
2002-06-14,64.353168,65.155096,63.191977,65.052452,39267500
2002-06-17,65.386065,66.938598,65.341157,66.797462,17647200
2002-06-18,66.553658,67.381249,66.483088,67.342758,21628500
2002-06-19,66.39968,66.996315,65.591334,65.770966,21540700
2002-06-20,65.604164,66.110983,64.770156,64.930542,25691000
2002-06-21,64.681389,64.977531,63.529008,63.915279,31190700
2002-06-24,63.483959,64.82304,62.608407,64.250069,37169700
2002-06-25,64.571986,64.951819,62.795129,62.808002,33355000
2002-06-26,61.288642,63.187821,61.282208,62.910992,37913600
2002-06-27,63.413133,64.050482,62.170622,64.011856,31616400
2002-06-28,63.889527,64.700701,63.657762,63.709267,28184200
2002-07-01,63.850959,64.250109,62.376682,62.466812,20270200
2002-07-02,62.357331,62.576217,61.011811,61.140572,34213900
2002-07-03,60.915257,61.700674,60.335846,61.488228,30565800
2002-07-05,62.305858,64.076277,62.228607,63.934643,19013500
2002-07-08,63.722149,64.185672,62.807966,63.136299,19118600
2002-07-09,62.917422,63.310128,61.166318,61.54615,28620400
2002-07-10,61.803675,61.84874,59.254274,59.305779,50522500
2002-07-11,59.074037,60.097659,58.14698,59.788643,59476500
2002-07-12,60.084767,60.445287,58.919507,59.131958,39018600
2002-07-15,58.996783,59.486064,56.582576,59.447433,77317200
2002-07-16,58.662012,59.473182,57.857276,58.301487,53282400
2002-07-17,59.524667,60.065452,57.780002,58.417351,48880600
2002-07-18,58.391606,58.649123,56.492432,56.524624,32656700
2002-07-19,55.855053,56.363647,54.271335,54.535286,77572600
2002-07-22,54.142606,55.307866,52.436566,52.919407,78134000
2002-07-23,53.144728,53.588939,51.342119,51.470875,74484100
2002-07-24,50.299173,54.799257,50.009471,54.54174,107022800
2002-07-25,54.252053,55.26924,52.533138,54.078232,87176600
2002-07-26,54.496672,55.32072,53.949453,55.108269,41206800
2002-07-29,56.331487,58.159844,56.202732,57.792885,53492900
2002-07-30,57.503173,58.842254,57.116901,58.546112,47532200
2002-07-31,58.256406,58.938825,57.45811,58.687748,44669900
2002-08-01,58.507476,58.810057,56.865819,57.155521,66571900
2002-08-02,56.975271,57.239227,55.121162,55.874393,51772900
2002-08-05,55.681266,55.964535,53.788531,53.930161,47191300
2002-08-06,54.870096,56.58901,54.792839,55.745644,64730000
2002-08-07,56.569705,56.97529,55.217745,56.717773,43289400
2002-08-08,56.923753,58.649105,56.524607,58.552536,48339800
2002-08-09,58.005329,59.189902,57.522488,58.771439,41879200
2002-08-12,57.934502,58.75855,57.651238,58.340092,25841700
2002-08-13,58.037491,59.009612,57.071809,57.277821,49690500
2002-08-14,57.31003,59.634106,56.666242,59.370155,57423600
2002-08-15,59.7693,60.509657,59.357276,60.194202,45551500
2002-08-16,59.756461,60.567636,59.228554,60.013977,36517300
2002-08-19,60.168453,61.642729,59.936689,61.417404,33669900
2002-08-20,61.044007,61.417405,60.271463,60.767178,30508300
2002-08-21,61.19853,61.662059,60.239287,61.642746,39628900
2002-08-22,61.475342,62.544033,61.204952,62.241451,38399800
2002-08-23,61.81011,61.90024,60.612664,60.902367,33716400
2002-08-26,61.101942,61.571904,60.194198,61.327267,33830100
2002-08-27,61.610532,61.964618,60.1942,60.619102,35335700
2002-08-28,60.052559,60.187754,59.099755,59.292889,38970600
2002-08-29,58.758533,59.90448,58.462391,59.31863,42965700
2002-08-30,59.02254,60.123418,58.84228,59.086918,30366700
2002-09-03,58.410906,58.584727,56.749931,56.833622,76586400
2002-09-04,57.046094,58.101907,56.692008,57.644817,51099500
2002-09-05,56.968822,57.573985,56.331473,57.155521,67250900
2002-09-06,57.780001,58.307908,57.516046,57.940948,38622200
2002-09-09,57.361528,58.810051,57.168394,58.365841,33998400
2002-09-10,58.674858,59.086882,58.301459,59.035378,41416600
2002-09-11,59.531109,60.084768,58.649117,58.66843,27711200
2002-09-12,58.423791,58.48173,57.290722,57.586864,43601700
2002-09-13,57.097587,57.87657,56.814318,57.728497,41131000
2002-09-16,57.496745,57.870144,56.949526,57.870144,28167600
2002-09-17,58.513893,58.707032,56.492399,56.543903,47609700
2002-09-18,56.01604,56.975284,55.546072,55.977409,54719400
2002-09-19,55.359361,55.880833,54.528873,54.528873,48510500
2002-09-20,54.915582,55.09665,54.352979,54.546978,46325600
2002-09-23,54.094289,54.359423,53.473483,54.100758,46893800
2002-09-24,53.311823,54.094299,52.930283,53.227753,69507000
2002-09-25,53.91324,54.81858,53.053162,54.546978,59294400
2002-09-26,54.980234,55.594577,54.61163,55.439377,53638000
2002-09-27,54.967296,55.374699,53.51228,53.51228,64648300
2002-09-30,53.0273,53.544641,52.315959,52.891499,73096400
2002-10-01,53.305396,55.465287,52.684589,55.432957,67198100
2002-10-02,54.766856,55.31006,53.415304,53.770977,56749100
2002-10-03,53.764493,54.708637,52.99495,53.227753,55547000
2002-10-04,53.544634,53.622232,51.462342,52.251286,68483700
2002-10-07,51.772721,52.509929,50.796247,51.171314,53188000
2002-10-08,51.611065,52.581076,50.569919,51.973206,79531000
2002-10-09,51.14547,51.539942,50.298329,50.505264,79956400
2002-10-10,50.401803,52.425892,49.839194,52.141354,76749000
2002-10-11,53.091954,54.792711,52.910886,54.424107,82308300
2002-10-14,53.803309,54.870323,53.699844,54.728054,40631900
2002-10-15,56.254181,57.372929,56.163647,57.359993,82320300
2002-10-16,56.525802,56.778005,55.562254,55.969662,62977800
2002-10-17,57.469952,57.748022,56.810341,57.081944,68534100
2002-10-18,56.681003,57.625147,56.215397,57.321209,47448700
2002-10-21,56.984918,58.524,56.629245,58.310596,45859100
2002-10-22,57.586353,58.207159,57.243611,57.890285,40966800
2002-10-23,57.405269,58.37528,56.700396,58.330013,54905800
2002-10-24,58.685707,58.78271,56.972019,57.140156,54987400
2002-10-25,57.043133,58.452883,56.868533,58.330013,43672100
2002-10-28,58.944365,59.034899,57.457012,57.948486,39416100
2002-10-29,57.605757,57.870891,56.260673,57.275951,59508200
2002-10-30,57.347105,58.174848,57.056104,57.832111,41688600
2002-10-31,57.980808,58.394679,57.030196,57.243595,41620600
2002-11-01,57.13365,58.730936,56.939651,58.375263,51878900
2002-11-04,59.364718,60.101926,58.78271,58.931442,49080600
2002-11-05,58.743872,59.539284,58.743872,59.397015,37270800
2002-11-06,59.804463,60.185999,58.711582,60.166599,65013100
2002-11-07,59.50696,59.636298,58.342949,58.692154,51572000
2002-11-08,58.543429,59.215971,57.890287,57.974358,37905400
2002-11-11,57.883809,57.91614,56.777997,57.075466,33505100
2002-11-12,57.334142,58.155416,57.146606,57.528141,37724500
2002-11-13,57.114275,58.032551,56.551667,57.586349,63891500
2002-11-14,58.245972,58.847379,58.039036,58.672779,31896800
2002-11-15,58.200688,59.203035,58.168353,59.106033,39152100
2002-11-18,59.591061,59.591061,58.427045,58.511116,28934800
2002-11-19,58.213642,58.912051,58.04551,58.433514,32806600
2002-11-20,58.187741,59.765622,58.168336,59.733292,36688400
2002-11-21,59.882034,60.910249,59.772101,60.845577,55128200
2002-11-22,60.451119,60.961988,60.315313,60.412315,32513800
2002-11-25,60.418783,60.955524,59.991975,60.451118,33846400
2002-11-26,60.185983,60.431718,59.248307,59.300037,42284700
2002-11-27,59.830297,61.207716,59.772099,60.968445,37764000
2002-11-29,61.304717,61.401714,60.638639,60.774445,19385700
2002-12-02,61.737979,62.113051,60.282962,60.871433,49911900
2002-12-03,60.302352,60.399354,59.720344,60.056618,34407700
2002-12-04,59.345295,60.231241,59.125429,59.785034,64040800
2002-12-05,59.966117,60.011384,58.912035,59.125439,36724900
2002-12-06,58.278279,59.603958,58.187745,59.513424,49824100
2002-12-09,58.892636,59.144839,57.864426,57.877357,36789600
2002-12-10,58.213642,58.912052,58.045511,58.653381,33319900
2002-12-11,58.472302,59.248314,58.30417,58.705105,39201000
2002-12-12,58.976678,59.164215,58.330004,58.698608,34465600
2002-12-13,58.142504,58.511109,57.728628,57.773895,36862200
2002-12-16,58.084281,59.35823,57.980816,59.267696,37098400
2002-12-17,59.086632,59.325898,58.679224,58.750359,32353900
2002-12-18,58.407607,58.459342,57.767401,58.071339,35612600
2002-12-19,57.780343,58.653352,57.295337,57.657478,39264200
2002-12-20,57.966803,58.499681,57.901819,58.480186,31176900
2002-12-23,58.220224,58.792097,58.038266,58.49966,22599300
2002-12-24,58.220264,58.395727,57.999316,58.064301,10937000
2002-12-26,58.291724,58.883091,57.73285,58.090271,17485600
2002-12-27,57.81086,58.025312,56.784092,56.784092,22205700
2002-12-30,57.050512,57.492412,56.680097,57.258465,29968000
2002-12-31,57.180488,57.466425,56.60862,57.336456,34036600
2003-01-02,57.739354,59.331494,57.537901,59.182026,44516300
2003-01-03,59.078059,59.383486,58.811617,59.363991,32222600
2003-01-06,59.292501,60.754669,59.247012,60.410248,40984500
2003-01-07,60.37125,60.676681,59.916351,60.260777,38640400
2003-01-08,59.916378,60.046352,59.169052,59.389999,38702200
2003-01-09,59.669422,60.553222,59.402986,60.312775,34804900
2003-01-10,59.75388,60.852131,59.656406,60.475216,37768900
2003-01-13,60.787172,60.995124,60.072335,60.455746,31649900
2003-01-14,60.234776,60.975607,60.052818,60.650681,30733000
2003-01-15,60.787153,60.806647,59.727896,60.046322,33511800
2003-01-16,60.111339,60.390776,59.428992,59.799408,44812100
2003-01-17,59.130055,59.981365,58.584181,58.915607,35618300
2003-01-21,59.052041,59.08453,57.804321,57.999279,36826200
2003-01-22,57.687365,58.356717,57.186981,57.297455,42286500
2003-01-23,57.674383,58.083788,57.154499,57.648388,55919800
2003-01-24,57.570408,57.628898,55.997767,56.134235,68633900
2003-01-27,55.711831,56.407172,54.91251,55.367405,57884400
2003-01-28,55.64681,56.147198,55.321884,55.776783,46929100
2003-01-29,55.510372,56.654113,55.087967,56.199219,53712200
2003-01-30,56.400679,56.459163,54.847533,54.867027,49845900
2003-01-31,54.685081,56.023775,54.685081,55.926296,55317000
2003-02-03,55.978265,56.413665,55.835297,56.036755,39696000
2003-02-04,55.438893,55.72483,54.782546,55.484383,43633400
2003-02-05,55.724849,56.238233,54.899538,55.13998,55270600
2003-02-06,54.828009,55.16593,54.360115,54.879993,53638000
2003-02-07,55.178931,55.230915,53.918216,54.210648,43165000
2003-02-10,54.236654,54.672053,53.710275,54.594074,45455900
2003-02-11,54.828033,55.159454,53.82726,54.217171,46861000
2003-02-12,54.041733,54.340665,53.346386,53.352886,35873600
2003-02-13,53.38534,53.716766,52.638009,53.515308,57934100
2003-02-14,53.528323,54.717548,53.170902,54.685059,59580900
2003-02-18,54.932007,55.757322,54.841028,55.646843,39492700
2003-02-19,55.445372,55.542851,54.769525,55.354393,31432000
2003-02-20,55.373939,55.510408,54.620113,54.802071,29280100
2003-02-21,54.834509,55.718309,54.236647,55.354393,60955800
2003-02-24,55.191958,55.237447,54.321153,54.457626,30628600
2003-02-25,53.905235,54.906008,53.430846,54.893013,56770600
2003-02-26,54.600596,54.932022,53.989738,54.093712,37787200
2003-02-27,54.392624,55.074971,54.041708,54.808529,51126000
2003-02-28,54.892999,55.386888,54.691547,55.172436,43666800
2003-03-03,55.406419,55.74434,54.405645,54.646088,42923100
2003-03-04,54.55507,54.594064,53.710265,53.775249,31440500
2003-03-05,53.68429,54.288653,53.521827,54.230164,43974700
2003-03-06,53.853234,54.275633,53.593292,53.775249,41217700
2003-03-07,53.034433,54.581079,52.917459,54.145679,63538000
2003-03-10,53.677784,53.846747,52.703006,52.845974,41014100
2003-03-11,52.949954,53.287875,52.300102,52.326092,48102700
2003-03-12,52.23511,52.703004,51.585258,52.67701,62459800
2003-03-13,53.404849,54.529096,52.982444,54.496601,72117800
2003-03-14,54.71754,55.087955,54.165167,54.67205,63951800
2003-03-17,54.236667,56.50465,54.080704,56.394176,88217500
2003-03-18,56.634649,56.764617,56.069275,56.725628,50792300
2003-03-19,56.719081,57.290954,56.32917,57.16098,49630800
2003-03-20,56.751583,57.570394,56.114726,57.284462,67321600
2003-03-21,57.939566,58.644232,57.371913,58.507214,71165300
2003-03-24,57.430609,57.508907,56.340981,56.562824,65398900
2003-03-25,56.59545,57.587211,56.399711,57.104378,61040100
2003-03-26,57.130483,57.3197,56.634607,56.817299,45740800
2003-03-27,56.373629,57.195746,56.106113,56.862984,53120200
2003-03-28,56.419263,56.947764,56.275719,56.575855,32583000
2003-03-31,55.68849,56.497554,55.068643,55.290482,61119500
2003-04-01,55.623271,56.36709,55.401433,56.138725,53574000
2003-04-02,57.117411,57.919949,57.091311,57.495846,50431200
2003-04-03,57.985202,58.063495,57.189185,57.221806,48755500
2003-04-04,57.698142,57.802535,57.16964,57.561123,36250100
2003-04-07,58.944357,59.277119,57.398,57.450199,69776200
2003-04-08,57.613326,57.84169,57.228364,57.541553,39712700
2003-04-09,57.652465,58.135293,56.615031,56.784676,55647300
2003-04-10,56.823828,57.176163,55.923417,57.09787,41812400
2003-04-11,57.521982,57.874313,56.673766,56.862984,47730100
2003-04-14,57.071724,58.070006,56.765062,58.03738,36711700
2003-04-15,57.965658,58.578983,57.69162,58.578983,49709800
2003-04-16,58.663791,58.761658,57.43714,57.580685,51788000
2003-04-17,57.613279,58.539788,57.541507,58.43539,37403100
2003-04-21,58.631163,58.826907,58.109183,58.494144,32052700
2003-04-22,58.13528,59.740362,57.998262,59.596817,59763600
2003-04-23,59.779518,60.25582,59.531576,60.144901,44227100
2003-04-24,59.720821,60.079683,59.348911,59.609901,49692400
2003-04-25,59.570738,59.681657,58.735569,58.872593,43917200
2003-04-28,59.009601,60.151428,58.918256,59.890438,46432900
2003-04-29,60.118801,60.549435,59.635973,60.099228,52017100
2003-04-30,59.968754,60.399383,59.642518,59.968754,48709100
2003-05-01,59.975255,60.503761,59.048746,59.962208,50240400
2003-05-02,59.74039,60.986615,59.694717,60.816971,50201500
2003-05-05,60.986594,61.188859,60.353695,60.699505,35437800
2003-05-06,60.70604,61.580351,60.679941,61.273693,44401000
2003-05-07,60.95398,61.423761,60.660369,60.934406,41413100
2003-05-08,60.36676,60.895266,60.210168,60.321087,40570700
2003-05-09,60.569012,61.201911,60.425468,61.156239,33608100
2003-05-12,61.006183,62.06319,60.862638,61.906593,35662300
2003-05-13,61.67819,62.102298,61.502025,61.795635,39253600
2003-05-14,62.043587,62.141459,61.273675,61.665157,32195100
2003-05-15,61.913111,62.200201,61.495529,62.056656,43879200
2003-05-16,61.913095,62.278477,61.502039,61.900047,38905000
2003-05-19,61.430285,61.60645,60.242785,60.451576,41606000
2003-05-20,60.562489,60.699508,59.759946,60.327599,55404600
2003-05-21,60.09924,60.601642,59.968748,60.451576,49333800
2003-05-22,60.647299,61.365023,60.471134,61.051834,38421800
2003-05-23,61.025726,61.319341,60.771262,61.175797,26155900
2003-05-27,60.87567,62.532945,60.725599,62.245861,43719200
2003-05-28,62.539477,62.944011,62.265439,62.422031,37727100
2003-05-29,62.559052,63.172377,62.037077,62.258915,50844200
2003-05-30,62.572113,63.348552,62.35027,63.257206,52529500
2003-06-02,63.635641,64.235915,63.074515,63.518196,50305500
2003-06-03,63.387689,63.837891,63.191945,63.779171,38254500
2003-06-04,63.720457,64.823132,63.661732,64.699165,49360700
2003-06-05,64.32076,65.018906,64.11849,65.018906,46262400
2003-06-06,65.508222,66.160695,64.67958,64.764404,60356800
2003-06-09,64.444699,64.660016,63.792226,64.105415,37808500
2003-06-10,64.242412,64.764392,64.066247,64.757866,29965900
2003-06-11,64.699167,65.501706,64.405552,65.442986,37610200
2003-06-12,65.736594,65.834466,64.999302,65.645248,36442000
2003-06-13,65.645234,65.73658,64.562128,64.960136,48628300
2003-06-16,65.221117,66.356417,65.116724,66.330322,36326300
2003-06-17,66.597833,66.669606,66.049759,66.330322,36801800
2003-06-18,66.088923,66.643523,65.899705,66.271614,35521000
2003-06-19,66.317284,66.376009,65.142832,65.260277,43551700
2003-06-20,65.738335,65.810367,65.10315,65.116249,41545000
2003-06-23,65.122754,65.260272,64.120866,64.44828,34237500
2003-06-24,64.317318,64.887016,64.186349,64.513763,36213600
2003-06-25,64.520335,65.116232,63.865505,63.865505,47743400
2003-06-26,64.029207,64.815005,63.492247,64.697136,33477300
2003-06-27,64.664396,64.952522,63.898246,63.950634,54208800
2003-06-30,64.317356,64.612027,63.826233,63.931004,33349000
2003-07-01,63.682159,64.729885,63.145199,64.52034,51322800
2003-07-02,64.677492,65.345421,64.546528,65.332321,34662100
2003-07-03,64.873932,65.384698,64.107783,64.657837,30792800
2003-07-07,65.253777,66.072314,65.253777,65.941345,31391100
2003-07-08,65.810322,66.327638,65.594227,66.235962,30952500
2003-07-09,66.085356,66.399676,65.502559,65.862717,36528500
2003-07-10,65.378155,65.509124,64.585812,65.024551,49777700
2003-07-11,65.083487,65.777605,65.083487,65.640091,39976300
2003-07-14,66.268711,66.727094,65.777589,65.960945,42114900
2003-07-15,66.386585,66.438973,65.450179,65.816887,42573600
2003-07-16,66.013347,66.052641,64.978721,65.43055,39894200
2003-07-17,64.926311,65.404334,64.278032,64.500671,52253500
2003-07-18,64.841171,65.351942,64.474468,65.162041,35698100
2003-07-21,65.122762,65.148956,64.075036,64.356613,34786000
2003-07-22,64.625107,65.096585,64.120886,64.939423,49968300
2003-07-23,64.965631,65.122789,64.35664,64.985275,37275400
2003-07-24,65.476408,65.705597,64.415587,64.494164,40896200
2003-07-25,64.605463,65.672833,64.199467,65.633545,43241100
2003-07-28,65.725223,66.124669,65.266839,65.391258,34382800
2003-07-29,65.574591,65.653173,64.618541,65.090019,53472100
2003-07-30,65.221006,65.319231,64.782271,64.932884,28363300
2003-07-31,65.469856,66.078847,64.93944,65.083504,54937200
2003-08-01,64.952501,65.175141,64.330411,64.507217,49321000
2003-08-04,64.376249,64.828082,63.518424,64.507217,55214100
2003-08-05,64.441748,64.670937,63.086246,63.138634,61415600
2003-08-06,63.315462,64.212575,63.138656,63.505363,50096900
2003-08-07,63.629769,64.219117,63.361292,64.173279,43427400
2003-08-08,64.382807,64.53342,64.016104,64.356613,27357300
2003-08-11,64.343509,64.854275,64.068477,64.598892,34631400
2003-08-12,64.638204,65.214452,64.448303,65.188263,43285600
2003-08-13,65.365052,65.384696,64.520322,64.854286,36152000
2003-08-14,64.893614,65.319255,64.467974,65.031128,35525100
2003-08-15,65.063828,65.345405,64.90667,65.234085,12567000
2003-08-18,65.437098,65.875833,65.312679,65.797256,22873800
2003-08-19,65.934739,66.098446,65.482905,66.046059,37437700
2003-08-20,65.672864,66.06576,65.587737,65.777634,21295300
2003-08-21,66.170478,66.478243,65.744838,65.987122,46494200
2003-08-22,66.628885,66.674723,65.306132,65.332321,52040300
2003-08-25,65.293002,66.026412,65.011425,65.437065,23473000
2003-08-26,65.155508,65.738306,64.716774,65.554955,45065800
2003-08-27,65.515706,65.718702,65.201386,65.574638,18919500
2003-08-28,65.744829,66.137725,65.260257,65.980568,27402400
2003-08-29,65.882363,66.452067,65.797237,66.425873,28706600
2003-09-02,66.556848,67.368835,66.170501,67.316452,49419100
2003-09-03,67.467026,67.90576,67.303319,67.683121,44912400
2003-09-04,67.512911,67.807588,67.290272,67.715912,28381000
2003-09-05,67.408129,67.807576,67.054521,67.336098,31637300
2003-09-08,67.47361,68.023664,67.401578,67.8927,32632800
2003-09-09,67.68973,67.748662,67.237896,67.447441,35053200
2003-09-10,67.13964,67.316447,66.497911,66.766388,45904900
2003-09-11,66.858085,67.290275,66.687828,66.96286,38396300
2003-09-12,66.733662,67.211684,66.366954,67.087265,42524800
2003-09-15,67.133116,67.205148,66.759864,66.85154,21312800
2003-09-16,66.943199,67.866505,66.903905,67.827217,37892600
2003-09-17,67.761723,67.964718,67.480146,67.696236,31885800
2003-09-18,67.709354,68.56063,67.558742,68.495148,30243600
2003-09-19,68.541172,68.758096,67.969286,68.146767,34331600
2003-09-22,67.607776,67.680084,67.068754,67.410576,36677400
2003-09-23,67.436811,67.896954,67.285625,67.666885,32489200
2003-09-24,67.785212,67.850945,66.437657,66.463951,41694700
2003-09-25,66.661166,66.970113,65.865777,65.918365,52673100
2003-09-26,66.023518,66.168134,65.635683,65.701416,42914700
2003-09-29,65.931487,66.385051,65.596241,66.345612,36771600
2003-09-30,66.049812,66.233867,65.241278,65.701416,70764500
2003-10-01,65.892064,67.167311,65.86577,67.101578,65797600
2003-10-02,67.002971,67.417096,66.805767,67.344788,44591500
2003-10-03,68.146755,68.547735,67.758925,67.9627,48806900
2003-10-06,68.021864,68.357105,67.837803,68.271652,20226500
2003-10-07,67.877249,68.567456,67.64718,68.534592,42602900
2003-10-08,68.580587,68.620026,67.975833,68.363663,30920800
2003-10-09,68.942127,69.165626,68.25192,68.547722,40066500
2003-10-10,68.54116,68.758085,68.304521,68.738365,22682800
2003-10-13,68.830387,69.211647,68.698921,68.955284,23825600
2003-10-14,68.889555,69.303679,68.600322,69.198502,38484400
2003-10-15,69.586348,69.606068,68.784389,69.014458,39021700
2003-10-16,68.81068,69.500892,68.79096,69.290543,32772200
2003-10-17,69.329976,69.435148,68.350536,68.534592,32790300
2003-10-20,68.659475,69.04731,68.324234,69.04731,27657000
2003-10-21,68.902707,69.205084,68.574035,68.929001,26729100
2003-10-22,68.383407,68.488584,67.831241,68.06131,33914500
2003-10-23,67.634009,68.330791,67.60114,67.936386,45830500
2003-10-24,67.594593,68.087601,67.167319,68.087601,51723600
2003-10-27,68.192746,68.481978,67.883794,68.120438,32460200
2003-10-28,68.350528,69.119618,68.245351,69.04731,34956200
2003-10-29,68.869807,69.303656,68.278203,69.13932,30955400
2003-10-30,69.54036,69.658682,68.889592,69.283997,39123100
2003-10-31,69.283965,69.507459,69.165643,69.218231,25761600
2003-11-03,69.514045,70.079361,69.487751,69.671806,37589300
2003-11-04,69.671778,69.855833,69.40227,69.520592,31421600
2003-11-05,69.343135,69.658662,68.955305,69.573204,33558800
2003-11-06,69.415423,69.967594,69.086751,69.941299,28392300
2003-11-07,70.099067,70.151656,69.39571,69.422005,31723200
2003-11-10,69.507431,69.573164,69.027573,69.13932,25530800
2003-11-11,69.080193,69.237959,68.889567,69.119637,26558600
2003-11-12,69.17221,69.987314,69.126196,69.895287,28000000
2003-11-13,69.684932,70.033323,69.533741,69.915001,29714800
2003-11-14,69.941345,70.302881,69.211693,69.323441,49158500
2003-11-17,68.961839,69.113025,68.389948,68.974983,44382100
2003-11-18,69.178765,69.316806,68.166456,68.258484,41155000
2003-11-19,68.383376,69.027575,68.311068,68.836945,29827000
2003-11-20,68.363679,69.178783,68.199343,68.219063,53578700
2003-11-21,68.521428,68.580592,68.113879,68.501709,30016000
2003-11-24,68.817232,69.533733,68.810657,69.408836,28906400
2003-11-25,69.500901,69.954464,69.31684,69.671806,37580000
2003-11-26,69.954419,69.974138,69.277356,69.921555,33053600
2003-11-28,69.862435,70.112229,69.809846,69.974182,10507500
2003-12-01,70.237088,70.782684,70.204224,70.730095,38699000
2003-12-02,70.585484,70.841847,70.381709,70.55262,35352000
2003-12-03,70.762954,71.045611,70.381693,70.440857,39078600
2003-12-04,70.447437,70.808978,70.296251,70.730095,36089500
2003-12-05,70.414592,70.861585,70.08592,70.237106,28824400
2003-12-08,70.164777,70.756387,70.125338,70.710373,32482900
2003-12-09,70.927346,70.947066,70.033359,70.164825,43596100
2003-12-10,70.184485,70.322531,69.652039,70.158195,36915400
2003-12-11,70.12532,71.058746,70.118745,70.946999,45304000
2003-12-12,70.973344,71.12453,70.592083,71.085091,34142200
2003-12-15,71.762123,71.801567,70.651217,70.730095,38693400
2003-12-16,70.782686,71.321707,70.677509,71.098213,32894200
2003-12-17,71.032469,71.321701,70.861563,71.321701,23198800
2003-12-18,71.354597,72.130263,71.24942,72.123688,29353100
2003-12-19,72.187078,72.233309,71.711554,71.922897,41465100
2003-12-22,71.850235,72.424828,71.843629,72.424828,27611300
2003-12-23,72.305949,72.616356,72.239901,72.471062,24741200
2003-12-24,72.332381,72.570143,72.272943,72.39843,8055800
2003-12-26,72.457862,72.70223,72.405025,72.451256,8308400
2003-12-29,72.715425,73.488149,72.504082,73.415504,22483700
2003-12-30,73.369298,73.488179,73.210792,73.428741,19559500
2003-12-31,73.455141,73.653273,73.204167,73.494766,31501800
2004-01-02,73.798572,74.095777,73.131522,73.461746,38072300
2004-01-05,73.765573,74.313742,73.699524,74.26091,27959800
2004-01-06,74.07599,74.452446,73.970316,74.333565,20472800
2004-01-07,74.227837,74.670337,73.897613,74.58448,30170400
2004-01-08,74.795857,74.901532,74.47884,74.881714,36438400
2004-01-09,74.518459,74.960958,74.148604,74.227859,54084300
2004-01-12,74.333577,74.79589,74.20809,74.776077,31564100
2004-01-13,74.690171,74.782638,73.811778,74.340134,54239700
2004-01-14,74.47223,75.066635,74.412787,74.96096,30112800
2004-01-15,75.007234,75.330852,74.35339,75.145927,38408700
2004-01-16,75.317598,75.495917,75.046811,75.443085,31922700
2004-01-20,75.641251,75.720507,75.172333,75.423302,29863000
2004-01-21,75.377056,76.149785,75.106275,76.017693,30725000
2004-01-22,76.044092,76.202598,75.674242,75.819542,29888500
2004-01-23,75.951659,76.196027,75.258185,75.575203,44245300
2004-01-26,75.548771,76.565863,75.542165,76.526237,30460600
2004-01-27,76.446991,76.942328,75.720498,75.740311,35322800
2004-01-28,75.938453,76.136585,74.591136,74.87513,52621300
2004-01-29,75.000586,75.192117,74.340137,74.947754,60117100
2004-01-30,74.974167,75.10626,74.690174,74.947754,30984400
2004-02-02,75.093046,75.740288,74.709989,75.27137,38832400
2004-02-03,75.119509,75.38369,74.921377,75.145927,25093500
2004-02-04,74.756263,75.112906,74.492082,74.531708,39332600
2004-02-05,74.743005,74.987373,74.48543,74.749611,37226800
2004-02-06,74.90814,75.753514,74.76284,75.588402,37216000
2004-02-09,75.73372,75.865813,75.482751,75.608238,24851300
2004-02-10,75.476137,76.044123,75.46293,75.852592,27908100
2004-02-11,75.852561,76.869653,75.403456,76.65831,42965700
2004-02-12,76.592287,76.790419,76.334712,76.380943,27814700
2004-02-13,76.49321,76.744179,75.78653,76.037498,44739900
2004-02-17,76.51306,76.896122,76.460223,76.724403,23984300
2004-02-18,76.744173,77.008354,76.182792,76.387535,28618000
2004-02-19,76.830062,76.869688,75.991289,76.103569,51146200
2004-02-20,76.268649,76.321481,75.502526,75.872375,46728800
2004-02-23,76.096964,76.123383,75.40349,75.680878,36357000
2004-02-24,75.469489,75.945013,74.650533,75.548744,43953000
2004-02-25,75.595035,75.991304,75.502573,75.865822,31213600
2004-02-26,75.694068,76.143174,75.515744,75.912018,29683000
2004-02-27,76.077132,76.440376,75.707277,75.964851,39312000
2004-03-01,76.235636,76.836642,76.116755,76.717766,33130800
2004-03-02,76.572444,77.252706,76.103526,76.268639,38556400
2004-03-03,76.11678,76.52626,75.89883,76.407379,31346200
2004-03-04,76.427165,76.678134,76.295072,76.605484,21060000
2004-03-05,76.229052,77.239539,76.13659,76.863083,55905600
2004-03-08,76.836642,77.021572,75.892205,75.925224,39281600
2004-03-09,76.01769,76.09034,75.449704,75.621422,39746100
2004-03-10,75.766739,75.799759,74.340166,74.353378,67671800
2004-03-11,74.234442,74.809029,73.375857,73.389069,89134800
2004-03-12,73.791997,74.439235,73.692929,74.353378,54012200
2004-03-15,74.148598,74.201435,73.243786,73.441917,57677200
2004-03-16,73.825006,74.009931,73.204182,73.831612,59832600
2004-03-17,74.089149,74.802435,74.036312,74.657135,41607300
2004-03-18,74.432611,74.809067,73.924067,74.676979,60014300
2004-03-19,74.501326,74.607366,73.593337,73.60659,48636200
2004-03-22,73.261956,73.281838,72.307574,72.672096,62752100
2004-03-23,73.069796,73.169212,72.479936,72.546211,54080200
2004-03-24,72.625702,72.996848,72.141882,72.60582,51584300
2004-03-25,72.957107,73.76568,72.764904,73.566849,49873600
2004-03-26,73.540322,74.090418,73.434283,73.586716,37409500
2004-03-29,73.984368,74.720036,73.951233,74.620621,44113600
2004-03-30,74.428454,74.938781,74.375432,74.872505,39059900
2004-03-31,74.885767,75.157503,74.48148,74.958672,48517600
2004-04-01,74.9388,75.469014,74.925547,75.409363,45103800
2004-04-02,76.091978,76.11186,75.488865,75.979309,50987700
2004-04-05,75.859998,76.46974,75.846745,76.396835,30251800
2004-04-06,76.105233,76.3372,75.966053,76.151627,28420900
2004-04-07,76.184771,76.204658,75.628051,75.972687,45890500
2004-04-08,76.489637,76.489637,75.382817,75.800362,46929700
2004-04-12,75.939571,76.270953,75.932942,76.098633,23085200
2004-04-13,76.39024,76.416751,74.905644,75.03157,56210300
2004-04-14,74.633901,75.316547,74.594136,75.150856,62322300
2004-04-15,75.190613,75.409327,74.468202,74.86586,61602500
2004-04-16,75.14422,75.588276,74.879118,75.442467,47059200
2004-04-19,75.256894,75.548506,75.071315,75.442467,28277600
2004-04-20,75.608132,75.767194,74.083773,74.176559,53299400
2004-04-21,74.362175,74.859249,74.143467,74.673676,50177300
2004-04-22,74.547727,75.999177,74.521216,75.720818,62071500
2004-04-23,75.833519,75.932935,75.415979,75.793755,29395700
2004-04-26,75.886522,76.17814,75.290033,75.687691,35515200
2004-04-27,75.707566,76.297426,75.528617,75.75396,43485500
2004-04-28,75.482229,75.561762,74.560987,74.773071,50165800
2004-04-29,74.706826,75.104484,73.672915,74.116966,69687600
2004-04-30,74.342258,74.481438,73.500549,73.540314,48681400
2004-05-03,73.812062,74.421804,73.798804,74.329018,33758000
2004-05-04,74.395298,75.064691,74.004269,74.269371,51185100
2004-05-05,74.501324,74.865842,74.335633,74.746544,34405000
2004-05-06,74.242825,74.6206,73.566808,74.103645,54997000
2004-05-07,73.712679,74.382072,72.877594,72.877594,60950000
2004-05-10,72.532911,72.738366,71.817124,72.128624,75279400
2004-05-11,72.546155,72.937189,72.459998,72.738358,48300600
2004-05-12,72.61907,73.261952,71.618295,73.202301,90830500
2004-05-13,72.74502,73.44092,72.658858,72.897453,57393700
2004-05-14,72.870921,73.394505,72.420241,72.930573,54123100
2004-05-17,72.16843,72.572716,71.850305,72.30761,55020400
2004-05-18,72.566052,72.864298,72.460012,72.672096,30193100
2004-05-19,73.235483,73.686163,72.340752,72.42028,54804100
2004-05-20,72.539548,72.817913,72.267817,72.652222,38082900
2004-05-21,72.884235,73.26864,72.552853,72.778191,47480400
2004-05-24,73.255374,73.407812,72.692025,73.083054,40961500
2004-05-25,72.837807,74.216358,72.638976,74.130196,48668000
2004-05-26,74.004257,74.421797,73.904842,74.388657,35977000
2004-05-27,74.587508,74.912261,74.269378,74.806221,45306900
2004-05-28,74.713434,74.812844,74.468209,74.799591,23367200
2004-06-01,74.534481,74.799588,74.143453,74.700172,41044700
2004-06-02,74.91224,75.210487,74.534465,74.978516,39774200
2004-06-03,74.766437,75.01829,74.275993,74.289246,38688300
2004-06-04,74.879105,75.276762,74.700155,74.879105,32739500
2004-06-07,75.177388,76.092001,75.170759,76.019096,31643800
2004-06-08,75.800361,76.164879,75.667805,76.125114,32846500
2004-06-09,75.89313,76.019052,75.369546,75.415939,36737600
2004-06-10,75.581646,75.787102,75.508742,75.787102,21711000
2004-06-14,75.43585,75.455733,74.806226,75.038193,34633000
2004-06-15,75.488869,75.853386,75.230391,75.568398,37445000
2004-06-16,75.55513,75.687681,75.356299,75.55513,26633400
2004-06-17,75.45572,75.601529,75.111085,75.442467,28402400
2004-06-18,75.345357,75.977285,75.285493,75.584824,31799800
2004-06-21,75.664651,75.924072,75.252235,75.298798,25284000
2004-06-22,75.252216,75.751103,74.946232,75.677933,37334000
2004-06-23,75.571495,76.389668,75.445108,76.329803,35580000
2004-06-24,76.203404,76.449524,76.003852,76.090324,35272100
2004-06-25,76.10367,76.456216,75.618083,75.72451,32837900
2004-06-28,76.176819,76.236688,75.43847,75.465073,40824500
2004-06-29,75.518304,75.944021,75.445133,75.777725,28418100
2004-06-30,75.877495,76.356428,75.59812,76.183479,52230600
2004-07-01,75.997228,76.097007,74.886373,75.125839,57734700
2004-07-02,75.27217,75.358642,74.899664,75.085915,34615100
2004-07-06,74.746674,74.799885,74.254434,74.427383,38698200
2004-07-07,74.374161,74.879702,74.334252,74.646889,29839800
2004-07-08,74.374174,74.713419,73.968412,74.128059,45291100
2004-07-09,74.314323,74.460664,74.088158,74.320976,27412900
2004-07-12,74.181238,74.527136,73.835345,74.354187,35691300
2004-07-13,74.447365,74.513882,74.234506,74.407455,26752000
2004-07-14,74.0083,74.759955,73.915175,74.181244,54089400
2004-07-15,74.327616,74.440701,73.635824,73.702347,38403500
2004-07-16,74.214568,74.281085,73.462912,73.642509,40871200
2004-07-19,73.669094,73.808782,73.163553,73.329849,39592800
2004-07-20,73.522769,74.434073,73.336519,74.261124,46679800
2004-07-21,74.380841,74.540484,72.804354,72.890831,56241100
2004-07-22,72.744485,73.429623,72.352024,73.090378,72477100
2004-07-23,72.917432,72.977297,72.298811,72.478409,49610500
2004-07-26,72.631405,72.791047,71.979522,72.338722,49679100
2004-07-27,72.538307,73.2434,72.485091,73.017235,51295100
2004-07-28,72.870854,73.416304,72.232273,73.236702,65862300
2004-07-29,73.5294,73.748912,73.1702,73.549355,52200500
2004-07-30,73.383065,73.768873,73.236724,73.728958,41581700
2004-08-02,73.296583,74.074847,73.203458,73.881943,38263100
2004-08-03,73.788824,73.875296,73.276635,73.309891,40948800
2004-08-04,73.09704,73.669099,72.930744,73.303246,40763200
2004-08-05,73.363077,73.422941,72.019404,72.105881,50772000
2004-08-06,71.59371,71.813221,70.921878,71.074867,74729000
2004-08-09,71.187976,71.493965,71.088203,71.174675,37476300
2004-08-10,71.380814,72.11252,71.347558,72.09256,55870600
2004-08-11,71.626961,72.059331,71.241153,71.946251,52933200
2004-08-12,71.626965,71.806563,70.928521,71.161339,50015900
2004-08-13,71.241156,71.407452,70.901911,71.301025,41634700
2004-08-16,71.267805,72.265581,71.241197,72.039421,45731900
2004-08-17,72.33872,72.691267,72.192379,72.445152,40701600
2004-08-18,72.185726,73.28328,72.165772,73.190155,43165400
2004-08-19,73.043835,73.183523,72.624771,72.977318,39881600
2004-08-20,72.910783,73.589268,72.844265,73.489494,44870900
2004-08-23,73.536064,73.6824,73.203472,73.303246,33745100
2004-08-24,73.595911,73.655781,73.070416,73.403008,30453100
2004-08-25,73.389674,74.014943,73.103645,73.901863,38551400
2004-08-26,73.808738,74.041551,73.735567,73.901863,26629500
2004-08-27,73.968432,74.254461,73.868658,74.134727,24902900
2004-08-30,73.981722,74.06154,73.469527,73.522743,26726500
2004-08-31,73.609208,73.9418,73.236702,73.908539,44125300
2004-09-01,73.80209,74.261069,73.489459,74.04821,52778300
2004-09-02,73.994997,74.966164,73.994997,74.886345,42736600
2004-09-03,74.720102,75.04604,74.507243,74.580414,30480500
2004-09-07,74.859773,75.252229,74.713432,75.072632,37338800
2004-09-08,74.912953,75.20563,74.706743,74.886345,32963100
2004-09-09,74.879726,75.085932,74.520527,74.819862,34314800
2004-09-10,74.846451,75.345338,74.553773,75.20565,27900600
2004-09-13,75.371951,75.65798,75.172399,75.451775,44398100
2004-09-14,75.365308,75.624729,75.292137,75.604774,28048900
2004-09-15,75.365299,75.405208,74.952883,75.032707,38295000
2004-09-16,75.065977,75.411875,75.032721,75.258881,23911700
2004-09-17,75.445249,75.719112,75.271585,75.578842,33683000
2004-09-20,75.258207,75.471952,74.997706,75.124619,37149400
2004-09-21,75.311635,75.792561,75.171366,75.451904,40920800
2004-09-22,75.144639,75.157996,74.456649,74.510086,49042100
2004-09-23,74.543492,74.610286,74.109322,74.109322,44068700
2004-09-24,74.256298,74.630355,74.229579,74.450005,34981100
2004-09-27,74.209506,74.2763,73.862173,73.975723,39355100
2004-09-28,74.082626,74.483397,73.74865,74.329765,41662900
2004-09-29,74.283019,74.710508,74.142749,74.703827,33325700
2004-09-30,74.510121,74.797341,74.316414,74.650391,43536700
2004-10-01,74.984358,75.912811,74.950958,75.912811,62824300
2004-10-04,76.213388,76.440494,76.013005,76.039719,33082400
2004-10-05,76.046396,76.253465,75.839333,76.079796,36910600
2004-10-06,75.992953,76.600792,75.932839,76.600792,42297800
2004-10-07,76.400394,76.413756,75.719084,75.779198,39388800
2004-10-08,75.578834,75.992961,75.044469,75.151344,51872600
2004-10-11,75.331698,75.492005,75.238185,75.458611,20229100
2004-10-12,74.944285,75.365099,74.770621,75.164711,41754700
2004-10-13,75.478636,75.525392,74.356475,74.503426,54212600
2004-10-14,74.596931,74.763919,73.862184,73.90226,64082200
2004-10-15,74.156079,74.637005,73.855502,74.316391,63482200
2004-10-18,74.069241,74.743874,73.942328,74.596924,43535100
2004-10-19,74.824018,74.964293,73.868846,73.96904,55851900
2004-10-20,73.728585,74.022486,73.307777,73.822098,57118500
2004-10-21,74.002478,74.356492,73.615064,74.303055,53218300
2004-10-22,74.269617,74.309692,73.381239,73.468071,48752400
2004-10-25,73.307773,73.554918,73.040591,73.381248,43990900
2004-10-26,73.56161,74.543501,73.394622,74.503426,54337400
2004-10-27,74.396524,75.545403,74.22286,75.398453,73896000
2004-10-28,75.331679,75.852681,75.137972,75.62558,54413300
2004-10-29,75.558781,75.906114,75.41183,75.612213,48820200
2004-11-01,75.852708,76.039734,75.612244,75.819313,36720900
2004-11-02,75.926182,76.527341,75.625606,75.846031,56210000
2004-11-03,76.834603,77.055029,76.30692,76.801208,76960200
2004-11-04,76.66759,77.93002,76.600796,77.849869,55350300
2004-11-05,78.18386,78.57795,77.809803,78.337486,63287200
2004-11-08,78.137114,78.304102,77.963444,78.223946,33863800
2004-11-09,78.203883,78.484422,77.990139,78.07029,44658100
2004-11-10,78.190523,78.517823,77.99014,78.130409,45265400
2004-11-11,78.270684,78.898561,78.217246,78.724892,37863200
2004-11-12,78.798341,79.486331,78.604634,79.346062,55583700
2004-11-15,79.386967,79.567847,79.206088,79.541054,35297900
2004-11-16,79.29315,79.326649,78.871095,78.971581,40028700
2004-11-17,79.299867,79.815712,79.098885,79.440552,54494000
2004-11-18,79.407022,79.587906,79.206045,79.547707,31854300
2004-11-19,79.520942,79.534343,78.475849,78.663429,54276500
2004-11-22,78.495941,79.13238,78.402151,79.038589,37560200
2004-11-23,79.00507,79.226149,78.62991,79.159157,41968800
2004-11-24,79.232841,79.447219,79.08546,79.346733,29724800
2004-11-26,79.393652,79.708521,79.252967,79.286461,15487700
2004-11-29,79.581234,79.728619,78.703624,78.924698,61460800
2004-11-30,79.051987,79.21277,78.810811,78.978294,53685200
2004-12-01,79.15918,80.056886,79.118981,79.876007,49898300
2004-12-02,79.788907,80.304757,79.728615,79.942993,60163500
2004-12-03,79.929614,80.485659,79.782228,79.88942,49067900
2004-12-06,79.862587,80.150658,79.61471,79.862587,33030500
2004-12-07,80.050186,80.13728,79.078786,79.11898,52047200
2004-12-08,79.192661,79.60132,79.058676,79.581223,43895100
2004-12-09,79.14576,80.03007,78.871091,79.862587,60922800
2004-12-10,79.668319,80.097075,79.621424,79.942993,47828600
2004-12-13,80.231066,80.659822,79.956391,80.639725,38541000
2004-12-14,80.5124,81.034946,80.5124,80.921059,41500700
2004-12-15,80.860773,81.135448,80.5995,80.981361,46699200
2004-12-16,80.874225,81.222588,80.418671,80.934517,51641800
2004-12-17,80.408113,80.751394,80.206187,80.394653,70761900
2004-12-20,80.603368,80.966841,80.212971,80.414902,47187400
2004-12-21,80.502349,81.094677,80.408116,81.034096,33094200
2004-12-22,81.02737,81.498541,80.973527,81.229301,31500700
2004-12-23,81.3572,81.633167,81.215851,81.289886,25646100
2004-12-27,81.579349,81.687047,81.034142,81.121643,29944100
2004-12-28,81.202384,81.666822,81.17546,81.565857,23422900
2004-12-29,81.498538,81.713929,81.411032,81.687004,22650600
2004-12-30,81.713966,81.828391,81.47165,81.532227,21076900
2004-12-31,81.646617,81.888932,81.310069,81.357185,28648800
2005-01-03,81.821639,81.956262,80.704302,80.973541,55748000
2005-01-04,81.081192,81.135041,79.72154,79.984047,69167600
2005-01-05,79.92351,80.26679,79.425419,79.432152,65667300
2005-01-06,79.721566,80.199464,79.600408,79.835991,47814700
2005-01-07,80.07829,80.253297,79.512887,79.72155,55847700
2005-01-10,79.654249,80.408119,79.654249,80.098495,56563300
2005-01-11,79.856209,79.923518,79.418695,79.546585,63099700
2005-01-12,79.694649,79.990808,79.102321,79.809074,72720500
2005-01-13,79.856158,79.916739,79.088828,79.169601,55537500
2005-01-14,79.405218,79.782151,79.263869,79.586952,42032500
2005-01-18,79.459105,80.515867,79.391791,80.414902,57391700
2005-01-19,80.387948,80.448524,79.566769,79.573502,54378900
2005-01-20,79.351352,79.56001,78.947495,79.088844,72049300
2005-01-21,79.284031,79.425381,78.516702,78.604202,63160400
2005-01-24,78.812908,78.981182,78.328282,78.44944,58441900
2005-01-25,78.691752,79.068684,78.563862,78.671555,68245000
2005-01-26,78.967704,79.15617,78.779237,78.907127,57195100
2005-01-27,78.880191,79.257123,78.738841,79.041733,55878800
2005-01-28,79.082117,79.122506,78.489794,79.041733,60738900
2005-01-31,79.391749,79.59368,79.230207,79.533104,52532700
2005-02-01,79.593702,80.152374,79.492737,80.037949,49841200
2005-02-02,80.138886,80.495626,80.031193,80.280235,52468900
2005-02-03,80.138849,80.206163,79.809034,80.071541,48837100
2005-02-04,80.098534,81.061062,80.085074,80.926445,50024600
2005-02-07,80.939876,81.121609,80.744677,80.818718,45412000
2005-02-08,80.886016,81.209105,80.818708,80.912941,39263500
2005-02-09,81.054305,81.101421,80.266783,80.307167,55279400
2005-02-10,80.542767,80.785077,80.273527,80.596611,45858600
2005-02-11,80.569673,81.471625,80.408131,81.289886,53133000
2005-02-14,81.236034,81.350459,81.094684,81.229301,32432100
2005-02-15,81.310108,81.734158,81.229335,81.532227,43852700
2005-02-16,81.397578,81.754318,81.222572,81.586044,55523000
2005-02-17,81.599542,81.666851,80.919713,80.926445,58124000
2005-02-18,80.93313,81.094677,80.70428,81.034096,47723300
2005-02-22,80.70432,81.087985,79.815833,79.829292,80697600
2005-02-23,80.05139,80.482171,79.842731,80.401398,68292600
2005-02-24,80.260039,80.986985,80.085038,80.933136,68563600
2005-02-25,80.953336,81.895673,80.89276,81.734131,60899900
2005-02-28,81.545654,81.646619,80.798516,81.195641,69381300
2005-03-01,81.323523,81.794688,81.296598,81.599495,47294400
2005-03-02,81.283176,82.070698,81.209135,81.559143,64226500
2005-03-03,81.888945,82.050487,81.242768,81.592781,61230800
2005-03-04,82.151433,82.676447,81.976426,82.609138,56168500
2005-03-07,82.562013,82.959137,82.387006,82.649513,43442400
2005-03-08,82.568778,82.790901,82.191846,82.339928,44362000
2005-03-09,82.097596,82.312987,81.417767,81.4245,73263600
2005-03-10,81.5793,81.781231,81.040825,81.606224,65149000
2005-03-11,81.653343,81.929315,80.879286,81.034096,57976500
2005-03-14,81.1822,81.552405,80.960077,81.53894,36336400
2005-03-15,81.727408,81.754332,80.825461,80.865845,62438500
2005-03-16,80.569683,80.879312,80.031209,80.179291,74874200
2005-03-17,80.307171,80.596603,80.085053,80.340828,62584200
2005-03-18,80.487452,80.771261,79.838741,80.10228,60232000
2005-03-21,80.217149,80.264451,79.575198,79.804947,61244300
2005-03-22,79.987396,80.365809,78.994057,78.994057,92472400
2005-03-23,79.027826,79.548149,78.89268,79.061615,70817300
2005-03-24,79.372494,79.730636,79.102197,79.156258,51932500
2005-03-28,79.345442,79.69683,79.271111,79.271111,46765500
2005-03-29,79.156244,79.669808,78.554835,78.744041,71160300
2005-03-30,78.912964,79.872514,78.906205,79.859001,62002100
2005-03-31,79.865765,80.048213,79.649528,79.710342,64575400
2005-04-01,80.16309,80.406357,79.000821,79.352203,95255300
2005-04-04,79.30488,79.64275,78.885919,79.487328,71581200
2005-04-05,79.588705,79.994148,79.514373,79.865761,46853900
2005-04-06,80.041453,80.379323,79.859005,80.142815,53268200
2005-04-07,80.014441,80.58882,79.953622,80.575302,46734600
2005-04-08,80.527973,80.555003,79.737358,79.737358,63772900
2005-04-11,79.933346,80.02119,79.622506,79.798195,44945000
2005-04-12,79.663048,80.453663,79.108941,80.210396,86144800
2005-04-13,80.115819,80.278,79.149509,79.264389,65949000
2005-04-14,79.331944,79.399517,78.230484,78.230484,96119800
2005-04-15,78.210213,78.521053,77.101999,77.135788,128677300
2005-04-18,77.115527,77.683147,77.007406,77.372307,100035200
2005-04-19,77.777745,78.068314,77.595298,77.987228,64930100
2005-04-20,77.966927,78.135863,76.730326,76.899261,107735900
2005-04-21,77.568243,78.527793,77.291187,78.392647,86952200
2005-04-22,78.210219,78.723784,77.21688,78.095345,88845800
2005-04-25,78.291318,78.723792,78.196715,78.608917,52284100
2005-04-26,78.358878,78.906227,77.81153,77.845314,72626000
2005-04-27,77.615578,78.433224,77.331768,78.149414,84131900
2005-04-28,77.892613,78.169669,77.169571,77.169571,72481500
2005-04-29,77.757461,78.298055,77.014147,78.216965,103993800
2005-05-02,78.433178,78.662933,78.061519,78.656174,56026400
2005-05-03,78.43321,78.960286,78.17643,78.791351,86000300
2005-05-04,78.825127,79.568441,78.575101,79.399506,81055700
2005-05-05,79.514357,79.737352,78.885918,79.372452,96906700
2005-05-06,79.690092,79.730635,79.102196,79.122467,67415400
2005-05-09,79.203566,79.791462,79.09545,79.615768,43750500
2005-05-10,79.304916,79.399519,78.649446,78.791351,74613500
2005-05-11,79.014353,79.331952,78.284552,79.223831,91647400
2005-05-12,79.277863,79.46031,78.352097,78.352097,95086800
2005-05-13,78.588609,78.804846,77.574998,78.196678,85267000
2005-05-16,78.183157,78.953501,78.156132,78.926476,49207000
2005-05-17,78.662922,79.534623,78.493987,79.453537,61071800
2005-05-18,79.798173,80.46716,79.744118,80.271194,77944900
2005-05-19,80.426617,80.690161,80.21038,80.60907,61768100
2005-05-20,80.642868,80.676657,80.237425,80.494209,46345500
2005-05-23,80.555029,81.115895,80.541516,80.940201,51047900
2005-05-24,80.710457,80.973995,80.548275,80.750999,50654100
2005-05-25,80.649638,81.001026,80.298255,80.690186,47608800
2005-05-26,80.946971,81.230781,80.832097,81.122665,43256200
2005-05-27,81.129397,81.25779,80.953708,81.25779,24596100
2005-05-31,81.142893,81.203707,80.683389,80.73745,43377200
2005-06-01,80.764492,81.710529,80.71719,81.42672,69611000
2005-06-02,81.24426,81.656457,81.156411,81.602402,39704500
2005-06-03,81.460506,81.690255,80.906399,81.190208,60999400
2005-06-06,81.055056,81.223991,80.784764,81.115875,36046400
2005-06-07,81.352383,81.93352,81.095604,81.176689,66501300
2005-06-08,81.379428,81.487544,80.865864,81.028046,46881200
2005-06-09,80.913164,81.480789,80.710445,81.413216,56653300
2005-06-10,81.467281,81.528101,80.818571,81.224014,36465300
2005-06-13,81.048323,81.818667,80.960474,81.480797,49383200
2005-06-14,81.392942,81.899747,81.34564,81.669998,33857100
2005-06-15,81.872708,81.926763,81.244269,81.825401,53195600
2005-06-16,81.805135,82.197065,81.710532,82.034889,46564500
2005-06-17,82.460984,82.705233,82.243874,82.33886,51529400
2005-06-20,82.148857,82.664489,82.053872,82.365967,41019400
2005-06-21,82.433844,82.535615,82.114963,82.41349,39879800
2005-06-22,82.555955,82.732358,82.142089,82.481323,46310100
2005-06-23,82.311691,82.501661,81.300776,81.321129,62185600
2005-06-24,81.334723,81.422927,80.629116,80.724106,58572500
2005-06-27,80.717345,81.015873,80.568082,80.83947,48183800
2005-06-28,81.009063,81.578973,80.98871,81.517914,41174200
2005-06-29,81.667185,81.687538,81.253319,81.300812,42316500
2005-06-30,81.565402,81.633248,80.703745,80.859795,62288800
2005-07-01,81.042958,81.280426,80.880127,81.097237,49737500
2005-07-05,80.907275,81.857131,80.866568,81.748573,51549000
2005-07-06,81.680742,81.857145,81.015847,81.063339,52363600
2005-07-07,80.255963,81.382217,80.23561,81.382217,103268800
2005-07-08,81.395776,82.311707,81.226159,82.311707,64491200
2005-07-11,82.318503,82.840921,82.30493,82.732368,49688300
2005-07-12,82.766304,83.200523,82.528841,82.949493,51871100
2005-07-13,82.956247,83.125864,82.766277,83.064804,41182300
2005-07-14,83.437973,83.750067,83.10552,83.39048,63638800
2005-07-15,83.309029,83.478646,83.017287,83.342949,56075900
2005-07-18,83.112292,83.200491,82.806984,83.010521,56598400
2005-07-19,83.254772,83.52616,83.051235,83.465096,59165700
2005-07-20,83.173374,83.946833,82.976623,83.750076,69477000
2005-07-21,83.824719,83.865425,83.091972,83.261589,101110900
2005-07-22,83.370164,83.831522,83.200547,83.817955,52607100
2005-07-25,83.729723,84.096091,83.349778,83.58046,57301600
2005-07-26,83.607563,83.8111,83.417588,83.68219,42758800
2005-07-27,83.790785,84.055387,83.485476,83.987541,43181600
2005-07-28,84.102881,84.564239,83.885771,84.516747,47880700
2005-07-29,84.408183,84.557442,83.790775,83.953606,62358100
2005-08-01,84.01468,84.157157,83.756859,83.892555,40418200
2005-08-02,84.041829,84.537108,83.953625,84.39463,45147400
2005-08-03,84.299657,84.632105,84.211458,84.618538,36837200
2005-08-04,84.286038,84.340311,83.838247,83.940018,50855600
2005-08-05,83.756867,84.116459,83.227662,83.37014,53595500
2005-08-08,83.553315,83.729718,83.030892,83.214081,47616000
2005-08-09,83.492245,83.851832,83.36334,83.716141,47170000
2005-08-10,84.007847,84.469206,83.32938,83.6754,72863700
2005-08-11,83.634699,84.150336,83.458301,84.007858,58570200
2005-08-12,83.838261,83.919679,83.281918,83.492241,54776900
2005-08-15,83.600779,84.041784,83.336177,84.007858,36208500
2005-08-16,83.75006,83.804334,82.834125,82.915543,71942100
2005-08-17,82.901979,83.363337,82.793422,82.90876,62275100
2005-08-18,82.807,83.153015,82.664517,82.901985,53388600
2005-08-19,83.200502,83.329412,82.90876,83.091949,39842100
2005-08-22,83.166581,83.607586,82.691651,83.091949,69912000
2005-08-23,83.112301,83.186933,82.19637,82.935898,55168600
2005-08-24,82.732355,83.268346,82.155654,82.196365,79104600
2005-08-25,82.332103,82.549213,82.237118,82.494934,35631100
2005-08-26,82.420245,82.427026,81.877469,81.931747,61956800
2005-08-29,81.694306,82.623804,81.673948,82.562744,56179200
2005-08-30,82.264201,82.298126,81.680718,82.12851,74160200
2005-08-31,82.223541,83.220889,81.918227,83.166611,102945200
2005-09-01,83.125898,83.553336,82.189614,83.105545,74578700
2005-09-02,83.349773,83.370126,82.800216,82.956261,47653400
2005-09-06,83.220881,83.994334,83.214095,83.926483,57251300
2005-09-07,83.878964,84.218198,83.763626,84.068939,41749700
2005-09-08,83.899329,84.130005,83.661861,83.790771,39068700
2005-09-09,84.014623,84.632026,83.99427,84.537041,43093900
2005-09-12,84.435293,84.584556,84.313168,84.367447,33017600
2005-09-13,84.218221,84.414977,83.804355,83.899345,58427500
2005-09-14,83.953604,84.075729,83.465106,83.594017,57694600
2005-09-15,83.851837,83.892548,83.383697,83.553314,73156900
2005-09-16,84.011184,84.310977,83.718201,84.147453,75424100
2005-09-19,84.126999,84.181508,83.561472,83.86808,53355300
2005-09-20,83.943078,84.222437,83.036879,83.159523,84480300
2005-09-21,82.982343,83.036853,82.294172,82.382751,94469100
2005-09-22,82.409999,82.893767,82.062512,82.675728,84597200
2005-09-23,82.607576,83.050459,82.375918,82.743851,59368100
2005-09-26,83.139049,83.288949,82.498578,82.839256,70415400
2005-09-27,82.798357,83.118595,82.457679,82.818802,66150800
2005-09-28,83.077712,83.207172,82.58032,82.900558,58620500
2005-09-29,82.818798,83.711373,82.49856,83.575104,66607700
2005-09-30,83.547892,83.834061,82.948296,83.834061,47824200
2005-10-03,83.779514,84.038427,83.432021,83.534225,50994800
2005-10-04,83.663677,83.827201,82.553069,82.593948,60776300
2005-10-05,82.614396,82.655275,81.469718,81.510597,106052100
2005-10-06,81.612809,81.939862,80.515825,81.217621,140941800
2005-10-07,81.558275,81.796754,81.169903,81.496956,75661400
2005-10-10,81.544658,81.565097,80.604389,80.808792,52677000
2005-10-11,81.074513,81.347056,80.618005,80.692955,75629800
2005-10-12,80.665725,81.169927,79.997999,80.059319,100510400
2005-10-13,80.032067,80.45451,79.636879,80.011627,99052900
2005-10-14,80.481779,80.951911,80.100216,80.856522,88651000
2005-10-17,80.9451,81.265333,80.706621,81.156319,68109300
2005-10-18,81.040464,81.054089,80.263719,80.277344,74996900
2005-10-19,80.059348,81.626469,79.800434,81.612839,116563800
2005-10-20,81.415223,81.633257,79.923057,80.175156,131966700
2005-10-21,80.597583,80.931446,80.066126,80.488564,96579500
2005-10-24,80.699807,81.82404,80.679367,81.735466,71308400
2005-10-25,81.571968,81.926271,81.040511,81.571968,76594500
2005-10-26,81.428863,82.130659,81.210829,81.333473,80855800
2005-10-27,81.217599,81.333434,80.35228,80.468109,66623100
2005-10-28,80.692967,81.728626,80.468119,81.626427,72322000
2005-10-31,81.960277,82.648447,81.851257,81.851257,77698900
2005-11-01,82.157898,82.375931,81.912609,82.096573,66365100
2005-11-02,81.878535,82.955078,81.85128,82.955078,74012300
2005-11-03,83.227635,83.575128,82.955092,83.309395,84897600
2005-11-04,83.397988,83.438867,82.818836,83.200394,59156000
2005-11-07,83.377517,83.547856,83.023209,83.282127,46765400
2005-11-08,83.077719,83.411581,82.982329,83.282127,42152800
2005-11-09,83.17991,83.772686,83.030011,83.391129,57666800
2005-11-10,83.357066,84.161066,82.955068,84.038422,79048100
2005-11-11,84.045227,84.379089,83.418381,84.324585,34867000
2005-11-14,84.345059,84.501768,84.0657,84.276924,45092200
2005-11-15,84.181492,84.54942,83.711355,83.970268,69592500
2005-11-16,84.05885,84.181495,83.793122,84.14061,51133000
2005-11-17,84.270078,84.930994,83.902145,84.924179,55717500
2005-11-18,85.210362,85.360261,84.712975,85.258057,72437200
2005-11-21,85.271682,85.789514,85.155853,85.687309,50021200
2005-11-22,85.551037,86.205138,85.455648,86.055244,66438800
2005-11-23,86.021163,86.811538,85.993908,86.55262,50854700
2005-11-25,86.518559,86.682083,86.402724,86.620758,15270000
2005-11-28,86.702495,86.71612,85.878056,86.007515,54498500
2005-11-29,86.293741,86.51859,85.912178,85.912178,51738900
2005-11-30,85.959831,86.205114,85.36705,85.448814,56007200
2005-12-01,85.864479,86.55265,85.837229,86.320992,65468200
2005-12-02,86.375491,86.586714,86.191527,86.43,46699400
2005-12-05,86.327777,86.348222,85.973474,86.246017,59273400
2005-12-06,86.566306,87.036438,86.280132,86.409592,57935200
2005-12-07,86.37552,86.44366,85.632844,85.905388,66816500
2005-12-08,86.000744,86.409557,85.496543,85.850845,62608600
2005-12-09,85.959854,86.382292,85.728191,86.075684,50744500
2005-12-12,86.334594,86.436799,85.823577,86.15744,48389900
2005-12-13,86.137032,87.009167,86.048458,86.743439,88630900
2005-12-14,86.661639,87.274855,86.627569,87.084076,64375000
2005-12-15,87.104524,87.213543,86.654832,86.831985,55900300
2005-12-16,87.182682,87.237481,86.552513,86.552513,46238300
2005-12-19,86.80597,86.901865,86.093603,86.1073,48733000
2005-12-20,86.210047,86.710071,85.949761,86.189499,46603200
2005-12-21,86.456653,86.826536,86.168968,86.326508,51806900
2005-12-22,86.518281,86.778572,86.360741,86.778572,32247900
2005-12-23,86.840228,86.895026,86.593639,86.82653,27977300
2005-12-27,86.963548,87.025198,85.881298,85.942947,44499500
2005-12-28,86.127853,86.299095,85.963463,86.134705,30764300
2005-12-29,86.114131,86.278521,85.662049,85.751099,32788900
2005-12-30,85.483965,85.662053,85.182578,85.285324,44645600
2006-01-03,85.751111,86.9909,85.203134,86.785408,73256700
2006-01-04,86.895016,87.326544,86.785419,87.196404,51899600
2006-01-05,87.093658,87.39504,86.908714,87.251198,47307500
2006-01-06,87.689587,88.073167,87.237506,87.977272,62885900
2006-01-09,87.963565,88.401944,87.936171,88.203308,43527400
2006-01-10,87.943029,88.347157,87.853979,88.292358,44960800
2006-01-11,88.374537,88.662223,88.175891,88.573174,49598900
2006-01-12,88.415644,88.552636,87.977265,88.223854,40509200
2006-01-13,88.066303,88.292333,87.812858,88.14164,44856700
2006-01-17,87.812852,87.963546,87.545715,87.901901,52066600
2006-01-18,87.388183,88.292335,87.100498,87.552574,75067600
2006-01-19,87.764925,88.203304,87.54573,87.888214,81530400
2006-01-20,87.867636,87.888184,86.285362,86.285362,114957800
2006-01-23,86.449785,86.867616,86.394987,86.593628,67017400
2006-01-24,86.737464,87.09365,86.593621,86.682671,53008800
2006-01-25,87.018327,87.114222,86.196363,86.758041,87747700
2006-01-26,87.162126,87.449811,86.826493,87.237473,71294000
2006-01-27,87.442966,88.127934,87.299118,88.045731,65771200
2006-01-30,87.977272,88.230707,87.915627,87.977272,33709600
2006-01-31,87.895076,88.045759,87.326546,87.333397,72937000
2006-02-01,87.552585,87.97041,87.484089,87.943016,63561000
2006-02-02,87.744366,87.77176,86.853906,86.922401,83626900
2006-02-03,86.703196,87.942985,86.401808,86.490852,86040400
2006-02-06,86.607319,86.853908,86.422375,86.716911,45511900
2006-02-07,86.566227,86.758023,85.894962,85.94976,71208100
2006-02-08,86.203193,87.744376,86.031951,86.730621,59422200
2006-02-09,86.936114,87.401893,86.559385,86.586784,62023300
2006-02-10,86.600481,87.079956,85.92921,86.744324,64508700
2006-02-13,86.716925,86.84707,86.271695,86.586784,52308700
2006-02-14,86.62103,87.696429,86.449788,87.504639,90964400
2006-02-15,87.4567,87.895085,87.155313,87.812881,85471300
2006-02-16,87.908773,88.504702,87.799175,88.470451,61017900
2006-02-17,88.395071,88.470418,88.073135,88.230675,40342600
2006-02-21,88.436205,88.634841,87.874526,88.011528,46456300
2006-02-22,88.2033,88.806065,88.121097,88.545784,42326700
2006-02-23,88.54578,88.799214,87.867658,88.415634,43423200
2006-02-24,88.43617,88.689605,88.196427,88.641663,36777400
2006-02-27,88.634842,89.073221,88.552649,88.675949,35858600
2006-02-28,88.497862,88.984194,87.764952,87.833443,74394800
2006-03-01,88.086825,88.696446,88.018324,88.614243,48641600
2006-03-02,88.292363,88.648549,88.093726,88.607452,60642300
2006-03-03,88.134797,89.093758,88.121095,88.196442,73402500
2006-03-06,88.456724,88.484119,87.573116,87.792305,57478400
2006-03-07,87.579988,87.716979,87.264903,87.655334,61780800
2006-03-08,87.470383,87.977262,87.114202,87.840271,66692400
2006-03-09,87.86767,88.141653,87.251198,87.251198,56313600
2006-03-10,87.477217,88.251228,87.292278,88.079987,60490800
2006-03-13,88.251231,88.470425,88.038892,88.244385,45479100
2006-03-14,88.162235,89.203379,88.093734,89.169128,69877300
2006-03-15,89.148553,89.634884,88.943071,89.566383,53398900
2006-03-16,89.73764,90.05273,89.621197,89.751343,65526400
2006-03-17,89.8675,90.018793,89.661201,89.826241,47286800
2006-03-20,89.840013,90.018809,89.54431,89.681847,45538500
2006-03-21,89.654387,90.080764,89.021712,89.117989,87102700
2006-03-22,89.062948,89.75064,89.021689,89.661247,51605700
2006-03-23,89.578713,89.668116,89.166104,89.475563,46704200
2006-03-24,89.393057,89.791919,89.221134,89.54435,43209200
2006-03-27,89.420539,89.592462,89.221113,89.413666,32523000
2006-03-28,89.351804,89.764423,88.746642,88.863548,82079900
2006-03-29,88.994159,89.74374,88.911629,89.420525,61505700
2006-03-30,89.47555,90.073838,89.090444,89.262367,70571700
2006-03-31,89.413683,89.564976,88.966677,89.28302,62925600
2006-04-03,89.448072,89.998217,89.049209,89.214249,61624700
2006-04-04,89.214241,89.901933,88.959799,89.785027,54809300
2006-04-05,89.819418,90.28017,89.661251,90.09449,50607200
2006-04-06,89.984446,90.232015,89.530567,89.998192,57906200
2006-04-07,90.128851,90.362664,88.952905,89.083557,80180900
2006-04-10,89.221138,89.454951,88.891038,89.221138,41496500
2006-04-11,89.29678,89.441189,88.196469,88.464668,72799400
2006-04-12,88.554046,88.801615,88.444012,88.629692,43033700
2006-04-13,88.430226,88.884105,88.237674,88.512756,51051800
2006-04-17,88.595285,88.925374,88.038256,88.478378,64167700
2006-04-18,88.66407,90.046336,88.66407,89.881287,92531800
2006-04-19,89.915664,90.13573,89.564945,90.0532,87269000
2006-04-20,90.087614,90.679029,89.812541,90.177017,86005500
2006-04-21,90.562086,90.630849,89.826252,90.190727,72342600
2006-04-24,90.011954,90.135744,89.661235,90.025711,52546400
2006-04-25,90.115133,90.17015,89.344922,89.654381,84359800
2006-04-26,89.743754,90.183876,89.606217,89.67498,67262400
2006-04-27,89.331151,90.520865,89.117968,90.108246,124478600
2006-04-28,89.943177,90.603365,89.888171,90.410812,55854400
2006-05-01,90.410815,90.637755,89.619974,89.67498,64990300
2006-05-02,90.09447,90.403939,89.908801,90.348923,49063500
2006-05-03,90.190782,90.307699,89.7094,90.011986,60821300
2006-05-04,90.142629,90.513978,90.066983,90.335182,42921400
2006-05-05,90.809703,91.325472,90.672167,91.132919,62588200
2006-05-08,91.126022,91.304829,91.022873,91.022873,30016700
2006-05-09,91.064109,91.304805,90.988462,91.201645,29864000
2006-05-10,91.05728,91.291093,90.699678,91.153557,64378200
2006-05-11,91.125997,91.15351,89.757497,90.0532,80626900
2006-05-12,89.647493,89.895062,88.842895,88.877281,91726500
2006-05-15,88.567795,89.221111,88.444016,89.056061,84029300
2006-05-16,89.234851,89.399901,88.719083,88.925392,62137600
2006-05-17,88.485295,88.781008,87.178679,87.233696,144789500
2006-05-18,87.577517,87.852594,86.72478,86.793549,87906300
2006-05-19,87.247473,87.673839,86.511643,87.40564,124309400
2006-05-22,86.84168,87.453725,86.305282,86.738525,110852800
2006-05-23,87.460623,87.770082,86.078362,86.078362,92006500
2006-05-24,86.4291,87.261206,85.796425,86.766068,168405000
2006-05-25,87.281811,87.838844,86.944843,87.838844,78977900
2006-05-26,88.03142,88.285873,87.68758,88.285873,62989700
2006-05-30,88.003896,88.024526,86.683529,86.717911,72419900
2006-05-31,87.075501,87.687546,86.786666,87.687546,86926200
2006-06-01,87.598152,88.670955,87.522506,88.526535,73721700
2006-06-02,88.884134,89.007914,88.244586,88.712212,91702600
2006-06-05,88.609066,88.615939,87.178661,87.419357,86105100
2006-06-06,87.481247,87.598153,86.484096,87.206169,130498600
2006-06-07,87.274973,87.783864,86.504756,86.552895,108599400
2006-06-08,86.360335,86.99301,85.184383,86.477242,204957200
2006-06-09,86.896688,87.309302,86.160858,86.202118,94972200
2006-06-12,86.566628,86.601015,85.149985,85.266891,95815900
2006-06-13,85.094961,85.851421,84.276611,84.276611,185688800
2006-06-14,84.47603,85.019307,84.132184,84.929909,163566400
2006-06-15,85.239387,86.896726,85.177497,86.731682,134057000
2006-06-16,86.541707,86.728203,85.968399,86.09964,94253500
2006-06-19,86.617712,86.672972,85.33986,85.422745,95804400
2006-06-20,85.657567,86.210149,85.457255,85.712822,65494700
2006-06-21,85.65068,86.824921,85.62305,86.34832,75008200
2006-06-22,86.306879,86.38286,85.678316,85.968422,74566100
2006-06-23,85.878617,86.548627,85.671395,85.954597,54107000
2006-06-26,86.023669,86.382847,85.823356,86.334496,37899600
2006-06-27,86.348343,86.541747,85.491832,85.588539,69780200
2006-06-28,85.781886,86.182506,85.40889,86.168694,62368100
2006-06-29,86.479564,87.964638,86.458843,87.909378,110634800
2006-06-30,88.09589,88.178779,87.695264,87.916298,54227800
2006-07-03,88.019894,88.420515,87.937005,88.275467,23914000
2006-07-05,87.923179,88.033693,87.391313,87.771217,69653400
2006-07-06,87.861008,88.309984,87.778123,88.026787,50100300
2006-07-07,87.854117,88.109684,87.232457,87.453491,81626500
2006-07-10,87.681424,88.01988,87.315337,87.619255,60964100
2006-07-11,87.453486,88.006073,86.990697,88.006073,73640800
2006-07-12,87.826461,87.999144,86.838715,87.066658,82561300
2006-07-13,86.652239,86.811109,85.650681,85.650681,102405700
2006-07-14,85.740461,85.83026,84.842514,85.319115,103242500
2006-07-17,85.31911,85.719736,85.063543,85.194778,81159000
2006-07-18,85.450398,85.685249,84.538633,85.62999,122771000
2006-07-19,85.775033,87.211756,85.457297,86.818039,133565300
2006-07-20,87.11502,87.239352,86.106553,86.223976,112259800
2006-07-21,86.445023,86.472653,85.526349,85.616142,101560000
2006-07-24,85.954578,87.253151,85.954578,87.17717,92884000
2006-07-25,87.018332,87.930097,86.83874,87.488029,95480700
2006-07-26,87.439682,88.033711,87.156485,87.605461,84525800
2006-07-27,87.985379,88.19951,87.170316,87.522591,87257100
2006-07-28,87.750476,88.510279,87.626144,88.399765,82137000
2006-07-31,88.178732,88.385948,88.033674,88.309967,49593100
2006-08-01,87.957724,87.985354,87.446584,87.87484,65225600
2006-08-02,88.123499,88.731346,88.102778,88.468864,64770900
2006-08-03,87.957706,88.793496,87.826471,88.703697,63693800
2006-08-04,89.159589,89.401339,88.05442,88.551743,96294200
2006-08-07,88.344536,88.468868,87.99917,88.344536,45377300
2006-08-08,88.475765,88.731343,87.688332,88.006073,90901300
2006-08-09,88.5379,88.828016,87.453458,87.70903,78910600
2006-08-10,87.432746,88.068217,87.225524,87.978424,69322300
2006-08-11,87.840289,87.86101,87.301519,87.729774,47482200
2006-08-14,88.158044,88.524136,87.667626,87.798866,57839000
2006-08-15,88.586281,89.014531,88.344526,88.848763,68143000
2006-08-16,89.325382,89.719093,89.131967,89.587852,71737600
2006-08-17,89.504961,90.050634,89.442798,89.815788,70992800
2006-08-18,89.926279,90.271645,89.511836,90.271645,58288400
2006-08-21,89.919393,89.98847,89.656922,89.884865,42133600
2006-08-22,89.788149,90.154236,89.574014,89.877937,60839900
2006-08-23,89.919394,90.09899,89.235576,89.629288,66592100
2006-08-24,89.788133,89.864113,89.380593,89.553276,57983000
2006-08-25,89.546395,89.967742,89.484232,89.663818,41756000
2006-08-28,89.553302,90.361467,89.546398,90.092072,52681500
2006-08-29,90.133515,90.368362,89.663813,90.195679,61817800
2006-08-30,90.395994,90.513417,90.174965,90.250946,50052200
2006-08-31,90.382157,90.478859,90.195657,90.237099,37510300
2006-09-01,90.582498,90.886421,90.375276,90.775902,48794500
2006-09-05,90.838051,91.072907,90.623926,90.94857,52348300
2006-09-06,90.561797,90.596336,90.023028,90.147354,53795600
2006-09-07,89.836523,90.188803,89.34611,89.732918,86269400
2006-09-08,89.850328,90.112809,89.677645,89.988472,45096300
2006-09-11,89.69835,90.271659,89.435869,90.078255,68496600
2006-09-12,90.18188,91.066015,90.05064,90.96241,69875600
2006-09-13,90.927851,91.487341,90.844966,91.328476,62898400
2006-09-14,91.148914,91.342318,91.003855,91.335403,57805400
2006-09-15,91.792579,91.848082,91.355501,91.549767,76703100
2006-09-18,91.431829,91.848094,91.334701,91.674652,64154100
2006-09-19,91.660807,91.667751,90.932357,91.44574,92089100
2006-09-20,91.750975,92.111737,91.619157,91.931351,75204100
2006-09-21,92.000736,92.097863,91.175149,91.487343,88932500
2006-09-22,91.348568,91.355502,90.883744,91.209816,65966800
2006-09-25,91.390203,92.167232,90.918445,91.91053,92299100
2006-09-26,91.924396,92.687546,91.855015,92.673668,73962700
2006-09-27,92.611264,92.94427,92.458634,92.784706,82432200
2006-09-28,92.78466,92.958102,92.465522,92.749969,58597500
2006-09-29,92.826298,92.923425,92.604287,92.673668,47966600
2006-10-02,92.645902,92.847101,92.236581,92.326775,51687400
2006-10-03,92.194954,92.874845,92.028446,92.521027,73108100
2006-10-04,92.430846,93.65882,92.326785,93.603317,80890500
2006-10-05,93.603338,93.943289,93.485399,93.783714,60505900
2006-10-06,93.624117,93.728188,93.242541,93.665741,64983600
2006-10-09,93.554778,93.866972,93.409081,93.721275,41176800
2006-10-10,93.728221,93.971034,93.547835,93.846161,56403700
2006-10-11,93.547833,93.957154,93.173202,93.735153,104071800
2006-10-12,93.971045,94.62319,93.936355,94.546875,59158600
2006-10-13,94.463608,94.845183,94.380349,94.78968,53944000
2006-10-16,94.713371,95.081068,94.64399,94.935371,42273000
2006-10-17,94.678694,94.838258,94.123677,94.63707,90500600
2006-10-18,95.07408,95.303025,94.421947,94.761887,86848600
2006-10-19,94.623169,94.96312,94.512163,94.914551,64063200
2006-10-20,94.935371,95.011686,94.581553,94.935371,48094500
2006-10-23,94.741112,95.601389,94.623172,95.372444,66219900
2006-10-24,95.240633,95.691578,95.199008,95.656898,53234900
2006-10-25,95.559741,96.024565,95.400167,95.982941,78105400
2006-10-26,96.198024,96.433903,95.726256,96.281273,66843700
2006-10-27,96.16334,96.260467,95.483449,95.677704,80238000
2006-10-30,95.504261,95.878892,95.323874,95.608322,49717800
2006-10-31,95.788702,95.920509,95.219806,95.594437,71274100
2006-11-01,95.892737,95.955174,94.852084,94.949211,83005600
2006-11-02,94.706425,95.053309,94.602364,94.893745,60693100
2006-11-03,95.233708,95.316957,94.088983,94.727249,71346400
2006-11-06,95.018606,95.934375,95.011661,95.795624,63303300
2006-11-07,95.878913,96.420052,95.740161,96.163361,63318900
2006-11-08,95.740112,96.468572,94.949216,96.371445,87517800
2006-11-09,96.440843,96.531036,95.670759,95.865013,95916300
2006-11-10,95.837266,95.976017,95.545884,95.906647,48991500
2006-11-13,95.865049,96.461691,95.788744,96.142563,59398200
2006-11-14,96.413114,96.947319,95.823406,96.864059,96704000
2006-11-15,96.829377,97.439887,96.80162,97.141571,76509600
2006-11-16,97.432913,97.599411,96.773835,97.391289,76728800
2006-11-17,97.079109,97.425994,96.940357,97.41906,56353800
2006-11-20,97.335797,97.641057,97.086039,97.474548,69174200
2006-11-21,97.467632,97.592506,97.32887,97.571693,51367900
2006-11-22,97.648014,97.932461,97.474571,97.765953,45505300
2006-11-24,97.294168,97.710423,97.266412,97.370483,30998000
2006-11-27,97.321913,97.370481,96.003756,96.031502,84545100
2006-11-28,95.906638,96.544904,95.816444,96.447777,106652900
2006-11-29,96.760027,97.495421,96.489457,97.453796,90034900
2006-11-30,97.43294,97.85614,96.961171,97.495377,83994300
2006-12-01,97.495409,97.585602,96.41313,97.280342,126080000
2006-12-04,97.301121,98.203023,97.287243,98.022636,87813200
2006-12-05,98.209952,98.487466,98.001819,98.445831,73374400
2006-12-06,98.425001,98.563763,98.16831,98.362564,53253200
2006-12-07,98.536025,98.723346,97.897759,97.932449,62857400
2006-12-08,97.91162,98.445814,97.668797,98.112808,79625500
2006-12-11,98.11283,98.577654,98.057327,98.397278,39779400
2006-12-12,98.300134,98.425007,97.745116,98.320946,77451600
2006-12-13,98.674768,98.751083,98.209944,98.425011,55520200
2006-12-14,98.418083,99.375488,98.404205,99.292229,64755200
2006-12-15,99.510554,99.684963,99.231505,99.301262,70857400
2006-12-18,99.440838,99.678042,98.889711,99.029236,48954600
2006-12-19,98.750146,99.454753,98.498997,99.21756,65023600
2006-12-20,99.259457,99.524562,99.071093,99.161789,41469600
2006-12-21,99.252472,99.364086,98.589722,98.799004,48698400
2006-12-22,98.812964,98.819937,98.136258,98.19207,62069100
2006-12-26,98.233906,98.792016,98.212978,98.771088,32696900
2006-12-27,98.973391,99.482671,98.94549,99.419876,39727100
2006-12-28,99.350134,99.552444,99.057129,99.210609,37288800
2006-12-29,99.105965,99.440826,98.666451,98.799004,45461200
2007-01-03,99.23851,99.664067,98.066489,98.624588,94807600
2007-01-04,98.526955,99.09902,98.094425,98.833916,69620600
2007-01-05,98.596677,98.645506,97.933926,98.04554,76645300
2007-01-08,98.240887,98.652489,97.84323,98.499008,71655000
2007-01-09,98.582732,98.785052,97.947882,98.415306,75680100
2007-01-10,98.073471,98.764133,97.878135,98.743195,72428000
2007-01-11,98.771114,99.496649,98.715302,99.175743,54476800
2007-01-12,99.168716,99.929146,99.140816,99.929146,55370600
2007-01-16,99.810596,100.068718,99.573393,99.733856,44871300
2007-01-17,99.657107,100.082664,99.573383,99.775703,50241400
2007-01-18,99.880317,99.943101,99.280351,99.440804,68177300
2007-01-19,99.440799,99.831483,99.384998,99.636147,56973000
2007-01-22,99.810563,99.831491,99.015249,99.329193,60253600
2007-01-23,99.245464,99.817529,99.105939,99.622192,54064400
2007-01-24,99.74079,100.445397,99.698934,100.424469,55834700
2007-01-25,100.361687,100.403544,99.07106,99.245468,73583800
2007-01-26,99.461761,99.517563,98.771099,99.1548,67255600
2007-01-29,99.19669,99.622248,98.882757,99.099022,66114600
2007-01-30,99.308277,99.664066,99.105957,99.615227,70407600
2007-01-31,99.503649,100.550101,99.343185,100.284996,91868600
2007-02-01,100.563979,100.919779,100.396553,100.884895,69312400
2007-02-02,100.968655,101.122136,100.72449,101.024467,49607000
2007-02-05,100.947678,101.115115,100.69653,101.05233,45705300
2007-02-06,101.136073,101.17793,100.689588,101.080261,57081300
2007-02-07,101.240717,101.408153,100.857027,101.303513,55669700
2007-02-08,101.003554,101.240747,100.647764,101.17099,70641000
2007-02-09,101.198851,101.387215,100.033802,100.417503,79084400
2007-02-12,100.41749,100.487247,99.894264,100.075645,65657000
2007-02-13,100.298906,101.087225,100.291922,100.9198,64081800
2007-02-14,101.017483,101.784875,101.003527,101.582565,66039400
2007-02-15,101.624415,101.819752,101.456979,101.715111,38715200
2007-02-16,101.46395,101.687188,101.317443,101.66626,39841800
2007-02-20,101.547684,101.99417,101.15701,101.882545,56911800
2007-02-21,101.582577,101.903493,101.401196,101.840698,63971600
2007-02-22,101.889496,102.147617,101.275574,101.763916,79067400
2007-02-23,101.673248,101.708121,101.177923,101.366287,71966200
2007-02-26,101.736046,101.819758,100.982599,101.275604,69192800
2007-02-27,100.375618,100.598856,96.97116,97.319977,274466500
2007-02-28,97.940879,99.050115,97.529277,98.317596,177536300
2007-03-01,97.208389,98.540873,96.308445,98.02462,212828600
2007-03-02,97.703752,98.12931,96.73404,96.741013,162574000
2007-03-05,96.22471,97.375813,95.806136,95.820091,143750400
2007-03-06,96.817696,97.752524,96.078205,97.459518,143333300
2007-03-07,97.382798,97.989747,97.250246,97.36187,115144900
2007-03-08,98.045577,98.478117,97.717698,98.185112,117891600
2007-03-09,98.582751,98.659491,97.724663,98.213005,107765100
2007-03-12,97.961871,98.603693,97.780489,98.359528,80366900
2007-03-13,97.794374,98.205986,96.301437,96.447945,190605200
2007-03-14,96.573541,97.222346,95.40152,97.166534,231853800
2007-03-15,96.95024,97.66183,96.831643,97.299057,132435900
2007-03-16,97.572947,97.79708,96.739467,97.026634,121531600
2007-03-19,97.53794,98.287375,97.460896,98.19632,96161200
2007-03-20,98.112246,98.791637,98.028202,98.735603,82147400
2007-03-21,98.826679,100.612695,98.630568,100.36055,152368700
2007-03-22,100.493593,100.633671,100.010314,100.28347,118942200
2007-03-23,100.353513,100.724725,100.262457,100.430557,74416800
2007-03-26,100.507631,100.612687,99.520062,100.297508,113787500
2007-03-27,100.241473,100.269495,99.730182,100.059372,99864600
2007-03-28,99.555078,99.786212,98.938722,99.330956,152907900
2007-03-29,99.835205,99.884238,98.88967,99.435982,139432700
2007-03-30,99.625124,100.045358,98.448444,99.457024,128194100
2007-04-02,99.569115,99.779237,99.092836,99.569115,79416400
2007-04-03,100.136404,100.843805,100.094381,100.640694,82417800
2007-04-04,100.64071,100.822811,100.269498,100.752777,63995200
2007-04-05,100.626691,101.166003,100.584668,101.025925,46822800
2007-04-09,101.313086,101.418153,100.962886,101.166008,50967400
2007-04-10,101.088923,101.453134,101.0469,101.285034,56620000
2007-04-11,101.432157,101.460169,100.535633,100.871834,106365700
2007-04-12,100.675731,101.502199,100.395564,101.320099,115534400
2007-04-13,101.488193,101.782372,101.109981,101.782372,84287000
2007-04-16,102.139578,102.860991,102.132578,102.748924,83064600
2007-04-17,102.938027,103.239195,102.713893,103.022072,108424100
2007-04-18,102.67888,103.449315,102.657869,103.148148,88345300
2007-04-19,102.643842,103.239177,102.510764,103.12011,102947700
2007-04-20,103.813548,104.093704,102.987068,104.093704,124114100
2007-04-23,103.918585,104.17073,103.638428,103.701462,77270800
2007-04-24,103.820552,103.939619,103.183195,103.743507,114471000
2007-04-25,104.170736,104.822115,103.673457,104.696037,108418800
2007-04-26,104.703023,104.920145,104.429866,104.815079,88741600
2007-04-27,104.422863,104.87813,104.247762,104.731041,108191100
2007-04-30,104.80808,104.878124,103.806511,103.862534,100874100
2007-05-01,103.953585,104.689008,103.428284,104.128685,134342700
2007-05-02,104.289781,105.025204,104.184725,104.738037,87129800
2007-05-03,105.039226,105.340393,104.871126,105.305382,86569700
2007-05-04,105.585561,105.844706,105.214349,105.704628,96409000
2007-05-07,105.676563,105.900686,105.62753,105.725586,63461400
2007-05-08,105.466443,105.704577,105.151265,105.58551,80584000
2007-05-09,105.508492,107.035373,105.31938,105.872704,102070100
2007-05-10,105.57154,105.774663,104.54896,104.766083,153617800
2007-05-11,104.885106,105.711574,104.864095,105.662552,113408900
2007-05-14,105.662599,105.970777,104.913164,105.431465,108027500
2007-05-15,105.550502,106.222892,105.193301,105.459457,180673300
2007-05-16,105.620569,106.201904,105.326402,106.180893,114166500
2007-05-17,106.026805,106.433039,105.837694,105.970772,101132800
2007-05-18,106.468079,106.895325,106.328001,106.895325,99182000
2007-05-21,106.867225,107.322481,106.811192,106.839203,174664600
2007-05-22,106.951322,107.273512,106.7272,106.755211,82148800
2007-05-23,107.126396,107.511619,106.713162,106.769196,133786600
2007-05-24,106.832249,107.308528,105.578535,105.802658,187593000
2007-05-25,106.110857,106.475068,105.886723,106.243935,83309200
2007-05-29,106.41902,106.811243,106.07582,106.629143,82020000
2007-05-30,106.082809,107.539634,105.998753,107.497612,129013600
2007-05-31,107.630708,107.784798,107.245485,107.385574,114866700
2007-06-01,107.777845,108.142046,107.518689,107.917923,107771700
2007-06-04,107.539666,108.135012,107.497644,107.9319,78008800
2007-06-05,107.67977,107.791826,107.063413,107.504669,126917900
2007-06-06,107.063366,107.126399,106.28592,106.348953,164096800
2007-06-07,106.152845,106.811224,104.401841,104.429863,232414600
2007-06-08,104.766085,105.893732,104.422885,105.788666,175886000
2007-06-11,105.711616,106.426029,105.550527,105.970772,102015600
2007-06-12,105.529491,106.138837,104.745045,104.815079,233898000
2007-06-13,105.410415,106.51005,104.864102,106.383972,193208200
2007-06-14,106.503054,107.245478,106.482043,107.063377,146396500
2007-06-15,107.72178,108.087562,107.574057,107.672546,154030800
2007-06-18,107.890593,107.897624,107.38413,107.545914,88537500
2007-06-19,107.306784,107.890624,107.173133,107.813248,110851700
2007-06-20,108.031296,108.031296,106.188339,106.314949,177119700
2007-06-21,106.272711,106.997233,105.688871,106.905785,205262000
2007-06-22,106.582228,106.758083,105.407518,105.89991,204964700
2007-06-25,105.681876,106.392326,104.823702,105.393471,232014400
2007-06-26,105.660734,105.836589,104.303127,104.310158,198445700
2007-06-27,104.197677,105.914025,104.148432,105.794434,213638000
2007-06-28,105.780342,106.504864,105.280909,105.780342,157705000
2007-06-29,106.14613,106.673695,104.915144,105.815521,199701800
2007-07-02,106.12498,106.863573,106.054645,106.772125,103357000
2007-07-03,107.046485,107.271585,106.912844,107.159035,54048400
2007-07-05,107.201277,107.313827,106.659651,107.046524,89279000
2007-07-06,107.187177,107.742874,106.870629,107.609222,81109000
2007-07-09,107.735891,107.876573,107.356038,107.693687,72348100
2007-07-10,107.123892,107.348992,106.054701,106.16021,180362600
2007-07-11,106.040612,106.955061,105.878828,106.912857,175607600
2007-07-12,107.180132,108.854275,107.15903,108.601044,133882500
2007-07-13,108.727695,109.353739,108.601074,108.924652,111794300
2007-07-16,109.023118,109.40296,108.734713,108.910568,98378700
2007-07-17,108.980935,109.367818,108.80508,108.854324,126201300
2007-07-18,108.488493,108.889448,107.834318,108.657318,237887400
2007-07-19,109.170882,109.403012,108.854345,109.079445,145212700
2007-07-20,108.952767,109.023114,107.503723,107.975014,245502500
2007-07-23,108.453346,108.833199,107.834343,108.305634,121183900
2007-07-24,107.707717,108.523687,106.047645,106.427498,256732400
2007-07-25,106.933958,107.194221,105.688902,106.645554,265214500
2007-07-26,105.646729,106.075816,102.973729,104.120308,467592500
2007-07-27,104.253933,104.718183,102.031123,102.073326,422987600
2007-07-30,102.650091,103.972525,102.199903,103.670059,283017500
2007-07-31,104.338292,105.13316,102.024034,102.502365,316976700
2007-08-01,102.122571,103.409831,101.257367,103.001846,467670000
2007-08-02,103.233963,103.937383,102.178833,103.824844,294758400
2007-08-03,103.59974,103.810768,100.729784,101.15184,359398200
2007-08-06,101.440251,103.283209,100.258499,102.847092,324980000
2007-08-07,102.65719,104.809655,102.157756,103.94445,232568700
2007-08-08,104.394615,105.928066,103.64195,105.393471,274930600
2007-08-09,103.705228,104.77443,102.19991,102.270256,357622100
2007-08-10,101.566877,103.051095,100.67353,101.791977,411018400
2007-08-13,103.051092,103.325426,102.010033,102.157745,181917200
2007-08-14,102.488348,102.74158,100.392158,100.596146,264134500
2007-08-15,100.39214,101.616095,98.914953,99.210388,323834000
2007-08-16,98.331137,100.546918,96.368599,99.956047,546743700
2007-08-17,102.347674,102.565733,99.456616,101.791977,388218100
2007-08-20,102.115556,102.326585,100.793122,101.742744,187320400
2007-08-21,101.714597,102.67828,101.391019,101.946716,157066400
2007-08-22,102.706428,103.262136,102.228107,103.156616,173156700
2007-08-23,103.641939,103.859997,102.425025,103.06514,203915300
2007-08-24,103.037062,104.338394,102.89638,104.338394,128901900
2007-08-27,104.000738,104.338377,103.2129,103.367653,113024300
2007-08-28,102.811905,102.875211,100.912673,101.095558,219790700
2007-08-29,101.552788,103.219901,101.264393,103.079208,207654200
2007-08-30,102.312486,103.536441,102.214008,102.804878,191817300
2007-08-31,103.860006,104.457917,103.283207,103.817802,185477500
2007-09-04,103.719282,105.498934,103.684109,104.86586,120062000
2007-09-05,104.246863,104.359413,103.402761,103.958458,166261800
2007-09-06,104.071011,104.535271,103.487171,104.197632,127878400
2007-09-07,103.03699,103.325395,102.178817,102.748596,235447600
2007-09-10,103.06514,103.205822,101.524648,102.551636,192305900
2007-09-11,102.868131,103.895118,102.790755,103.747406,162081900
2007-09-12,103.606763,104.415702,103.388704,104.014748,149554600
2007-09-13,104.493121,105.126196,104.24692,104.746353,154079000
2007-09-14,104.07809,104.872948,103.923336,104.739296,121911000
2007-09-17,104.324287,104.563447,103.845966,104.176575,109870800
2007-09-18,104.690035,107.271586,104.197643,107.243454,263759500
2007-09-19,107.911699,108.601048,107.419307,107.876526,193779900
2007-09-20,107.862468,107.925773,106.997264,107.116844,175186800
2007-09-21,107.928926,108.218689,107.243371,107.405922,141457500
2007-09-24,107.723938,108.006647,106.974777,107.208008,139450200
2007-09-25,106.586013,107.186761,106.345718,106.995934,142289900
2007-09-26,107.60382,107.971337,106.996009,107.561417,135547000
2007-09-27,108.070283,108.204569,107.561417,108.197495,102713300
2007-09-28,108.027879,108.268174,107.412993,107.837051,133372100
2007-10-01,107.85115,109.370674,107.78047,109.052635,148162300
2007-10-02,109.271753,109.300018,108.706345,108.904236,112978800
2007-10-03,108.706321,109.13038,108.140914,108.68512,119055900
2007-10-04,108.918388,109.024397,108.550871,108.854782,76864400
2007-10-05,109.568571,110.324806,109.285872,110.148117,134579700
2007-10-08,109.823066,109.893746,109.38488,109.561569,71280400
2007-10-09,109.971422,110.607499,109.568565,110.593361,94054300
2007-10-10,110.2824,110.56511,109.837151,110.409622,101711100
2007-10-11,110.91143,111.328425,109.22228,109.87957,233529100
2007-10-12,109.872468,110.501481,109.738182,110.487343,124546700
2007-10-15,110.444926,110.508532,108.798181,109.554405,161151900
2007-10-16,109.13038,109.208124,108.466027,108.68512,166525700
2007-10-17,109.533264,109.611008,107.759307,109.017334,216687300
2007-10-18,108.451888,108.974892,108.190391,108.621513,148367500
2007-10-19,108.19745,110.593357,105.773278,105.780342,297169900
2007-10-22,105.207841,106.550675,105.066492,106.395187,261989800
2007-10-23,107.045489,107.391793,106.190307,107.257507,180085100
2007-10-24,106.868784,107.243365,105.193762,107.059601,326694200
2007-10-25,107.179733,107.632057,105.92878,107.314018,237374500
2007-10-26,108.176262,108.572044,107.356421,108.572044,176484000
2007-10-29,108.791127,109.15158,108.522567,108.932487,106841000
2007-10-30,108.451935,108.663964,108.042014,108.1763,132981600
2007-10-31,108.826469,109.738192,108.020767,109.299995,220954400
2007-11-01,108.338853,108.423671,106.43061,106.741585,333040800
2007-11-02,107.094948,107.427125,105.455277,106.861717,331228200
2007-11-05,105.7592,106.833474,105.285674,106.048973,226841000
2007-11-06,106.621374,107.50482,105.942883,107.476555,177800500
2007-11-07,106.324548,106.812212,104.28202,104.536453,306639700
2007-11-08,104.593049,104.882812,102.529319,104.006439,374509900
2007-11-09,102.967462,104.274956,102.402054,102.578743,277745100
2007-11-12,102.62823,103.617686,101.56102,101.56102,243087800
2007-11-13,102.741284,104.819152,102.635275,104.656601,191117400
2007-11-14,105.462312,105.589524,103.737823,104.366837,230558800
2007-11-15,103.589443,104.239659,102.140588,102.861473,263111100
2007-11-16,103.405664,103.518748,102.175913,103.038147,308770600
2007-11-19,102.677729,102.734271,101.200608,101.603455,267746000
2007-11-20,101.787224,102.854424,100.437315,102.22541,414767500
2007-11-21,101.122859,101.709469,100.126329,100.133392,259012400
2007-11-23,101.115776,102.01335,100.854268,101.864937,77688400
2007-11-26,102.076936,102.394985,99.412469,99.617424,214232000
2007-11-27,100.175788,101.228849,99.617444,100.762398,293897900
2007-11-28,101.907331,104.225494,101.871991,103.985199,258596900
2007-11-29,103.624756,104.402193,103.25725,104.020538,199409900
2007-11-30,105.335135,105.921745,104.126585,105.066574,222908000
2007-12-03,104.734362,104.918115,104.098274,104.373909,146430400
2007-12-04,103.653001,104.27494,103.405631,103.440971,136533900
2007-12-05,104.550597,105.448181,104.479927,105.172546,171130000
2007-12-06,105.045288,106.868722,105.002884,106.677895,154457400
2007-12-07,107.017211,107.073753,106.402336,106.656769,148980100
2007-12-10,106.918257,107.603813,106.621421,107.483665,123914300
2007-12-11,107.526033,108.056101,104.479911,104.536453,250346400
2007-12-12,106.76275,107.264553,104.034667,105.568329,322435600
2007-12-13,104.826272,105.582497,104.105377,105.349266,237551300
2007-12-14,104.550613,105.377528,103.964014,104.013481,159152900
2007-12-17,103.617698,103.801452,102.380873,102.529297,177269400
2007-12-18,103.257264,103.525824,101.744803,103.101776,245569300
2007-12-19,103.14418,103.815597,102.437422,103.101776,198917200
2007-12-20,103.780257,103.794395,102.607037,103.751991,214813800
2007-12-21,104.707604,105.453639,104.508662,105.247597,146084400
2007-12-24,105.737852,106.206779,105.496271,106.029152,45601400
2007-12-26,105.617067,106.348889,105.510495,106.256531,67093100
2007-12-27,105.879936,105.887037,104.672074,104.920746,122981700
2007-12-28,105.538898,105.588639,104.373665,104.657875,116398100
2007-12-31,104.515782,104.878138,103.776848,103.88343,108126800
2008-01-02,104.110802,104.43764,102.227959,102.973984,204935600
2008-01-03,102.959806,103.371902,102.362981,102.924278,125133300
2008-01-04,101.844232,101.915287,100.117702,100.401901,232330900
2008-01-07,100.757154,101.055566,99.542192,100.316643,234991000
2008-01-08,100.949011,101.531622,98.362761,98.696701,326365700
2008-01-09,98.824605,100.032467,97.836999,99.734055,301824900
2008-01-10,99.243799,101.460593,99.023543,100.387718,335701200
2008-01-11,100.025367,100.821133,98.760663,99.577744,267076600
2008-01-14,100.295327,100.792681,99.755334,100.380585,170365500
2008-01-15,99.321964,100.529837,97.979104,98.170944,239940100
2008-01-16,97.595421,98.845912,96.828071,97.325424,378802600
2008-01-17,97.91513,97.964871,94.447846,94.803101,397892600
2008-01-18,95.733848,95.93279,93.1476,93.829681,348561500
2008-01-22,90.383791,94.092641,89.524077,92.877678,435923700
2008-01-23,90.298477,95.343089,90.12085,95.10862,511913000
2008-01-24,95.549148,96.245454,94.717855,95.911514,259949300
2008-01-25,96.991496,97.169124,94.213417,94.526031,269603900
2008-01-28,94.682358,96.288114,93.82975,96.089172,217934600
2008-01-29,96.700199,96.948871,95.833378,96.565201,168968300
2008-01-30,96.330699,98.433797,95.634404,95.85466,334939200
2008-01-31,94.781842,98.433856,94.639742,97.602562,343680800
2008-02-01,98.007534,99.194082,97.709122,99.172768,206843600
2008-02-04,98.90987,98.973813,97.794367,97.922264,124694300
2008-02-05,96.58651,96.806766,94.973653,95.300491,286882500
2008-02-06,95.620227,96.096266,94.078425,94.53315,250792900
2008-02-07,93.644996,95.769409,93.595255,95.158371,297368100
2008-02-08,94.56152,95.364397,93.858124,94.547318,221643500
2008-02-11,94.568646,95.371513,93.815498,95.030472,188576300
2008-02-12,95.854672,96.84938,95.193894,95.911514,256654400
2008-02-13,96.63623,97.382266,96.018091,96.892014,181967800
2008-02-14,97.304125,97.339653,95.769424,96.039421,215207200
2008-02-15,95.563402,96.074969,95.144205,96.018127,154110300
2008-02-19,97.140709,97.261494,95.641536,96.288101,145190000
2008-02-20,95.201013,97.019912,95.037588,96.572289,220085700
2008-02-21,97.098098,97.346769,95.257884,95.76944,201051200
2008-02-22,95.89732,96.522571,94.398147,96.359146,205491000
2008-02-25,96.302258,97.801431,95.762276,97.574074,190107000
2008-02-26,97.162005,98.725121,96.984378,98.305923,212420700
2008-02-27,97.737521,98.860125,97.630949,98.206459,168395800
2008-02-28,97.510164,98.021731,97.019912,97.247269,170831100
2008-02-29,96.344942,96.401774,94.341304,95.080238,252715200
2008-03-03,94.597061,95.0731,93.957608,94.852844,189483500
2008-03-04,93.950508,94.781802,93.069485,94.490501,282513100
2008-03-05,94.796,95.75519,94.02865,95.087311,270681400
2008-03-06,94.483376,94.653902,92.756846,93.119202,247911700
2008-03-07,92.202686,93.602388,91.357179,92.160057,326434600
2008-03-10,92.252393,92.316337,90.65375,90.945061,235683600
2008-03-11,92.877643,94.298659,91.62004,94.213402,341440600
2008-03-12,94.312895,95.044718,93.19029,93.33239,229161100
2008-03-13,92.088944,94.241783,91.371335,93.538376,351504200
2008-03-14,94.334167,94.362583,90.788728,92.088959,484687800
2008-03-17,89.929029,91.840293,89.573775,91.158211,405311100
2008-03-18,92.806644,94.987911,92.351919,94.945282,334416600
2008-03-19,95.307589,95.669944,92.3945,92.593452,345971600
2008-03-20,92.859061,94.901175,92.294975,94.308533,245320700
2008-03-24,95.186801,96.971866,95.136825,96.193581,208977300
2008-03-25,96.293544,96.786223,95.515258,96.286407,192947200
2008-03-26,96.007918,96.457747,95.043979,95.108238,196934300
2008-03-27,95.82225,95.99362,94.508445,94.808334,225153200
2008-03-28,94.958286,95.222472,93.58021,93.90152,180896100
2008-03-31,93.744452,94.772651,93.601649,94.229996,166692100
2008-04-01,95.400983,97.707283,95.329576,97.54306,254547300
2008-04-02,97.857259,98.299952,97.093246,97.607346,210910800
2008-04-03,97.078974,98.13573,96.900468,97.850113,175884800
2008-04-04,97.907227,98.507017,97.193201,97.743004,204446800
2008-04-07,98.442716,98.942543,97.635875,97.792961,154245500
2008-04-08,97.243214,97.76445,97.071844,97.693054,148937300
2008-04-09,97.543084,97.678751,96.314959,96.986145,195610600
2008-04-10,96.693353,97.585885,96.322057,97.121773,192967800
2008-04-11,96.029363,96.479192,94.972596,95.236794,222973300
2008-04-14,95.101112,95.351015,94.644136,94.915459,160522000
2008-04-15,95.379569,95.458112,94.487037,95.136803,172389200
2008-04-16,96.064986,97.757233,96.050713,97.714394,189268900
2008-04-17,97.121816,98.000065,96.864766,97.857262,179665700
2008-04-18,99.206737,99.64943,98.721194,98.878281,218530600
2008-04-21,98.69979,99.23531,98.428468,98.928284,118587400
2008-04-22,98.671228,98.756908,97.750129,98.492722,162166000
2008-04-23,98.599788,99.092467,97.907182,98.335602,193309000
2008-04-24,98.592691,99.777976,97.850098,98.764061,229381300
2008-04-25,99.53518,99.885056,98.471289,99.677994,190788100
2008-04-28,99.877946,100.142133,99.520934,99.69944,105610200
2008-04-29,99.528048,99.770814,98.971109,99.306702,125514100
2008-04-30,99.456668,100.384904,98.721222,98.721222,208395900
2008-05-01,98.806897,100.763321,98.728354,100.763321,187279500
2008-05-02,101.634429,101.655849,100.363464,101.041786,181585500
2008-05-05,100.713338,101.113191,100.256362,100.556252,118504500
2008-05-06,99.977867,101.534437,99.742237,101.427338,179339800
2008-05-07,101.313141,101.420241,99.342433,99.620903,199267300
2008-05-08,99.777959,100.192095,99.235293,99.363823,178321200
2008-05-09,98.964001,99.528076,98.85689,99.1782,152588200
2008-05-12,99.42807,100.363442,99.056773,100.292046,147865900
2008-05-13,100.534844,100.599104,99.770831,100.306351,159132200
2008-05-14,100.727622,101.534464,100.292066,100.513412,181910800
2008-05-15,100.706201,101.84151,100.556262,101.770103,166927000
2008-05-16,102.00571,102.012847,101.113178,101.862907,204236800
2008-05-19,101.970033,103.033936,101.605884,102.141403,165664400
2008-05-20,101.584459,101.634435,100.677643,101.313126,178552100
2008-05-21,101.255991,101.477337,99.24958,99.599457,252724800
2008-05-22,99.5566,100.084983,99.249575,99.613724,170820400
2008-05-23,99.285329,99.720885,98.19287,98.278549,181376400
2008-05-27,98.392758,99.249587,98.199968,99.006821,168322900
2008-05-28,99.370964,99.963607,98.535555,99.463791,181288100
2008-05-29,99.342424,100.627662,99.306721,99.963623,173927200
2008-05-30,100.299196,100.491986,99.920763,100.213516,117362000
2008-06-02,99.84225,99.863669,98.535581,99.1782,181069900
2008-06-03,99.46383,99.692312,97.985791,98.599854,271965700
2008-06-04,98.321365,99.363847,98.150005,98.549858,246637700
2008-06-05,98.949699,100.599097,98.764056,100.520554,237867100
2008-06-06,99.642291,99.820797,97.264584,97.31456,384276300
2008-06-09,97.721579,98.178555,96.686244,97.550209,228263900
2008-06-10,96.871915,97.892978,96.643432,97.064705,260234900
2008-06-11,97.086091,97.293154,95.629472,95.63662,283890100
2008-06-12,96.107904,97.014709,95.336755,96.000793,252791800
2008-06-13,96.514857,97.478797,95.979338,97.2146,244726900
2008-06-16,96.786196,97.771544,96.721937,97.271729,185832500
2008-06-17,97.871507,97.9072,96.657655,96.800468,191707700
2008-06-18,96.17216,96.764802,95.472417,95.857986,265893000
2008-06-19,95.786572,96.564869,95.32246,95.979362,304204900
2008-06-20,95.325632,95.505031,94.163128,94.421463,289275700
2008-06-23,94.78744,94.887904,94.234898,94.328178,165096400
2008-06-24,94.0411,95.03856,93.423966,94.141563,267300600
2008-06-25,94.521921,95.727479,94.177477,94.586502,287853900
2008-06-26,93.696696,94.306647,91.909874,92.017509,297775000
2008-06-27,92.053357,92.469565,91.163539,91.51516,303423400
2008-06-30,91.773495,92.505447,91.350115,91.838081,258842600
2008-07-01,90.790401,92.189718,90.367021,92.125137,388622000
2008-07-02,92.419372,92.684891,90.381398,90.546448,288064600
2008-07-03,91.213805,91.213805,89.692496,90.639725,239352500
2008-07-07,90.984147,91.378822,88.924641,89.713997,372427300
2008-07-08,89.692489,91.414724,89.125587,91.307083,375973700
2008-07-09,91.493661,91.665883,89.261933,89.548973,336729400
2008-07-10,89.290621,90.266553,88.680664,89.914932,436475700
2008-07-11,88.960524,90.345487,87.898478,88.867233,481124600
2008-07-14,89.886228,90.058449,87.833899,88.06353,322720800
2008-07-15,87.403348,88.616083,86.12602,86.82209,502502500
2008-07-16,87.152183,89.391089,86.901025,88.953354,371642900
2008-07-17,89.800124,90.603835,89.046644,89.843178,375490600
2008-07-18,90.539256,90.718655,89.807309,90.402916,267030100
2008-07-21,90.783211,90.991315,89.835983,90.453117,222863000
2008-07-22,89.807299,91.708932,89.592017,91.479301,296904200
2008-07-23,91.773538,92.677707,91.529557,91.974464,311698400
2008-07-24,92.096424,92.146661,89.81447,90.065628,248634500
2008-07-25,90.338318,90.768875,89.821647,90.044106,219131000
2008-07-28,90.065633,90.460308,88.565852,88.723724,205201300
2008-07-29,88.967709,90.689938,88.723723,90.618179,261505600
2008-07-30,91.213763,92.282987,90.618157,92.23275,354710000
2008-07-31,91.421932,92.261525,90.869379,91.012901,277402100
2008-08-01,91.220982,91.335795,90.029768,90.532089,248690900
2008-08-04,90.445961,90.51772,89.527438,89.692482,188239600
2008-08-05,90.431598,92.254296,89.678125,92.110779,251577600
2008-08-06,91.866793,92.785317,91.47929,92.519798,209555400
2008-08-07,91.823744,92.168193,90.804757,91.142029,246312500
2008-08-08,90.833464,93.237409,90.689942,92.835556,260811700
2008-08-11,92.907317,94.371211,92.73509,93.797142,249425800
2008-08-12,93.488558,93.789947,92.37628,92.821198,213200800
2008-08-13,92.419366,93.036501,91.615661,92.261505,256393200
2008-08-14,91.737622,93.488561,91.673041,92.957535,239555300
2008-08-15,93.237456,93.646492,92.785377,93.409683,181000800
2008-08-18,93.59621,93.632092,91.608474,92.132317,172275100
2008-08-19,91.436245,91.629999,90.797584,91.127678,194673700
2008-08-20,91.414718,91.816571,90.661239,91.551064,225498200
2008-08-21,90.955452,92.168193,90.847811,91.708931,180609800
2008-08-22,92.333234,93.036476,91.708928,93.036476,167715300
2008-08-25,92.426528,93.036479,90.955452,91.1492,171936900
2008-08-26,91.149221,91.759183,90.833482,91.414734,159117200
2008-08-27,91.529536,92.44806,91.350137,92.304543,171032800
2008-08-28,92.770995,93.531646,92.649005,93.424011,167537100
2008-08-29,93.093885,93.388103,92.218416,92.419342,189195800
2008-09-02,93.309198,93.79717,91.508027,91.845299,252364900
2008-09-03,91.766312,92.211224,91.084597,91.766312,251947000
2008-09-04,91.113339,91.299916,88.953369,89.003601,340042500
2008-09-05,88.472572,89.663781,87.546871,89.283455,289503400
2008-09-08,91.881152,92.02468,89.283453,91.127678,364075300
2008-09-09,91.206592,91.393169,88.120928,88.422318,377326800
2008-09-10,88.903149,89.627924,87.941571,88.781158,298916600
2008-09-11,87.632974,90.230672,87.25982,90.065628,375369400
2008-09-12,89.190148,90.567933,88.860054,90.481819,297851200
2008-09-15,87.281339,90.166083,86.032722,86.176239,483607000
2008-09-16,84.10238,87.776479,83.958862,87.618607,581744300
2008-09-17,85.853304,87.439192,83.241251,83.678986,624095600
2008-09-18,84.712359,87.396172,81.662571,86.161903,776114700
2008-09-19,91.445846,92.384124,89.013549,89.583733,501087800
2008-09-22,89.821893,90.03842,86.869934,87.555595,249966500
2008-09-23,87.2236,88.068047,85.3687,85.563576,327470400
2008-09-24,86.140979,86.610118,85.015049,85.837845,311818400
2008-09-25,86.177057,87.988653,85.484177,87.18029,328253000
2008-09-26,85.76566,87.692734,85.5347,87.223595,285917400
2008-09-29,85.989399,86.133747,80.092696,80.388611,459562300
2008-09-30,81.92595,84.300511,79.77513,83.715889,328154400
2008-10-01,83.196204,84.221094,82.243493,83.766388,332783000
2008-10-02,82.965263,83.080746,80.157653,80.727837,365337800
2008-10-03,81.456832,83.326164,79.161663,79.638016,461798000
2008-10-06,77.335635,77.674859,72.637034,75.581779,610637500
2008-10-07,77.111869,77.465531,71.922483,72.196747,540012100
2008-10-08,70.385174,73.748537,69.872731,70.37796,725414800
2008-10-09,71.929683,72.622563,65.138006,65.462791,534485200
2008-10-10,62.619113,67.801285,60.323945,63.874958,871026300
2008-10-13,67.750773,73.149467,64.921504,73.149467,455584000
2008-10-14,75.567301,76.166355,70.089215,72.066811,546268300
2008-10-15,70.341836,70.587234,64.748267,64.972008,484627500
2008-10-16,65.888642,68.400332,62.460325,67.678581,708811200
2008-10-17,66.393877,71.157433,66.148484,67.274414,476649000
2008-10-20,68.818958,71.525524,67.90955,71.316216,321294200
2008-10-21,69.988217,71.19354,68.725152,69.187073,356502000
2008-10-22,67.267175,69.187035,63.174849,65.419495,516168000
2008-10-23,65.166855,66.725834,61.933411,66.177307,634666400
2008-10-24,60.670363,64.899822,60.627059,62.821182,545812600
2008-10-27,62.048928,64.603927,60.41055,60.590988,397288600
2008-10-28,63.037691,68.01777,61.009573,67.671333,639939500
2008-10-29,67.678554,70.132507,66.473232,67.18055,531270100
2008-10-30,69.129325,69.677857,67.050684,69.504639,414582100
2008-10-31,68.624074,71.142983,68.191025,69.887138,411394000
2008-11-03,69.851047,70.507843,69.251992,70.089226,205419400
2008-11-04,71.49664,72.795794,69.800527,72.471008,346793400
2008-11-05,71.597714,72.68756,68.566362,69.425247,387844100
2008-11-06,68.176556,68.883874,65.000852,65.578255,477721900
2008-11-07,66.148469,67.844583,65.318455,67.743538,380391000
2008-11-10,68.717908,68.948868,65.621596,66.855789,301773000
2008-11-11,65.50611,66.502124,63.983215,64.791573,418498200
2008-11-12,63.680096,64.199753,61.43545,61.940674,454330600
2008-11-13,62.1644,66.206209,59.248526,65.802025,753141900
2008-11-14,64.53176,66.444396,62.445895,62.518074,540352300
2008-11-17,62.344851,63.918269,61.46432,61.688061,415254900
2008-11-18,61.457103,62.951127,59.840382,62.850082,523811800
2008-11-19,62.005629,62.698509,58.404087,58.822704,558327600
2008-11-20,57.833883,59.551653,54.167393,54.456089,814180400
2008-11-21,55.906818,58.389643,53.654954,57.393623,718536500
2008-11-24,59.125845,62.785122,57.999915,61.370491,523305300
2008-11-25,63.008867,63.160434,60.497171,61.825195,454112400
2008-11-26,60.843641,64.373004,60.800332,64.214218,370134200
2008-11-28,63.968767,65.051393,63.860508,65.022522,118308100
2008-12-01,63.160426,63.189297,59.082532,59.26297,369927100
2008-12-02,60.24453,61.702464,59.212427,61.543678,469508400
2008-12-03,60.193994,63.391349,60.006337,63.023254,519863500
2008-12-04,62.113884,63.550172,60.439422,61.565357,444173800
2008-12-05,60.374472,63.817222,59.356801,63.463566,471905300
2008-12-08,65.202963,66.675335,63.57181,65.679321,412859300
2008-12-09,65.224628,66.494905,64.221395,64.596703,370790000
2008-12-10,65.188554,65.939176,64.235843,65.036987,396187400
2008-12-11,64.625576,65.679332,63.059378,63.470776,365061000
2008-12-12,61.745803,64.286364,61.493185,64.228622,415060400
2008-12-15,64.250231,64.344062,62.279855,63.333611,256694200
2008-12-16,66.314476,66.415521,63.644,66.314476,377699500
2008-12-17,65.563848,66.711435,65.000883,65.672112,281819800
2008-12-18,65.968047,66.162918,63.66566,64.445152,374673300
2008-12-19,64.830061,65.936031,64.095173,64.167938,301451300
2008-12-22,64.451681,64.517163,62.203364,63.345711,243759500
2008-12-23,63.687702,63.978747,62.42894,62.69088,221625200
2008-12-24,62.901892,63.207493,62.57447,63.054695,62061600
2008-12-26,63.476684,63.520345,62.938255,63.41848,74767700
2008-12-29,63.476706,63.542194,62.283426,63.236599,127795900
2008-12-30,63.673171,64.793691,63.214773,64.735481,168256300
2008-12-31,64.815506,66.190688,64.662708,65.659531,193987200
2009-01-02,65.805051,67.987881,65.375759,67.638626,227566300
2009-01-05,67.398503,68.147946,66.860074,67.558578,240349700
2009-01-06,68.133366,68.722728,67.434862,68.009674,328260900
2009-01-07,66.940119,67.1293,65.630419,65.972397,280899200
2009-01-08,65.601305,66.277977,65.244773,66.2416,263834400
2009-01-09,66.328919,66.445334,62.10878,64.822762,330953600
2009-01-12,64.640853,64.691791,62.872766,63.265671,277858500
2009-01-13,63.105606,63.942352,62.719968,63.382095,356432300
2009-01-14,62.239772,62.39257,60.508062,61.38847,435491600
2009-01-15,61.206552,62.028749,59.460287,61.410282,532647300
2009-01-16,62.472566,62.567153,60.427985,61.890476,399237200
2009-01-20,61.286574,61.890486,58.245165,58.62352,419855200
2009-01-21,59.620337,61.293836,58.55075,61.155594,364360700
2009-01-22,59.969608,61.148338,59.060096,60.209721,427940300
2009-01-23,58.863647,61.111959,58.623534,60.471664,386800600
2009-01-26,60.820914,62.108787,60.253379,60.886402,317978800
2009-01-27,61.213811,61.955976,60.609899,61.504856,273789700
2009-01-28,62.86551,63.993302,62.625397,63.585842,330007000
2009-01-29,62.654494,63.658594,61.461214,61.519424,294392500
2009-01-30,61.832295,62.13789,59.816813,60.267933,383383600
2009-02-02,59.35113,60.522582,59.16195,60.086018,288233300
2009-02-03,60.46438,61.38117,59.824085,60.93005,278385800
2009-02-04,61.337546,62.116089,60.420756,60.631763,322989300
2009-02-05,60.173334,62.057846,56.557117,61.533966,417679400
2009-02-06,61.744964,63.549433,61.613994,63.287498,366101700
2009-02-09,63.272967,63.840502,62.807297,63.374832,240075200
2009-02-10,62.770909,63.323894,59.991439,60.471664,536212800
2009-02-11,60.719066,61.155637,59.955079,60.828209,324442500
2009-02-12,59.787684,60.988241,58.972765,60.871826,469302200
2009-02-13,60.791823,61.29387,60.202455,60.21701,293998400
2009-02-17,58.325217,60.362522,57.604879,57.641262,478910100
2009-02-18,58.056018,58.165161,56.957325,57.503033,362964800
2009-02-19,58.092358,58.317921,56.768109,56.884529,316867500
2009-02-20,55.829511,57.000958,55.131001,56.331558,477176600
2009-02-23,56.950014,56.950014,54.27241,54.316071,379641400
2009-02-24,54.781743,56.717182,54.35245,56.37521,426260900
2009-02-25,56.127818,57.059158,55.029126,55.931366,461985800
2009-02-26,56.622598,57.968675,54.95637,55.021858,363353900
2009-02-27,53.850412,55.072797,53.704887,53.792202,470510900
2009-03-02,52.766273,53.784928,51.201916,51.369263,426452600
2009-03-03,52.104147,52.16963,50.670755,50.983627,443761000
2009-03-04,51.827651,53.020931,50.983621,52.191456,462753100
2009-03-05,51.005456,52.191464,49.601169,50.059566,485549400
2009-03-06,50.496133,51.26012,48.822627,50.146877,490470000
2009-03-09,49.441098,50.9327,49.281028,49.557518,379905300
2009-03-10,50.576161,52.657126,50.474296,52.5116,406227900
2009-03-11,53.115532,53.661239,52.26423,52.853592,356648300
2009-03-12,52.839037,55.116454,52.366089,54.934551,409702700
2009-03-13,55.30563,56.011412,54.37429,55.363834,337474700
2009-03-16,55.996846,56.731733,55.160093,55.196476,360644900
2009-03-17,55.349272,57.015499,54.898152,56.884529,356814300
2009-03-18,56.615329,58.863646,56.076899,58.157864,473273200
2009-03-19,58.885465,58.936397,57.25562,57.437523,428520400
2009-03-20,57.716733,57.826657,56.082547,56.214455,371078200
2009-03-23,57.70208,60.303586,57.386968,60.252289,419933300
2009-03-24,59.534128,60.354886,58.999174,59.065125,330271000
2009-03-25,59.526781,60.604018,57.936562,59.687996,441775100
2009-03-26,60.274256,61.043717,59.592736,60.90448,422025200
2009-03-27,60.127694,60.479443,59.585405,59.805252,322332300
2009-03-30,58.478841,58.530138,57.130453,57.738693,324108500
2009-03-31,58.302987,59.416874,57.929254,58.273674,364238300
2009-04-01,57.548193,59.666037,57.401632,59.402222,377018300
2009-04-02,60.882507,62.003718,59.453509,61.138992,476230700
2009-04-03,61.182969,61.761896,60.582059,61.747242,284646300
2009-04-06,61.073035,61.761885,60.303579,61.263569,264866600
2009-04-07,60.274281,60.567409,59.731997,59.834591,258947800
2009-04-08,60.135029,60.779912,59.753966,60.479454,230402800
2009-04-09,62.047679,62.890421,61.798524,62.883091,269653500
2009-04-13,62.230869,63.418035,61.981714,62.897736,224847500
2009-04-14,62.311499,62.846459,61.615324,61.813183,276598800
2009-04-15,61.439434,62.597287,61.270889,62.47271,250726100
2009-04-16,62.971031,63.865069,62.12096,63.388737,335202900
2009-04-17,63.630585,64.231495,63.124939,63.813789,262649000
2009-04-20,62.685238,63.791795,61.073036,61.138992,293690100
2009-04-21,60.691974,62.384782,60.640677,62.333485,114090900
2009-04-22,61.769219,63.271492,61.607998,61.952423,340395200
2009-04-23,62.076987,62.597287,61.285543,62.56065,324903700
2009-04-24,63.044303,63.982308,62.795147,63.505981,287703000
2009-04-27,62.787812,63.762461,62.685218,62.90506,289581600
2009-04-28,62.267536,63.454698,62.113645,62.707226,247926300
2009-04-29,63.403401,64.751789,63.242186,64.040955,311505700
2009-04-30,64.891007,65.235427,63.696511,64.06292,301419800
2009-05-01,64.077583,64.64185,63.549953,64.407349,236110300
2009-05-04,64.891026,66.642461,64.766443,66.598488,287120000
2009-05-05,66.371323,66.635138,65.836363,66.371323,243036300
2009-05-06,67.18474,67.565803,66.400625,67.521835,291941000
2009-05-07,68.159376,68.26197,66.158781,66.583817,317728000
2009-05-08,67.441225,68.31328,67.008865,68.137405,299081700
2009-05-11,67.199393,67.499851,66.715736,66.862297,247923600
2009-05-12,67.14807,67.294637,65.843656,66.664413,282431300
2009-05-13,65.76306,65.960924,64.854367,64.986275,269619100
2009-05-14,65.015583,66.041529,64.854363,65.543213,260098700
2009-05-15,65.491971,65.953645,64.597932,65.008308,271502700
2009-05-18,65.623824,66.935562,64.90566,66.854958,241447400
2009-05-19,66.818343,67.39727,66.547199,66.774376,206102200
2009-05-20,67.382593,68.005493,66.254059,66.327339,285722200
2009-05-21,65.557861,65.807022,64.678482,65.374657,258988400
2009-05-22,65.557869,65.953592,64.986273,65.235428,166811900
2009-05-26,64.751772,67.096786,64.722458,66.906258,236318500
2009-05-27,67.008836,67.236008,65.609152,65.711746,246015800
2009-05-28,66.290697,66.935574,65.294064,66.627792,289095000
2009-05-29,66.994197,68.66502,66.451913,67.807625,258641500
2009-06-01,68.643059,69.742286,68.467184,69.449158,276246800
2009-06-02,69.178024,69.888858,69.053446,69.50779,230874500
2009-06-03,68.914186,68.980137,67.97618,68.628387,235310500
2009-06-04,68.884847,69.375833,68.371877,69.273239,210102300
2009-06-05,69.976755,70.108663,68.738297,69.28791,284257900
2009-06-08,68.767637,69.690989,68.181386,69.002144,238565100
2009-06-09,69.390533,69.720298,68.89954,69.353889,225125500
2009-06-10,69.969469,69.976793,68.291315,69.178024,296100400
2009-06-11,69.309942,70.431153,69.295283,69.485817,275414200
2009-06-12,69.178014,69.720298,68.884886,69.676331,184361800
2009-06-15,68.855551,68.899518,67.712357,68.078766,224190500
2009-06-16,68.320617,68.364584,67.111466,67.155434,227319000
2009-06-17,67.126123,67.661082,66.561855,67.089485,223445200
2009-06-18,67.192075,67.910233,66.869633,67.580467,211725100
2009-06-19,68.22754,68.315971,67.446361,67.829582,215655600
2009-06-22,67.166296,67.203146,65.773447,65.795555,251913600
2009-06-23,65.935582,66.237732,65.478666,65.847145,188309800
2009-06-24,66.444076,67.122075,66.031376,66.414597,211577700
2009-06-25,66.082962,67.925355,66.009267,67.859032,279411000
2009-06-26,67.630588,67.976959,67.262109,67.682175,167579000
2009-06-29,67.881124,68.404362,67.505274,68.315926,168481300
2009-06-30,68.330682,68.581245,67.262091,67.763222,228888200
2009-07-01,68.05067,68.706567,67.954867,68.043304,173041100
2009-07-02,67.158926,68.065386,66.149297,66.186142,212309900
2009-07-06,65.544988,66.274574,65.338641,66.178772,174499600
2009-07-07,66.112442,66.193508,64.852246,64.896461,197088900
2009-07-08,65.287059,65.441825,64.115299,64.852257,248050500
2009-07-09,65.301787,65.515505,64.785919,64.977524,163777600
2009-07-10,64.631151,65.213348,64.373217,64.822762,173520300
2009-07-13,65.080702,66.451443,64.550092,66.399857,217413500
2009-07-14,66.606201,66.834661,66.127183,66.775703,181487400
2009-07-15,67.660031,68.912862,66.827272,68.728622,220877900
2009-07-16,68.537037,69.649844,68.404385,68.618103,231174500
2009-07-17,69.318195,69.509805,68.934979,69.369781,138561700
2009-07-20,69.775137,70.224682,69.41403,70.106766,164179400
2009-07-21,70.652112,70.67422,69.58352,70.431023,217718300
2009-07-22,69.981498,70.843737,69.929911,70.416306,196068100
2009-07-23,70.460488,72.280773,70.40153,71.971252,258795500
2009-07-24,71.632268,72.32501,71.256424,72.266052,154003100
2009-07-27,72.133388,72.516609,71.735431,72.479759,159259400
2009-07-28,71.971227,72.494466,71.529048,72.140724,186685200
2009-07-29,71.809137,72.288155,71.470138,71.963898,194399300
2009-07-30,72.833492,73.570449,72.663989,72.715576,225575400
2009-07-31,72.700846,73.305151,72.501864,72.818756,207358000
2009-08-03,73.585196,74.086328,73.187239,74.020004,175776900
2009-08-04,73.68837,74.314782,73.533609,74.211609,176714600
2009-08-05,74.263171,74.3295,73.386196,73.997871,184726400
2009-08-06,74.336883,74.447422,73.268291,73.614662,193203800
2009-08-07,74.388504,75.191785,73.983175,74.580109,220640900
2009-08-10,74.241069,74.594811,73.894698,74.425308,130898700
2009-08-11,74.093683,74.14527,73.297768,73.49675,157301000
2009-08-12,73.371478,74.845392,73.334633,74.285309,219052400
2009-08-13,74.624298,74.882232,73.88734,74.852753,176449500
2009-08-14,74.815907,74.874865,73.474645,74.277931,199616100
2009-08-17,72.848252,72.921947,72.302905,72.450294,237667500
2009-08-18,72.612406,73.28304,72.479754,73.025101,173461500
2009-08-19,72.450264,73.916813,72.376569,73.666245,192812800
2009-08-20,73.762046,74.594811,73.59992,74.425308,174131300
2009-08-21,75.036997,76.002409,74.889607,75.884499,224605000
2009-08-24,76.194005,76.606699,75.604437,75.877113,191279000
2009-08-25,76.179266,76.835157,75.862374,76.024506,215310600
2009-08-26,75.788709,76.378277,75.530775,76.031906,194620700
2009-08-27,75.987652,76.437196,75.125413,76.20137,196230100
2009-08-28,76.813079,76.90151,75.663422,76.186661,147024400
2009-08-31,75.442305,75.597066,75.014869,75.508629,176051600
2009-09-01,75.132808,76.083483,73.688372,73.843132,321276800
2009-09-02,73.533608,74.020003,73.378848,73.563087,171805000
2009-09-03,73.990504,74.263175,73.393565,74.174744,143572300
2009-09-04,74.322134,75.23596,74.101051,75.213852,142687900
2009-09-08,75.906612,75.943462,75.457067,75.862396,132909100
2009-09-09,75.995036,76.702514,75.75921,76.44458,154612500
2009-09-10,76.49616,77.277333,76.068724,77.225746,162902400
2009-09-11,77.373161,77.601621,76.849921,77.211029,152360100
2009-09-14,76.555112,77.719506,76.017136,77.586853,149593800
2009-09-15,77.712159,78.198553,77.203662,77.91114,196795900
2009-09-16,78.191197,79.105023,77.918526,79.090286,206406300
2009-09-17,78.979717,79.635608,78.537543,78.972351,229170900
2009-09-18,79.341099,79.348505,78.756129,79.022697,153799100
2009-09-21,78.408109,79.230029,78.237805,78.822769,151892000
2009-09-22,79.289297,79.504033,78.93387,79.281891,143126700
2009-09-23,79.466997,79.992728,78.482173,78.622864,225947400
2009-09-24,78.79314,78.963445,77.415871,77.756485,228636800
2009-09-25,77.586191,78.015663,77.075266,77.341835,204059000
2009-09-28,77.638028,78.896827,77.623222,78.726517,118285800
2009-09-29,78.867203,79.244837,78.326659,78.489563,133733900
2009-09-30,78.756122,78.830168,77.46771,78.185959,254383000
2009-10-01,76.268162,78.289641,76.231136,76.245949,281840600
2009-10-02,75.542513,76.342219,75.5203,75.890533,224748800
2009-10-05,76.194125,77.245588,75.971982,77.023445,149875000
2009-10-06,77.578782,78.571011,77.534356,78.126732,202491100
2009-10-07,77.949039,78.422944,77.800948,78.341492,159200300
2009-10-08,78.89682,79.355906,78.378489,78.941246,183305800
2009-10-09,78.963447,79.422539,78.756117,79.422539,135008300
2009-10-12,79.792782,80.037132,79.437355,79.733543,118031000
2009-10-13,79.518831,79.75578,79.052338,79.570663,157692700
2009-10-14,80.503633,81.021958,79.541023,80.940506,191421600
2009-10-15,80.548044,81.236679,80.511024,81.236679,173873600
2009-10-16,80.56287,80.910885,80.140803,80.629509,192069400
2009-10-19,80.762799,81.547693,80.511043,81.295937,159530400
2009-10-20,81.414407,81.444027,80.474016,80.866463,180921100
2009-10-21,80.740585,81.680976,80.081569,80.140808,225379300
2009-10-22,80.111197,81.214492,79.600273,80.95533,238444000
2009-10-23,81.2219,81.273733,79.696533,80.029747,240033200
2009-10-26,80.118589,80.940509,78.941249,79.163391,242028200
2009-10-27,79.252238,79.518807,78.608035,78.800552,253266300
2009-10-28,78.600637,78.844993,77.267793,77.312225,248821400
2009-10-29,77.889804,79.126384,77.704687,78.970886,198110600
2009-10-30,78.711669,78.948619,76.593933,76.682785,325608100
2009-11-02,77.104884,78.052688,76.327397,77.245575,254222900
2009-11-03,76.816086,77.600985,76.667995,77.489914,228362600
2009-11-04,78.126767,78.73395,77.489964,77.689888,247996700
2009-11-05,78.237805,79.141171,78.074901,79.118958,180015300
2009-11-06,78.682091,79.526223,78.526593,79.326294,170954100
2009-11-09,79.933482,81.177468,79.874249,81.133041,159495700
2009-11-10,80.940497,81.399589,80.688741,81.147827,171899800
2009-11-11,81.680972,82.058612,81.170053,81.5625,169466200
2009-11-12,81.451416,81.873482,80.525832,80.733162,157144500
2009-11-13,80.940488,81.518051,80.525828,81.170036,150963000
2009-11-16,81.732807,82.702824,81.688381,82.347397,210922200
2009-11-17,82.132669,82.48069,81.821674,82.443665,147134100
2009-11-18,82.384445,82.510323,81.873521,82.391846,156486800
2009-11-19,81.829078,82.421449,80.807229,81.318153,208734600
2009-11-20,80.896066,81.273706,80.718355,81.02935,134196000
2009-11-23,81.984579,82.739853,81.89572,82.058624,148010200
2009-11-24,82.1919,82.339992,81.458839,82.184494,138420100
2009-11-25,82.317784,82.56214,82.058622,82.473282,109564800
2009-11-27,80.266696,81.688392,80.185244,81.133041,126001800
2009-11-30,81.066399,81.59953,80.059362,81.407013,160874800
2009-12-01,82.132643,82.680593,81.991958,82.414024,159613700
2009-12-02,82.399243,82.939786,82.132674,82.377029,132315100
2009-12-03,82.599139,83.065632,81.666149,81.732788,167324900
2009-12-04,82.813894,83.213747,81.481056,82.19931,274907800
2009-12-07,82.125279,82.584365,81.814278,82.073441,127973800
2009-12-08,81.48106,82.021598,80.910897,81.162659,169863700
2009-12-09,81.14043,81.58471,80.725765,81.466232,155063400
2009-12-10,81.96978,82.280781,81.784663,81.925354,138014600
2009-12-11,82.273346,82.458463,81.903112,82.273346,124854000
2009-12-14,82.836128,82.932387,82.288178,82.836128,107141500
2009-12-15,82.532509,82.873124,82.191895,82.451057,120408800
2009-12-16,82.784255,83.028605,82.391803,82.57692,155358200
2009-12-17,81.98457,82.140067,81.510671,81.584717,183390100
2009-12-18,82.038849,82.113299,81.353953,82.046295,174591200
2009-12-21,82.455727,83.15551,82.455727,82.880066,118039600
2009-12-22,83.058779,83.356562,82.954556,83.177895,91707500
2009-12-23,83.378869,83.46076,83.006642,83.341644,111783100
2009-12-24,83.520298,83.825522,83.37885,83.736191,39677500
2009-12-28,84.04882,84.115818,83.617035,83.914818,87508500
2009-12-29,84.130754,84.14564,83.788305,83.795746,80572500
2009-12-30,83.550089,83.862759,83.505418,83.765976,73138400
2009-12-31,83.952095,83.974433,82.92475,82.961975,90637900
2010-01-04,83.654313,84.413653,83.014082,84.368988,118944600
2010-01-05,84.316848,84.629518,84.01162,84.592293,111579900
2010-01-06,84.510415,84.860309,84.443417,84.651863,116074400
2010-01-07,84.495496,85.113394,84.257271,85.009171,131091100
2010-01-08,84.785862,85.329316,84.614641,85.292091,126402800
2010-01-11,85.671767,85.708986,85.046423,85.411209,106375700
2010-01-12,84.845418,85.024086,84.287078,84.614639,163333500
2010-01-13,84.830549,85.567563,84.39877,85.329338,161822000
2010-01-14,85.232566,85.716462,85.180454,85.560127,115718800
2010-01-15,85.411204,85.493089,84.272185,84.599747,212283100
2010-01-19,84.584866,85.708987,84.562527,85.656876,139172700
2010-01-20,85.076202,85.202758,84.108416,84.785866,216490200
2010-01-21,84.808214,85.068772,83.051302,83.155525,344859600
2010-01-22,82.783281,83.185287,81.212482,81.301819,345942400
2010-01-25,82.046281,82.195175,81.450721,81.718719,186937500
2010-01-26,81.398599,82.239836,81.175266,81.376266,211168800
2010-01-27,81.27204,81.949495,80.646701,81.763382,271863600
2010-01-28,82.031373,82.076038,80.334019,80.825356,316104000
2010-01-29,81.17528,81.741067,79.820374,79.94693,310677600
2010-02-01,80.512712,81.197609,80.028816,81.190163,187865000
2010-02-02,81.339051,82.329171,81.056155,82.172836,216327900
2010-02-03,81.800601,82.247278,81.525157,81.763382,172730700
2010-02-04,81.130591,81.16781,79.224785,79.239677,356715700
2010-02-05,79.329015,79.56724,77.855,79.403465,493585800
2010-02-08,79.463023,79.902254,78.770681,78.830238,224166900
2010-02-09,79.753385,80.512732,79.113154,79.820389,337820500
2010-02-10,79.693803,80.103249,78.994015,79.664024,240511500
2010-02-11,79.559787,80.587132,79.098224,80.497795,223591600
2010-02-12,79.64913,80.475474,79.291795,80.430809,304622100
2010-02-16,81.041278,81.778286,80.267045,81.696396,159317500
2010-02-17,82.090952,82.195181,81.696392,82.083511,168845100
2010-02-18,81.949492,82.738612,81.919713,82.56739,193708600
2010-02-19,82.351503,83.058732,82.157944,82.738617,222684900
2010-02-22,83.043846,83.066179,82.507838,82.75351,132346900
2010-02-23,82.530199,82.783311,81.532627,81.74852,207497000
2010-02-24,81.994175,82.634406,81.785729,82.500404,176350700
2010-02-25,81.324156,82.448283,81.100823,82.388725,259634700
2010-02-26,82.46319,82.723753,81.971853,82.440857,173589300
2010-03-01,82.783291,83.378857,82.760959,83.296967,147709700
2010-03-02,83.654333,83.929777,83.378882,83.527771,160992400
2010-03-03,83.743631,84.100971,83.393736,83.602188,150785000
2010-03-04,83.713853,83.974416,83.401183,83.855301,135770400
2010-03-05,84.398739,85.120854,84.197733,85.053856,176118800
2010-03-08,85.061285,85.254839,84.919837,85.068726,114631200
2010-03-09,84.815638,85.604757,84.770972,85.210197,154556700
2010-03-10,85.247426,85.820653,85.172982,85.589874,186088800
2010-03-11,85.38891,85.969589,85.128352,85.94725,160791100
2010-03-12,86.319462,86.334355,85.716456,85.954681,162074800
2010-03-15,85.805769,86.036547,85.314426,85.97699,146816800
2010-03-16,86.215226,86.743788,85.977001,86.661903,168673000
2010-03-17,86.922456,87.458464,86.669339,87.175568,177468100
2010-03-18,87.183017,87.302126,86.781011,87.130905,196509100
2010-03-19,86.68988,87.676606,86.353493,86.68988,226641100
2010-03-22,86.196534,87.310343,86.144208,87.153358,184477800
2010-03-23,87.280415,87.841055,86.996354,87.766304,182941600
2010-03-24,87.437376,87.781234,86.398324,87.340195,196072600
2010-03-25,87.93074,88.334401,87.093521,87.198174,223396300
2010-03-26,87.36264,87.773773,86.802,87.145859,205808500
2010-03-29,87.586853,87.855961,87.228047,87.698982,134513500
2010-03-30,87.803669,88.080253,87.392537,87.75882,145772500
2010-03-31,87.422438,87.848524,87.168284,87.459816,161078700
2010-04-01,88.057854,88.394235,87.534586,88.057854,161215200
2010-04-05,88.394207,88.835241,88.147524,88.775444,105847600
2010-04-06,88.521277,89.14172,88.424101,88.984741,110384200
2010-04-07,88.805366,89.223976,88.065317,88.476456,184576300
2010-04-08,88.16997,88.932443,87.908339,88.782936,158704000
2010-04-09,88.969784,89.403347,88.805335,89.365974,133006500
2010-04-12,89.478117,89.739754,89.373465,89.508018,110279000
2010-04-13,89.418278,89.732235,88.954814,89.575256,125043600
2010-04-14,89.904189,90.591911,89.762164,90.591911,161609000
2010-04-15,90.442391,90.875953,90.412489,90.666649,144615300
2010-04-16,90.345233,90.666667,88.767966,89.223953,366786700
2010-04-19,88.962306,89.650022,88.558645,89.560318,217947800
2010-04-20,90.12097,90.434933,89.605185,90.360176,157708000
2010-04-21,90.412515,90.621826,89.694897,90.19574,192910100
2010-04-22,89.56033,90.576958,89.044546,90.464828,115360300
2010-04-23,90.40502,91.092737,90.173286,91.055359,177335500
2010-04-26,91.0853,91.287134,90.621841,90.71154,143457300
2010-04-27,90.188279,90.704064,88.39423,88.566162,355853300
2010-04-28,88.99223,89.463165,88.409159,89.238907,300674100
2010-04-29,89.777114,90.53211,89.754689,90.34523,193775000
2010-04-30,90.360194,90.457375,88.790403,88.812828,270000900
2010-05-03,89.238894,90.210672,89.104341,89.963989,182747900
2010-05-04,88.962335,88.977283,87.400015,87.848526,360353400
2010-05-05,87.130915,88.057844,86.689881,87.325272,328973200
2010-05-06,86.906631,87.459793,78.489558,84.424866,647356600
2010-05-07,84.200612,85.045307,81.786127,83.169037,637558800
2010-05-10,86.57025,87.198169,85.897487,86.831886,396159600
2010-05-11,86.017126,87.728948,85.897526,86.585243,317849800
2010-05-12,86.929099,87.923302,86.779591,87.796219,235607100
2010-05-13,87.55696,87.968098,86.630037,86.704788,234452500
2010-05-14,86.054469,86.211448,84.37255,85.135017,345601400
2010-05-17,85.366773,85.60598,83.5503,85.179893,325739800
2010-05-18,85.875055,86.129215,83.744625,84.02121,360556800
2010-05-19,83.55028,84.297799,82.49628,83.542809,394742700
2010-05-20,81.763709,82.144945,80.335949,80.388275,530418300
2010-05-21,79.169806,81.763695,78.758668,81.561867,500909400
2010-05-24,81.12087,81.771215,80.44063,80.515381,269823000
2010-05-25,78.571787,80.634943,78.026095,80.597565,396505200
2010-05-26,81.090949,81.830992,79.872488,80.111694,349719300
2010-05-27,81.62169,82.825197,81.315204,82.795296,300870500
2010-05-28,82.705573,82.765376,81.367512,81.756226,297933500
2010-06-01,80.993749,82.189779,80.261183,80.380783,277909400
2010-06-02,80.79192,82.48131,80.365834,82.473839,240243700
2010-06-03,82.71307,83.01955,81.913224,82.757919,226618300
2010-06-04,81.188128,81.726343,79.58096,79.850067,398475600
2010-06-07,80.1341,80.440586,78.796045,78.855843,264609100
2010-06-08,78.915663,79.85754,78.227947,79.700562,357774300
2010-06-09,80.164012,80.941433,78.93808,79.274467,268023300
2010-06-10,80.627488,81.688965,79.267002,81.591789,317890600
2010-06-11,80.874143,82.040272,80.821817,81.987946,214128200
2010-06-14,82.615892,83.064408,81.778673,81.860901,207196100
2010-06-15,82.436456,83.796942,82.294426,83.722191,238268700
2010-06-16,83.288653,84.036173,83.124198,83.692314,216374000
2010-06-17,83.931511,83.968889,83.012065,83.826859,263185800
2010-06-18,83.992839,84.218158,83.647344,83.917732,174006600
2010-06-21,84.961723,85.021804,83.211714,83.677383,213140700
2010-06-22,83.677424,84.04545,82.175271,82.295441,239355400
2010-06-23,82.347993,82.640912,81.476747,82.040054,254639900
2010-06-24,81.634458,81.739608,80.470287,80.680588,268523600
2010-06-25,80.920972,81.431704,80.192427,81.018616,238726500
2010-06-28,81.138745,81.356557,80.470287,80.763206,169218600
2010-06-29,79.629123,80.748231,77.773969,78.269676,373649500
2010-06-30,78.051821,78.772853,77.270701,77.52607,284101700
2010-07-01,77.473515,77.728878,75.956337,77.180595,382924800
2010-07-02,77.443477,77.676308,76.324375,76.759995,233385200
2010-07-06,77.841533,78.389821,76.519637,77.263206,256935300
2010-07-07,77.458491,79.794339,77.375872,79.696701,253769400
2010-07-08,80.365138,80.575439,79.546468,80.485313,210842100
2010-07-09,80.462825,81.093732,80.312612,81.08622,144999900
2010-07-12,80.815785,81.296473,80.477803,81.138748,131283600
2010-07-13,81.979964,82.685971,81.814726,82.363014,213025900
2010-07-14,82.100161,82.678493,81.762179,82.35553,184426800
2010-07-15,82.325469,82.663451,81.243917,82.378044,232337900
2010-07-16,81.934904,82.025036,79.952064,80.109795,282693400
2010-07-19,80.402698,80.838318,79.779303,80.582954,186709000
2010-07-20,79.516421,81.536812,79.478865,81.47673,258162400
2010-07-21,81.897322,81.919854,80.087226,80.417702,264527000
2010-07-22,81.371584,82.573311,81.364077,82.212791,274781300
2010-07-23,82.047537,83.046469,81.814705,82.9263,222020800
2010-07-26,83.069037,83.872688,82.836205,83.79007,184445700
2010-07-27,84.248211,84.338342,83.452072,83.782547,204855600
2010-07-28,83.609809,83.865178,82.963883,83.241783,163056200
2010-07-29,83.76001,83.985335,82.175244,82.836189,220149100
2010-07-30,81.994999,83.26432,81.852299,82.821182,220070600
2010-08-02,84.113021,84.826547,83.775039,84.691353,188263200
2010-08-03,84.481048,84.698855,84.007866,84.285767,146657300
2010-08-04,84.518592,84.954218,84.240698,84.849068,158171700
2010-08-05,84.30832,84.804033,84.180638,84.758965,140473800
2010-08-06,83.925251,84.548646,83.309369,84.413452,239728300
2010-08-09,84.811522,85.006804,84.360878,84.864098,120800400
2010-08-10,84.143054,84.85658,83.647347,84.40593,242916300
2010-08-11,83.106603,83.136647,81.957457,82.092651,273406900
2010-08-12,80.853365,81.882336,80.815809,81.589417,239542600
2010-08-13,81.334026,81.837245,81.251407,81.349045,158698500
2010-08-16,80.793271,81.574391,80.500352,81.311516,147895300
2010-08-17,82.010014,82.911303,81.777177,82.31044,172270300
2010-08-18,82.272879,82.90378,81.799703,82.460648,182922100
2010-08-19,82.032538,82.235326,80.688111,81.026093,265847600
2010-08-20,80.785738,81.07115,80.177368,80.763206,209714200
2010-08-23,81.146281,81.54435,80.417736,80.455292,163490300
2010-08-24,79.576552,79.907027,78.8405,79.261101,280677800
2010-08-25,78.825476,79.869472,78.329769,79.569046,272234800
2010-08-26,79.944561,80.049711,78.772878,79.035759,224439500
2010-08-27,79.531457,80.342621,78.344756,80.260002,272649000
2010-08-30,80.049711,80.297567,79.088334,79.09584,167238600
2010-08-31,78.802921,79.599066,78.479958,79.09584,273933100
2010-09-01,80.162342,81.574363,80.109767,81.4617,256828100
2010-09-02,81.656969,82.235295,81.484219,82.220276,156112200
2010-09-03,83.023959,83.361941,82.580821,83.286835,212197300
2010-09-07,82.896288,83.001438,82.280405,82.348,141973700
2010-09-08,82.513206,83.25677,82.47565,82.9263,149924400
2010-09-09,83.857668,83.880199,83.08406,83.30938,147017900
2010-09-10,83.459562,83.827588,83.271793,83.72995,127819000
2010-09-13,84.556166,84.83406,84.218178,84.661316,178503500
2010-09-14,84.496087,85.089438,84.180636,84.608749,209823600
2010-09-15,84.360859,85.029317,84.105496,84.931679,168608400
2010-09-16,84.668828,84.961747,84.383415,84.909172,199962900
2010-09-17,85.356178,85.439239,84.706794,84.940872,195836900
2010-09-20,85.235366,86.428421,84.963531,86.239647,214555200
2010-09-21,86.307625,86.715373,85.711098,86.065994,268389100
2010-09-22,85.930083,86.413345,85.401512,85.643143,191322400
2010-09-23,84.940903,85.831918,84.706825,84.948456,202354300
2010-09-24,85.892303,86.760666,85.816794,86.700256,209671800
2010-09-27,86.730484,86.828644,86.201918,86.284973,128761800
2010-09-28,86.398239,86.866401,85.46192,86.587013,209207500
2010-09-29,86.36802,86.768226,86.096185,86.435982,179665800
2010-09-30,86.873916,87.432686,85.771469,86.179222,287106700
2010-10-01,86.828622,86.926788,86.028221,86.541687,174638700
2010-10-04,86.360466,86.722909,85.461898,85.892303,166153200
2010-10-05,86.685171,87.832917,86.587005,87.62149,229634100
2010-10-06,87.60637,87.840454,87.259026,87.613922,148626600
2010-10-07,87.968834,87.991486,86.979659,87.508224,164860000
2010-10-08,87.62902,88.240647,87.296775,87.999016,177760100
2010-10-11,88.134934,88.323708,87.780037,88.082077,103098300
2010-10-12,87.795152,88.610658,87.326995,88.353928,182210000
2010-10-13,88.844733,89.516769,88.633301,89.041054,194347200
2010-10-14,88.958001,89.109024,88.134948,88.693718,217764300
2010-10-15,89.312904,89.365761,88.165159,88.874947,243705000
2010-10-18,88.905136,89.607377,88.580444,89.312889,141204800
2010-10-19,88.489823,88.988184,87.606355,88.142479,280604700
2010-10-20,88.301033,89.433678,88.248176,89.003273,200051800
2010-10-21,89.403518,89.924531,88.50495,89.199638,221585500
2010-10-22,89.335533,89.501656,89.101455,89.365738,108212400
2010-10-25,89.962257,90.430419,89.562057,89.630013,151145700
2010-10-26,89.176964,89.735734,89.003295,89.645126,158982900
2010-10-27,89.018409,89.486571,88.5427,89.388405,190024000
2010-10-28,89.901888,89.939645,88.973121,89.403526,168576000
2010-10-29,89.312904,89.645149,89.154334,89.471474,144305500
2010-11-01,89.909401,90.422867,88.988182,89.501648,174074800
2010-11-02,90.173684,90.422867,89.932053,90.211441,158345900
2010-11-03,90.370017,90.626747,89.441245,90.573891,226702800
2010-11-04,91.578194,92.363496,90.589018,92.318192,215039400
2010-11-05,92.378579,92.816537,92.257767,92.66552,180654100
2010-11-08,92.378578,92.642867,92.076544,92.491844,156107100
2010-11-09,92.741029,92.839189,91.457366,91.827362,186621600
2010-11-10,91.804717,92.242675,91.110029,92.197365,221387400
2010-11-11,91.404517,91.985939,91.125129,91.850021,158017600
2010-11-12,91.230842,91.631043,90.34738,90.76268,239068800
2010-11-15,91.049621,91.404518,90.596564,90.634315,163940800
2010-11-16,90.075525,90.226542,88.791856,89.222267,299566200
2010-11-17,89.260033,89.637582,88.99575,89.267586,172308900
2010-11-18,90.128387,90.906136,90.120834,90.581444,197723700
2010-11-19,90.53614,90.868379,90.045326,90.830627,156852900
2010-11-22,90.377578,90.792878,89.682885,90.755127,181361000
2010-11-23,89.682885,89.871659,89.09391,89.441254,222309000
2010-11-24,90.007583,90.785338,89.992483,90.76268,140046100
2010-11-26,89.977371,90.46818,89.705536,89.705536,76007800
2010-11-29,89.479035,90.219033,88.905159,89.977402,223642300
2010-11-30,89.086378,89.98494,88.958007,89.471474,233930700
2010-12-01,90.762658,91.54796,90.755111,91.37429,221037200
2010-12-02,91.517798,92.612693,91.464942,92.544731,191213600
2010-12-03,92.227599,92.899636,92.204947,92.793922,151288900
2010-12-06,92.597573,92.907166,92.499413,92.69574,103050500
2010-12-07,93.586762,93.639619,92.695747,92.748604,206581000
2010-12-08,92.861838,93.163872,92.431433,93.088364,138019200
2010-12-09,93.609391,93.647142,92.990211,93.450821,123705100
2010-12-10,93.737771,94.085115,93.428184,93.994507,117571700
2010-12-13,94.424888,94.538148,94.024681,94.054886,133812700
2010-12-14,94.198371,94.560821,93.851027,94.137962,147249600
2010-12-15,93.964286,94.334282,93.54898,93.70755,160823100
2010-12-16,93.767974,94.319198,93.443282,94.251236,185035200
2010-12-17,94.185223,94.473667,93.987863,94.352219,141075300
2010-12-20,94.610281,94.807641,94.109299,94.579918,119085500
2010-12-21,94.87596,95.240315,94.784875,95.179588,94965500
2010-12-22,95.247892,95.505972,95.194757,95.475609,78878100
2010-12-23,95.369315,95.475584,95.103642,95.338951,70053700
2010-12-27,94.982196,95.467999,94.913883,95.376915,58126000
2010-12-28,95.566669,95.604619,95.263041,95.513535,55309100
2010-12-29,95.627411,95.794402,95.566685,95.581863,58033100
2010-12-30,95.490796,95.741284,95.285844,95.430069,76616900
2010-12-31,95.285839,95.543925,95.134028,95.452835,91218900
2011-01-03,96.18155,96.85712,95.414889,96.439636,138725200
2011-01-04,96.65214,96.682503,95.786803,96.386467,137409700
2011-01-05,96.082856,96.948193,95.991766,96.887466,133975300
2011-01-06,96.925431,97.0317,96.409264,96.697708,122519000
2011-01-07,96.826742,96.986145,95.756459,96.507935,156034600
2011-01-10,96.082839,96.523099,95.794389,96.386467,122401700
2011-01-11,96.735673,96.96339,96.363725,96.728081,110287000
2011-01-12,97.320146,97.707267,96.750839,97.600998,107929200
2011-01-13,97.638932,97.684474,97.198671,97.441566,129048400
2011-01-14,97.304941,98.170278,97.236627,98.147507,117677900
2011-01-18,98.056422,98.405599,97.942567,98.314514,114401300
2011-01-19,98.231039,98.32971,97.092437,97.350517,151958400
2011-01-20,97.130368,97.464354,96.50034,97.221458,175745700
2011-01-21,97.828699,98.048823,97.335297,97.441566,151462900
2011-01-24,97.380865,98.109576,97.358094,97.99572,113715500
2011-01-25,97.737607,98.132326,97.244218,98.048828,167552200
2011-01-26,98.291756,98.716833,98.094391,98.428383,141281500
2011-01-27,98.451128,98.838261,98.276546,98.671265,123302700
2011-01-28,98.785163,98.944573,96.788816,96.948219,295637300
2011-01-31,97.213882,97.752814,96.970975,97.676903,149249200
2011-02-01,98.268964,99.415152,98.208237,99.24057,167194300
2011-02-02,98.982487,99.316479,98.929358,99.050812,118323600
2011-02-03,98.876232,99.422762,98.352484,99.27095,145886700
2011-02-04,99.308908,99.589759,98.853462,99.551804,134634800
2011-02-07,99.771927,100.500626,99.764329,100.174232,112439100
2011-02-08,100.265354,100.682844,99.992089,100.629715,99072800
2011-02-09,100.356428,100.675235,99.900982,100.40197,146436700
2011-02-10,99.893373,100.553759,99.665651,100.439903,162708500
2011-02-11,100.045226,101.168644,100.022455,101.039604,137710300
2011-02-14,100.978825,101.365946,100.86497,101.282448,101690700
2011-02-15,100.971282,101.123094,100.439937,100.963684,119575400
2011-02-16,101.305252,101.72273,101.1003,101.601288,130183500
2011-02-17,101.305271,102.041557,101.214175,101.90493,109810500
2011-02-18,101.996008,102.238916,101.760699,102.117462,130002400
2011-02-22,101.047202,102.140262,99.794743,100.068008,233116400
2011-02-23,100.007249,100.250157,98.838289,99.453133,227584000
2011-02-24,99.34686,99.771936,98.451153,99.384804,260431400
2011-02-25,99.802289,100.508229,99.741563,100.447502,141686900
2011-02-28,100.819487,101.199021,100.485495,101.069969,141585500
2011-03-01,101.388755,101.47984,99.354446,99.384804,258565500
2011-03-02,99.248152,100.06036,98.944529,99.597328,200277400
2011-03-03,100.500635,101.426699,100.493048,101.312843,176480100
2011-03-04,101.236936,101.434302,99.893394,100.55378,277202300
2011-03-07,100.849802,101.077524,99.240581,99.764328,216790400
2011-03-08,99.923765,100.956098,99.491102,100.637291,174615000
2011-03-09,100.439906,100.804255,99.893376,100.493034,153806000
2011-03-10,99.437942,99.574569,98.534649,98.633331,301291800
2011-03-11,98.314556,99.673284,98.291785,99.316521,225621800
2011-03-14,98.6713,99.043236,97.965361,98.716843,234974100
2011-03-15,96.090458,98.170309,96.022144,97.585823,359585400
2011-03-16,97.274588,97.593407,95.096066,95.779228,468670300
2011-03-17,97.160767,97.456803,96.477604,97.046906,254303700
2011-03-18,98.223215,98.253716,97.209273,97.399864,230435400
2011-03-21,98.61201,99.115163,98.497648,98.909332,153992600
2011-03-22,98.894108,99.023708,98.474804,98.566284,129538600
2011-03-23,98.2918,99.107537,97.826768,98.848335,148603100
2011-03-24,99.412488,99.938522,98.855964,99.793671,159129800
2011-03-25,100.052885,100.533168,99.786052,100.098625,155642800
2011-03-28,100.312069,100.57127,99.824155,99.854645,109762400
2011-03-29,99.770797,100.556033,99.442985,100.525543,129798800
2011-03-30,101.051601,101.516644,100.906749,101.219322,135835000
2011-03-31,101.089716,101.364168,100.975354,101.082085,132537100
2011-04-01,101.707279,101.981731,101.265105,101.509056,153850100
2011-04-04,101.722466,101.905438,101.303174,101.592865,100768900
2011-04-05,101.394642,102.027407,101.348902,101.577614,120791500
2011-04-06,102.065518,102.156998,101.486113,101.897797,120411600
2011-04-07,101.714856,102.141779,101.135462,101.638626,170731500
2011-04-08,102.088389,102.14938,100.868599,101.287903,147945400
2011-04-11,101.394659,101.737721,100.739024,100.982986,121385400
2011-04-12,100.41881,100.61702,99.862286,100.228218,161187400
2011-04-13,100.693298,100.769527,99.839451,100.220634,162059000
2011-04-14,99.641187,100.449292,99.313375,100.296822,161220400
2011-04-15,100.479851,100.914393,100.182529,100.662811,170006700
2011-04-18,99.557347,100.655156,98.733991,99.534477,210759300
2011-04-19,99.686959,100.136763,99.443008,100.106262,124258800
2011-04-20,101.303172,101.691975,101.234551,101.470894,156133800
2011-04-21,101.9969,102.035021,101.470878,101.989281,135935400
2011-04-25,101.913066,102.050297,101.547133,101.882576,65757100
2011-04-26,102.195134,102.965119,102.088403,102.759277,146600000
2011-04-27,102.957513,103.582647,102.538209,103.430176,143031000
2011-04-28,103.247157,103.902792,103.231918,103.765572,124791100
2011-04-29,103.803737,104.11631,103.666505,104.009567,115094100
2011-05-02,104.49748,104.581329,103.643622,103.849464,126278700
2011-05-03,103.651251,103.826592,102.949865,103.475899,138375000
2011-05-04,103.430179,103.47592,102.332371,102.789795,182678500
2011-05-05,102.218024,102.881278,101.409918,101.859711,226900000
2011-05-06,102.873641,103.399676,101.913053,102.309486,222787200
2011-05-09,102.301872,103.003247,102.14177,102.705925,114104500
2011-05-10,103.048988,103.765614,102.919387,103.582642,114806900
2011-05-11,103.430169,103.445419,102.019799,102.492462,193564200
2011-05-12,102.218011,103.193839,101.691977,102.980377,171550700
2011-05-13,103.033726,103.178578,101.821568,102.1875,157444900
2011-05-16,101.8216,102.622086,101.371806,101.539528,141675400
2011-05-17,101.158322,101.661486,100.723767,101.524254,192686200
2011-05-18,101.577589,102.538165,101.356496,102.431435,135217900
2011-05-19,102.766884,102.942225,102.111249,102.675392,119489500
2011-05-20,102.408615,102.675436,101.669119,101.859711,182594900
2011-05-23,100.617049,101.181204,100.319727,100.67804,168700000
2011-05-24,100.967764,101.188845,100.403609,100.5942,147199600
2011-05-25,100.190108,101.348907,100.159618,100.929604,151050100
2011-05-26,100.655173,101.577641,100.464581,101.394669,164850000
2011-05-27,101.676724,102.057907,101.364163,101.783455,120921900
2011-05-31,102.744025,102.858375,102.035019,102.843124,164731200
2011-06-01,102.545802,102.858375,100.449297,100.533157,233094300
2011-06-02,100.60182,100.815282,99.839454,100.426468,200466800
2011-06-03,99.221915,100.190123,99.168556,99.427757,234690200
2011-06-06,99.176165,99.382007,98.246078,98.375679,179951200
2011-06-07,98.878856,99.160939,98.230852,98.314713,161660500
2011-06-08,98.162209,98.490032,97.720036,97.903008,198696400
2011-06-09,98.169841,99.054177,97.93351,98.650124,160964400
2011-06-10,98.230833,98.291812,97.018669,97.27787,238629400
2011-06-13,97.498916,97.765749,96.858532,97.354065,207599800
2011-06-14,98.246068,98.932204,98.207959,98.589142,160570400
2011-06-15,97.765786,98.573892,96.576492,96.835693,300958000
2011-06-16,96.866222,97.559978,96.302073,97.049194,308032800
2011-06-17,98.012989,98.020652,97.00934,97.338783,233284900
2011-06-20,97.009314,98.043609,96.978667,97.836746,159479000
2011-06-21,98.342448,99.36908,97.875098,99.177544,193157300
2011-06-22,98.871034,99.4533,98.518602,98.579895,176703000
2011-06-23,97.423035,98.556927,96.679873,98.29644,334286500
2011-06-24,98.273454,98.350061,97.009313,97.154877,226129300
2011-06-27,97.216175,98.396034,97.024639,98.02063,168904700
2011-06-28,98.411348,99.315406,98.273448,99.300079,165556300
2011-06-29,99.752121,100.311404,99.315425,100.15052,244295500
2011-06-30,100.47229,101.269076,100.142854,101.108192,223322700
2011-07-01,101.200148,102.740108,100.962645,102.602196,202385700
2011-07-05,102.494908,102.724753,102.196111,102.517891,165936000
2011-07-06,102.272726,102.770716,101.981587,102.640472,143331600
2011-07-07,103.55221,103.965923,103.33769,103.705437,170464200
2011-07-08,102.533243,103.705445,102.196138,102.96994,194100500
2011-07-11,101.705785,102.035222,100.870689,101.108192,195918600
2011-07-12,100.89372,101.728816,100.640891,100.671532,214675700
2011-07-13,101.200135,102.065883,100.763438,101.008598,204062600
2011-07-14,101.261441,101.72879,100.11988,100.311417,226111800
2011-07-15,100.870693,101.031577,100.188824,100.893677,220012800
2011-07-18,100.426305,100.579531,99.315397,100.066216,196872100
2011-07-19,100.625534,101.813062,100.60255,101.690475,166554900
2011-07-20,101.950972,102.012254,101.452971,101.629181,137145400
2011-07-21,102.203787,103.291724,101.644504,103.038895,245246300
2011-07-22,103.06189,103.215117,102.479612,103.107857,126019400
2011-07-25,102.1272,103.038915,102.01994,102.533257,136653800
2011-07-26,102.464315,102.632868,101.920346,102.150192,131278200
2011-07-27,101.583216,101.613868,99.928339,100.058594,249020100
2011-07-28,100.058603,100.954991,99.606568,99.767464,207939900
2011-07-29,98.763784,100.020262,98.043606,99.085564,307038400
2011-08-01,100.24245,100.334395,97.706511,98.664192,325790900
2011-08-02,97.921019,98.449661,96.143562,96.143562,346653800
2011-08-03,96.273828,96.771818,94.641935,96.664558,370830800
2011-08-04,95.323828,95.47706,91.983433,92.136665,520721800
2011-08-05,93.285873,93.523377,89.531759,91.998749,655619200
2011-08-08,89.570046,92.029371,85.82359,86.007469,702263900
2011-08-09,87.394231,90.12937,84.482875,90.00679,717828700
2011-08-10,88.305893,89.087359,85.769949,86.030441,662607400
2011-08-11,86.773619,91.109999,86.053441,89.89183,487979700
2011-08-12,90.711598,91.332173,89.853513,90.497078,313731600
2011-08-15,91.31688,92.504402,91.17131,92.412468,258810600
2011-08-16,91.531388,92.466086,90.642656,91.623322,294095200
2011-08-17,92.129005,92.856841,90.956803,91.684639,238201100
2011-08-18,89.255943,91.71527,86.873231,87.731316,512956300
2011-08-19,86.543781,88.780924,86.191355,86.298615,428281300
2011-08-22,88.23696,88.282932,86.122403,86.367569,275090600
2011-08-23,86.689335,89.30955,86.252632,89.209953,331136600
2011-08-24,89.018432,90.589026,88.811569,90.466446,246869700
2011-08-25,90.964447,91.477763,88.773271,89.087387,312365400
2011-08-26,88.635354,90.795883,87.225643,90.382164,314495900
2011-08-29,91.600352,93.033046,90.451133,92.979416,190977200
2011-08-30,92.573311,93.799142,91.370463,93.224533,241315700
2011-08-31,93.822179,94.626634,92.933453,93.638306,301828400
2011-09-01,93.691895,94.542317,92.535014,92.6576,254585900
2011-09-02,90.726925,92.603984,89.968443,90.290222,255517200
2011-09-06,87.639371,89.761597,87.631708,89.631348,285130500
2011-09-07,90.987413,92.197918,90.680954,92.159615,209803200
2011-09-08,91.607999,92.65762,90.99508,91.201942,250568200
2011-09-09,90.159979,91.217257,88.321229,88.811562,380195100
2011-09-12,87.70066,89.455133,87.37888,89.386177,305793500
2011-09-13,89.677334,90.543077,89.041432,90.205971,272514700
2011-09-14,90.665638,92.550361,89.424487,91.454773,319389500
2011-09-15,92.435435,93.063674,91.477754,93.033028,326777200
2011-09-16,93.406527,93.930201,92.65952,93.583649,284528300
2011-09-19,92.051118,93.129272,91.427332,92.651802,241517000
2011-09-20,93.044563,93.945589,92.420777,92.543991,218932200
2011-09-21,92.590199,92.875136,89.671486,89.817802,316251300
2011-09-22,87.214847,87.954151,85.713137,86.914505,513911300
2011-09-23,86.336953,87.915679,86.26764,87.43821,307242500
2011-09-26,88.262233,89.64073,87.006957,89.517509,260673700
2011-09-27,91.281014,92.074226,89.979528,90.518608,311753900
2011-09-28,90.703436,91.250213,88.539432,88.670349,286696800
2011-09-29,90.141248,90.587907,87.738507,89.37114,298108900
2011-09-30,88.138979,88.909088,87.07623,87.13784,288392300
2011-10-03,86.629582,87.75394,84.565689,84.658104,365136800
2011-10-04,83.441334,86.698899,82.732835,86.514069,459177500
2011-10-05,86.729705,88.346933,85.928791,88.115898,284108000
2011-10-06,88.069684,89.840937,87.415092,89.710014,257800800
2011-10-07,90.233665,90.295275,88.608734,89.109306,312657900
2011-10-10,90.626474,92.128185,90.618772,92.089684,230666300
2011-10-11,91.542889,92.443916,91.450474,92.182076,209088000
2011-10-12,92.875144,94.061113,92.667217,92.990662,281544900
2011-10-13,92.443895,93.083087,91.735396,92.805847,212538800
2011-10-14,93.884004,94.415375,93.36033,94.392273,211397600
2011-10-17,93.945598,94.376863,92.359175,92.59021,202311600
2011-10-18,92.520903,95.10847,91.796999,94.399971,318857900
2011-10-19,94.245977,94.785057,92.959896,93.28334,226601300
2011-10-20,93.514355,94.030327,92.274479,93.691483,262075600
2011-10-21,94.792729,95.585946,94.507792,95.470428,278999400
2011-10-24,95.624432,96.879714,95.53972,96.640976,203215600
2011-10-25,96.178907,96.225112,94.553977,94.761909,268596800
2011-10-26,95.763066,96.08651,94.115033,95.724564,289053800
2011-10-27,98.289036,99.667532,97.503527,99.059151,393220200
2011-10-28,98.573956,99.228553,98.419936,99.036026,225906500
2011-10-31,97.927081,99.051434,96.510077,96.648697,228146700
2011-11-01,93.976395,95.116159,93.583638,93.953293,416565800
2011-11-02,95.362641,95.801603,94.561726,95.485855,244717600
2011-11-03,96.471578,97.418815,95.185497,97.226288,291174800
2011-11-04,96.440743,96.802689,95.501209,96.63327,249401600
2011-11-07,96.563974,97.334083,95.647542,97.233971,196617200
2011-11-08,97.742241,98.589365,96.810409,98.481544,224426300
2011-11-09,96.17895,96.879753,94.615629,94.846664,337982000
2011-11-10,96.101927,96.217445,94.738831,95.739975,231866500
2011-11-11,96.902831,97.796154,96.872026,97.542023,189924400
2011-11-14,97.180072,98.150405,96.20203,96.617889,159258300
2011-11-15,96.394573,97.611347,96.048026,97.095375,184709400
2011-11-16,96.117337,97.295603,95.416541,95.555161,235782500
2011-11-17,95.378029,95.616766,93.360346,94.03804,331219600
2011-11-18,94.338358,94.530886,93.545147,93.937904,215580400
2011-11-21,92.567091,92.682609,91.373426,92.151237,229611600
2011-11-22,91.951044,92.490118,91.273344,91.789322,216494900
2011-11-23,90.926798,91.789322,89.763931,89.763931,224329100
2011-11-25,89.625303,90.641847,89.486683,89.594498,99557000
2011-11-28,92.058834,92.551703,91.504354,92.189751,210686000
2011-11-29,92.451599,93.1832,92.112749,92.451599,199241500
2011-11-30,95.100749,96.43304,92.413071,96.255913,324439500
2011-12-01,96.14814,96.756527,95.824695,96.240555,176954800
2011-12-02,97.126162,97.418801,96.094213,96.155823,221109700
2011-12-05,97.68065,97.94249,96.602502,97.203186,225263900
2011-12-06,97.195463,97.888562,96.848916,97.233971,178842100
2011-12-07,96.910507,98.004066,96.240516,97.595909,237802500
2011-12-08,96.956741,97.172371,95.223996,95.455025,240862800
2011-12-09,95.886274,97.318677,95.801562,97.072243,209111400
2011-12-12,96.225145,96.24055,94.846655,95.655266,215826100
2011-12-13,96.155805,96.702581,94.299839,94.761909,245159800
2011-12-14,94.384587,94.746539,93.545171,93.753098,238618800
2011-12-15,94.74651,94.877428,93.945596,94.091919,199109200
2011-12-16,94.727401,95.285391,94.006657,94.2314,220481400
2011-12-19,94.595681,94.797181,93.022446,93.223946,183903000
2011-12-20,94.688676,96.207662,93.28594,96.044914,225418100
2011-12-21,96.044945,96.378192,95.130452,96.230942,194230900
2011-12-22,96.587387,97.184135,96.277394,97.083382,119465400
2011-12-23,97.393405,97.982401,97.191911,97.951401,92187200
2011-12-27,97.780895,98.284642,97.695645,98.028893,86075700
2011-12-28,98.044413,98.05991,96.664926,96.742424,119107100
2011-12-29,97.060159,97.842904,96.765664,97.742157,123507200
2011-12-30,97.664621,97.904873,97.261627,97.261627,95599000
2012-01-03,99.013145,99.493643,98.757396,98.811646,193697900
2012-01-04,98.579117,99.051863,98.199372,98.966614,127186500
2012-01-05,98.431897,99.377384,97.982399,99.230133,173895000
2012-01-06,99.354148,99.369652,98.648908,98.974403,148050000
2012-01-09,99.199104,99.338597,98.741861,99.214607,99530200
2012-01-10,100.276392,100.477886,99.935393,100.074898,115282000
2012-01-11,99.764887,100.260883,99.602145,100.129135,111540700
2012-01-12,100.415902,100.516643,99.617648,100.369392,118983700
2012-01-13,99.695117,100.012867,98.982124,99.850113,179836200
2012-01-17,100.811109,100.997112,99.896611,100.23761,132209200
2012-01-18,100.214376,101.400114,100.03613,101.345871,163395200
2012-01-19,101.694613,101.965865,101.369117,101.880615,126328900
2012-01-20,101.710122,102.260361,101.462119,102.260361,138230200
2012-01-23,101.91933,102.492829,101.508584,101.996834,129295800
2012-01-24,101.369117,101.91161,101.214121,101.880615,103083300
2012-01-25,101.725615,102.973355,101.330373,102.733109,198613200
2012-01-26,103.190341,103.384089,101.803108,102.206108,184880500
2012-01-27,101.710132,102.337875,101.640374,102.15963,135259100
2012-01-30,101.144342,101.865092,100.795598,101.810837,147311800
2012-01-31,102.314588,102.438577,101.276088,101.772095,157212000
2012-02-01,102.523879,103.182628,102.399889,102.663383,166234500
2012-02-02,102.864855,103.08961,102.461867,102.826103,113090400
2012-02-03,103.849087,104.329579,103.670842,104.267578,160598500
2012-02-06,103.833628,104.244374,103.717384,104.197876,107694500
2012-02-07,103.980842,104.639591,103.570097,104.461334,135528100
2012-02-08,104.515598,104.794596,104.089349,104.771347,139361400
2012-02-09,104.941843,105.081337,104.283094,104.903091,148602900
2012-02-10,103.973094,104.21334,103.72509,104.12809,167907500
2012-02-13,104.872097,105.027093,104.422599,104.903091,115841900
2012-02-14,104.624096,104.833348,104.042851,104.771347,165329500
2012-02-15,105.112329,105.267326,104.07383,104.283081,195195100
2012-02-16,104.290841,105.530823,104.104839,105.437828,186567800
2012-02-17,105.802115,105.887365,105.368121,105.716866,129869400
2012-02-21,105.964815,106.212818,105.437825,105.763321,134042300
2012-02-22,105.60057,105.825325,105.236323,105.422325,124455300
2012-02-23,105.368093,105.964829,105.011591,105.887337,137704300
2012-02-24,106.119827,106.329079,105.887339,106.119827,105539100
2012-02-27,105.414566,106.584801,105.244066,106.298058,145728900
2012-02-28,106.329103,106.732103,106.119851,106.608101,129355900
2012-02-29,106.76307,107.096324,105.817578,106.189583,185934700
2012-03-01,106.414327,106.941328,106.119825,106.739822,145023500
2012-03-02,106.670071,106.809576,106.174076,106.414322,120638300
2012-03-05,106.251561,106.329053,105.616061,105.980309,140765000
2012-03-06,104.895283,104.957272,104.128036,104.430283,202129900
2012-03-07,104.670572,105.329321,104.569819,105.158821,143692200
2012-03-08,105.80209,106.422087,105.585093,106.205078,116968900
2012-03-09,106.406548,106.894785,106.2748,106.615799,122836800
2012-03-12,106.600286,106.763028,106.243784,106.623535,104003500
2012-03-13,107.197052,108.599787,107.018795,108.545532,184090500
2012-03-14,108.57658,108.84782,108.096076,108.429329,145163600
2012-03-15,108.59206,109.103558,108.313061,109.05706,165118500
2012-03-16,109.25477,109.348173,108.97455,109.208069,152893500
2012-03-19,109.138031,109.970902,109.060187,109.6362,125291100
2012-03-20,109.013468,109.449364,108.694325,109.317039,121729700
2012-03-21,109.379307,109.48049,108.912268,109.138008,122388400
2012-03-22,108.336243,108.624255,107.993762,108.351814,135216700
2012-03-23,108.44526,108.826663,107.845896,108.702118,120521000
2012-03-26,109.480516,110.227776,109.441606,110.227776,120164000
2012-03-27,110.328934,110.398986,109.815194,109.885246,119868500
2012-03-28,109.830782,110.002029,108.694328,109.340393,148562100
2012-03-29,108.694317,109.355953,108.266201,109.153564,164963700
2012-03-30,109.690657,109.791852,109.013462,109.605034,135486800
2012-04-02,109.472726,110.694804,109.254778,110.406792,151741100
2012-04-03,110.251099,110.437917,109.309242,109.955307,155806700
2012-04-04,109.145776,109.239178,108.460789,108.865555,146896000
2012-04-05,108.49195,109.130224,108.398535,108.811081,137439400
2012-04-09,107.441147,108.85003,107.293251,107.589043,127555900
2012-04-10,107.378835,107.682407,105.67416,105.783134,235360300
2012-04-11,106.865079,107.059676,106.444754,106.639351,154133000
2012-04-12,106.740619,108.118361,106.662776,108.032738,154321500
2012-04-13,107.783604,108.056045,106.64715,106.748344,169246700
2012-04-16,107.293237,107.448912,106.31247,106.678314,147825300
2012-04-17,107.293208,108.476363,107.184234,108.258415,147877600
2012-04-18,107.775824,108.258422,107.713552,107.892578,123884200
2012-04-19,107.908151,108.312905,106.693865,107.199814,198666700
2012-04-20,107.674599,108.063793,107.316534,107.378807,143199600
2012-04-23,106.281279,106.569291,105.814252,106.475876,171844900
2012-04-24,106.569348,107.15314,106.483725,106.880699,137484200
2012-04-25,107.923695,108.390734,107.830292,108.344032,150252200
2012-04-26,108.110502,109.223605,108.04823,109.09906,136291600
2012-04-27,109.42598,109.589435,108.818837,109.278084,130725000
2012-04-30,109.060155,109.137998,108.577557,108.873337,115092200
2012-05-01,108.81105,110.266646,108.686517,109.550529,138832200
2012-05-02,108.912262,109.332599,108.55421,109.223625,121081000
2012-05-03,109.239181,109.324804,108.188362,108.390739,143759700
2012-05-04,107.822506,108.429649,106.577078,106.639351,193927300
2012-05-07,106.257973,107.075284,106.219063,106.717232,127765900
2012-05-08,106.078925,106.46034,105.020314,106.289093,213377700
2012-05-09,105.160416,106.33578,104.685598,105.658585,220752500
2012-05-10,106.390308,106.522644,105.63528,105.876579,150600000
2012-05-11,105.214925,106.538185,105.168224,105.557419,153032400
2012-05-14,104.545499,105.557408,104.234148,104.389824,163910000
2012-05-15,104.319785,104.934708,103.627019,103.790474,207629300
2012-05-16,104.257491,104.732309,103.370128,103.393478,207265500
2012-05-17,103.416841,103.541386,101.805569,101.860062,247992900
2012-05-18,102.257056,102.436094,100.840393,100.988289,319615900
2012-05-21,101.3152,102.763005,101.151733,102.724083,177861100
2012-05-22,102.988753,103.70487,102.233714,102.90313,197531200
2012-05-23,102.163643,103.105499,101.182876,102.957603,204958400
2012-05-24,103.237786,103.401241,102.29593,103.159943,167357600
2012-05-25,103.121036,103.409048,102.576166,102.825256,135465600
2012-05-29,103.650369,104.24972,102.101369,104.070694,152883500
2012-05-30,103.18333,104.062914,102.350459,102.560616,162370400
2012-05-31,102.52171,103.097711,101.455308,102.334892,196186000
2012-06-01,100.731379,102.35821,99.758392,99.758392,253240900
2012-06-04,99.937451,100.209892,98.964464,99.711723,202545800
2012-06-05,99.517101,100.614628,99.462614,100.466743,164149400
2012-06-06,101.167304,102.770784,101.136161,102.724083,184202800
2012-06-07,103.891651,103.938352,102.57617,102.786339,184772700
2012-06-08,102.521707,103.627019,102.194773,103.603668,143915400
2012-06-11,104.436505,104.498778,102.18696,102.288155,169756100
2012-06-12,102.583948,103.533584,102.09357,103.463531,181931800
2012-06-13,103.159955,103.80602,102.451618,102.801903,172223900
2012-06-14,103.012063,104.304193,102.731843,103.891647,230615500
2012-06-15,104.359556,105.04808,104.140479,104.954193,169444500
2012-06-18,104.51602,105.415801,104.281291,105.1576,131360900
2012-06-19,105.689668,106.605101,105.134143,106.174767,137382600
2012-06-20,106.182583,106.487727,105.055892,106.002617,206451800
2012-06-21,106.127812,106.23735,103.537995,103.624062,205272200
2012-06-22,104.163949,104.617755,103.764905,104.42215,130029200
2012-06-25,103.318922,103.358046,102.380017,102.747757,146375700
2012-06-26,103.045075,103.577129,102.442606,103.264153,141634000
2012-06-27,103.608427,104.398669,103.256339,104.195244,108088000
2012-06-28,103.506692,104.054398,102.716449,103.897903,169242100
2012-06-29,105.783552,106.62075,105.509711,106.48774,212250900
2012-07-02,106.785076,106.918087,106.033957,106.808548,129524500
2012-07-03,106.785051,107.590946,106.675513,107.512711,80450000
2012-07-05,107.113693,107.817881,106.636415,107.027626,126177500
2012-07-06,105.994816,106.229545,105.509717,106.010468,151192100
2012-07-09,105.924385,106.073047,105.392331,105.877441,103780500
2012-07-10,106.41732,106.589454,104.594273,104.954193,167884800
2012-07-11,105.00898,105.314124,104.359567,104.969856,141733400
2012-07-12,104.359543,105.024596,103.749255,104.46125,143583200
2012-07-13,104.735089,106.323406,104.719437,106.213867,129642600
2012-07-16,105.971318,106.276462,105.548803,105.963486,97525200
2012-07-17,106.386033,106.910255,105.274994,106.691177,138860300
2012-07-18,106.440791,107.692672,106.378208,107.481415,113349700
2012-07-19,107.700459,108.115142,107.356203,107.763054,129847300
2012-07-20,107.152797,107.317111,106.659878,106.777237,142904500
2012-07-23,105.212358,106.706788,104.719428,105.697456,145210900
2012-07-24,105.775762,105.822706,104.085726,104.789902,173301200
2012-07-25,105.008968,105.282809,104.257837,104.813362,129122300
2012-07-26,106.323464,106.769451,105.830534,106.542542,156526500
2012-07-27,107.105862,108.81155,106.519045,108.506393,236768900
2012-07-30,108.381215,109.022795,108.185609,108.506393,106782000
2012-07-31,108.357748,108.655061,107.747459,107.747459,120575900
2012-08-01,108.522054,108.545526,107.504902,107.653564,138293800
2012-08-02,106.83981,107.637884,106.080859,106.910225,199556600
2012-08-03,108.412496,109.257514,106.941537,109.030617,157825000
2012-08-06,109.320099,109.672187,109.194908,109.241852,86326200
2012-08-07,109.680046,110.259043,109.562687,109.789597,109545100
2012-08-08,109.421819,110.047748,109.390516,109.922569,89754700
2012-08-09,109.766038,110.235496,109.656499,110.016418,90291700
2012-08-10,109.570471,110.235535,109.390517,110.196411,99792700
2012-08-13,110.008675,110.196449,109.570508,110.141685,79426900
2012-08-14,110.548522,110.618949,109.828694,110.15731,102379400
2012-08-15,110.039967,110.470302,109.969552,110.282516,71085900
2012-08-16,110.438978,111.229232,110.165137,111.096222,112014200
2012-08-17,111.284004,111.33878,110.994512,111.244881,90813700
2012-08-20,111.088379,111.276165,110.783235,111.252693,78255700
2012-08-21,111.526549,111.956884,110.673711,110.91626,105581100
2012-08-22,110.63453,111.143111,110.376341,110.963158,133243500
2012-08-23,110.689318,110.697138,109.883423,110.055557,111466400
2012-08-24,109.781714,110.971,109.711299,110.720619,99481200
2012-08-27,111.017948,111.16661,110.587613,110.744095,68785900
2012-08-28,110.462433,110.978835,110.298131,110.634567,75689600
2012-08-29,110.728451,111.017944,110.415475,110.720619,65421300
2012-08-30,110.243354,110.274657,109.68784,109.922569,96589900
2012-08-31,110.548522,110.963217,109.820875,110.446815,151970400
2012-09-04,110.352875,110.681503,109.640879,110.345055,120226200
2012-09-05,110.392043,110.689368,110.032136,110.251213,100660300
2012-09-06,110.916222,112.496719,110.908402,112.488899,158272500
2012-09-07,112.676712,112.974037,112.575006,112.927094,107272100
2012-09-10,112.817546,113.013151,112.24638,112.285492,86458500
2012-09-11,112.355901,112.958357,112.324597,112.59845,88760000
2012-09-12,112.974083,113.099274,112.590691,112.974083,87640900
2012-09-13,112.958349,115.047416,112.661036,114.695328,225470200
2012-09-14,114.922246,115.884622,114.828347,115.203918,169777000
2012-09-17,114.969203,115.164809,114.523217,114.812721,119427800
2012-09-18,114.61715,114.867519,114.429364,114.718857,98326600
2012-09-19,114.851795,115.149119,114.554482,114.78138,128318300
2012-09-20,114.257215,114.851852,113.94425,114.789268,154009800
2012-09-21,115.34698,115.370577,114.694101,114.741295,108737500
2012-09-24,114.174877,114.827755,114.08835,114.568176,95682000
2012-09-25,114.812106,115.032353,113.317559,113.34903,133165200
2012-09-26,113.325396,113.356855,112.444397,112.711838,146502200
2012-09-27,113.183816,114.033345,112.884904,113.773766,111830300
2012-09-28,113.341115,113.710818,112.845566,113.246727,150696100
2012-10-01,113.679375,114.599695,113.278201,113.545654,135911200
2012-10-02,113.99399,114.174905,113.1366,113.66362,113422200
2012-10-03,113.970391,114.395149,113.37258,114.127708,121283100
2012-10-04,114.56037,115.110988,114.403053,114.945808,124311600
2012-10-05,115.559321,115.755971,114.607531,114.953636,124842100
2012-10-08,114.528867,114.93789,114.300746,114.560326,78415400
2012-10-09,114.473829,114.568217,113.388318,113.42765,148872900
2012-10-10,113.411937,113.522073,112.554547,112.704002,124247500
2012-10-11,113.490592,113.655783,112.743325,112.766922,123601500
2012-10-12,112.845523,113.230949,112.153312,112.397156,124181900
2012-10-15,112.664615,113.451214,112.302786,113.333229,107689100
2012-10-16,113.86815,114.560362,113.789498,114.481697,108815500
2012-10-17,114.5603,115.095194,114.387247,115.000793,128834100
2012-10-18,114.701996,115.252613,114.316558,114.701996,148108500
2012-10-19,114.489547,114.497408,112.523048,112.790489,185645200
2012-10-22,112.601705,113.01074,111.917367,112.806229,125578600
2012-10-23,111.587004,111.744321,110.776807,111.240898,192056300
2012-10-24,111.642066,111.775798,110.753217,110.92627,120179400
2012-10-25,111.712852,111.917363,110.572285,111.248749,134457400
2012-10-26,111.146512,111.57127,110.430704,111.185844,146023500
2012-10-31,111.579144,111.720726,110.658812,111.185844,103438500
2012-11-01,111.42182,112.491596,111.31957,112.350014,100995600
2012-11-02,113.018608,113.050079,111.233036,111.351021,137702200
2012-11-05,111.185848,111.830853,110.855465,111.579147,98378500
2012-11-06,111.917415,112.892803,111.799429,112.452309,107068100
2012-11-07,111.429707,111.44543,109.384543,109.903702,264304500
2012-11-08,109.887942,110.446433,108.495657,108.582184,181517300
2012-11-09,108.251835,109.683452,108.196779,108.676605,201055300
2012-11-12,109.014821,109.187873,108.519271,108.763115,97677500
2012-11-13,108.188863,109.533954,108.047281,108.385513,123018300
2012-11-14,108.715928,108.888969,106.678626,106.92247,191505000
2012-11-15,106.961778,107.362952,106.332496,106.741531,178128400
2012-11-16,106.898875,107.480963,105.954958,107.268578,239483900
2012-11-19,108.472057,109.455306,107.300031,109.439583,151495800
2012-11-20,109.266562,109.667723,108.613683,109.486809,119807400
2012-11-21,109.581176,109.7857,109.360929,109.691299,81710800
2012-11-23,110.226192,111.225165,110.155389,111.185844,65409200
2012-11-26,110.635197,111.193688,110.273368,110.949844,100124400
2012-11-27,110.839728,111.217293,110.312708,110.383499,128646200
2012-11-28,109.935156,111.335302,109.337344,111.272385,177086500
2012-11-29,111.689254,112.098277,111.201554,111.791504,151085900
2012-11-30,111.807278,112.027525,111.429714,111.81514,136568300
2012-12-03,112.326387,112.420775,111.177947,111.264473,124656300
2012-12-04,111.256595,111.594827,110.808228,111.10714,127512200
2012-12-05,111.201586,111.823007,110.414987,111.303848,147300500
2012-12-06,111.20154,111.72856,111.036361,111.681366,103220600
2012-12-07,112.114003,112.239862,111.437527,112.019615,108726400
2012-12-10,111.862314,112.334267,111.815108,112.066826,98840700
2012-12-11,112.53093,113.356862,112.475874,112.829842,152570400
2012-12-12,113.270349,113.702981,112.727593,112.884911,145880100
2012-12-13,112.814112,113.13662,111.909527,112.192703,135715000
2012-12-14,111.948833,112.153344,111.602727,111.77578,137701700
2012-12-17,112.066835,113.152346,112.035364,113.089417,143238200
2012-12-18,113.270324,114.450223,113.105133,114.347961,177762800
2012-12-19,114.473839,114.513171,113.459131,113.498451,150895400
2012-12-20,113.569192,114.167003,113.254545,114.151268,168487000
2012-12-21,112.624019,114.145,112.441821,113.115166,245883800
2012-12-24,112.869561,112.932937,112.639835,112.766586,53874600
2012-12-26,112.996321,113.051779,111.974416,112.291283,106947700
2012-12-27,112.322937,112.552675,110.841568,112.140739,167920600
2012-12-28,111.411948,112.029846,110.801967,110.928719,148806700
2012-12-31,110.635597,112.932909,110.540528,112.814087,243935200
2013-01-02,114.95303,115.77689,114.651998,115.705597,192059000
2013-01-03,115.650089,115.951108,115.135166,115.444115,144761800
2013-01-04,115.634267,116.141261,115.396611,115.951134,116817700
2013-01-07,115.539243,115.745205,115.206517,115.6343,110002500
2013-01-08,115.428303,115.586736,114.850004,115.301552,121265100
2013-01-09,115.555062,115.911552,115.372864,115.594673,90745600
2013-01-10,116.236359,116.521544,115.634307,116.513626,130735400
2013-01-11,116.481869,116.569009,116.141238,116.505646,113917300
2013-01-14,116.3631,116.505698,115.998692,116.426476,89567200
2013-01-15,115.887736,116.61655,115.816443,116.505646,93172600
2013-01-16,116.268052,116.672058,116.1413,116.489861,104849500
2013-01-17,117.004684,117.575053,116.568984,117.24234,133833500
2013-01-18,117.218638,117.630574,116.790855,117.503822,169906000
2013-01-22,117.503775,118.13752,117.226508,118.13752,111797300
2013-01-23,118.137575,118.430677,117.923683,118.32769,104596100
2013-01-24,118.153439,118.9377,118.042534,118.359413,146426400
2013-01-25,118.731693,119.024796,118.327675,119.024796,147211600
2013-01-28,119.056463,119.088157,118.438565,118.882195,113357700
2013-01-29,118.644533,119.500087,118.56531,119.349571,105694400
2013-01-30,119.33373,119.571386,118.771278,118.882195,137447700
2013-01-31,118.739604,119.127776,118.509878,118.589088,108975800
2013-02-01,119.341657,119.951638,119.135695,119.809052,131173000
2013-02-04,119.080282,119.832849,118.375232,118.462372,159073600
2013-02-05,119.104001,119.999154,119.05646,119.658524,113912400
2013-02-06,119.238696,119.8249,119.151556,119.745689,138762800
2013-02-07,119.78531,119.896214,118.715864,119.587265,162490000
2013-02-08,119.79319,120.323948,119.79319,120.252655,103133700
2013-02-11,120.205209,120.331948,119.927942,120.228973,73775000
2013-02-12,120.236882,120.648819,120.102213,120.42701,65392700
2013-02-13,120.672582,120.894391,120.189352,120.529984,82322600
2013-02-14,120.165546,120.783445,120.030878,120.640846,80834300
2013-02-15,120.751751,120.878503,120.054643,120.49826,215226500
2013-02-19,120.704185,121.425071,120.537835,121.401306,95105400
2013-02-20,121.314191,121.353802,119.824892,119.888268,160574800
2013-02-21,119.587214,119.95161,118.779189,119.159431,183257000
2013-02-22,119.737758,120.323975,119.21493,120.323975,106356600
2013-02-25,120.910149,121.092346,118.034538,118.034538,245824800
2013-02-26,118.604927,118.985169,117.820666,118.842583,186596200
2013-02-27,118.73964,120.672557,118.636653,120.339844,150781900
2013-02-28,120.331884,121.100298,119.943724,120.102158,126866000
2013-03-01,119.690235,120.680458,119.15156,120.49826,170634800
2013-03-04,120.221024,121.139954,120.030908,121.139954,99010200
2013-03-05,121.726171,122.550031,121.710324,122.225235,121431900
2013-03-06,122.660932,122.724307,122.122256,122.391594,94469900
2013-03-07,122.549974,122.771783,122.407388,122.61335,86101400
2013-03-08,123.152077,123.302581,122.518332,123.13623,123477800
2013-03-11,123.041114,123.611471,122.890598,123.603554,83746800
2013-03-12,123.516475,123.659073,122.954035,123.326347,105755800
2013-03-13,123.389691,123.674875,122.969837,123.500595,92550900
2013-03-14,123.82536,124.213532,123.508494,124.158073,126329900
2013-03-15,124.010081,124.161254,123.580395,123.994164,138601100
2013-03-18,122.808618,123.843032,122.69722,123.309914,126704300
2013-03-19,123.572481,123.739572,122.211826,123.023445,167567300
2013-03-20,123.747484,124.089629,123.540594,123.882751,113759300
2013-03-21,123.142784,123.843006,122.617631,122.824509,128605000
2013-03-22,123.214389,123.811165,123.118896,123.811165,111163600
2013-03-25,124.13741,124.3443,122.816554,123.293968,151322300
2013-03-26,123.803244,124.312493,123.667976,124.28067,86856600
2013-03-27,123.540661,124.320458,123.333783,124.28067,99950600
2013-03-28,124.201089,124.80583,123.930553,124.662598,102932800
2013-04-01,124.598901,124.853531,123.866857,124.169228,99194100
2013-04-02,124.614826,125.092252,124.423854,124.781929,101504300
2013-04-03,124.853578,124.949058,123.190564,123.516792,154167400
2013-04-04,123.675916,124.26474,123.40538,124.018074,131885000
2013-04-05,122.498248,123.612237,122.355027,123.461052,159666000
2013-04-08,123.548601,124.304515,123.134832,124.296562,86571200
2013-04-09,124.527324,125.179806,124.113556,124.72625,101922200
2013-04-10,125.060392,126.413082,125.02857,126.253944,135711100
2013-04-11,126.277872,127.081539,126.150557,126.66777,110142500
2013-04-12,126.26196,126.548413,125.657231,126.357452,116359900
2013-04-15,125.720909,125.824354,123.413378,123.429283,217259000
2013-04-16,124.36021,125.315061,124.057851,125.251404,147507800
2013-04-17,124.360202,124.384084,122.760846,123.42128,226834800
2013-04-18,123.628208,123.660043,122.180037,122.649498,167583200
2013-04-19,122.935906,123.771396,122.633536,123.715691,149687600
2013-04-22,123.954455,124.559184,123.134883,124.264778,106553500
2013-04-23,124.885358,125.665142,124.264712,125.545792,166141300
2013-04-24,125.585571,125.959552,125.354811,125.625359,96781200
2013-04-25,125.991396,126.731405,125.800435,126.134628,131060600
2013-04-26,125.983498,126.198341,125.506072,125.911888,95918800
2013-04-29,126.254022,127.033806,126.055096,126.755318,88572800
2013-04-30,126.731389,127.089452,126.206223,127.057617,116010700
2013-05-01,126.779169,126.842827,125.800459,125.94368,138874200
2013-05-02,126.261921,127.224725,126.14257,127.113327,96407600
2013-05-03,128.219336,128.808159,127.137181,128.402344,144202300
2013-05-06,128.497905,128.911661,128.4422,128.728653,66882100
2013-05-07,129.007092,129.420848,128.641064,129.381073,90359200
2013-05-08,129.23785,130.009682,129.16624,129.969894,97419200
2013-05-09,129.91422,130.256366,129.277656,129.603897,106738600
2013-05-10,129.691472,130.137063,129.309526,130.025665,103203000
2013-05-13,129.858508,130.343886,129.55615,130.129044,81843200
2013-05-14,130.232523,131.569308,130.232523,131.473816,119000900
2013-05-15,131.258971,132.444559,131.219184,132.181976,120718500
2013-05-16,131.91139,132.372898,131.362354,131.561279,109913600
2013-05-17,132.046739,132.914051,131.871683,132.834488,129801000
2013-05-20,132.707157,133.343721,132.571889,132.826508,85071200
2013-05-21,132.945861,133.518767,132.484353,133.017471,95804200
2013-05-22,133.152689,134.529261,131.426018,132.030746,244031800
2013-05-23,130.622309,132.014786,130.447254,131.648758,211064400
2013-05-24,130.869074,131.593165,130.479175,131.53746,151573900
2013-05-28,132.914022,133.502846,131.935312,132.325211,143679800
2013-05-29,131.624943,131.927313,130.765584,131.465805,160363400
2013-05-30,131.569284,132.555947,131.465839,131.951218,107793800
2013-05-31,131.585164,132.333126,129.802801,130.057419,176850100
2013-06-03,130.359776,130.861072,129.428807,130.773544,168390700
2013-06-04,130.845149,131.370315,129.484494,130.144928,157631500
2013-06-05,129.77097,130.033553,128.211402,128.3228,211737800
2013-06-06,128.267105,129.492492,127.511191,129.484528,200225500
2013-06-07,130.375708,131.250973,129.810755,131.131622,188337800
2013-06-10,131.537426,131.609036,130.789464,131.131622,105667100
2013-06-11,129.938099,130.924762,129.492508,129.778961,159505400
2013-06-12,130.670126,130.805394,128.585392,128.704742,177361500
2013-06-13,128.633129,130.892919,128.346676,130.66217,163587800
2013-06-14,130.518911,131.028159,129.627729,129.84256,141197500
2013-06-17,130.725837,131.465846,129.874442,130.8452,136295600
2013-06-18,130.916789,132.078518,130.908836,131.879593,114695600
2013-06-19,131.768184,131.998933,130.001726,130.057419,206149500
2013-06-20,128.792278,130.073358,126.500653,126.834846,321255900
2013-06-21,127.697956,127.793941,125.962148,127.242012,271956800
2013-06-24,125.914152,126.730054,124.570294,125.634178,222329000
2013-06-25,126.77007,128.065936,125.922165,126.842072,162262200
2013-06-26,127.881921,128.385869,127.385979,128.0979,134848000
2013-06-27,128.86584,129.441778,128.745846,128.849838,129483700
2013-06-28,128.489932,129.105856,127.873996,128.321945,160402900
2013-07-01,128.993841,129.969735,128.849863,129.073837,131954800
2013-07-02,128.88181,129.825713,128.385869,128.953812,154863700
2013-07-03,128.369864,129.401757,128.161891,129.009796,75216400
2013-07-05,129.961718,130.449665,129.025823,130.401672,122416900
2013-07-08,131.073549,131.497501,130.449619,131.145538,108092500
2013-07-09,131.969483,132.249458,131.401553,132.089478,119298000
2013-07-10,131.961485,132.585415,131.689518,132.137466,121410100
2013-07-11,133.673299,134.073255,132.129462,133.937271,135592200
2013-07-12,133.89724,134.329187,133.689267,133.993225,104212700
2013-07-15,134.361194,134.697156,134.129213,134.505173,69450600
2013-07-16,134.593178,134.673174,133.641293,134.001251,88702100
2013-07-17,134.513202,134.769167,134.169233,134.345215,92873900
2013-07-18,134.633213,135.401134,134.545222,135.081161,103620100
2013-07-19,134.801214,135.369145,134.633227,135.321152,103831700
2013-07-22,135.513094,135.777066,135.193122,135.585083,79428600
2013-07-23,135.825064,135.84906,135.22513,135.297119,80829700
2013-07-24,135.817042,135.873042,134.529183,134.801163,112914000
2013-07-25,134.561159,135.249083,134.337185,135.129089,111088600
2013-07-26,134.561241,135.313161,134.001305,135.273163,107814600
2013-07-29,134.929167,135.233137,134.473223,134.857178,79695000
2013-07-30,135.265141,135.409119,134.537218,134.857178,85209600
2013-07-31,135.137132,135.865055,134.777174,134.953156,142388700
2013-08-01,135.977046,136.632967,135.905044,136.512985,110438400
2013-08-02,136.209071,136.761012,136.025094,136.74501,91116700
2013-08-05,136.441033,136.752998,136.265051,136.545013,54072700
2013-08-06,136.281032,136.577008,135.46513,135.769089,87495000
2013-08-07,135.337154,135.529125,134.825211,135.329147,84854700
2013-08-08,135.969036,136.129016,135.129126,135.825058,102181300
2013-08-09,135.649085,136.065043,134.96116,135.433105,91757700
2013-08-12,134.753225,135.433143,134.68923,135.273163,68593300
2013-08-13,135.5131,135.90505,134.713188,135.67308,80806000
2013-08-14,135.609098,135.825078,134.94517,134.977173,79829200
2013-08-15,133.91331,133.929299,132.85742,133.089401,152931800
2013-08-16,132.833436,133.289392,132.385487,132.64946,130868200
2013-08-19,132.497464,132.95342,131.793537,131.801544,96437600
2013-08-20,132.017458,132.945359,131.87348,132.449417,89294400
2013-08-21,132.081478,132.809401,131.337566,131.63353,159530500
2013-08-22,131.905504,133.025388,131.897509,132.833405,101471400
2013-08-23,133.2254,133.449374,132.601469,133.281387,90888900
2013-08-26,133.417326,133.825288,132.69741,132.7854,89702100
2013-08-27,131.473567,132.785422,130.553673,130.649658,158619400
2013-08-28,130.593636,131.577537,130.425662,131.113586,108113000
2013-08-29,130.825592,132.017453,130.705598,131.321533,119200500
2013-08-30,131.593534,131.609536,130.521655,130.905609,134928900
2013-09-03,132.169436,132.44941,130.945572,131.497513,142375100
2013-09-04,131.529574,132.809439,131.28961,132.585464,97389400
2013-09-05,132.665366,133.105308,132.569368,132.753357,63090500
2013-09-06,133.193327,133.569287,131.569507,132.817368,159756500
2013-09-09,133.145392,134.169278,133.145392,134.089294,87559300
2013-09-10,134.897185,135.105158,134.593215,135.081161,105847200
2013-09-11,134.897152,135.505081,134.665183,135.505081,94545900
2013-09-12,135.45703,135.633012,134.961089,135.145065,83209000
2013-09-13,135.289086,135.553059,134.977121,135.449066,72727800
2013-09-16,136.912978,136.976972,136.017068,136.233047,106299200
2013-09-17,136.352996,136.872933,136.352996,136.840942,82523300
2013-09-18,136.792962,138.800749,136.449006,138.424789,203460600
2013-09-19,138.80069,138.864684,138.056765,138.192749,146616900
2013-09-20,138.52076,138.52076,137.11409,137.226624,132867100
2013-09-23,137.041774,137.170374,136.157576,136.591629,104616500
2013-09-24,136.567548,137.073953,136.012928,136.270142,106333100
2013-09-25,136.358528,136.63182,135.755669,135.876236,117306500
2013-09-26,136.101306,136.784538,135.884274,136.398712,77146900
2013-09-27,135.715441,135.956586,135.418034,135.771713,99141800
2013-09-30,134.62223,135.474267,134.356971,135.048248,143937000
2013-10-01,135.152845,136.246029,135.016199,136.117416,127160000
2013-10-02,135.321617,136.117382,134.903632,135.98877,113350000
2013-10-03,135.675275,135.795854,134.107846,134.734818,176698000
2013-10-04,134.839287,135.892277,134.662447,135.75563,96878000
2013-10-07,134.574059,135.401983,134.437412,134.582092,96295000
2013-10-08,134.557964,134.734804,132.918195,133.014648,178015000
2013-10-09,133.271859,133.593378,132.251016,133.111099,168973000
2013-10-10,134.469574,136.053083,134.421348,135.980743,195955000
2013-10-11,135.77169,136.905066,135.659157,136.856827,105040000
2013-10-14,136.012853,137.515975,135.908354,137.403442,112106000
2013-10-15,137.057808,137.572247,136.22185,136.406723,155485000
2013-10-16,137.226648,138.384138,137.162342,138.311798,161676000
2013-10-17,137.749075,139.316516,137.724961,139.23613,129389000
2013-10-18,139.750602,140.273074,139.469263,140.17662,138316000
2013-10-21,140.224824,140.46597,139.871146,140.184631,104104000
2013-10-22,140.594646,141.414525,140.208808,140.996552,126663000
2013-10-23,140.514257,140.578563,139.831025,140.32135,105484000
2013-10-24,140.602618,140.96433,140.273052,140.787491,70350000
2013-10-25,141.076894,141.470766,140.803601,141.430573,93625000
2013-10-28,141.382347,141.848559,141.229621,141.65564,84979000
2013-10-29,141.977141,142.467467,141.776189,142.411194,87401000
2013-10-30,142.580067,142.684554,141.19751,141.703903,140002000
2013-10-31,141.591375,142.186199,141.093015,141.302002,133795000
2013-11-01,141.486831,141.961076,140.843779,141.639557,142805000
2013-11-04,142.025391,142.194185,141.45468,142.137924,85677000
2013-11-05,141.583291,142.073616,141.125125,141.68779,85825000
2013-11-06,142.298661,142.676453,141.904789,142.411194,87348000
2013-11-07,142.676472,142.789006,140.474026,140.610672,157000000
2013-11-08,140.562454,142.523755,140.546386,142.507675,136713000
2013-11-11,142.370951,142.700516,142.202158,142.531723,62614000
2013-11-12,142.226352,142.563951,141.768174,142.242432,83990000
2013-11-13,141.543116,143.424031,141.543116,143.38385,103844000
2013-11-14,143.512422,144.219779,143.279322,144.099213,103435000
2013-11-15,144.332294,144.782426,144.147421,144.726166,102818000
2013-11-18,144.967277,145.087844,143.898207,144.219727,104796000
2013-11-19,144.147426,144.581479,143.657101,143.906281,93891000
2013-11-20,144.195682,144.629734,143.062305,143.456177,124909000
2013-11-21,143.858033,144.72615,143.769613,144.613617,92841000
2013-11-22,144.669887,145.353131,144.501093,145.337051,81296000
2013-11-25,145.594319,145.626466,144.983415,145.192413,79486000
2013-11-26,145.264719,145.666624,145.015539,145.232559,86994000
2013-11-27,145.38529,145.682708,145.208451,145.586243,58800000
2013-11-29,145.747078,146.092711,145.329093,145.489853,55870900
2013-12-02,145.562116,145.835409,144.886918,145.111984,99726000
2013-12-03,144.637757,144.99947,144.018819,144.485031,116563000
2013-12-04,143.962586,145.071837,143.359728,144.468979,123033000
2013-12-05,144.211746,144.477005,143.697307,143.833954,106934000
2013-12-06,145.224587,145.578266,144.806602,145.44162,127728000
2013-12-09,145.867613,146.028373,145.618434,145.81134,70124000
2013-12-10,145.473768,145.77922,145.200475,145.288895,80976000
2013-12-11,145.345082,145.369195,143.480235,143.657074,130591000
2013-12-12,143.592801,143.76964,142.885443,143.182861,115565000
2013-12-13,143.480264,143.608877,142.893486,143.166779,107808000
2013-12-16,143.842019,144.533297,143.801826,144.059052,96195000
2013-12-17,144.187636,144.21175,143.279326,143.600845,89886000
2013-12-18,143.817911,146.076619,142.53182,146.052505,234906000
2013-12-19,145.634475,146.05246,145.256695,145.883667,136531200
2013-12-20,146.029176,147.079806,145.932199,146.732285,197087000
2013-12-23,147.451519,147.605074,147.144421,147.516174,85598000
2013-12-24,147.524305,147.904148,147.516228,147.839493,45368800
2013-12-26,148.170856,148.671933,148.154701,148.59111,63365000
2013-12-27,148.785006,148.849649,148.429407,148.582962,61814000
2013-12-30,148.59913,148.720364,148.364765,148.558731,56857000
2013-12-31,148.760791,149.261856,148.647635,149.261856,86119900
2014-01-02,148.688023,148.760768,147.475761,147.83136,119636900
2014-01-03,148.081921,148.380954,147.597023,147.807144,81390600
2014-01-06,148.292041,148.348607,147.152511,147.378799,108028200
2014-01-07,147.968763,148.534483,147.855619,148.283951,86144200
2014-01-08,148.259721,148.566832,147.807145,148.316299,96582300
2014-01-09,148.793082,148.809249,147.734375,148.413239,90683400
2014-01-10,148.663767,148.881977,147.90408,148.817322,102026400
2014-01-13,148.437525,148.849689,146.554475,146.837341,149892000
2014-01-14,147.322215,148.518322,147.047438,148.4375,105016100
2014-01-15,148.785049,149.463913,148.469861,149.237625,98525800
2014-01-16,148.930511,149.237622,148.566835,149.043655,72290600
2014-01-17,148.785004,149.067858,148.154629,148.413239,107848700
2014-01-21,149.269894,149.326472,147.936411,148.84964,88621200
2014-01-22,149.100256,149.164912,148.631513,148.946701,61270900
2014-01-23,148.195015,148.21926,146.942354,147.726273,132496900
2014-01-24,146.764608,146.813096,144.525959,144.574448,208677100
2014-01-27,144.711822,145.083588,143.14396,143.863235,180843100
2014-01-28,143.968316,144.905802,143.952149,144.719925,110463200
2014-01-29,143.515741,144.299672,142.950021,143.329865,216597300
2014-01-30,144.525978,145.317986,144.065312,144.849243,118938100
2014-01-31,143.055062,144.8977,142.982329,144.000626,194677900
2014-02-03,143.830909,144.154175,140.485065,140.759842,254837100
2014-02-04,141.390205,142.10948,140.711341,141.745804,165012400
2014-02-05,141.252882,141.883257,140.38814,141.568069,164230500
2014-02-06,141.899393,143.434921,141.60845,143.434921,132877600
2014-02-07,144.105649,145.3664,143.636906,145.212845,170787200
2014-02-10,145.229067,145.5281,144.833069,145.479599,92218800
2014-02-11,145.600844,147.443482,145.503854,147.071716,117814100
2014-02-12,147.289936,147.758679,146.853527,147.14447,94717700
2014-02-13,146.15036,148.057654,146.142283,147.904099,100542200
2014-02-14,147.76673,148.995159,147.629341,148.720383,96498400
2014-02-18,148.849677,149.100222,148.421345,148.898178,80460900
2014-02-19,148.510212,149.471942,147.790937,147.91217,126524300
2014-02-20,148.114278,149.124497,147.572802,148.785065,104998100
2014-02-21,149.067933,149.423532,148.542624,148.615356,118116400
2014-02-24,148.930452,150.441735,148.865796,149.439606,114063900
2014-02-25,149.560856,149.989188,148.890069,149.383057,117085000
2014-02-26,149.601234,149.997244,148.970859,149.391113,98677200
2014-02-27,149.172953,150.215493,149.003231,150.175095,93880800
2014-02-28,150.150829,151.249947,149.552787,150.554916,150842000
2014-03-03,149.229486,149.876028,148.502134,149.496185,167748500
2014-03-04,150.959023,151.920754,150.926702,151.597488,167545900
2014-03-05,151.726755,151.993455,151.492378,151.734833,88376900
2014-03-06,152.106639,152.429904,151.759117,152.082382,82516500
2014-03-07,152.712781,152.712781,151.476262,152.147049,114513500
2014-03-10,151.912698,152.12282,151.193423,152.066254,74939200
2014-03-11,152.292488,152.510698,150.967081,151.31459,99009100
2014-03-12,150.57917,151.411589,150.239726,151.355011,104824400
2014-03-13,151.807632,151.928865,149.23764,149.657883,155014300
2014-03-14,149.39118,150.158944,149.059826,149.237625,153919600
2014-03-17,149.989257,150.94291,149.924601,150.587311,98359500
2014-03-18,150.894376,151.864184,150.732731,151.66214,101804600
2014-03-19,151.678288,151.888421,149.892228,150.853958,176267300
2014-03-20,150.52257,151.847977,150.255871,151.734833,117241000
2014-03-21,152.372039,153.435419,151.008307,151.146301,163128000
2014-03-24,151.665814,151.852524,149.863747,150.521255,121411000
2014-03-25,151.284329,151.747028,150.39142,151.235626,103852000
2014-03-26,151.828249,152.071774,150.10736,150.147949,119843000
2014-03-27,149.969324,150.448249,149.279338,149.831329,142383000
2014-03-28,150.261541,151.324921,150.172249,150.570007,101642000
2014-03-31,151.527859,152.03926,150.594361,151.803848,99745000
2014-04-01,152.299023,152.899717,151.795747,152.810425,89193000
2014-04-02,153.00529,153.524804,152.721175,153.321869,78774000
2014-04-03,153.557201,153.597791,152.648054,153.118866,77435000
2014-04-04,153.955018,153.987483,151.065218,151.308731,169381000
2014-04-07,150.943395,151.195033,149.328036,149.63649,140803000
2014-04-08,149.571606,150.496992,149.02774,150.253479,112660000
2014-04-09,150.659317,151.917507,150.22097,151.868805,100254000
2014-04-10,151.860692,151.933746,148.491956,148.678665,172959000
2014-04-11,147.850681,148.889709,147.176933,147.339279,167251000
2014-04-14,148.491951,148.849119,147.282463,148.500076,132382000
2014-04-15,148.808533,149.628388,147.33927,149.522858,157093000
2014-04-16,150.553771,151.097636,149.888136,151.089523,105197000
2014-04-17,150.886599,151.722692,150.626836,151.300583,105255000
2014-04-21,151.341148,151.876901,151.154451,151.828186,68329000
2014-04-22,151.982405,152.932142,151.901239,152.518158,85790000
2014-04-23,152.461318,152.542485,152.039209,152.160965,73869000
2014-04-24,152.907772,152.92401,151.738862,152.469437,88170000
2014-04-25,151.974302,152.063594,150.878446,151.219376,100380000
2014-04-28,151.836298,152.355812,150.139761,151.698303,135121000
2014-04-29,152.185352,152.639925,151.86066,152.404526,84098000
2014-04-30,152.152874,153.013318,151.941813,152.859085,101508000
2014-05-01,152.786105,153.289381,152.388346,152.875397,93019000
2014-05-02,152.859124,153.532872,152.428902,152.656189,98122000
2014-05-05,151.909412,153.053971,151.487302,152.948441,75883000
2014-05-06,152.607483,152.713014,151.584693,151.617157,85454000
2014-05-07,152.128597,152.58317,150.99215,152.510117,106500000
2014-05-08,152.372127,153.459858,151.860725,152.347763,93618000
2014-05-09,152.372061,152.639925,151.657725,152.574997,83679000
2014-05-12,153.256869,154.133552,152.607473,154.060486,86940000
2014-05-13,154.2634,154.571865,154.044238,154.198471,66454000
2014-05-14,154.060494,154.13356,153.248752,153.467926,72367000
2014-05-15,153.159451,153.191928,151.373621,152.120422,154956000
2014-05-16,152.209678,152.712966,151.568408,152.648026,97458000
2014-05-19,152.355875,153.329963,152.21788,153.208206,63839000
2014-05-20,153.135096,153.151334,151.852555,152.242188,111644000
2014-05-21,152.680531,153.597804,152.65618,153.52475,89093000
2014-05-22,153.565361,154.214757,153.30561,153.898178,61549000
2014-05-23,154.036184,154.62064,153.89819,154.515121,61092800
2014-05-27,155.091422,155.513531,155.00213,155.464828,72010000
2014-05-28,155.464809,155.708334,155.091402,155.351166,66723000
2014-05-29,155.708337,156.179136,155.310579,156.154785,64377000
2014-05-30,156.008642,156.503805,155.87876,156.406387,76316000
2014-06-02,156.625566,156.658042,155.830062,156.584976,64656000
2014-06-03,156.203538,156.585058,156.05743,156.503891,65047000
2014-06-04,156.235903,156.90965,156.073558,156.820358,55529000
2014-06-05,156.999025,158.005577,156.422683,157.843231,92103000
2014-06-06,158.184194,158.638768,158.11114,158.59819,78696000
2014-06-09,158.573801,159.142018,158.427681,158.760498,65119000
2014-06-10,158.565673,158.809198,158.224742,158.776733,57129000
2014-06-11,158.208508,158.387093,157.867578,158.224747,68772000
2014-06-12,158.038064,158.127356,156.75551,157.104553,106350000
2014-06-13,157.41301,157.737714,156.909733,157.583481,82017000
2014-06-16,157.388641,158.04615,157.201944,157.713333,87424000
2014-06-17,157.494133,158.265285,157.323662,158.151642,84834000
2014-06-18,158.15176,159.401838,157.802705,159.312546,105267000
2014-06-19,159.450454,159.588461,158.939065,159.491043,85929000
2014-06-20,159.888269,159.945369,159.619109,159.814865,100587000
2014-06-23,159.855635,159.904571,159.472287,159.765915,70611000
2014-06-24,159.480443,160.271606,158.624027,158.803467,96237000
2014-06-25,158.469068,159.684364,158.436449,159.52124,82782000
2014-06-26,159.545684,159.562,158.338553,159.407028,84312000
2014-06-27,159.031794,159.76587,158.958391,159.716934,71445100
2014-06-30,159.61906,160.002408,159.480404,159.635376,70201200
2014-07-01,160.026912,161.193272,159.969825,160.703888,90470000
2014-07-02,160.720212,161.070928,160.646808,160.86702,52475000
2014-07-03,161.323791,161.731607,161.201451,161.658203,52938800
2014-07-07,161.348239,161.478731,160.858855,161.095383,61696000
2014-07-08,160.801832,160.858932,159.668104,160.059616,108143000
2014-07-09,160.459187,160.924103,160.116623,160.777283,72992000
2014-07-10,159.227595,160.56523,159.097091,160.141098,99040000
2014-07-11,160.043232,160.475516,159.684352,160.361328,64243000
2014-07-14,161.176945,161.380852,161.038289,161.168793,58658000
2014-07-15,161.266684,161.576628,160.157424,160.86702,111307000
2014-07-16,161.584727,161.707067,161.021939,161.462387,79986400
2014-07-17,160.964924,161.576648,159.3989,159.627289,145398000
2014-07-18,160.1493,161.421684,160.059581,161.25856,124330000
2014-07-21,160.752849,161.087261,160.214529,160.956757,67592000
2014-07-22,161.503231,161.951831,161.389043,161.658203,67678000
2014-07-23,161.902902,162.188378,161.576654,162.01709,65612000
2014-07-24,162.172073,162.359665,161.862129,162.025253,56888000
2014-07-25,161.568381,161.707037,160.948506,161.266602,76837000
2014-07-28,161.299277,161.568437,160.369458,161.331909,69259000
2014-07-29,161.633744,161.86212,160.614204,160.638672,80466000
2014-07-30,161.209603,161.421676,159.99432,160.663132,104222000
2014-07-31,159.54566,159.684315,157.392393,157.490265,183479000
2014-08-01,157.058015,158.03677,156.250548,157.009079,189261000
2014-08-04,157.31089,158.47725,156.642078,158.142838,91340000
2014-08-05,157.498469,157.906284,156.038481,156.609421,152690000
2014-08-06,155.875374,157.327198,155.850906,156.658386,94818000
2014-08-07,157.367964,157.522936,155.418605,155.810104,135733000
2014-08-08,156.160832,157.718679,155.744852,157.612656,117014000
2014-08-11,158.208129,158.770917,157.996069,158.069473,74544000
2014-08-12,157.914465,158.3549,157.367993,157.849213,73632000
2014-08-13,158.469079,159.097119,158.199931,158.917679,69047000
2014-08-14,159.178628,159.667999,159.031808,159.667999,57371000
2014-08-15,160.2471,160.393907,158.485333,159.635376,139951000
2014-08-18,160.516271,161.046426,160.426551,160.973022,75424000
2014-08-19,161.364556,161.935496,161.038309,161.813156,59135000
2014-08-20,161.592884,162.441148,161.560264,162.245392,72763000
2014-08-21,162.38414,162.930611,162.253636,162.718552,67791000
2014-08-22,162.588023,162.873499,162.098651,162.465683,76107000
2014-08-25,163.240523,163.607555,162.433043,163.289459,63855000
2014-08-26,163.395477,163.795141,163.354693,163.395477,47298000
2014-08-27,163.477054,163.591254,163.077402,163.330246,47874000
2014-08-28,162.791924,163.34656,162.628801,163.240524,58330000
2014-08-29,163.493357,163.721733,162.979517,163.705429,65907000
2014-09-02,163.917483,163.941951,163.012132,163.623856,72426000
2014-09-03,164.251878,164.276346,163.305743,163.534119,57462000
2014-09-04,163.811462,164.415034,162.849023,163.297623,85236000
2014-09-05,163.264921,164.096868,162.645045,164.031616,102177000
2014-09-08,163.876689,164.113229,163.126309,163.607529,64146000
2014-09-09,163.460721,163.574909,162.237274,162.571686,88591000
2014-09-10,162.66141,163.28945,162.123102,163.183426,67251000
2014-09-11,162.530872,163.39544,162.40852,163.370972,66774400
2014-09-12,163.20785,163.224154,161.951771,162.416687,117409300
2014-09-15,162.441193,162.571697,161.805001,162.294373,76401000
2014-09-16,161.992535,163.811389,161.902815,163.517761,116201000
2014-09-17,163.754399,164.496614,162.922451,163.738083,151266000
2014-09-18,164.235537,164.635201,164.023477,164.610733,94990000
2014-09-19,165.134444,165.445825,164.126519,164.462494,121649000
2014-09-22,164.17568,164.200263,162.848172,163.192337,125553000
2014-09-23,162.602298,163.282438,162.208968,162.258133,111393000
2014-09-24,162.282746,163.634837,161.856644,163.528305,107276000
2014-09-25,163.10216,163.110363,160.832309,160.889664,150300000
2014-09-26,161.184684,162.569547,160.955241,162.168015,103547000
2014-09-29,160.774934,162.159796,160.652022,161.872986,95112000
2014-09-30,161.995895,162.495756,161.110894,161.446869,131302000
2014-10-01,161.184674,161.242041,158.89843,159.258987,177798000
2014-10-02,159.119655,159.84077,157.620083,159.283554,157285000
2014-10-03,160.348828,161.381335,159.857169,161.03717,121569000
2014-10-06,161.709143,161.922207,160.266926,160.848724,104778000
2014-10-07,160.021034,160.381591,158.332981,158.365753,147913000
2014-10-08,158.455957,161.364987,157.628323,161.135544,186461000
2014-10-09,160.881422,161.102675,157.808507,157.939621,210705000
2014-10-10,157.898699,158.685358,156.095924,156.136887,221909000
2014-10-13,156.071344,156.63675,153.481897,153.572037,230939000
2014-10-14,154.399678,155.546907,153.268841,153.809677,215847000
2014-10-15,151.728312,153.801505,149.073308,152.768997,380715000
2014-10-16,150.007457,153.711348,149.868153,152.637878,270391000
2014-10-17,154.399699,155.489562,153.744141,154.440674,214625000
2014-10-20,154.162039,156.063143,154.112874,155.940231,130011000
2014-10-21,157.071072,159.136076,156.907186,159.029556,154949000
2014-10-22,159.308126,159.717848,157.833125,157.898682,151822000
2014-10-23,159.480197,160.77492,159.185196,159.734222,154944000
2014-10-24,159.996471,161.012587,159.373698,160.963409,117927000
2014-10-27,160.389805,160.979806,159.816196,160.742172,82954000
2014-10-28,161.282994,162.594097,161.209234,162.585907,106736000
2014-10-29,162.70063,163.167707,161.266603,162.340073,142557000
2014-10-30,161.905781,163.84786,161.758275,163.380783,113330000
2014-10-31,165.347398,165.380183,164.519765,165.249069,146903000
2014-11-03,165.46216,165.896465,164.962299,165.339249,93600000
2014-11-04,164.896772,165.199975,163.938024,164.765671,93343000
2014-11-05,165.970237,166.011212,165.077046,165.806351,91709000
2014-11-06,165.84735,166.560263,165.232767,166.470123,107089000
2014-11-07,166.486505,166.838872,166.027618,166.625809,89540000
2014-11-10,166.658533,167.199357,166.453672,167.150192,66319000
2014-11-11,167.215742,167.420603,166.879767,167.314072,54499400
2014-11-12,166.633928,167.363232,166.601143,167.133789,90120300
2014-11-13,167.297714,167.84674,166.519244,167.322296,85357900
2014-11-14,167.248529,167.568112,166.937136,167.363251,80417500
2014-11-17,167.043731,167.641922,166.879832,167.469833,80441000
2014-11-18,167.527154,168.739927,167.527154,168.436737,76068100
2014-11-19,168.240098,168.436769,167.412464,168.166351,82373000
2014-11-20,167.379632,168.567835,167.314075,168.461304,72840300
2014-11-21,170.149419,170.313306,168.789139,169.362747,142327300
2014-11-24,169.764235,169.944514,169.551184,169.837982,65880800
2014-11-25,170.067458,170.272319,169.461077,169.715103,79108300
2014-11-26,169.862558,170.247698,169.649507,170.149368,62167800
2014-11-28,170.026525,170.337906,169.551246,169.788879,57890100
2014-12-01,169.133269,169.247991,168.297445,168.608826,103968400
2014-12-02,168.649782,169.90353,168.6252,169.698669,74507200
2014-12-03,169.870809,170.56733,169.706923,170.354279,68952000
2014-12-04,170.06746,170.665664,169.37913,170.165802,91316600
2014-12-05,170.337896,170.829567,170.07568,170.444427,91025500
2014-12-08,170.05101,170.542669,168.748085,169.305313,108588200
2014-12-09,167.469806,169.297175,167.092868,169.190643,125180100
2014-12-10,168.731805,168.789159,166.289851,166.478333,159856400
2014-12-11,167.06827,168.961184,166.928966,167.322296,159012800
2014-12-12,166.052222,167.019173,164.585422,164.618195,202330200
2014-12-15,165.511348,165.962045,162.889129,163.48732,189965800
2014-12-16,162.72525,165.855521,162.135249,162.176224,259543800
2014-12-17,162.610491,165.806318,162.487567,165.355621,253910100
2014-12-18,167.773041,174.517065,167.101091,169.444702,257633900
2014-12-19,170.091452,170.83303,169.415806,170.165619,245084600
2014-12-22,170.355214,170.948471,170.116269,170.948471,148318900
2014-12-23,171.525188,171.574624,170.890729,171.179123,122167900
2014-12-24,171.401594,171.665257,171.154402,171.195602,42963400
2014-12-26,171.640546,172.085495,171.59111,171.747665,57326700
2014-12-29,171.566364,172.184339,171.500446,171.978348,79643900
2014-12-30,171.558132,171.689957,170.981345,171.055511,73540800
2014-12-31,171.376868,171.541659,169.234549,169.358139,130333800
2015-01-02,170.050296,170.462279,168.237558,169.267517,121465900
2015-01-05,168.229334,168.394124,165.905753,166.210617,169632600
2015-01-06,166.515446,167.034549,163.854036,164.64505,209151400
2015-01-07,165.963386,167.034546,165.51845,166.696716,125346700
2015-01-08,168.097503,169.86904,168.081033,169.6548,147217800
2015-01-09,170.066782,170.083264,167.685517,168.295258,158567300
2015-01-12,168.427057,168.583613,166.375375,166.976868,144396100
2015-01-13,168.18812,169.308715,165.213599,166.507233,214553300
2015-01-14,164.504963,165.699725,163.61509,165.501968,192991100
2015-01-15,166.13644,166.449538,163.870531,163.985886,176613900
2015-01-16,163.779943,166.293046,163.59867,166.13649,211879600
2015-01-20,166.770868,167.034544,164.933426,166.490723,130991100
2015-01-21,166.029323,167.809094,165.567903,167.331192,122942700
2015-01-22,168.081025,169.95142,166.713236,169.819595,174356000
2015-01-23,169.564181,169.819621,168.756697,168.888535,117516800
2015-01-26,168.674224,169.374588,167.965612,169.283951,92009700
2015-01-27,167.240534,168.188091,166.227059,167.051025,134044600
2015-01-28,168.229323,168.328195,164.719228,164.908737,168514300
2015-01-29,165.106533,166.688549,163.705779,166.433121,173585400
2015-01-30,165.263046,166.581386,164.076532,164.340195,197729700
2015-02-02,164.834568,166.466018,163.030078,166.375381,163107000
2015-02-03,167.265291,168.789635,166.894509,168.781387,124212900
2015-02-04,168.023332,169.226329,167.685503,168.138687,134306700
2015-02-05,168.797851,169.984365,168.723697,169.836044,97953200
2015-02-06,170.198596,170.7589,168.847291,169.366394,125672000
2015-02-09,168.723738,169.440585,168.204635,168.608383,87219000
2015-02-10,169.638288,170.659999,168.649518,170.404572,96164200
2015-02-11,170.239801,170.93193,169.597108,170.503464,91087800
2015-02-12,171.294473,172.200842,170.536425,172.143158,97545900
2015-02-13,172.266827,172.901273,172.011387,172.851837,93670400
2015-02-17,172.53862,173.296681,172.29144,173.123642,76968200
2015-02-18,172.752871,173.214291,172.489196,173.140137,80652900
2015-02-19,172.546947,173.379149,172.406874,173.016602,91462500
2015-02-20,172.604559,174.128903,171.986584,174.054749,140896400
2015-02-23,173.807524,174.029999,173.428494,174.029999,74411100
2015-02-24,173.95589,174.722186,173.659262,174.524429,72472300
2015-02-25,174.400862,174.878765,174.038315,174.376144,73061700
2015-02-26,174.28546,174.442016,173.5686,174.170105,72697900
2015-02-27,174.071216,174.334891,173.527407,173.576843,108076000
2015-03-02,173.675739,174.730416,173.626303,174.672745,87491400
2015-03-03,174.244219,174.722121,173.098906,173.955826,110325800
2015-03-04,173.362607,173.436774,172.258495,173.222534,114497200
2015-03-05,173.543919,173.69224,172.909474,173.412094,76873000
2015-03-06,172.555129,172.983595,170.643532,170.973114,188128000
2015-03-09,171.170877,172.036032,171.014321,171.681732,89818900
2015-03-10,170.3222,170.404589,168.855528,168.896729,157121300
2015-03-11,169.152149,169.325188,168.418819,168.501221,110145700
2015-03-12,169.127416,170.70943,169.07798,170.643524,93993500
2015-03-13,170.371653,171.327445,168.567163,169.597122,162410900
2015-03-16,170.322162,171.953613,169.621786,171.862976,136099200
2015-03-17,171.129698,171.731191,170.544676,171.352173,94510400
2015-03-18,170.882509,174.079505,170.248051,173.412094,228808500
2015-03-19,173.000109,173.420327,172.233813,172.621078,117917300
2015-03-20,173.565426,174.649639,173.383344,174.144775,177715100
2015-03-23,174.153014,174.724091,173.805405,173.805405,71784500
2015-03-24,173.6813,174.136495,172.762614,172.828827,77805300
2015-03-25,173.035719,173.267458,170.254831,170.296204,159521700
2015-03-26,169.634103,170.801073,168.938872,169.890671,153067200
2015-03-27,169.77483,170.453492,169.584462,170.279694,118939000
2015-03-30,171.305943,172.655008,171.289399,172.357056,96180400
2015-03-31,171.537655,172.232886,170.792779,170.850708,126768700
2015-04-01,170.817659,170.842487,169.261682,170.246582,137303600
2015-04-02,170.180319,171.305916,169.998236,170.858994,86900900
2015-04-06,169.973463,172.522612,169.84105,172.009476,114368200
2015-04-07,172.034326,172.779202,171.521191,171.554291,81236300
2015-04-08,171.777709,172.572242,171.388715,172.133591,89351900
2015-04-09,171.968107,173.126805,171.479799,172.895065,85548900
2015-04-10,173.143298,173.879901,172.944671,173.838516,72722900
2015-04-13,173.697823,174.326842,173.002605,173.052261,74436600
2015-04-14,172.853639,173.565414,172.232905,173.383331,75099900
2015-04-15,173.846759,174.666119,173.763989,174.161255,99529300
2015-04-16,173.830252,174.616512,173.631613,174.111649,68934900
2015-04-17,172.928138,173.168149,171.330776,172.108765,191113200
2015-04-20,173.027367,174.012266,172.94461,173.681213,92189500
2015-04-21,174.359969,174.517224,173.176443,173.474396,72559800
2015-04-22,173.813695,174.508926,172.895009,174.326843,78264600
2015-04-23,173.929558,175.41105,173.813689,174.765488,102585900
2015-04-24,175.179336,175.435903,174.724128,175.171051,61327400
2015-04-27,175.733858,175.858,174.252366,174.442734,79358100
2015-04-28,174.417904,175.04691,173.250922,174.997253,86863500
2015-04-29,174.111652,174.873084,173.474375,174.277191,125684900
2015-04-30,173.706077,174.095071,171.835592,172.530823,161304900
2015-05-01,173.308839,174.442721,173.209526,174.401337,103399700
2015-05-04,174.823406,175.477252,174.715821,174.897903,70927200
2015-05-05,174.657954,175.013847,172.754367,172.895065,113326200
2015-05-06,173.441251,173.747476,171.123843,172.183228,135060200
2015-05-07,172.083888,173.292255,171.752835,172.870148,88244900
2015-05-08,174.533761,175.344849,174.450991,175.14621,155877300
2015-05-11,175.104863,175.369703,174.235833,174.310318,75708100
2015-05-12,173.482624,174.326826,172.663251,173.788849,119727600
2015-05-13,174.194475,174.815208,173.590297,173.822037,94667900
2015-05-14,174.831675,175.725532,174.55855,175.634491,95934000
2015-05-15,175.82489,175.965588,175.344855,175.82489,76510100
2015-05-18,175.659334,176.619392,175.593121,176.371109,74549700
2015-05-19,176.487028,176.760153,176.031821,176.313217,72114600
2015-05-20,176.412481,176.933901,175.874517,176.189026,76857500
2015-05-21,176.048345,176.90909,175.882806,176.702179,64764600
2015-05-22,176.321462,176.735285,176.213877,176.28009,57433500
2015-05-26,175.791775,176.213882,173.970958,174.384781,124308600
2015-05-27,174.840017,176.27184,174.434467,176.0401,93214000
2015-05-28,175.733848,175.949031,175.154499,175.841446,74974600
2015-05-29,175.775201,175.816573,174.484077,174.748917,124919600
2015-06-01,175.411083,175.742136,174.318586,175.104858,93338800
2015-06-02,174.649634,175.617977,174.0289,174.93103,91531000
2015-06-03,175.460699,176.015219,174.906178,175.394485,87820900
2015-06-04,174.691013,175.344847,173.598516,173.913025,151882800
2015-06-05,173.764037,174.285457,172.96122,173.615067,121704700
2015-06-08,173.507465,173.656447,172.472909,172.547394,89063300
2015-06-09,172.522583,173.06056,171.893577,172.522583,105034700
2015-06-10,173.28401,174.972412,173.226081,174.59169,134551300
2015-06-11,175.030371,175.535235,174.798632,175.154526,73876400
2015-06-12,174.335095,175.030314,173.540551,173.813675,135382400
2015-06-15,172.679869,173.350259,171.976365,173.068863,124384200
2015-06-16,172.919877,174.095144,172.746079,174.012375,85308200
2015-06-17,174.293762,174.897952,173.275762,174.293762,126708600
2015-06-18,174.889654,176.569772,174.326861,176.106293,165867900
2015-06-19,175.865118,175.939965,174.950275,175.324524,130478700
2015-06-22,176.239415,176.804946,176.014861,176.222778,70696000
2015-06-23,176.430676,176.68018,175.95663,176.347504,68476800
2015-06-24,176.081382,176.455631,175.041793,175.066742,92307300
2015-06-25,175.5657,175.690446,174.459577,174.534424,97107400
2015-06-26,174.892049,175.13324,173.952269,174.501175,104174800
2015-06-29,173.029079,174.509452,170.766934,170.841782,202621300
2015-06-30,172.372063,172.421974,170.725359,171.199417,182925100
2015-07-01,172.762936,173.01244,171.789883,172.571655,135979900
2015-07-02,173.045774,173.212106,171.997861,172.413696,104373700
2015-07-06,171.132874,172.696406,170.933268,171.922958,117975400
2015-07-07,172.122597,173.128911,169.75233,173.004166,173820200
2015-07-08,171.673465,171.95623,169.868741,170.101608,164020100
2015-07-09,172.189092,172.44692,170.301208,170.409317,144113100
2015-07-10,172.397019,172.970874,170.450913,172.555038,129456900
2015-07-13,173.810877,174.567688,173.769291,174.459579,106069400
2015-07-14,174.417973,175.524096,174.35975,175.21637,81709600
2015-07-15,175.257984,175.715406,174.684129,175.158188,97914100
2015-07-16,176.20608,176.563705,175.964901,176.563705,106683300
2015-07-17,176.555375,176.771617,176.147864,176.713394,89030000
2015-07-20,176.937926,177.295538,176.488829,176.804855,70446800
2015-07-21,176.671823,176.929651,175.806891,176.106293,77965000
2015-07-22,175.42427,176.122883,175.391009,175.790207,88667900
2015-07-23,175.923374,176.023171,174.443001,174.800613,90509100
2015-07-24,174.900348,174.958559,172.65484,172.987503,117755000
2015-07-27,172.105929,172.613248,171.540386,171.981171,132361100
2015-07-28,172.812833,174.234995,171.989487,174.093613,123544800
2015-07-29,174.218367,175.515771,174.076984,175.291229,105791300
2015-07-30,174.783949,175.499187,174.168508,175.332855,91304400
2015-07-31,175.831878,175.856827,174.783977,175.066742,103266900
2015-08-03,175.033442,175.091653,173.528107,174.476212,113965700
2015-08-04,174.401336,174.858758,173.652838,174.135208,81820800
2015-08-05,175.025117,175.740355,174.426313,174.709091,85786800
2015-08-06,174.89201,175.000131,172.6964,173.27858,116030800
2015-08-07,173.120595,173.270289,172.047732,172.945938,117858000
2015-08-10,174.052046,175.208068,174.052046,175.124908,80270700
2015-08-11,173.794227,174.210063,172.7879,173.544724,126081400
2015-08-12,172.247303,173.935593,170.791879,173.752625,172123700
2015-08-13,173.594694,174.27667,172.99589,173.536484,89383300
2015-08-14,173.345083,174.243289,173.203701,174.168442,72786500
2015-08-17,173.578038,175.141571,173.120617,175.141571,79072600
2015-08-18,174.867022,175.216322,174.401289,174.634155,71692700
2015-08-19,173.894039,174.659175,172.44694,173.253662,172946000
2015-08-20,171.748287,173.228659,169.577626,169.635849,194327900
2015-08-21,167.772899,169.610896,164.271573,164.529388,346588500
2015-08-24,155.929955,164.238337,151.696741,157.601608,507244300
2015-08-25,162.533354,162.549991,155.455843,155.746933,369833100
2015-08-26,159.747304,162.001125,156.661801,161.726685,339257000
2015-08-27,163.855822,165.851827,162.350499,165.727081,274143900
2015-08-28,165.086634,166.20107,164.604264,165.735336,160414400
2015-08-31,164.762299,165.610607,163.847457,164.396362,163298800
2015-09-01,160.612234,161.984499,158.624542,159.489487,256000400
2015-09-02,161.859773,162.558386,160.0301,162.5168,160269300
2015-09-03,163.223673,164.712371,162.142511,162.633194,152087800
2015-09-04,160.387675,161.227658,159.356399,160.171432,207081000
2015-09-08,162.957566,164.346454,162.317176,164.196747,116025700
2015-09-09,165.76864,165.893386,161.635235,162.00116,149347700
2015-09-10,161.809859,164.022106,161.552043,162.882721,158611100
2015-09-11,162.491822,163.689429,161.784896,163.622894,119691200
2015-09-14,163.797504,163.847402,162.533361,163.015732,79452000
2015-09-15,163.51484,165.494221,162.974259,165.053436,113806200
2015-09-16,165.352751,166.675104,165.011763,166.48381,99581600
2015-09-17,166.350796,168.737687,165.735355,166.109604,276046600
2015-09-18,163.612493,166.095385,162.985497,163.395126,223657500
2015-09-21,164.222748,165.259373,163.194478,164.239471,105726200
2015-09-22,162.082618,162.567496,160.979099,162.107697,153890900
2015-09-23,162.274894,162.743049,161.271703,161.848541,92790600
2015-09-24,160.63634,161.723136,159.307112,161.263336,159378800
2015-09-25,162.717936,163.018895,160.352071,161.221512,155054800
2015-09-28,160.326995,160.435679,156.865979,157.175293,178515900
2015-09-29,157.39268,158.621593,156.272438,157.267273,159045600
2015-09-30,159.148268,160.368826,158.3708,160.20163,163452000
2015-10-01,160.577796,160.920557,158.688453,160.619598,131079000
2015-10-02,158.646703,163.04403,158.103299,163.018951,211003300
2015-10-05,164.239486,166.145552,164.130803,165.91983,126320800
2015-10-06,165.786085,166.3462,164.690934,165.351364,110274500
2015-10-07,166.279277,167.056759,165.092167,166.705643,124307300
2015-10-08,166.321139,168.49473,166.02018,168.210495,153055200
2015-10-09,168.352578,168.787286,167.68378,168.310776,107069200
2015-10-12,168.38603,168.670266,167.959678,168.469635,56395600
2015-10-13,167.742306,169.004666,167.240717,167.407913,88038700
2015-10-14,167.349366,167.926204,166.312741,166.605331,99106200
2015-10-15,167.265757,169.171823,166.897917,169.163467,134142200
2015-10-16,169.564762,169.949313,168.804004,169.932602,114580100
2015-10-19,169.288878,170.01619,168.979565,170.01619,76523900
2015-10-20,169.581474,170.4091,169.330673,169.798828,78448500
2015-10-21,170.216798,170.367271,168.578244,168.745453,102038000
2015-10-22,169.690156,171.805221,168.74549,171.596222,174911700
2015-10-23,173.259865,173.845058,172.465672,173.477219,144442300
2015-10-26,173.301628,173.360141,172.682987,173.050827,69033000
2015-10-27,172.382041,173.050839,172.03928,172.716446,77905800
2015-10-28,173.050889,174.706155,172.390459,174.681076,135906700
2015-10-29,174.17946,174.948574,174.062422,174.580734,90525500
2015-10-30,174.772971,175.090652,173.669465,173.828293,131076900
2015-11-02,174.154401,176.077178,174.028994,175.884903,86270800
2015-11-03,175.533748,176.946581,175.308026,176.394821,95246100
2015-11-04,176.687426,176.81282,175.324751,175.859787,96224500
2015-11-05,175.918251,176.37805,174.798022,175.684174,78408700
2015-11-06,175.341467,175.826345,174.271395,175.592255,110471500
2015-11-09,174.98202,175.132506,173.009073,173.953751,131008700
2015-11-10,173.477184,174.388427,173.209672,174.35498,75874600
2015-11-11,174.622558,174.672716,173.602644,173.669525,67846000
2015-11-12,172.63284,173.100995,171.228376,171.245087,121315200
2015-11-13,170.835457,171.102968,169.238704,169.322296,153577100
2015-11-16,169.13843,171.955727,169.021378,171.897202,117645200
2015-11-17,172.20651,173.084294,171.278556,171.77179,121123700
2015-11-18,172.248289,174.639234,172.206499,174.497116,121342500
2015-11-19,174.380083,174.764646,174.054046,174.346649,88220500
2015-11-20,175.099049,175.659163,174.605815,174.98201,94011500
2015-11-23,175.040482,175.542071,174.321527,174.781326,64931200
2015-11-24,173.778176,175.416731,173.393626,175.015457,98874400
2015-11-25,175.14089,175.341534,174.731248,174.990417,51980100
2015-11-27,175.082341,175.391668,174.605831,175.191025,37317800
2015-11-30,175.349867,175.466906,174.355031,174.463715,112822700
2015-12-01,175.090618,176.244294,174.814739,176.127243,97858400
2015-12-02,176.077166,176.394848,174.07914,174.329941,108441300
2015-12-03,174.580712,174.848224,171.169854,171.888809,166224200
2015-12-04,171.888757,175.533692,171.888757,175.241089,192913900
2015-12-07,174.91514,175.333138,173.218072,174.179474,102027100
2015-12-08,172.624468,174.129247,172.030906,173.009018,103372400
2015-12-09,172.373686,174.455304,170.693329,171.663086,162401500
2015-12-10,171.730037,173.410381,171.495959,172.106232,116128900
2015-12-11,169.999528,170.659958,168.461288,168.770615,211173300
2015-12-14,168.929442,169.748713,167.157125,169.623306,182385200
2015-12-15,171.128066,172.306821,169.598195,171.403946,154069600
2015-12-16,172.524218,174.212931,171.211713,173.911972,197017000
2015-12-17,174.22124,174.288121,171.245102,171.261826,173092500
2015-12-18,170.523483,170.658028,168.051029,168.210815,251393500
2015-12-21,169.379756,169.775013,168.26967,169.598404,99094300
2015-12-22,170.481465,171.431765,169.497531,171.137421,111026200
2015-12-23,172.138131,173.298673,172.045624,173.256622,110987200
2015-12-24,173.004334,173.517326,172.75204,172.970688,48539600
2015-12-28,172.281125,172.617508,171.507434,172.57547,65899900
2015-12-29,173.668667,174.745107,173.635034,174.41713,92640700
2015-12-30,174.173244,174.257346,173.03793,173.180893,63317700
2015-12-31,172.508178,173.14731,171.448547,171.448547,114877900
2016-01-04,168.605999,169.060117,167.008149,169.051712,222353500
2016-01-05,169.37131,169.791795,168.236009,169.337677,110845800
2016-01-06,166.798031,168.244501,166.175721,167.201706,152112600
2016-01-07,164.266641,166.041088,162.803349,163.190201,213436100
2016-01-08,164.148947,164.703991,161.113045,161.398972,209817200
2016-01-11,162.315584,162.651979,159.632901,161.558716,187941300
2016-01-12,162.996787,163.610691,160.742981,162.862228,172330500
2016-01-13,163.526617,163.871417,158.421935,158.800369,221168900
2016-01-14,159.405894,162.525886,157.816461,161.407394,240795600
2016-01-15,157.067932,158.741454,156.01672,157.942535,324846400
2016-01-19,159.750637,159.876777,156.588582,158.152786,195244400
2016-01-20,155.604686,157.681883,152.232401,156.126083,286547800
2016-01-21,156.59704,158.83401,155.276711,157.000702,195772900
2016-01-22,159.599266,160.423413,158.842398,160.221588,168319600
2016-01-25,159.717032,159.910452,157.606202,157.799622,130371700
2016-01-26,158.455544,160.22999,158.119161,159.952469,141036800
2016-01-27,159.431058,161.096175,157.311811,158.211655,185681700
2016-01-28,159.750627,159.952451,157.395909,159.035797,143798800
2016-01-29,159.801103,163.047247,159.683368,162.912689,210529300
2016-02-01,161.911893,163.635884,161.331622,162.853775,136061600
2016-02-02,161.432541,161.440946,159.397383,159.918793,182564900
2016-02-03,160.970055,161.28121,157.345477,160.877548,205054900
2016-02-04,160.38139,162.096963,159.750662,161.129852,139531800
2016-02-05,160.616859,161.188712,157.429575,158.060303,180788300
2016-02-08,156.226977,156.521309,153.729295,155.932632,191526700
2016-02-09,154.200224,157.210897,154.065666,155.941025,184513100
2016-02-10,156.765224,158.38829,155.680365,155.806519,148214100
2016-02-11,153.342416,154.822531,152.291204,153.779724,219058900
2016-02-12,155.545838,156.967067,154.704868,156.950256,127632400
2016-02-16,158.749899,159.624502,157.791193,159.599274,120250700
2016-02-17,160.759829,162.576328,160.633676,162.206299,136009500
2016-02-18,162.475362,162.534236,161.230731,161.541885,102343000
2016-02-19,160.768226,161.617601,160.162726,161.466232,114793000
2016-02-22,163.038776,163.947025,162.971497,163.804062,103640300
2016-02-23,163.148144,163.417261,161.617573,161.735321,111455300
2016-02-24,160.314102,162.752909,159.212433,162.475388,150812200
2016-02-25,162.921084,164.451655,162.164216,164.443237,110728300
2016-02-26,165.309479,165.401974,163.905048,164.064835,129833700
2016-02-29,164.081628,165.02351,162.584702,162.778122,125918100
2016-03-01,163.997526,166.68864,163.526585,166.604538,141799700
2016-03-02,166.293364,167.403438,165.881284,167.352982,102415000
2016-03-03,167.176362,168.025749,166.604509,168.008926,95172200
2016-03-04,168.202412,169.329322,167.378265,168.555618,129293600
2016-03-07,167.638912,169.093799,167.563228,168.690125,100219000
2016-03-08,167.622107,168.126682,166.68863,166.848404,123974900
2016-03-09,167.655739,168.01735,166.87363,167.672562,94801200
2016-03-10,168.160332,169.093809,165.990629,167.807114,156838700
2016-03-11,169.253621,170.557127,167.790341,170.515076,137964500
2016-03-14,170.010414,170.750459,169.682437,170.296341,73612000
2016-03-15,169.337676,170.321609,169.076978,170.01886,93169100
2016-03-16,169.539513,171.406467,169.497462,171.002792,129303200
2016-03-17,170.91876,172.592282,170.523503,172.087708,134278500
2016-03-18,172.586411,173.102049,172.273651,172.763931,138372400
2016-03-21,172.501857,173.23727,172.27362,173.009033,72926700
2016-03-22,172.239843,173.482446,172.079246,172.916092,97471900
2016-03-23,172.535643,172.721612,171.6058,171.774872,81052500
2016-03-24,170.752112,171.732672,170.532337,171.698853,84360900
2016-03-28,172.113022,172.324349,171.352251,171.800262,62408200
2016-03-29,171.394539,173.499359,171.090228,173.389465,92922900
2016-03-30,174.386893,174.868711,173.786719,174.150208,86365300
2016-03-31,174.057208,174.479862,173.566929,173.727539,94584100
2016-04-01,172.738577,175.096979,172.425805,174.911011,114423500
2016-04-04,174.8349,175.037778,174.040309,174.34462,63497000
2016-04-05,173.009046,174.353081,172.349707,172.603302,99662200
2016-04-06,172.60322,174.547428,172.4257,174.488251,91839800
2016-04-07,173.406354,173.761382,171.673472,172.400436,113859000
2016-04-08,173.575381,174.006496,172.332778,172.865326,95040600
2016-04-11,173.49935,174.192508,172.366641,172.459625,83757500
2016-04-12,172.628609,174.344581,172.189045,174.065628,115350600
2016-04-13,174.978637,175.90848,174.843384,175.823944,96336400
2016-04-14,175.883111,176.331123,175.485816,175.832382,65212900
2016-04-15,175.832357,175.967609,175.316719,175.637939,75761600
2016-04-18,175.637931,176.905892,174.978593,176.872086,82531000
2016-04-19,177.294814,177.683649,176.618566,177.430054,88316100
2016-04-20,177.472287,178.292236,176.998917,177.599091,81100300
2016-04-21,177.615973,177.725867,176.373371,176.643875,85695000
2016-04-22,176.288848,176.914367,175.747851,176.643875,99251700
2016-04-25,176.043676,176.381807,175.435054,176.339539,66166500
2016-04-26,176.70301,177.108767,176.128208,176.601578,75864200
2016-04-27,176.221229,177.353937,175.866201,176.965103,77329400
2016-04-28,176.212777,177.311667,174.944816,175.359009,97216200
2016-04-29,174.741931,175.08851,173.31336,174.412262,142424100
2016-05-02,174.910993,175.976076,174.479891,175.798569,62188000
2016-05-03,174.572866,174.809551,173.52468,174.268555,106422100
2016-05-04,173.279551,174.006516,172.79772,173.296448,92243800
2016-05-05,173.761332,174.116359,172.83995,173.262604,67619200
2016-05-06,172.493424,173.938905,172.341274,173.896637,89315000
2016-05-09,173.769898,174.471492,173.592378,174.04039,74374900
2016-05-10,174.741922,176.22121,174.674296,176.2043,77472200
2016-05-11,175.74784,176.280375,174.555954,174.555954,81727000
2016-05-12,175.22376,175.392832,173.600772,174.606689,89586300
2016-05-13,174.310819,174.860264,172.763906,173.085114,96474600
2016-05-16,173.254226,175.266049,173.195048,174.792679,77486800
2016-05-17,174.522139,174.80954,172.637095,173.161194,114924900
2016-05-18,172.814634,174.386906,172.129937,173.211929,120062100
2016-05-19,172.493413,172.899157,171.411421,172.611755,115430500
2016-05-20,173.220332,174.217802,173.169616,173.702164,104990400
2016-05-23,173.719143,173.998096,173.279592,173.465561,58682600
2016-05-24,174.276985,176.026777,174.251627,175.714005,93537800
2016-05-25,176.390261,177.320104,175.714013,176.905899,76621400
2016-05-26,177.041155,177.269392,176.64386,176.956619,55280700
2016-05-27,177.117264,177.725886,177.066547,177.717438,64211200
2016-05-31,177.987895,178.097789,176.821367,177.379272,109879400
2016-06-01,176.770671,177.92029,176.576254,177.742783,69936200
2016-06-02,177.345461,178.300649,176.872091,178.283752,63044700
2016-06-03,177.725878,178.097815,176.550901,177.751236,101757100
2016-06-06,178.106319,179.010805,177.945709,178.655777,64887000
2016-06-07,178.80784,179.492537,178.782482,178.934631,60974800
2016-06-08,179.069902,179.644718,178.943111,179.517914,66170900
2016-06-09,178.790889,179.391063,178.520398,179.27272,73786900
2016-06-10,177.903415,178.241533,177.032737,177.573746,113829200
2016-06-13,176.973533,177.827288,176.119777,176.2043,117751200
2016-06-14,175.823936,176.449468,174.911002,175.857742,125059300
2016-06-15,175.857728,176.97354,175.426626,175.612595,109124500
2016-06-16,175.612571,176.305729,173.786705,176.136658,149533100
2016-06-17,176.033045,176.058535,174.826468,175.480743,117055700
2016-06-20,177.434976,178.106236,176.525788,176.610764,82789600
2016-06-21,176.993179,177.519991,176.55133,177.112137,72461700
2016-06-22,177.290614,178.012868,176.678827,176.823288,95560500
2016-06-23,178.276228,179.176911,177.817394,179.125931,102731400
2016-06-24,173.025079,179.159937,172.251846,172.693695,333444400
2016-06-27,171.29167,171.300175,168.793541,169.600769,230775800
2016-06-28,171.198253,172.685234,170.892359,172.659744,159382400
2016-06-29,174.053235,175.829112,173.951274,175.599701,137328600
2016-06-30,176.066972,178.046769,175.514657,177.995789,165021900
2016-07-01,177.995849,178.854058,177.834403,178.36972,106055300
2016-07-05,177.545519,177.655985,176.491895,177.086685,109803700
2016-07-06,176.593845,178.267762,175.93957,178.148804,96021500
2016-07-07,178.327226,178.989994,177.273602,178.03833,85593800
2016-07-08,179.32986,180.935798,179.100436,180.689377,133971000
2016-07-11,181.148214,181.895957,180.944281,181.326645,73633900
2016-07-12,182.286879,182.941154,181.3522,182.643753,101275600
2016-07-13,183.060044,183.068536,182.133871,182.618195,87324100
2016-07-14,183.875779,184.105203,183.247007,183.637863,91230900
2016-07-15,184.198649,184.394077,182.949584,183.391434,107155400
2016-07-18,183.510421,184.045738,183.255507,183.884293,58725900
2016-07-19,183.467918,183.731324,183.22151,183.697342,54345700
2016-07-20,183.697324,184.699967,183.697324,184.462051,58159500
2016-07-21,184.351678,184.572597,183.323531,183.765381,67777300
2016-07-22,183.884268,184.640503,183.620862,184.589523,62787500
2016-07-25,184.385643,184.436623,183.510449,184.088242,55873100
2016-07-26,183.986251,184.530061,183.331976,184.173187,70080500
2016-07-27,184.547083,184.615061,183.213042,183.977783,84083900
2016-07-28,183.782334,184.479097,183.3235,184.190201,65035700
2016-07-29,183.92677,184.844438,183.646366,184.487564,79519400
2016-08-01,184.547051,184.937907,183.884284,184.334625,73311400
2016-08-02,184.088138,184.241092,182.320768,183.153473,92295500
2016-08-03,183.094099,183.748374,182.79671,183.688889,53993600
2016-08-04,183.799317,184.198679,182.04893,183.884293,46585500
2016-08-05,183.88431,185.430763,183.88431,185.388275,71892200
2016-08-08,185.575175,185.677148,185.01438,185.277786,39906500
2016-08-09,185.3458,185.881105,185.065397,185.388275,51251700
2016-08-10,185.498743,185.575213,184.581062,184.929443,57941100
2016-08-11,185.45626,186.034065,185.192854,185.787643,72504300
2016-08-12,185.481699,185.838585,185.226798,185.62616,61313500
2016-08-15,185.991546,186.509865,185.983053,186.161484,49813500
2016-08-16,185.745134,185.813099,185.201324,185.201324,53213600
2016-08-17,185.235281,185.685623,184.402576,185.549667,75134300
2016-08-18,185.524215,186.000047,185.413762,185.966064,52989300
2016-08-19,185.498679,185.87255,185.014355,185.694107,75443000
2016-08-22,185.456215,185.915062,185.090849,185.685638,61368800
2016-08-23,186.29744,186.594842,186.000039,186.059525,53399200
2016-08-24,185.915049,186.008517,184.691475,185.107834,71728900
2016-08-25,184.725494,185.396767,184.572554,184.980408,69224800
2016-08-26,185.167336,186.186978,183.748333,184.632019,122506300
2016-08-29,184.759473,185.804605,184.725478,185.541199,70502200
2016-08-30,185.456239,185.736643,184.683019,185.235321,58114500
2016-08-31,184.903924,185.022882,183.935263,184.708496,85269500
2016-09-01,184.699952,185.005845,183.561353,184.716949,97844200
2016-09-02,185.566665,185.974519,184.980368,185.549667,79293900
2016-09-06,185.830116,186.18699,185.116368,186.110519,56702100
2016-09-07,185.949088,186.27198,185.490254,186.093536,76554900
2016-09-08,185.762139,186.03405,185.362777,185.668671,74102900
2016-09-09,184.360139,184.411119,181.199241,181.224731,221589100
2016-09-12,180.468473,184.22416,180.400496,183.824799,168110900
2016-09-13,182.550212,182.813618,180.56191,181.18219,182828800
2016-09-14,181.233216,182.431301,180.561956,181.114258,134185500
2016-09-15,180.952783,183.306451,180.77434,182.924088,134427900
2016-09-16,182.31092,182.490265,181.533794,182.21698,155236400
2016-09-19,182.866053,183.506549,181.926652,182.251175,80250500
2016-09-20,183.105149,183.258862,182.225535,182.259689,69665300
2016-09-21,182.960027,184.488673,182.276828,184.309341,110284400
2016-09-22,185.31696,185.769576,185.069307,185.470673,76678700
2016-09-23,185.077881,185.214523,184.360528,184.454468,73630900
2016-09-26,183.626092,183.805423,182.763548,182.959976,89827300
2016-09-27,182.797703,184.189706,182.430478,184.095779,78494800
2016-09-28,184.317879,185.163339,183.361408,185.009613,87411000
2016-09-29,184.804597,185.205976,182.789167,183.335724,128070600
2016-09-30,184.164088,185.419462,183.916435,184.719193,117202900
2016-10-03,184.309298,184.497165,183.64317,184.275131,83512100
2016-10-04,184.386148,184.608182,182.746478,183.335724,119948100
2016-10-05,183.959169,184.574047,183.890848,184.147049,72816000
2016-10-06,183.92499,184.497165,183.386982,184.275131,62927400
2016-10-07,184.548419,184.719216,182.917285,183.643173,89788300
2016-10-10,184.599655,185.060807,184.454477,184.599655,51855000
2016-10-11,184.172653,184.240975,181.542346,182.268234,130367400
2016-10-12,182.404851,183.028277,181.909532,182.507339,73866100
2016-10-13,181.183658,182.404865,180.372365,181.909546,101357000
2016-10-14,182.883093,183.344258,181.926623,182.003479,93346200
2016-10-17,181.977866,182.234067,181.192191,181.371536,58275700
2016-10-18,182.959956,183.019729,182.131579,182.507339,76869700
2016-10-19,182.772076,183.301549,182.4134,182.99411,66519200
2016-10-20,182.643963,183.207603,181.994932,182.652512,73639800
2016-10-21,182.652523,182.82332,181.69604,182.737915,89089100
2016-10-24,183.609,183.882285,183.164919,183.51506,60146600
2016-10-25,183.335725,183.591926,182.737931,182.900192,66542300
2016-10-26,182.080343,183.11367,181.841212,182.532959,75705500
2016-10-27,183.250402,183.284556,181.969408,182.046265,77220200
2016-10-28,182.020612,182.695263,180.799404,181.508209,140623200
2016-10-31,181.841233,182.06328,181.354462,181.516724,61272500
2016-11-01,181.841223,181.892474,178.99743,180.201553,122781800
2016-11-02,179.894115,180.278423,178.681443,179.116989,103330800
2016-11-03,179.330459,179.543958,178.023847,178.297119,88939300
2016-11-04,178.408177,179.245089,177.955561,178.100739,109122100
2016-11-07,178.100773,182.063311,178.100773,182.029144,109794900
2016-11-08,181.636251,183.412563,181.371515,182.848923,106772100
2016-11-09,181.363022,185.40243,181.337403,184.787552,258429000
2016-11-10,185.573241,186.435772,183.796928,185.248718,172113300
2016-11-11,184.531361,185.060834,183.882329,184.821716,100552700
2016-11-14,185.342633,185.547597,184.223901,184.966873,94580000
2016-11-15,185.351167,186.410126,185.146216,186.410126,91652600
2016-11-16,185.795215,186.290534,185.675657,186.059952,65617700
2016-11-17,186.213691,187.076222,186.102668,187.016449,69797200
2016-11-18,187.084806,187.255603,186.418678,186.598022,86265800
2016-11-21,187.170199,188.032729,187.025021,188.007111,72402600
2016-11-22,188.314512,188.55363,187.648397,188.374298,67429000
2016-11-23,187.861914,188.528029,187.665498,188.476791,56620200
2016-11-25,188.818386,189.211217,188.741517,189.177063,37872300
2016-11-28,188.869634,189.142905,188.186435,188.28891,76572500
2016-11-29,188.32304,189.108714,188.024136,188.656097,69886700
2016-11-30,189.271001,189.433262,188.143721,188.203506,113291800
2016-12-01,188.50242,188.50242,187.153105,187.511795,79040500
2016-12-02,187.597147,188.092466,187.247006,187.605682,74840300
2016-12-05,188.434098,189.074595,188.237683,188.733002,67837800
2016-12-06,188.920851,189.364932,188.442615,189.330765,59877400
2016-12-07,189.177066,191.867146,189.057507,191.807373,110738100
2016-12-08,191.781748,192.746754,191.516998,192.277054,99714400
2016-12-09,192.49912,193.455591,192.464953,193.438507,88005800
2016-12-12,193.344586,193.822834,192.798029,193.216492,102016100
2016-12-13,193.874048,195.001316,193.856965,194.505997,110477500
2016-12-14,194.207079,194.907348,192.464921,192.900467,142501800
2016-12-15,193.13958,194.548667,192.908998,193.694672,124972600
2016-12-16,194.149177,194.209316,192.998081,193.315918,156420200
2016-12-19,193.49632,194.157776,193.350286,193.736847,90341100
2016-12-20,194.269389,194.630193,194.037461,194.484146,89838800
2016-12-21,194.355339,194.527142,193.943008,193.943008,67909000
2016-12-22,193.796943,193.917207,193.212797,193.607956,56219100
2016-12-23,193.650924,193.90005,193.46195,193.891464,36697800
2016-12-27,194.15771,194.767613,194.140526,194.372467,42672500
2016-12-28,194.630202,194.647374,192.654433,192.766098,64095000
2016-12-29,192.834809,193.187014,192.285031,192.723145,48696100
2016-12-30,193.049539,193.135447,191.331482,192.018707,108998300
2017-01-03,193.315855,193.994495,192.319391,193.487671,91366500
2017-01-04,193.814105,194.784812,193.80552,194.638779,78744400
2017-01-05,194.372481,194.638778,193.693841,194.484146,78379000
2017-01-06,194.595846,195.643863,194.054654,195.179993,71559900
2017-01-09,194.922235,195.059683,194.501307,194.535675,46939700
2017-01-10,194.552846,195.386105,194.149102,194.535675,63771900
2017-01-11,194.449733,195.085419,193.788277,195.085419,74650000
2017-01-12,194.570071,194.784828,193.247172,194.59584,72113200
2017-01-13,194.767661,195.343209,194.733306,195.042557,62717900
2017-01-17,194.406841,194.810585,193.96874,194.355301,61240800
2017-01-18,194.604434,194.82779,194.054656,194.784836,54793300
2017-01-19,194.862092,194.99954,193.633687,194.063202,66608800
2017-01-20,194.741877,195.265885,194.114789,194.776245,129168600
2017-01-23,194.776216,194.836341,193.513442,194.269379,75061600
2017-01-24,194.484154,195.92733,194.372489,195.514999,95555300
2017-01-25,196.459896,197.20726,196.296679,197.20726,84437700
2017-01-26,197.061239,197.327549,196.726218,197.001114,59970700
2017-01-27,197.078424,197.224458,196.511462,196.691864,59711100
2017-01-30,196.004624,196.030394,194.492738,195.472031,79737300
2017-01-31,194.982411,195.515018,194.415462,195.45488,75880800
2017-02-01,195.454856,196.365425,194.948032,195.532166,79117700
2017-02-02,195.532164,195.944507,194.844951,195.661026,69657600
2017-02-03,196.563004,197.190091,196.253753,197.009689,80563200
2017-02-06,196.605931,197.00109,196.32245,196.657471,57790100
2017-02-07,197.044021,197.284548,196.477059,196.666046,57931200
2017-02-08,196.666086,197.052647,196.124894,196.923798,51566200
2017-02-09,196.923761,198.392693,196.923761,198.092041,65955200
2017-02-10,198.435679,199.097135,198.109244,198.873779,66015900
2017-02-13,199.363414,200.213858,199.337644,199.956146,55182100
2017-02-14,199.775758,200.763649,199.432152,200.755051,71109000
2017-02-15,200.540312,201.992073,200.488772,201.803085,86785800
2017-02-16,201.828799,202.0092,200.883875,201.631226,84722400
2017-02-17,200.969774,201.949066,200.95259,201.949066,77204100
2017-02-21,202.318444,203.323506,202.309845,203.151703,88946100
2017-02-22,202.748001,203.194687,202.584784,202.971344,62115200
2017-02-23,203.486785,203.503956,202.352861,203.10881,74615900
2017-02-24,202.26696,203.409457,202.224006,203.366516,82381600
2017-02-27,203.280612,203.85616,203.031499,203.684357,56515400
2017-02-28,203.306386,203.546913,202.748022,203.134583,96961900
2017-03-01,204.783917,206.441849,204.766732,205.977966,149158200
2017-03-02,205.788958,205.797557,204.629277,204.680817,70246000
2017-03-03,204.594859,204.972834,204.216884,204.809616,81974300
2017-03-06,204.019412,204.552006,203.598483,204.199814,55391500
2017-03-07,203.899079,204.251284,203.383657,203.589828,65103700
2017-03-08,203.881879,204.13959,203.07439,203.211838,78168800
2017-03-09,203.332141,203.796024,202.507481,203.469589,90683900
2017-03-10,204.423098,204.466053,203.237634,204.182571,81991700
2017-03-13,204.122412,204.328583,203.79599,204.285629,57256800
2017-03-14,203.744479,203.796032,202.894049,203.503952,59880800
2017-03-15,204.070919,205.685898,203.838978,205.264969,96081800
2017-03-16,205.402414,205.479723,204.534799,204.861221,78344000
2017-03-17,205.122642,205.312452,204.50145,204.50145,89002100
2017-03-20,204.50146,204.786174,203.888903,204.277145,52537000
2017-03-21,204.881031,205.001818,201.524872,201.654282,131809300
2017-03-22,201.688839,202.41356,201.067647,202.128845,97569200
2017-03-23,202.128777,203.043307,201.542103,201.913086,100410300
2017-03-24,202.215076,202.784491,200.98995,201.766434,112504900
2017-03-27,200.101341,201.81825,199.825263,201.559418,87454500
2017-03-28,201.257435,203.448855,201.145271,203.026108,93483900
2017-03-29,202.741401,203.448862,202.517073,203.215912,61950400
2017-03-30,203.15553,204.061437,202.982979,203.862991,56737900
2017-03-31,203.526491,204.052779,203.336681,203.388458,73733100
2017-04-03,203.440245,203.638678,201.809618,203.034744,85546500
2017-04-04,202.750076,203.250482,202.370456,203.1642,56466200
2017-04-05,203.837117,204.812047,202.353158,202.560226,108800600
2017-04-06,202.698271,203.647306,202.258252,203.129654,69135800
2017-04-07,202.879421,203.612777,202.439415,202.922562,74412300
2017-04-10,203.060624,203.837109,202.517078,203.043365,67615300
2017-04-11,202.663743,202.905316,201.31783,202.801788,88045300
2017-04-12,202.525655,202.715465,201.688772,201.913086,81864400
2017-04-13,201.57666,202.310017,200.60173,200.60173,92880400
2017-04-17,201.119384,202.379028,200.920952,202.379028,68405400
2017-04-18,201.645706,202.31004,201.093536,201.775116,83225800
2017-04-19,202.335903,202.706886,201.179786,201.404114,68699900
2017-04-20,202.016672,203.483385,201.697453,203.043365,92572200
2017-04-21,202.965715,203.017479,201.999421,202.396286,110389800
2017-04-24,204.630876,204.829322,202.370433,204.622253,119209900
2017-04-25,205.260727,206.157998,205.174445,205.812897,76698300
2017-04-26,205.7783,206.658325,205.640268,205.683395,84702500
2017-04-27,206.002671,206.157963,205.321079,205.856003,57410300
2017-04-28,206.114795,206.140677,205.277911,205.407333,63532800
2017-05-01,205.924988,206.347748,205.510864,205.924988,66882500
2017-05-02,206.063011,206.183798,205.597123,206.002625,57375700
2017-05-03,206.002651,206.097556,205.079485,205.752441,73137700
2017-05-04,206.054434,206.13208,205.148527,205.994034,61462700
2017-05-05,206.365017,206.822282,205.924998,206.805023,62001300
2017-05-08,206.848138,206.994807,206.347732,206.770493,48385700
2017-05-09,207.029361,207.227794,206.235605,206.580719,51363200
2017-05-10,206.537597,206.951721,206.330528,206.951721,54293800
2017-05-11,206.503079,206.692889,205.450504,206.528961,62358300
2017-05-12,206.278697,206.572034,205.916337,206.183792,53912700
2017-05-15,206.606565,207.443449,206.589306,207.322662,61918900
2017-05-16,207.616036,207.641918,206.744647,207.132889,51241800
2017-05-17,207.132852,207.132852,203.397074,203.457474,172174100
2017-05-18,203.379861,205.122653,203.121029,204.277145,107047700
2017-05-19,204.760252,206.270092,204.708488,205.605759,115011400
2017-05-22,206.114795,206.813647,206.045786,206.649719,61010600
2017-05-23,207.020743,207.270953,206.641124,207.107025,48341700
2017-05-24,207.339907,207.693631,207.003415,207.590103,46927700
2017-05-25,208.099174,208.858413,207.892119,208.582321,64071700
2017-05-26,208.392533,208.70313,208.314887,208.539215,46629900
2017-05-30,208.219925,208.608168,208.064634,208.357971,35201900
2017-05-31,208.651376,208.685894,207.616059,208.306274,91796000
2017-06-01,208.763554,209.980058,208.47884,209.962799,68962000
2017-06-02,210.014562,210.816941,209.721224,210.661636,88666100
2017-06-05,210.489058,210.773773,210.307871,210.506317,44698800
2017-06-06,209.945479,210.497649,209.755669,209.833328,50375400
2017-06-07,210.169855,210.445933,209.505521,210.221619,54144300
2017-06-08,210.316466,210.799612,209.798801,210.325089,65950700
2017-06-09,210.592549,211.386292,208.74623,210.005875,132256400
2017-06-12,209.764367,210.014563,209.117292,209.962799,86108100
2017-06-13,210.497658,211.041205,210.152557,210.989441,60067000
2017-06-14,211.25685,211.265473,209.902301,210.721939,78602300
2017-06-15,209.376042,210.437254,209.099964,210.316467,66464900
2017-06-16,210.475138,210.527154,209.486788,210.362427,84553100
2017-06-19,211.186056,212.174405,211.090688,212.113724,65123800
2017-06-20,211.758249,211.766914,210.665867,210.683197,56906400
2017-06-21,211.073345,211.186042,210.16302,210.63118,55977600
2017-06-22,210.639919,211.134087,210.362481,210.535873,44148100
2017-06-23,210.596542,211.116718,210.215072,210.787277,66986800
2017-06-26,211.454803,211.87096,210.717884,210.925949,56700500
2017-06-27,210.709232,211.004013,209.209372,209.226715,82247700
2017-06-28,210.241102,211.298811,210.007016,211.099411,70042600
2017-06-29,211.246756,211.298772,208.038956,209.244049,106949700
2017-06-30,210.050314,210.42312,209.443435,209.634171,86820700
2017-07-03,210.570464,211.003951,209.989594,209.989594,39153800
2017-07-05,210.353768,210.683209,209.547476,210.475143,54427600
2017-07-06,209.712156,209.833532,208.368345,208.550415,65400800
2017-07-07,209.122668,210.050323,208.559127,209.902939,57972300
2017-07-10,209.902949,210.501162,209.599503,210.128357,36663300
2017-07-11,210.128415,210.284477,208.810625,209.972366,50354600
2017-07-12,210.934642,211.714913,210.934642,211.550186,59610400
2017-07-13,211.558871,212.018366,211.333449,211.905655,39471600
2017-07-14,211.905678,213.24949,211.810311,212.894028,60262700
2017-07-17,212.815995,213.197466,212.694619,212.868011,33531900
2017-07-18,212.460508,213.032714,212.122389,212.980698,42742500
2017-07-19,213.292824,214.142454,213.284146,214.133789,51034300
2017-07-20,214.38519,214.506566,213.682944,214.229141,47135200
2017-07-21,213.656936,214.064415,213.431514,214.038406,82340800
2017-07-24,213.960414,214.125141,213.518262,213.986435,46622300
2017-07-25,214.731985,214.836031,214.281168,214.506577,54915600
2017-07-26,214.792681,214.827355,214.255162,214.515244,47575400
2017-07-27,214.974719,215.009392,212.998008,214.315811,70766600
2017-07-28,213.838955,214.194418,213.388139,214.064377,50088400
2017-07-31,214.46323,214.558598,213.734976,213.943054,65838700
2017-08-01,214.541298,214.575971,213.899732,214.419922,55050400
2017-08-02,214.549903,214.662614,213.596227,214.523895,47211200
2017-08-03,214.411206,214.437214,213.830335,214.107773,40856000
2017-08-04,214.593231,214.827305,214.116393,214.497864,60191800
2017-08-07,214.567227,214.896667,214.463181,214.896667,31995000
2017-08-08,214.584587,215.798358,213.995051,214.367844,61719400
2017-08-09,213.682938,214.411193,213.327476,214.359177,62632600
2017-08-10,213.526877,213.656931,211.281419,211.333435,120479500
2017-08-11,211.558879,212.235118,211.324793,211.645569,74869900
2017-08-14,212.920061,213.960426,212.885387,213.743683,73291900
2017-08-15,214.125115,214.142458,213.414203,213.717636,55242700
2017-08-16,214.237823,214.636636,213.665617,214.090439,56715500
2017-08-17,213.483569,213.79568,210.752594,210.752594,128490400
2017-08-18,210.587825,211.706228,209.980946,210.423111,136748000
2017-08-21,210.362437,210.84794,209.66019,210.587845,65469700
2017-08-22,211.168712,212.945996,211.151368,212.789948,63140100
2017-08-23,211.827638,212.45186,211.680254,212.027039,50203800
2017-08-24,212.408521,212.56457,211.324804,211.532883,50741700
2017-08-25,212.321806,212.937363,211.879655,212.027039,64445900
2017-08-28,212.555897,212.581905,211.619564,212.035721,40565600
2017-08-29,210.726568,212.538539,210.613857,212.278458,51135700
2017-08-30,212.261096,213.552892,212.079026,213.284119,62030800
2017-08-31,213.899703,214.810028,213.318832,214.567276,103803900
2017-09-01,214.940026,215.295488,214.723283,214.870667,62007000
2017-09-05,214.367834,214.593256,212.365128,213.327469,91398800
2017-09-06,214.003755,214.385225,213.4749,214.055771,57916900
2017-09-07,214.359148,214.376491,213.622215,214.029694,58034700
2017-09-08,213.743573,214.237754,213.535508,213.778259,63832800
2017-09-11,215.044055,216.13645,215.026726,216.058426,71364800
2017-09-12,216.422585,216.821386,216.240515,216.786713,56896000
2017-09-13,216.500596,216.925418,216.387886,216.890732,59228000
2017-09-14,216.570025,217.020855,216.396633,216.821442,95446300
2017-09-15,216.677658,217.200416,216.57311,217.113297,95432400
2017-09-18,217.479202,217.923548,217.191679,217.575043,46235200
2017-09-19,217.818999,217.879995,217.470494,217.792862,47108100
2017-09-20,217.880029,217.984578,216.878053,217.871307,59574100
2017-09-21,217.714467,217.801586,217.113284,217.287537,48211400
2017-09-22,216.991319,217.49666,216.965181,217.331116,51214000
2017-09-25,217.078355,217.426873,216.146097,216.886673,57064400
2017-09-26,217.313687,217.557643,216.782208,217.017456,54082000
2017-09-27,217.714449,218.245928,216.834452,217.862564,81001400
2017-09-28,217.583777,218.202389,217.496658,218.123978,44778800
2017-09-29,218.11522,218.96908,217.93226,218.890656,85578000
2017-10-02,219.117202,219.840363,218.942936,219.840363,59023000
2017-10-03,219.840399,220.33702,219.761974,220.310883,66810200
2017-10-04,220.162734,220.816191,220.049464,220.572235,55953600
2017-10-05,220.903312,221.896566,220.607082,221.87915,63522800
2017-10-06,221.434798,221.914003,221.173426,221.62648,80646000
2017-10-09,221.853064,221.914047,220.999204,221.26059,35803100
2017-10-10,221.826853,222.218924,221.286653,221.844269,43057400
2017-10-11,221.748466,222.192825,221.582935,222.192825,47674300
2017-10-12,221.879185,222.22769,221.626507,221.861755,47065100
2017-10-13,222.297381,222.410651,221.861742,222.131836,54800400
2017-10-16,222.358334,222.619706,222.018537,222.428024,38221700
2017-10-17,222.375758,222.628436,222.157939,222.584869,31561000
2017-10-18,222.959481,223.003048,222.610976,222.802658,40888300
2017-10-19,222.027276,222.898552,221.609067,222.863693,61903800
2017-10-20,223.656564,224.039927,222.84627,224.013763,89176400
2017-10-23,224.336172,224.36231,223.06409,223.142502,63915300
2017-10-24,223.569465,223.769842,223.177381,223.534607,66935900
2017-10-25,223.203459,223.316729,221.304084,222.428024,103715300
2017-10-26,223.037942,223.308022,222.593583,222.715561,69798000
2017-10-27,223.456141,224.693364,222.724272,224.536514,85562500
2017-10-30,223.456178,224.440724,223.403904,223.700134,54285700
2017-10-31,224.074767,224.301307,223.752399,224.04863,60304800
2017-11-01,224.824021,225.163804,223.978882,224.344803,54202700
2017-11-02,224.275199,224.571429,223.212241,224.432022,56449500
2017-11-03,224.588863,225.224904,224.179362,225.181351,59589700
2017-11-06,225.050567,225.660471,224.980877,225.529785,49652600
2017-11-07,225.634358,225.965447,224.867631,225.372986,57502200
2017-11-08,225.198684,225.852141,224.919869,225.756287,50469600
2017-11-09,224.553938,225.128983,223.360268,224.937302,95085500
2017-11-10,224.553938,225.04185,224.240265,224.867584,59984700
2017-11-13,224.188029,225.303261,224.153171,225.076721,50228600
2017-11-14,224.275201,224.658565,223.499753,224.554016,61315200
2017-11-15,223.586846,224.109617,222.724292,223.430023,80811500
2017-11-16,224.370998,225.695354,224.327445,225.329407,67777000
2017-11-17,224.98091,225.303277,224.588825,224.667236,75756800
2017-11-20,224.911217,225.24228,224.667235,225.050598,48075500
2017-11-21,225.817264,226.705982,225.015705,226.522995,69176800
2017-11-22,226.531791,226.662477,226.157148,226.322693,45033400
2017-11-24,226.810612,226.950019,226.671204,226.845444,27856500
2017-11-27,226.888971,227.185201,226.531744,226.732147,52274900
2017-11-28,227.193954,229.058471,227.098099,229.032333,98971700
2017-11-29,229.163068,229.694561,228.448642,228.892975,77512100
2017-11-30,229.807786,231.802989,229.729374,230.896881,127894400
2017-12-01,230.679093,231.158284,227.193988,230.417694,164390900
2017-12-04,232.029524,232.456441,230.086569,230.13887,94040600
2017-12-05,229.311157,231.018851,229.180471,229.311157,77994500
2017-12-06,229.40698,229.781649,228.892931,229.354706,75898600
2017-12-07,230.077866,230.391512,229.093319,230.077866,77218600
2017-12-08,231.027537,231.341184,230.042991,231.332489,76563900
2017-12-11,232.02951,232.090506,231.306363,232.02951,83077500
2017-12-12,232.813714,232.909568,232.064429,232.439072,85195800
2017-12-13,232.683012,233.11865,232.325785,232.412918,102905400
2017-12-14,232.709053,232.822323,231.41086,231.463135,100666700
2017-12-15,232.462415,233.854822,232.409873,233.390686,144610300
2017-12-18,234.783119,235.220984,234.678035,234.870697,83653600
2017-12-19,235.115908,235.159684,233.898631,233.968704,82382900
2017-12-20,234.931935,234.984476,233.548294,233.846039,76751500
2017-12-21,234.467757,235.037002,234.082434,234.327637,67032300
2017-12-22,234.345185,234.380222,233.732164,234.266373,78720900
2017-12-26,233.863561,234.205108,233.723467,233.986176,45244400
2017-12-27,234.152594,234.459104,233.828578,234.100052,57751000
2017-12-28,234.599212,234.625483,234.213889,234.58168,45116100
2017-12-29,235.159654,235.177159,233.504539,233.697174,96007400
2018-01-02,234.55542,235.404879,234.170097,235.369843,86655700
2018-01-03,235.536267,237.007513,235.536267,236.858627,90070400
2018-01-04,237.497832,238.338525,236.919847,237.856857,80636400
2018-01-05,238.645175,239.564681,238.154769,239.442093,83524000
2018-01-08,239.345628,240.037462,239.056649,239.879837,57319200
2018-01-09,240.300115,241.04449,240.019875,240.422729,57254000
2018-01-10,239.66967,240.317728,239.004133,240.054993,69574300
2018-01-11,240.606682,241.806427,240.440291,241.806427,62361500
2018-01-12,242.069142,243.5491,241.771371,243.382736,90816100
2018-01-16,244.634975,245.283007,241.858902,242.550735,106555100
2018-01-17,243.479136,245.248101,242.550865,244.862778,113258800
2018-01-18,244.748871,245.169204,243.960693,244.451126,100728000
2018-01-19,245.029161,245.56337,244.451203,245.56337,140920100
2018-01-22,245.353199,247.560028,245.300631,247.560028,91322400
2018-01-23,247.603751,248.374398,247.279736,248.085419,97084700
2018-01-24,248.724684,249.320201,246.8156,247.989075,134816100
2018-01-25,248.847319,248.943636,247.306026,248.094177,84587300
2018-01-26,248.926145,251.010386,248.672176,250.966583,107743100
2018-01-29,250.397412,250.835277,249.145125,249.30275,90118300
2018-01-30,247.481215,249.355263,246.272704,246.745605,131796400
2018-01-31,247.595004,248.094149,245.799743,246.868134,108364800
2018-02-01,246.141332,247.884026,245.799785,246.587936,90102500
2018-02-02,245.274301,245.405682,241.184659,241.219696,173174800
2018-02-05,239.468296,241.570042,230.588384,231.131332,294681800
2018-02-06,227.637089,236.184215,226.551193,235.685043,355026800
2018-02-07,235.13346,238.513765,234.327777,234.406616,167376100
2018-02-08,234.704257,234.844377,225.579145,225.614182,246449500
2018-02-09,228.390229,230.851026,221.48949,229.00325,283565300
2018-02-12,231.043698,233.828538,229.14338,232.366058,143736000
2018-02-13,231.166331,233.487009,230.588347,232.944061,81223600
2018-02-14,231.46407,236.446973,231.455304,236.087921,120735700
2018-02-15,237.821891,239.109214,235.369832,239.100449,111200300
2018-02-16,238.478634,241.105822,238.434831,239.170441,160420100
2018-02-20,238.224703,239.660912,236.884838,237.672989,86369700
2018-02-21,238.110889,240.580453,236.394466,236.490784,98883700
2018-02-22,237.410308,239.117965,236.131751,236.797287,110511300
2018-02-23,238.01454,240.571655,237.541639,240.571655,92766400
2018-02-26,241.640092,243.461624,241.053368,243.36528,86491400
2018-02-27,243.549047,244.258413,240.265063,240.32637,99099200
2018-02-28,241.421111,241.867742,237.576672,237.891922,121907800
2018-03-01,237.681796,239.223088,232.944095,234.432846,176855100
2018-03-02,232.768844,236.201715,231.910647,235.641235,139083200
2018-03-05,234.459046,238.977813,234.353936,238.364792,97307400
2018-03-06,239.336877,239.415716,237.480335,238.969086,79213200
2018-03-07,236.814776,239.231771,236.622115,238.881485,87063500
2018-03-08,239.555839,240.160094,238.566287,240.037506,66901200
2018-03-09,241.438689,244.214737,241.123412,244.214737,113625300
2018-03-12,244.503704,245.125465,243.522865,243.908188,71924800
2018-03-13,245.064104,245.563276,241.727577,242.331833,91968900
2018-03-14,243.286407,243.470303,240.536631,241.088318,105895100
2018-03-15,241.596299,242.235565,240.326481,240.825653,83433000
2018-03-16,241.350568,242.133101,241.034055,241.086807,100343700
2018-03-19,240.339461,241.262649,236.18066,237.824829,109208400
2018-03-20,238.220417,238.862269,237.552188,238.229218,59757300
2018-03-21,238.185291,240.269079,237.561041,237.772049,78709600
2018-03-22,235.556324,236.400384,231.555781,231.828369,148785900
2018-03-23,232.267991,232.593304,226.693606,226.887039,183534800
2018-03-26,230.474374,233.375845,228.082848,233.094482,141956100
2018-03-27,234.026507,234.554027,227.581685,229.12915,129941400
2018-03-28,229.260997,230.922768,227.353041,228.452087,146452300
2018-03-29,229.586351,233.226404,228.460928,231.371201,111601600
2018-04-02,230.843648,231.353621,223.91527,226.377136,186286300
2018-04-03,227.608035,229.753375,225.823185,229.27858,119956900
2018-04-04,225.744073,232.435053,225.612193,231.731674,123715300
2018-04-05,233.481346,234.439738,232.399902,233.560501,82652600
2018-04-06,231.608595,233.094481,226.843119,228.355408,179521200
2018-04-09,229.806148,232.857101,228.548846,229.480835,105442900
2018-04-10,232.355936,233.912203,231.22174,233.129669,103529000
2018-04-11,231.6525,233.560455,231.582173,231.907486,91140200
2018-04-12,233.226417,234.756281,233.050559,233.815491,68890500
2018-04-13,235.116753,235.231058,232.127353,233.129669,85079200
2018-04-16,234.75625,235.811345,233.938566,235.046387,63405300
2018-04-17,236.804862,238.158895,236.294917,237.56102,64682000
2018-04-18,238.000607,238.536929,237.279627,237.736847,57303900
2018-04-19,237.086186,237.28842,235.389265,236.417984,77655900
2018-04-20,236.347693,236.567502,233.534124,234.413361,99953100
2018-04-23,234.984834,235.538758,233.305489,234.378159,65558000
2018-04-24,235.398054,235.617863,229.726967,231.22168,112885500
2018-04-25,231.160161,232.232831,229.348936,231.793213,103840900
2018-04-26,232.813121,234.976036,232.373503,234.149551,67731900
2018-04-27,234.756297,235.055234,233.437441,234.369431,57053600
2018-04-30,234.984795,235.538719,232.496541,232.566895,82182300
2018-05-01,232.004212,233.085683,230.456747,232.980179,74203400
2018-05-02,232.786722,233.595605,231.028249,231.415115,86368900
2018-05-03,230.58873,231.55587,227.76636,230.905243,136311500
2018-05-04,229.938041,234.571637,229.612728,233.894608,91222100
2018-05-07,234.659537,235.653052,233.973707,234.685913,55304900
2018-05-08,234.316622,235.046377,233.129647,234.685913,67499200
2018-05-09,235.354098,237.279629,234.835351,236.954315,59666100
2018-05-10,237.692932,239.495384,237.587428,239.170044,72063900
2018-05-11,239.29315,240.163586,238.783178,239.899826,59871500
2018-05-14,240.330612,240.981238,239.46895,240.014099,54790600
2018-05-15,238.791901,238.809476,237.420294,238.361084,87036100
2018-05-16,238.39631,239.820669,238.369907,239.363449,53942600
2018-05-17,239.099763,240.233986,238.387583,239.161316,56536400
2018-05-18,238.818295,239.178785,238.211619,238.563309,64368000
2018-05-21,240.040436,240.893297,239.65357,240.356949,58025900
2018-05-22,240.875696,241.130682,239.363407,239.688721,52966400
2018-05-23,238.422626,240.374532,238.264343,240.348129,64694200
2018-05-24,239.952504,240.225065,238.079725,239.855774,76043800
2018-05-25,239.284348,239.908598,238.783176,239.284348,56374800
2018-05-29,237.666526,238.422684,235.424483,236.532303,115908600
2018-05-30,237.833544,240.128339,237.763217,239.688721,69678400
2018-05-31,239.284282,239.583219,237.622539,238.220413,93519900
2018-06-01,239.512865,240.858096,239.442511,240.559158,71258400
2018-06-04,241.376942,241.957242,241.139558,241.702255,45385200
2018-06-05,241.834074,242.256117,241.069142,241.878052,51135000
2018-06-06,242.484801,244.005864,241.869325,243.90036,62732200
2018-06-07,244.383889,244.674025,242.968304,243.873917,72969400
2018-06-08,243.416766,244.647692,243.249709,244.59494,72139700
2018-06-11,244.814723,245.632407,244.700418,244.920227,58892500
2018-06-12,245.333489,245.597249,244.594933,245.236786,72329000
2018-06-13,245.474157,245.729143,244.252005,244.454239,79070600
2018-06-14,245.315903,245.597238,244.480617,245.069717,77097600
2018-06-15,244.288947,245.092649,243.184966,244.757034,120041600
2018-06-18,243.308632,244.377306,242.831732,244.253647,52917600
2018-06-19,241.992666,243.53824,241.577568,243.317444,97531500
2018-06-20,243.997596,244.39504,243.397036,243.732651,53785500
2018-06-21,243.72373,243.741411,241.710069,242.204651,71061400
2018-06-22,243.458798,243.573616,242.425459,242.646255,54898500
2018-06-25,241.498067,241.657034,237.665048,239.343094,137854200
2018-06-26,239.908336,240.720851,239.157624,239.873001,68547400
2018-06-27,240.456013,241.877928,237.735787,237.885941,105110700
2018-06-28,237.832931,240.005559,237.126367,239.246033,76650500
2018-06-29,240.332296,241.692408,239.475605,239.590424,97592500
2018-07-02,238.027168,240.261624,237.788691,240.102631,63554800
2018-07-03,240.994697,241.091862,238.83091,239.254822,42187100
2018-07-05,240.37642,241.268418,239.307747,241.206589,56925900
2018-07-06,241.233135,243.617718,240.853345,243.246796,66493700
2018-07-09,244.244768,245.490062,244.200619,245.437073,50550400
2018-07-10,245.887545,246.417462,245.596079,246.320297,51966800
2018-07-11,244.774701,245.560749,244.21829,244.51857,77054700
2018-07-12,245.772759,246.788417,245.1722,246.735428,60124700
2018-07-13,246.558734,247.229937,246.108302,246.929657,48216000
2018-07-16,246.973895,247.115181,246.267331,246.708923,48201000
2018-07-17,245.940479,248.095452,245.88749,247.706848,52315500
2018-07-18,247.786313,248.333883,247.344721,248.227905,44593500
2018-07-19,247.565625,247.945388,246.814912,247.29184,61412100
2018-07-20,247.0887,247.715781,246.850249,247.009216,82337700
2018-07-23,246.806071,247.671575,246.461616,247.46846,47047600
2018-07-24,248.872785,249.552828,247.848287,248.713791,68026900
2018-07-25,248.466433,251.151323,248.422284,250.833389,78882900
2018-07-26,250.118052,250.921727,250.020888,250.241684,57919500
2018-07-27,250.568434,250.665598,247.627439,248.545959,76768700
2018-07-30,248.625355,248.784322,246.726486,247.247589,63742500
2018-07-31,248.007138,249.075785,247.627375,248.466385,68570500
2018-08-01,248.66954,249.172962,247.406592,248.0513,53853300
2018-08-02,246.753048,249.570383,246.549906,249.402603,63426400
2018-08-03,249.526329,250.524333,249.349681,250.471344,53935400
2018-08-06,250.506586,251.698864,250.117982,251.389771,39400900
2018-08-07,252.052114,252.599684,251.919615,252.219894,43196600
2018-08-08,252.052181,252.511427,251.654737,252.113983,42114600
2018-08-09,252.175773,252.564377,251.637044,251.769516,35717000
2018-08-10,250.338742,250.877472,249.376047,250.082611,77076000
2018-08-13,250.356428,250.965828,248.855003,249.146469,65732900
2018-08-14,249.870641,250.974622,249.482038,250.736145,43842000
2018-08-15,249.393747,249.53506,247.433075,248.863831,102925400
2018-08-16,250.294612,251.743049,250.259277,250.877518,69967900
2018-08-17,250.674384,252.202304,250.268127,251.760712,65618500
2018-08-20,252.211206,252.564475,251.760773,252.29953,39807500
2018-08-21,252.811676,253.747849,252.334748,252.891159,67272000
2018-08-22,252.48508,253.262287,252.220108,252.741211,44993300
2018-08-23,252.564484,253.421175,252.087557,252.405518,49204900
2018-08-24,252.979516,254.065843,252.926527,253.92453,57487400
2018-08-27,255.116871,256.035391,254.957904,255.929413,57072400
2018-08-28,256.388627,256.494632,255.593766,256.05304,46943500
2018-08-29,256.265006,257.660426,256.026555,257.430817,61485500
2018-08-30,256.953862,257.324785,255.796892,256.388611,61229500
2018-08-31,255.982363,256.839053,255.496622,256.397461,66140800
2018-09-04,255.982274,256.309049,254.957777,255.95578,57594400
2018-09-05,255.602598,255.80574,254.260166,255.266983,72452400
2018-09-06,255.372971,255.673251,253.474129,254.498627,65909900
2018-09-07,253.456443,254.975522,253.217965,254.004013,73524800
2018-09-10,255.010827,255.275798,254.251301,254.445602,50210900
2018-09-11,253.800878,255.726215,253.45645,255.284622,50530500
2018-09-12,255.293462,255.94701,254.56043,255.346451,59810800
2018-09-13,256.406283,257.042178,256.123658,256.856689,51034200
2018-09-14,257.059815,257.245277,256.123641,256.900848,55079900
2018-09-17,256.847803,256.883111,255.266895,255.54068,68244000
2018-09-18,255.752717,257.519087,255.726222,256.927368,61930400
2018-09-19,256.980345,257.616239,256.856686,257.201141,49080600
2018-09-20,258.455353,259.603483,257.218872,259.285522,100360600
2018-09-21,260.02443,260.139768,258.888837,259.048523,105479700
2018-09-24,258.471893,258.613846,257.611325,258.187988,53409600
2018-09-25,258.640427,258.746884,257.708896,257.948425,44370000
2018-09-26,258.090341,259.270283,256.759567,257.176544,79739700
2018-09-27,257.646793,258.977567,257.371768,257.895203,59249500
2018-09-28,257.274222,258.418695,257.238754,257.921875,70091400
2018-10-01,259.154978,259.882474,258.152484,258.817871,62078900
2018-10-02,258.667114,259.37685,258.294513,258.667114,47258200
2018-10-03,259.713938,260.130915,258.454153,258.809021,64694600
2018-10-04,258.329914,258.383143,255.20704,256.786224,111545900
2018-10-05,257.007935,257.522489,253.92941,255.348907,105951700
2018-10-08,254.66576,255.703775,253.290637,255.348907,87742200
2018-10-09,254.967541,256.271674,254.417465,254.976395,74339000
2018-10-10,254.470638,254.541628,246.530368,246.902969,214731000
2018-10-11,245.82066,247.435339,239.858789,241.464615,274840500
2018-10-12,245.545615,245.82952,241.642016,244.818146,183186500
2018-10-15,244.463279,245.7852,243.3543,243.443024,102263700
2018-10-16,245.394874,249.138788,244.924668,248.766159,118255800
2018-10-17,248.80156,249.431452,246.246469,248.81044,110626000
2018-10-18,247.878941,248.473366,243.948727,245.217392,134557500
2018-10-19,245.865045,247.790218,244.392318,245.08432,139901600
2018-10-22,245.749616,246.068989,243.451816,243.984131,82415800
2018-10-23,240.382228,243.85997,238.306197,242.742111,146352700
2018-10-24,242.493754,242.875264,234.837387,235.387436,177806700
2018-10-25,237.214944,241.145157,236.194689,239.610321,138061500
2018-10-26,235.919717,240.426595,232.699239,235.396255,201574600
2018-10-29,238.474773,239.761199,230.534501,234.092087,160749100
2018-10-30,233.923531,237.871478,233.435564,237.560959,157116000
2018-10-31,240.116001,242.404947,239.645795,240.098267,128296300
2018-11-01,240.95898,242.848685,239.876615,242.653503,99495000
2018-11-02,243.753532,244.17939,239.175665,241.216202,122634100
2018-11-05,241.704162,243.097046,240.737136,242.546997,65622500
2018-11-06,242.484929,244.241535,242.42282,244.081848,60085900
2018-11-07,246.246459,249.387094,245.820602,249.307251,102752100
2018-11-08,248.508844,249.493631,247.719265,248.854858,65584900
2018-11-09,247.550724,247.737025,245.022247,246.424011,98812600
2018-11-12,245.918254,246.157784,241.304892,241.819473,99673600
2018-11-13,242.280802,244.268083,240.648388,241.367004,98176600
2018-11-14,243.230049,243.629265,238.164242,239.716812,125335900
2018-11-15,238.457057,242.680057,236.886753,242.218704,135101400
2018-11-16,241.127495,243.75355,240.612914,242.848633,126668000
2018-11-19,242.245277,242.538063,237.827124,238.740921,103061700
2018-11-20,235.422883,236.877876,233.462216,234.322784,136021300
2018-11-21,235.866462,237.010935,235.112378,235.121231,75563700
2018-11-23,233.48884,234.943833,233.391263,233.550949,42807900
2018-11-26,235.795456,237.543207,235.405093,237.321411,79981400
2018-11-27,236.292294,238.119888,235.689016,238.119888,75502400
2018-11-28,239.184523,243.602676,238.057783,243.602676,127629600
2018-11-29,242.830847,244.463261,241.695254,243.070404,82346400
2018-11-30,242.919543,245.110886,242.60017,244.551956,98204200
2018-12-03,248.659687,248.766144,246.202199,247.790237,103176300
2018-12-04,246.965074,247.390932,239.450635,239.761154,177986000
2018-12-06,235.919794,239.512875,232.832386,239.397537,204185400
2018-12-07,239.060364,240.621815,233.000915,233.834869,161018900
2018-12-10,233.657403,235.245469,229.443284,234.278442,151445900
2018-12-11,237.46342,237.649721,232.867818,234.331665,121504400
2018-12-12,237.294859,238.652248,235.431769,235.511612,97976700
2018-12-13,236.452079,237.312648,234.322845,235.431824,96662700
2018-12-14,233.293641,234.242934,230.534515,231.084564,116961100
2018-12-17,230.135269,231.244248,224.927509,226.551056,165492300
2018-12-18,228.183495,228.848883,224.705726,226.302658,134515100
2018-12-19,226.382447,230.135227,221.21905,222.913559,214992800
2018-12-20,221.671543,223.232981,217.049314,219.285019,252053400
2018-12-21,220.181847,222.832168,214.149459,214.791962,255345600
2018-12-24,213.310654,214.916912,209.054088,209.116547,147311600
2018-12-26,210.571058,219.682083,208.598928,219.682083,218485400
2018-12-27,216.460757,221.565067,213.239322,221.368759,186267300
2018-12-28,222.716188,224.340283,219.923085,221.08316,153100200
2018-12-31,222.69831,223.260504,220.833273,223.019562,144299400
2019-01-02,219.503646,224.170719,219.476877,223.251572,126925200
2019-01-03,221.511472,221.814886,217.442295,217.924179,144140700
2019-01-04,220.940345,225.866197,220.565554,225.223694,142628800
2019-01-07,225.49146,228.400562,224.599096,226.999557,103139100
2019-01-08,229.176898,229.614147,226.660425,229.132263,102512600
2019-01-09,229.837268,231.041965,228.614733,230.20314,95006600
2019-01-10,228.677148,231.264997,227.998943,231.015137,96823900
2019-01-11,229.944311,231.13117,229.36428,231.104401,73858100
2019-01-14,229.212574,230.49758,228.811026,229.694458,70908200
2019-01-15,230.06924,232.639252,230.060308,232.32692,85208300
2019-01-16,232.755208,233.772515,232.549981,232.889084,77636700
2019-01-17,232.023579,235.512725,231.978944,234.656036,96118400
2019-01-18,236.458555,238.243282,234.691665,237.779236,127900300
2019-01-22,236.315795,236.529953,232.960498,234.566742,115531200
2019-01-23,235.59298,236.289023,232.603556,235.057556,86030300
2019-01-24,234.879049,235.762508,233.870674,235.182449,59204100
2019-01-25,237.020756,237.993457,235.280663,237.17247,96883400
2019-01-28,235.039764,235.432379,233.611976,235.369934,85613700
2019-01-29,235.51267,236.074837,234.227664,235.057556,66136300
2019-01-30,236.565596,239.617465,235.807082,238.778641,92473700
2019-01-31,238.716258,241.357647,238.502072,240.875763,104012100
2019-02-01,241.072177,242.009175,240.206582,240.991867,85782500
2019-02-04,241.036347,242.749697,240.367074,242.687225,60744800
2019-02-05,243.115657,244.008021,242.615935,243.70462,79552800
2019-02-06,243.427905,243.918694,242.651553,243.38327,58347800
2019-02-07,241.776975,242.321304,239.412217,241.063095,95482000
2019-02-08,239.822829,241.455844,239.001842,241.357697,75788900
2019-02-11,242.009072,242.267838,240.964994,241.491486,68021400
2019-02-12,243.097759,244.971701,243.026355,244.596924,72270200
2019-02-13,245.426815,246.229937,245.007403,245.391113,65277200
2019-02-14,244.311378,245.971189,243.499324,244.846802,83234400
2019-02-15,246.613657,247.550656,246.408431,247.514954,97088700
2019-02-19,246.720658,248.594599,246.711726,247.943192,59120800
2019-02-20,247.907569,248.898107,247.407848,248.442993,76610800
2019-02-21,247.809492,248.166432,246.604795,247.559631,64214700
2019-02-22,248.175352,249.290807,247.541781,249.094513,78114600
2019-02-25,250.513282,251.030841,249.353193,249.433502,69030700
2019-02-26,249.085515,250.129565,248.880261,249.255066,56844100
2019-02-27,248.541182,249.496018,247.613143,249.14801,56921600
2019-02-28,248.933714,249.37099,248.362615,248.683853,69268300
2019-03-01,250.254532,250.647174,248.808907,250.236694,78880500
2019-03-04,251.289596,251.530525,247.041937,249.326385,106494600
2019-03-05,249.451351,249.647672,248.442976,248.987305,59114600
2019-03-06,249.103372,249.112304,247.158025,247.479263,75039800
2019-03-07,247.033063,247.175844,244.570157,245.408981,94885100
2019-03-08,243.561754,245.087688,243.097734,244.918137,85795800
2019-03-11,245.632032,248.630361,245.605262,248.469742,65098900
2019-03-12,249.023013,249.924309,248.835624,249.406723,79667500
2019-03-13,250.290197,251.985683,250.129551,251.057617,80639200
2019-03-14,251.084331,251.503743,250.459693,250.896942,67518400
2019-03-15,251.44646,252.943256,251.258218,252.136597,81309000
2019-03-18,252.351673,253.346574,252.127599,253.050781,62199800
2019-03-19,254.108411,254.870239,252.226188,253.11351,90268100
2019-03-20,252.898469,254.0995,251.24929,252.351715,84609200
2019-03-21,251.536094,255.605251,251.491263,255.201935,79550400
2019-03-22,253.848559,254.368397,250.227521,250.290268,122659300
2019-03-25,249.949577,251.132692,248.847153,250.101959,85575200
2019-03-26,251.849816,252.916409,250.568122,251.966339,68125900
2019-03-27,251.95731,252.539923,249.1071,250.648727,72224700
2019-03-28,251.276117,252.046917,250.128862,251.59877,56238500
2019-03-29,253.104624,253.50794,251.984256,253.185287,82186800
2019-04-01,255.175016,256.483598,254.906111,256.187805,77617900
2019-04-02,256.376041,256.546339,255.52455,256.313293,40070400
2019-04-03,257.523365,257.917737,256.116176,256.716705,68243200
2019-04-04,257.039315,257.648788,256.349178,257.397827,48997500
2019-04-05,258.061091,258.697452,257.77427,258.643677,58621700
2019-04-08,258.222406,258.948402,257.568101,258.840851,53566300
2019-04-09,257.881888,258.204541,256.967678,257.514404,66142300
2019-04-10,257.92664,258.482366,257.514352,258.392731,52601500
2019-04-11,258.876682,258.885654,257.756314,258.320984,55093100
2019-04-12,259.925376,260.346636,258.365833,260.068787,69727800
2019-04-15,260.140458,260.239064,259.100753,259.898468,49596700
2019-04-16,260.776867,260.830642,259.477229,260.068787,52153200
2019-04-17,261.180161,261.207049,259.020088,259.432404,58268300
2019-04-18,260.015078,260.212264,258.724412,259.943359,68708500
2019-04-22,259.181456,260.31974,259.091822,260.167358,40160100
2019-04-23,260.534885,262.73979,260.301868,262.506744,52246600
2019-04-24,262.425934,262.757558,261.780601,261.924011,50392900
2019-04-25,261.825534,262.417092,260.579699,261.762787,57770900
2019-04-26,261.807607,263.053442,261.03678,262.98175,50916400
2019-04-29,263.071421,263.91394,262.981786,263.394073,57197700
2019-04-30,263.053377,263.815233,261.646216,263.528412,81111700
2019-05-01,264.155858,264.362015,261.538666,261.547638,71671900
2019-05-02,261.431179,262.345417,259.49518,260.983032,65030200
2019-05-03,262.452936,263.815294,261.090551,263.537445,56543700
2019-05-06,259.253164,262.892117,258.939456,262.452942,107198100
2019-05-07,260.059905,260.651463,256.169989,258.070129,144729900
2019-05-08,257.711578,259.414533,257.120021,257.711578,91568300
2019-05-09,255.650008,257.532203,253.920139,256.931702,103471100
2019-05-10,255.999592,258.975296,253.023888,258.222412,112429300
2019-05-13,253.131414,254.090428,250.899623,251.73317,127290500
2019-05-14,252.746094,255.533584,252.620627,254.009872,77003200
2019-05-15,252.387583,256.134088,252.181426,255.497726,73956400
2019-05-16,256.1968,259.217308,256.125109,257.863922,76749600
2019-05-17,255.569418,258.670589,255.551475,256.196808,100353000
2019-05-20,254.601417,256.304372,253.758898,254.502838,62877600
2019-05-21,256.187923,257.173853,255.936962,256.797424,46847100
2019-05-22,255.84728,256.958676,255.533571,256.008606,49482500
2019-05-23,253.794719,253.839523,251.47332,252.880508,98733800
2019-05-24,254.314521,254.726836,252.835641,253.454086,55268100
2019-05-28,253.73194,254.682009,251.078916,251.096832,70029400
2019-05-29,249.985537,250.388854,248.013678,249.411896,104972900
2019-05-30,250.164724,250.998299,248.999553,250.093033,62523800
2019-05-31,247.55649,248.381066,246.696028,246.722916,86862800
2019-06-03,246.758784,247.870181,244.76901,246.095535,96428000
2019-06-04,248.381057,251.571862,247.93291,251.437424,77231900
2019-06-05,253.050793,253.642351,251.24926,253.615463,71169700
2019-06-06,253.911247,255.936854,253.265914,255.264633,69430400
2019-06-07,256.277434,258.894625,256.107136,257.819061,74272200
2019-06-10,259.36071,260.660347,258.912562,259.002197,60799100
2019-06-11,260.812705,261.180189,258.29412,258.939453,58641300
2019-06-12,258.706343,259.262041,257.971375,258.482269,47096300
2019-06-13,259.387593,259.907459,258.688485,259.54892,48945200
2019-06-14,259.262115,259.862617,258.50026,259.262115,52324700
2019-06-17,259.495126,260.122543,259.190389,259.360687,39205700
2019-06-18,261.17133,263.125245,260.81279,262.076569,85434800
2019-06-19,262.210911,263.19684,261.242925,262.66803,78674400
2019-06-20,265.338997,265.580986,262.730777,265.177643,116570000
2019-06-21,264.909295,266.16119,264.576058,264.792206,83309500
2019-06-24,264.999369,265.314576,264.314864,264.467987,47582700
2019-06-25,264.521978,264.548996,261.76598,261.874054,82028700
2019-06-26,262.76572,263.270084,261.50481,261.612885,51584900
2019-06-27,262.369431,263.044922,261.991172,262.540558,40355200
2019-06-28,263.513254,264.386889,262.999902,263.891541,59350900
2019-07-01,267.205949,267.422125,265.089408,266.287292,78705600
2019-07-02,266.242231,267.034811,265.40463,266.980774,61504500
2019-07-03,267.656271,269.133357,267.512163,269.115326,40898900
2019-07-05,267.890425,268.971221,266.602497,268.809082,51677300
2019-07-08,267.503219,268.629036,266.791694,267.332092,45841800
2019-07-09,266.17921,267.962487,266.125173,267.665283,41101300
2019-07-10,268.728035,269.889886,268.196653,268.944183,58448500
2019-07-11,269.583692,269.817843,268.574964,269.574677,50826100
2019-07-12,270.061013,270.853592,269.754794,270.781525,40326000
2019-07-15,271.213957,271.213957,270.36734,270.871704,33900000
2019-07-16,270.781458,270.988619,269.691675,269.997894,36650100
2019-07-17,269.970937,270.133048,268.160614,268.160614,36036300
2019-07-18,267.665337,269.520682,267.224025,269.142395,51392600
2019-07-19,270.232119,270.259137,267.476121,267.647247,58678600
2019-07-22,268.043521,268.845116,267.530169,268.304718,43638100
2019-07-23,269.421607,270.223175,268.592994,270.223175,44564500
2019-07-24,269.466632,271.493103,269.376561,271.493103,47213200
2019-07-25,271.042723,271.09676,269.394511,270.196106,55394100
2019-07-26,270.880561,272.204523,270.754457,272.006378,45084100
2019-07-29,271.889395,272.006485,270.961723,271.511108,38126500
2019-07-30,270.114986,271.249818,269.736699,270.844513,45849000
2019-07-31,271.087764,271.276921,265.872999,267.881439,104245200
2019-08-01,268.034519,270.979646,264.756126,265.548706,142646600
2019-08-02,264.657039,264.900205,262.0001,263.549225,116749700
2019-08-05,259.469394,259.577468,253.732233,255.623611,178745400
2019-08-06,257.505909,259.424305,256.037839,259.20813,120711700
2019-08-07,256.145896,260.126798,254.020367,259.361237,140572300
2019-08-08,260.847366,264.449982,260.297981,264.449982,87713900
2019-08-09,263.513179,264.107614,260.874271,262.64856,93730000
2019-08-12,261.153484,262.639557,258.505561,259.451263,65527600
2019-08-13,259.154034,264.927227,258.811782,263.486176,94299800
2019-08-14,259.451341,260.054763,255.569525,255.695602,135622100
2019-08-15,256.578193,257.262698,254.335574,256.371033,99556600
2019-08-16,258.019355,260.586196,256.42518,260.1539,83018300
2019-08-19,263.162009,263.963576,262.486518,263.288086,53571800
2019-08-20,262.783752,263.315135,261.144583,261.27066,51596400
2019-08-21,263.423167,263.765392,262.738662,263.396149,49524700
2019-08-22,264.098716,264.729158,261.549851,263.315125,51666400
2019-08-23,262.018152,263.675351,255.308272,256.551178,149161500
2019-08-26,258.730788,259.388275,257.208681,259.388275,72423800
2019-08-27,260.775271,261.144543,257.613968,258.370514,66668900
2019-08-28,257.712992,260.3519,256.911397,260.189789,59696700
2019-08-29,262.738757,264.0357,261.739016,263.513306,57899400
2019-08-30,264.990296,265.008299,262.468477,263.396149,62901200
2019-09-03,261.703014,262.612656,260.532147,261.85611,69101400
2019-09-04,264.017664,264.84625,263.270106,264.828247,46887300
2019-09-05,267.305055,269.142369,264.792223,268.232727,83258100
2019-09-06,268.547982,269.079364,267.872492,268.43988,49584300
2019-09-09,269.421598,269.511642,267.638294,268.574982,51260300
2019-09-10,267.81832,268.574893,266.566426,268.511841,57947100
2019-09-11,268.818163,270.502381,268.169691,270.421326,68821100
2019-09-12,271.321876,272.411659,270.565331,271.35791,72908700
2019-09-13,271.79931,272.150578,270.808585,271.177856,62104800
2019-09-16,270.051964,271.22283,269.700723,270.340179,58191200
2019-09-17,270.142069,271.114763,269.970942,271.024719,41475500
2019-09-18,270.637476,271.294964,268.611005,271.18689,73375800
2019-09-19,271.574098,272.564822,270.835555,271.168793,76560500
2019-09-20,271.769603,272.05012,269.100421,269.887604,89565000
2019-09-23,269.2271,270.53909,268.973753,269.82428,43476800
2019-09-24,270.909985,271.299047,266.74784,267.70694,94869400
2019-09-25,267.788443,269.733785,266.313593,269.290436,71854000
2019-09-26,269.299529,269.507618,267.327043,268.729492,56179700
2019-09-27,269.480396,269.588997,265.734486,267.281708,84746600
2019-09-30,267.797553,269.227146,267.752324,268.521393,51662400
2019-10-01,269.398928,270.050394,265.110124,265.327271,88242400
2019-10-02,263.752939,263.761996,259.355562,260.640381,122539500
2019-10-03,260.414181,262.8029,257.708799,262.775757,85278800
2019-10-04,263.427314,266.585103,263.373,266.331757,65091200
2019-10-07,265.535416,267.155039,264.902036,265.182526,59610500
2019-10-08,263.336702,264.069598,261.029413,261.065613,95708100
2019-10-09,263.074338,264.476786,262.450014,263.54483,62359400
2019-10-10,263.463359,266.20494,263.300499,265.327271,55296300
2019-10-11,268.068824,270.303712,267.951221,268.077881,98720400
2019-10-14,267.761274,268.430855,267.435555,267.779388,40394800
2019-10-15,268.819915,271.172434,268.702285,270.430481,46754500
2019-10-16,269.969103,270.683913,269.561954,269.996246,48928200
2019-10-17,271.154309,271.661002,270.104722,270.792389,45736600
2019-10-18,270.258644,270.901054,268.756651,269.607178,64304000
2019-10-21,270.919062,271.633844,270.484742,271.434784,39048600
2019-10-22,271.968662,272.258208,270.457639,270.548126,48594700
2019-10-23,270.294767,271.389583,270.08665,271.335297,34352200
2019-10-24,272.267232,272.412006,270.955242,271.778625,35453100
2019-10-25,271.208574,273.434434,271.154288,272.891541,45205400
2019-10-28,274.103968,274.927351,274.076825,274.429688,42147000
2019-10-29,274.158294,275.271224,274.031607,274.348297,44284900
2019-10-30,274.547413,275.560799,273.24448,275.18985,49643900
2019-10-31,275.180715,275.180715,273.00917,274.456848,69053800
2019-11-01,275.895578,277.04468,275.73269,276.999451,71141500
2019-11-04,278.546594,278.682311,277.741298,278.112274,60606900
2019-11-05,278.311442,278.610045,277.515202,277.804749,42933200
2019-11-06,277.804729,278.139505,276.927059,277.868073,46487100
2019-11-07,279.198136,280.175321,278.374753,278.845245,54272300
2019-11-08,278.501398,279.587185,277.804702,279.532898,49032100
2019-11-11,278.157615,279.171001,278.021871,278.999084,35797300
2019-11-12,279.360955,280.482914,278.818062,279.587158,46484600
2019-11-13,278.601035,280.075885,278.374832,279.677765,53917700
2019-11-14,279.3972,280.166296,278.76382,280.084839,51219900
2019-11-15,281.414879,282.156832,280.72724,282.111603,62023600
2019-11-18,281.876353,282.554962,281.423946,282.319702,49228000
2019-11-19,282.916922,282.925978,281.595902,282.238312,67804700
2019-11-20,281.650154,282.165904,279.641468,281.18869,79406200
2019-11-21,281.297335,281.405909,279.940116,280.736328,54664700
2019-11-22,281.478256,281.613973,280.356297,281.360626,44850200
2019-11-25,282.283554,283.541229,282.283554,283.541229,48647200
2019-11-26,283.577415,284.364598,283.260725,284.183624,37569000
2019-11-27,284.663168,285.450378,284.446022,285.450378,44444600
2019-11-29,284.88939,285.133707,284.165551,284.391754,36592700
2019-12-02,284.645134,284.708478,281.550689,281.975952,75767800
2019-12-03,279.270513,280.166296,277.895207,280.084839,73941700
2019-12-04,281.125349,282.410168,280.781516,281.812988,49080000
2019-12-05,282.509733,282.527819,281.016769,282.319702,40709000
2019-12-06,284.219858,285.296588,284.210801,284.898468,48927000
2019-12-09,284.509379,285.178931,283.930285,284.002686,34838500
2019-12-10,283.948347,284.608843,283.034477,283.685944,52649800
2019-12-11,284.138382,284.744618,283.604545,284.491272,53429100
2019-12-12,284.500323,287.721455,284.26509,286.943329,96389600
2019-12-13,286.707997,288.336676,285.9389,287.115173,81503900
2019-12-16,288.834331,289.6758,287.051848,289.087677,82749700
2019-12-17,289.467783,289.766359,289.069663,289.151093,61097700
2019-12-18,289.540105,289.766308,289.114842,289.169128,48133000
2019-12-19,289.359162,290.426862,289.105815,290.354462,85310500
2019-12-20,291.381984,292.754978,290.409095,291.627502,147142100
2019-12-23,292.409451,292.464004,291.927543,292.073029,52990000
2019-12-24,292.300306,292.345758,291.78202,292.082092,20270000
2019-12-26,292.463916,293.645973,292.454843,293.636871,30911200
2019-12-27,294.364302,294.418856,293.036789,293.564148,42528800
2019-12-30,293.645929,293.782313,291.46368,291.945587,49729100
2019-12-31,291.445571,292.900395,291.100047,292.654877,57077300
2020-01-02,294.182479,295.409988,293.264116,295.391785,59151200
2020-01-03,292.018483,294.273462,291.963929,293.15506,77709700
2020-01-06,291.409181,294.355207,291.290972,294.273376,55653900
2020-01-07,293.709619,294.182453,293.000396,293.445953,40496400
2020-01-08,293.636924,296.219224,293.391434,295.009918,68296000
2020-01-09,296.564725,297.08301,295.982784,297.010254,48473300
2020-01-10,297.592105,297.746664,295.691752,296.155457,53029300
2020-01-13,296.773937,298.201457,296.346583,298.192383,47086800
2020-01-14,297.755846,298.801491,297.183007,297.737671,62832800
2020-01-15,297.646716,299.165167,297.564886,298.410492,72056600
2020-01-16,299.783522,300.892822,299.556207,300.892822,54050300
2020-01-17,301.602,302.038428,300.829122,301.829315,95846000
2020-01-21,300.874582,302.038436,300.801854,301.238281,77742400
2020-01-22,302.093018,302.738614,301.12013,301.274689,48914900
2020-01-23,300.629117,302.029387,299.519817,301.620209,51963000
2020-01-24,302.27493,302.35676,297.655865,298.937927,87578400
2020-01-27,293.718764,295.619117,293.382342,294.146118,84062500
2020-01-28,295.564521,298.101368,294.237007,297.228485,63834000
2020-01-29,298.583219,298.810534,296.782872,296.98291,53888900
2020-01-30,294.928053,298.155948,294.18248,297.946808,75491800
2020-01-31,297.32848,297.483066,291.627421,292.536682,113845600
2020-02-03,294.009748,296.564771,293.891539,294.709869,69083000
2020-02-04,298.30147,300.065439,297.983222,299.20163,62573200
2020-02-05,302.120247,302.865848,300.665451,302.656708,65951100
2020-02-06,303.611546,303.866139,302.602252,303.675201,50359700
2020-02-07,302.620409,303.684229,301.511109,302.056671,64139400
2020-02-10,301.174619,304.375209,301.138241,304.311554,42070000
2020-02-11,305.65735,306.439301,304.311633,304.83902,54864500
2020-02-12,306.266551,307.012152,305.902852,306.80304,43992700
2020-02-13,305.384553,307.439492,305.111785,306.475677,54501900
2020-02-14,306.884845,307.084883,305.693714,306.966675,64582200
2020-02-18,305.975529,307.030275,304.793473,306.175568,57226200
2020-02-19,307.139444,308.312371,306.857575,307.639526,48814700
2020-02-20,307.093937,307.912295,303.402338,306.375641,74163400
2020-02-21,305.030034,305.339179,302.402254,303.220612,113788200
2020-02-24,293.818824,303.293314,292.091204,293.164154,161088400
2020-02-25,294.546243,295.155433,283.407787,284.28067,218913200
2020-02-26,285.671769,289.24516,282.507557,283.234955,194773800
2020-02-27,277.743079,283.289581,270.514465,270.514465,284353500
2020-02-28,262.503763,270.859878,259.630494,269.377777,384975800
2020-03-02,271.150782,281.107204,267.741052,281.043549,238703600
2020-03-03,281.416444,285.362636,270.568961,272.996674,300139100
2020-03-04,278.343144,284.689799,275.806296,284.471558,176613400
2020-03-05,277.306616,280.47993,272.787584,275.015259,186366800
2020-03-06,266.549928,271.669073,263.894901,270.468842,228667200
2020-03-09,250.319599,258.402944,248.637488,249.34671,309417300
2020-03-10,258.812169,262.34008,248.682984,262.249176,276444100
2020-03-11,255.229724,256.357199,246.300769,249.464981,255316300
2020-03-12,232.770919,242.463649,225.205858,225.596848,392220700
2020-03-13,239.217555,246.846271,225.969625,244.882263,329566100
2020-03-16,219.295716,233.58931,215.822344,218.086411,297240000
2020-03-17,222.80542,232.925518,215.558619,229.861298,262070500
2020-03-18,214.813002,225.833246,207.329785,218.222733,327597100
2020-03-19,217.540783,224.933082,211.148676,218.686447,289322000
2020-03-20,221.819943,223.594285,208.98799,209.262375,347158800
2020-03-23,208.704448,210.067205,199.622381,203.911896,326025200
2020-03-24,214.402452,223.255867,213.8354,222.386978,235494500
2020-03-25,223.960095,234.459806,219.277305,225.716141,299430300
2020-03-26,228.213045,240.359026,227.783178,238.895676,257632800
2020-03-27,231.642828,238.538968,229.612397,231.780014,224341200
2020-03-30,233.865305,240.020614,231.880607,239.30722,171369500
2020-03-31,238.310296,240.843751,234.3409,235.74025,194881100
2020-04-01,226.804548,235.657963,223.072945,225.130814,189554600
2020-04-02,224.252792,231.103199,223.704022,230.32579,177660400
2020-04-03,229.347133,231.688542,224.28021,226.996597,135561200
2020-04-06,235.822579,244.200393,226.978319,242.243118,188061200
2020-04-07,250.794759,251.544745,242.27063,242.490128,201427200
2020-04-08,245.078462,252.431922,242.599881,250.630142,153774500
2020-04-09,253.876935,257.18784,251.947125,254.444016,189999200
2020-04-13,253.474618,253.813018,248.233901,252.120987,114839100
2020-04-14,256.986594,260.571842,251.983687,259.556641,134143400
2020-04-15,253.867879,259.69393,251.93804,254.041656,121775000
2020-04-16,255.312901,256.11776,252.212393,255.267181,131798300
2020-04-17,261.010763,262.766794,258.285222,262.163177,146684800
2020-04-20,258.477477,262.300561,257.325089,257.544586,100109300
2020-04-21,253.099516,254.29765,248.791691,249.724609,126385700
2020-04-22,254.581225,257.004932,253.264187,255.267181,92951600
2020-04-23,256.538472,259.693882,254.947062,255.248871,104709700
2020-04-24,256.757988,259.474376,254.718402,258.806702,85063200
2020-04-27,260.773052,263.654062,260.315748,262.538239,77896600
2020-04-28,266.16922,266.516775,261.029127,261.330963,105270000
2020-04-29,266.635706,269.699649,265.61135,268.172241,118745600
2020-04-30,266.800335,268.272868,263.946762,265.675385,122901700
2020-05-01,260.946862,265.840021,257.480489,258.642059,125180000
2020-05-04,256.767112,259.657277,255.294606,259.355469,80873200
2020-05-05,262.163355,264.550469,259.483531,261.75177,79569900
2020-05-06,263.443759,263.827879,259.547519,259.977386,73632600
2020-05-07,263.178562,265.035216,262.611509,263.114532,75250400
2020-05-08,266.233261,267.934446,265.108283,267.467987,76452400
2020-05-11,265.54724,268.894708,265.126529,267.522797,79514200
2020-05-12,268.702741,269.114297,262.053521,262.190735,95870800
2020-05-13,261.632825,262.666337,255.139101,257.55368,144721100
2020-05-14,255.129964,260.763925,249.678879,260.635895,121977900
2020-05-15,258.257864,261.879704,257.315818,261.833984,111146300
2020-05-18,268.025981,271.410043,267.705891,269.809479,119703800
2020-05-19,269.214919,270.916077,267.019865,267.038147,95189300
2020-05-20,270.559444,272.43438,270.330792,271.574646,85861700
2020-05-21,271.446582,272.251441,268.61129,269.699677,78293900
2020-05-22,269.416118,270.3856,268.181391,270.211823,63958200
2020-05-26,276.147624,276.385431,270.230108,273.540985,88951400
2020-05-27,276.321422,277.647615,271.519729,277.611023,104817400
2020-05-28,278.635474,280.638468,276.431264,277.098938,90405200
2020-05-29,276.63228,278.9188,273.897612,278.333466,119090800
2020-06-01,277.693339,280.062171,277.181161,279.458527,55758300
2020-06-02,280.373051,281.818147,279.046886,281.7724,74267200
2020-06-03,283.747967,286.473508,283.473595,285.522308,92567600
2020-06-04,284.543717,286.27234,282.687064,284.772369,75794400
2020-06-05,290.141144,293.83614,290.077114,292.070953,150524700
2020-06-08,292.875867,295.79347,292.336252,295.60141,73641200
2020-06-09,292.949009,295.674552,292.089275,293.397186,77479200
2020-06-10,293.973435,294.860607,291.046677,291.760071,95000800
2020-06-11,284.863874,285.494956,274.391626,274.940369,209243600
2020-06-12,281.91878,282.687047,273.101972,278.23291,194678900
2020-06-15,272.571504,281.955392,271.400806,280.830414,135782700
2020-06-16,288.540579,288.686919,281.397491,286.235748,137627500
2020-06-17,287.251054,287.543735,284.315141,285.046844,83398900
2020-06-18,283.537648,285.63208,283.080344,285.156494,80828700
2020-06-19,288.606956,288.799861,281.588586,283.526917,135549600
2020-06-22,282.929816,285.740831,281.790719,285.345825,74649400
2020-06-23,287.982196,288.910024,286.255162,286.659363,68471200
2020-06-24,284.629216,285.244712,277.519006,279.347076,132813500
2020-06-25,278.777497,282.608208,276.765689,282.341797,89468000
2020-06-26,281.248696,281.459992,275.057118,275.635834,127961000
2020-06-29,276.885222,279.824832,274.607002,279.687042,79773300
2020-06-30,279.255171,284.959901,279.09902,283.269592,113394800
2020-07-01,284.381252,286.512488,283.921936,285.253937,72396500
2020-07-02,288.67117,290.012395,286.163321,286.824738,69344200
2020-07-06,290.62793,291.831337,289.88384,291.252594,61713800
2020-07-07,289.718506,291.684367,287.872045,288.248688,82910000
2020-07-08,289.011109,290.563601,287.256544,290.453369,54638600
2020-07-09,291.059695,291.298549,285.400912,288.799866,83354200
2020-07-10,288.735512,292.015038,287.311642,291.748627,57550400
2020-07-13,294.081958,296.452018,288.57016,289.222382,102997500
2020-07-14,287.807628,293.742016,286.613416,292.970367,93657000
2020-07-15,296.176511,296.755255,293.29199,295.662079,87196500
2020-07-16,293.769691,295.138445,293.126636,294.688324,54622500
2020-07-17,295.689587,296.323446,293.723699,295.542603,62774900
2020-07-20,295.276228,298.675182,294.532138,297.931091,56308800
2020-07-21,299.887745,300.32867,297.581967,298.564911,57292200
2020-07-22,298.206645,300.576734,298.096413,300.264374,57792900
2020-07-23,299.906112,300.604282,295.322143,296.681702,75738000
2020-07-24,294.835277,295.790635,293.273589,294.770966,73766600
2020-07-27,295.46,297.095166,294.669961,296.920624,48293000
2020-07-28,296.194781,297.306347,294.743354,295.037323,57495000
2020-07-29,295.910056,299.226335,295.873302,298.665955,48454200
2020-07-30,295.70793,298.013707,293.631838,297.600311,61861700
2020-07-31,299.382478,300.053091,295.184319,299.952026,84986800
2020-08-03,301.605625,302.799837,301.063635,302.037384,53077900
2020-08-04,301.183036,303.204041,301.183036,303.204041,41917900
2020-08-05,304.499309,305.344463,304.232897,305.087219,42697700
2020-08-06,304.508505,307.246014,304.186978,307.126587,43679400
2020-08-07,306.162001,307.63182,305.261731,307.347046,57308300
2020-08-10,307.797205,308.449426,305.86807,308.265717,44282100
2020-08-11,309.441581,310.07544,304.9954,305.7211,69601100
2020-08-12,308.146285,310.755199,308.118727,309.983551,53774400
2020-08-13,309.221056,310.727628,308.504524,309.423157,41816100
2020-08-14,309.037368,309.965196,308.31164,309.432373,47260400
2020-08-17,310.442841,310.810289,309.441534,310.415283,35481000
2020-08-18,310.810239,311.508409,309.220994,311.085846,38733900
2020-08-19,311.46254,311.976973,309.230269,309.790649,68054200
2020-08-20,308.072707,311.232806,307.944113,310.755127,42207800
2020-08-21,310.424509,312.078037,310.084591,311.857574,55106600
2020-08-24,314.282746,315.091148,311.830012,315.01767,48588700
2020-08-25,315.578035,316.202699,314.420549,316.120026,38463400
2020-08-26,316.707889,319.555629,316.165899,319.289246,50790200
2020-08-27,320.152833,321.429718,318.333929,319.987457,58034100
2020-08-28,321.007155,322.183004,319.822111,322.054382,48588900
2020-08-31,321.843081,322.715766,320.658037,320.887695,66099200
2020-09-01,321.714457,324.01104,320.823382,323.910004,54908700
2020-09-02,325.811575,329.559585,324.672451,328.595032,69540000
2020-09-03,326.913907,327.382419,314.714463,317.286652,148011100
2020-09-04,317.966437,319.528096,307.622621,314.696106,139156300
2020-09-08,309.312933,314.760448,305.794581,306.097717,114465300
2020-09-09,310.084547,314.595038,309.221029,312.142303,91462300
2020-09-10,314.007072,314.659293,305.766935,306.722321,90569500
2020-09-11,308.495251,309.551673,304.067435,306.878448,84680200
2020-09-14,310.029487,312.684351,307.025567,310.920563,65605700
2020-09-15,313.364048,314.190812,310.929676,312.491364,52920900
2020-09-16,313.722346,315.146215,310.975614,311.251221,82096000
2020-09-17,306.41916,310.222313,305.895532,308.513641,91523300
2020-09-18,309.315189,309.425862,302.490099,304.961884,105877900
2020-09-21,300.396456,301.715353,296.734883,301.56778,99450800
2020-09-22,303.04352,305.192491,300.544039,304.639099,63612100
2020-09-23,305.192483,305.469193,297.076163,297.574219,93112200
2020-09-24,296.264413,301.410891,294.954721,298.367279,76681300
2020-09-25,297.51884,303.975012,296.651894,303.191071,71069400
2020-09-28,307.332317,308.937128,306.345438,308.226959,64584600
2020-09-29,308.024042,308.761879,305.856607,306.54834,51304000
2020-09-30,307.212383,312.008408,307.018706,308.872559,104081100
2020-10-01,311.454934,312.423349,308.98315,310.855438,88698700
2020-10-02,305.930323,310.827789,305.459936,307.904053,89431100
2020-10-05,309.951577,313.548581,309.905472,313.364136,45713100
2020-10-06,313.50254,315.58697,308.402164,308.909424,90128900
2020-10-07,311.851586,315.088905,311.823918,314.286499,56999600
2020-10-08,316.214066,317.136376,315.30096,317.071808,45242500
2020-10-09,318.713532,320.364475,318.0956,319.90332,59528600
2020-10-12,322.430447,326.516275,321.941624,325.049805,80388500
2020-10-13,324.911428,325.086669,321.969256,322.928467,73255500
2020-10-14,323.500336,324.588655,320.170809,320.899414,57727900
2020-10-15,317.007304,320.98246,316.472377,320.502869,60357700
2020-10-16,321.849385,323.500329,320.133902,320.309143,89501900
2020-10-19,321.563394,322.190558,314.544628,315.43927,68425600
2020-10-20,316.776714,319.931028,316.020441,316.702942,60051900
2020-10-21,316.656788,318.815019,315.799046,316.103424,63575000
2020-10-22,316.315444,318.41831,314.18491,317.83725,55399300
2020-10-23,319.054723,319.110059,316.472266,318.916382,49143900
2020-10-26,315.549978,316.333948,309.54573,313.022858,91473000
2020-10-27,313.364183,313.696201,311.731676,311.943817,65994100
2020-10-28,306.299199,311.971401,300.793007,301.28183,127094300
2020-10-29,301.512434,307.498218,299.833823,304.343933,90597700
2020-10-30,302.776014,304.076475,297.537299,301.171204,120287300
2020-11-02,304.546875,306.53904,301.816816,304.546875,86068300
2020-11-03,307.765747,311.97148,304.629898,309.92395,93294200
2020-11-04,314.378651,320.908623,313.207327,316.850464,126959700
2020-11-05,322.107658,324.828485,321.757175,323.029968,82039700
2020-11-06,322.744096,324.201363,320.64123,322.956238,74973000
2020-11-09,335.693224,336.071375,326.553127,327.014282,172304200
2020-11-10,326.027472,327.586179,323.279005,326.53476,85552000
2020-11-11,328.711407,329.781291,327.475515,328.960449,58649000
2020-11-12,327.955097,329.006544,323.970738,325.769226,67546200
2020-11-13,327.669113,331.017103,327.152621,330.279266,62892200
2020-11-16,332.935629,334.595777,331.653604,334.4021,74541100
2020-11-17,332.003959,333.802475,330.500589,332.603455,66111000
2020-11-18,332.871071,333.415231,328.563869,328.600769,70591300
2020-11-19,327.973532,330.35308,326.636171,329.984161,59940900
2020-11-20,329.725913,329.928822,327.650715,327.724487,70417300
2020-11-23,329.522986,330.943352,327.300215,329.688995,63230600
2020-11-24,332.225454,335.545777,331.376944,335.001617,62415900
2020-11-25,334.918564,334.946232,333.396757,334.485077,45330900
2020-11-27,335.573311,335.886893,334.411192,335.416534,28514100
2020-11-30,334.641779,334.909257,331.266148,333.93161,83872700
2020-12-01,337.168931,339.114992,336.578639,337.583954,74231400
2020-12-02,336.477176,338.450905,335.905349,338.294128,45927000
2020-12-03,338.192672,339.585369,337.104353,338.201904,62882000
2020-12-04,338.782981,341.116425,338.690744,341.116425,50749900
2020-12-07,340.350928,340.90432,339.151936,340.415497,48944300
2020-12-08,339.151919,341.974186,339.105815,341.411591,42458900
2020-12-09,342.066396,342.223173,337.519414,338.349487,74098300
2020-12-10,336.984535,339.281079,336.117561,338.238892,57735400
2020-12-11,336.550995,338.248043,335.038421,337.842224,57698600
2020-12-14,340.000425,341.07028,336.154379,336.32962,69216200
2020-12-15,338.856756,340.876617,337.491755,340.876617,63865300
2020-12-16,341.088776,342.324669,340.21257,341.411591,58420500
2020-12-17,343.044119,343.52371,342.223249,343.320801,64119500
2020-12-18,343.607901,343.774618,339.949235,341.949921,136542300
2020-12-21,338.050471,350.545464,335.327318,340.727295,96386700
2020-12-22,341.051532,341.162676,339.032331,340.153076,47949000
2020-12-23,341.116333,342.357494,340.134519,340.45871,46201400
2020-12-24,340.931048,341.810989,340.34754,341.783203,26457900
2020-12-28,344.321146,345.108458,343.70058,344.719452,39000400
2020-12-29,346.238472,346.41446,343.478261,344.061798,53680500
2020-12-30,344.876864,345.580816,344.163668,344.552673,49455300
2020-12-31,344.35817,347.025751,343.848749,346.303284,78520700
2021-01-04,347.62777,347.757457,337.911503,341.588684,110210800
2021-01-05,340.949572,345.02503,340.903243,343.941315,66426200
2021-01-06,342.440854,349.174651,341.894375,345.99762,107997700
2021-01-07,348.359519,351.879227,348.183531,351.138245,68766800
2021-01-08,352.518352,353.351964,349.285777,353.138947,71677200
2021-01-11,349.980505,352.509127,349.860089,350.758545,51034700
2021-01-12,350.943784,351.842211,348.600365,350.832611,52547700
2021-01-13,350.758533,352.768462,349.980493,351.777405,45303600
2021-01-14,352.518309,353.018488,350.211977,350.54541,49989100
2021-01-15,348.933862,349.730416,346.136621,347.989105,107160000
2021-01-19,350.434303,351.258672,348.961582,350.721436,51233300
2021-01-20,353.000002,356.408594,352.610997,355.574982,61836100
2021-01-21,356.13073,356.556822,354.9822,355.89917,47840100
2021-01-22,354.055898,355.797237,353.676136,354.639435,52860500
2021-01-25,355.37116,356.390004,350.545421,356.038055,70402000
2021-01-26,356.982837,357.390386,355.25077,355.48233,42665300
2021-01-27,352.175621,352.268251,344.571185,346.794159,123351100
2021-01-28,348.600358,353.759531,348.165051,349.776703,94198100
2021-01-29,347.924194,348.887493,341.10704,342.774292,126765100
2021-02-01,346.155074,349.508065,343.06143,348.47995,75817600
2021-02-02,351.647648,354.954337,348.563275,353.407501,64450700
2021-02-03,354.231843,355.398916,352.416417,353.685364,52427100
2021-02-04,354.713581,357.751654,353.796611,357.705353,47142600
2021-02-05,359.567067,359.817142,357.659012,359.11319,48669800
2021-02-08,360.558106,361.752966,359.70598,361.706665,38365200
2021-02-09,360.872982,362.058598,360.465461,361.46579,35551100
2021-02-10,363.198044,363.346246,358.91881,361.308502,59154400
2021-02-11,362.382844,362.799664,359.47446,361.891937,42913300
2021-02-12,361.095404,363.92043,361.021289,363.679626,50593300
2021-02-16,364.902189,365.09672,362.651428,363.364624,50972400
2021-02-17,361.623301,363.698073,360.613672,363.447998,52290600
2021-02-18,360.854557,362.642197,359.141004,361.901215,59712800
2021-02-19,363.151657,363.43879,360.817509,361.262115,83241000
2021-02-22,358.511093,360.882269,358.214689,358.483307,67414200
2021-02-23,356.288178,360.261763,352.157147,358.918701,107284100
2021-02-24,357.834871,363.299718,356.853057,362.873627,72433900
2021-02-25,361.614085,362.975662,352.694372,354.130035,146670500
2021-02-26,356.000991,357.14025,350.332396,352.305267,152701600
2021-03-01,357.14955,362.086434,352.499826,360.845245,105348800
2021-03-02,361.067582,361.299143,357.529332,358.02951,79595300
2021-03-03,357.334843,358.298114,353.185269,353.28717,119940200
2021-03-04,353.101917,355.676868,344.450821,348.915314,183433000
2021-03-05,352.397938,356.380795,345.154749,355.334137,152039600
2021-03-08,356.288155,359.085395,353.287141,353.565002,123149200
2021-03-09,357.390452,361.150992,356.890273,358.613098,113633600
2021-03-10,360.947147,362.531012,359.539269,360.845245,109899400
2021-03-11,363.299834,366.467565,362.845956,364.503937,86245000
2021-03-12,363.15163,365.133773,362.345805,364.994843,64653600
2021-03-15,365.24491,367.430855,363.114565,367.171509,73427200
2021-03-16,367.782787,368.486712,365.939547,366.708344,73722500
2021-03-17,365.430212,368.755417,364.290924,367.958862,97959300
2021-03-18,365.383858,367.458631,361.928966,362.605133,115349100
2021-03-19,362.305878,363.876356,359.768946,361.934174,113624500
2021-03-22,362.445276,366.199557,362.389522,364.824219,73778600
2021-03-23,364.192224,365.632589,361.17208,361.952667,90686600
2021-03-24,363.34662,364.972852,360.06628,360.112732,97588600
2021-03-25,358.681705,362.928472,356.748797,362.138611,116128600
2021-03-26,363.281629,368.374069,362.686908,367.974487,114409100
2021-03-29,366.506261,368.690064,365.028716,367.788666,108107600
2021-03-30,366.524854,367.482007,365.223846,366.812927,76262200
2021-03-31,367.3798,369.851677,367.351923,368.299774,112734200
2021-04-01,370.223317,372.332791,370.018876,372.277008,99682900
2021-04-05,374.925408,378.159296,374.851078,377.6203,91684800
2021-04-06,377.062752,378.438062,376.728198,377.397278,62021000
2021-04-07,377.230053,378.177903,376.774717,377.834076,55836300
2021-04-08,379.079264,379.683287,378.149989,379.627533,57863100
2021-04-09,379.506842,382.554864,379.386031,382.387573,61104600
2021-04-12,381.792812,382.796416,381.188788,382.526947,56704900
2021-04-13,382.424629,384.28318,382.043623,383.660553,56551000
2021-04-14,383.632718,384.682804,381.811346,382.350342,61659900
2021-04-15,384.478433,386.727292,384.43198,386.457794,60229800
2021-04-16,387.740149,388.353474,386.32766,387.749451,82037300
2021-04-19,386.820178,387.266212,384.524866,385.844421,78498500
2021-04-20,384.63637,385.732908,381.551169,383.01944,81851800
2021-04-21,382.406122,386.848057,382.266708,386.643616,66793000
2021-04-22,386.476459,387.303499,382.053098,383.112457,97582800
2021-04-23,383.669944,388.66945,383.595614,387.266235,73209200
2021-04-26,387.916746,388.64158,387.331298,388.074707,52182400
2021-04-27,388.372095,388.567263,386.857372,387.991089,51303100
2021-04-28,388.260462,389.375603,387.414818,387.879456,51238900
2021-04-29,390.593061,390.964766,386.987468,390.35144,78544300
2021-04-30,388.093298,388.938942,386.894525,387.786621,85527000
2021-05-03,389.765976,390.146983,388.130471,388.622986,68128300
2021-05-04,386.643619,387.136133,382.554813,386.225433,101591200
2021-05-05,387.861037,388.093356,385.788742,386.346313,60162200
2021-05-06,386.420556,389.561511,384.422619,389.431427,74321400
2021-05-07,390.19339,392.91616,389.515009,392.265656,67733800
2021-05-10,392.618872,392.841889,388.260568,388.381378,81852400
2021-05-11,383.883649,385.90016,381.058644,384.915131,116888000
2021-05-12,382.145969,383.409771,375.427298,376.737579,134811000
2021-05-13,378.280156,383.18673,378.233676,381.263123,106394000
2021-05-14,383.9859,387.963198,383.958023,387.117554,82201600
2021-05-17,386.011695,386.94097,384.125239,386.132477,65129200
2021-05-18,386.392715,386.634335,382.647736,382.805725,59810200
2021-05-19,378.140744,381.978628,376.663171,381.802063,106467100
2021-05-20,382.675596,387.164012,382.554814,385.909485,78022200
2021-05-21,387.387031,388.622983,385.138201,385.593536,76578700
2021-05-24,387.823794,390.593045,387.582173,389.524384,51376700
2021-05-25,390.602339,390.955468,388.08401,388.660156,57451400
2021-05-26,389.245561,389.933215,388.214079,389.431427,43088600
2021-05-27,390.453692,390.964782,389.357126,389.635925,56707700
2021-05-28,391.197044,391.45724,390.100506,390.332825,58520200
2021-06-01,392.683907,392.823292,389.552253,389.989014,54216600
2021-06-02,390.639504,391.438696,389.635899,390.602325,49097100
2021-06-03,388.297762,390.286397,386.838793,389.152679,58138800
2021-06-04,390.992657,393.009197,389.217738,392.711823,55938800
2021-06-07,392.702546,392.87911,391.401566,392.330841,51555000
2021-06-08,393.185715,393.278648,390.593057,392.414429,47134300
2021-06-09,393.25077,393.325128,391.605962,391.828979,48436300
2021-06-10,393.046306,394.598209,391.736025,393.65033,51020100
2021-06-11,394.198727,394.412442,392.916322,394.300934,45570800
2021-06-14,394.412371,395.285892,393.176447,395.183685,42358500
2021-06-15,395.332322,395.369473,393.58528,394.458801,51508500
2021-06-16,394.598262,394.821279,390.221382,392.25647,80386100
2021-06-17,391.847571,393.102071,389.663769,392.126343,90949700
2021-06-18,388.859473,389.549378,386.631254,386.836365,118676300
2021-06-21,388.589099,392.560773,387.777989,392.374298,72822000
2021-06-22,392.365032,395.30182,391.647131,394.472046,57700300
2021-06-23,394.546675,395.348453,393.912708,393.996613,49445400
2021-06-24,396.131584,396.746887,395.87984,396.327362,45110300
2021-06-25,397.073171,398.182629,396.746855,397.735107,58129500
2021-06-28,398.257304,398.704797,397.063941,398.536987,53159600
2021-06-29,398.919275,399.553243,398.220038,398.751465,35970500
2021-06-30,398.294532,399.758274,398.266563,399.087006,64827900
2021-07-01,399.84216,401.455076,399.776891,401.29657,53441000
2021-07-02,402.452747,404.718268,401.380561,404.363983,57697700
2021-07-06,404.419854,404.634297,400.905035,403.62738,68710400
2021-07-07,404.307931,405.333484,402.303458,405.053772,63549500
2021-07-08,399.75831,402.508652,398.583583,401.753479,97595200
2021-07-09,403.254439,406.340401,401.557618,406.042053,76238600
2021-07-12,405.958175,407.748234,405.529318,407.49649,52889600
2021-07-13,406.713269,408.204979,405.846222,406.107269,52911300
2021-07-14,407.794838,408.27966,405.473381,406.713348,64130400
2021-07-15,405.380155,406.051424,403.431619,405.324219,55126400
2021-07-16,406.498884,406.545489,401.753402,402.144958,75874700
2021-07-19,397.343572,402.210261,393.4092,396.206146,147987000
2021-07-20,396.868079,403.151906,396.075605,401.883942,99608200
2021-07-21,403.077347,405.277626,401.837379,405.137756,64724400
2021-07-22,405.314816,406.228495,404.335896,405.986084,47878500
2021-07-23,407.906717,410.498553,407.226145,410.162933,63766600
2021-07-26,409.575609,411.179193,409.529005,411.169861,43719200
2021-07-27,410.134946,410.162915,406.480257,409.295868,67397100
2021-07-28,409.920495,410.498526,407.710912,409.128021,52472400
2021-07-29,410.05105,411.897017,410.041718,410.82486,47435300
2021-07-30,408.270286,410.274759,408.139749,408.829681,68951200
2021-08-02,410.535884,411.085946,407.617731,407.972015,58783300
2021-08-03,408.764418,411.412191,406.582803,411.290985,58053900
2021-08-04,410.013755,411.263054,409.034835,409.267914,46732200
2021-08-05,410.423937,411.943616,410.106953,411.859711,38969700
2021-08-06,412.176756,412.959898,411.897044,412.540344,46930000
2021-08-09,412.512364,412.829347,411.440206,412.204712,41222600
2021-08-10,412.652199,413.426037,411.971627,412.717468,43339300
2021-08-11,413.780282,413.836218,412.661492,413.742981,44034300
2021-08-12,413.5938,415.122811,412.698785,414.982941,38909400
2021-08-13,415.43051,415.756826,414.945716,415.73819,39470300
2021-08-16,414.44225,416.847611,412.894602,416.717102,73740000
2021-08-17,414.17195,414.843219,411.011415,413.985504,92673900
2021-08-18,412.978497,414.535477,409.211963,409.454346,89351900
2021-08-19,406.741308,411.281709,406.601467,410.088318,92812200
2021-08-20,410.433316,413.677757,409.948494,413.35144,72008700
2021-08-23,415.029559,417.891774,413.425975,416.987427,54973000
2021-08-24,417.649384,418.18081,417.136621,417.649384,38744700
2021-08-25,417.835852,419.038519,417.462904,418.525757,40529700
2021-08-26,418.246064,418.479143,415.961908,416.055145,57829600
2021-08-27,416.856963,420.148037,416.801027,419.775116,77235100
2021-08-30,420.446337,422.404205,420.203925,421.621063,48357400
2021-08-31,421.527826,421.863446,420.399732,420.996399,59300200
2021-09-01,421.928753,422.441516,420.987105,421.220184,48721400
2021-09-02,422.637319,423.317891,421.32275,422.516113,42501000
2021-09-03,421.387928,422.926243,420.987011,422.413452,47170500
2021-09-07,422.068593,422.16183,420.23193,420.903198,51671500
2021-09-08,420.371775,421.09898,418.479147,420.390411,56181900
2021-09-09,420.194618,421.938043,418.348623,418.591034,57970400
2021-09-10,420.511622,420.931147,415.169444,415.290649,89948200
2021-09-13,418.274051,418.535098,414.050634,416.353455,83738600
2021-09-14,417.789289,417.994399,413.220948,414.106659,78197100
2021-09-15,414.526163,418.059647,413.426038,417.565521,78792200
2021-09-16,417.043406,418.012994,413.966748,416.903564,77786700
2021-09-17,416.134782,416.555651,412.487079,412.842499,118425000
2021-09-20,406.74436,408.315662,401.113821,405.95871,166445500
2021-09-21,408.287567,409.578289,405.051428,405.575195,92526100
2021-09-22,407.838629,411.561144,405.687445,409.531525,102350100
2021-09-23,411.392749,416.106681,411.158924,414.507294,76396000
2021-09-24,412.879866,415.900902,412.664736,415.190063,62094800
2021-09-27,414.161335,415.321101,413.310207,414.00235,61371100
2021-09-28,411.24315,411.570512,404.929859,405.659393,130436300
2021-09-29,407.034339,408.764654,405.781037,406.342224,82329200
2021-09-30,407.810559,408.512036,401.038978,401.375702,140506000
2021-10-01,403.096594,407.81986,399.589211,406.14566,129240100
2021-10-04,404.985955,405.883838,398.775534,400.908051,128570000
2021-10-05,402.404427,407.314764,401.609443,405.079407,90682500
2021-10-06,401.497274,406.968799,399.879219,406.763031,113032200
2021-10-07,410.027264,413.104388,409.849554,410.279785,72437500
2021-10-08,411.046739,411.430216,408.904888,409.531525,74557400
2021-10-11,408.876849,411.776292,406.501172,406.56665,65233300
2021-10-12,407.483244,407.885417,404.780206,405.565857,71181200
2021-10-13,406.585401,407.838703,403.620507,407.024994,72974000
2021-10-14,410.672591,414.02099,410.20494,413.871338,70236800
2021-10-15,415.97569,417.388005,415.358387,417.023224,66260200
2021-10-18,415.246168,418.594538,414.591445,418.257843,62213200
2021-10-19,419.875989,421.55016,419.26802,421.484711,46996800
2021-10-20,421.943042,423.439532,421.83081,423.140228,49571600
2021-10-21,422.541548,424.468268,422.111317,424.243805,41305400
2021-10-22,423.813653,425.254027,421.868208,423.804291,58845100
2021-10-25,424.889172,426.404357,423.121465,426.076996,45214500
2021-10-26,427.620305,428.826824,426.086395,426.46051,56075100
2021-10-27,426.918754,427.582811,424.496296,424.571136,72438000
2021-10-28,425.992897,428.742689,425.983563,428.667877,51437900
2021-10-29,426.376332,429.8276,426.08639,429.537659,70162400
2021-11-01,430.51971,430.893853,428.555597,430.27655,48433600
2021-11-02,430.444934,432.324901,430.313978,432.016235,48908400
2021-11-03,431.455061,435.055982,431.015468,434.653809,52509800
2021-11-04,435.252321,436.786231,434.906264,436.702057,52847100
2021-11-05,438.91867,440.20003,436.711371,438.217194,66390600
2021-11-08,439.31154,439.807249,437.908587,438.591339,50405200
2021-11-09,438.956152,439.189977,435.738709,437.141663,51149100
2021-11-10,435.458124,437.141685,432.147174,433.624939,69429700
2021-11-11,435.112036,435.186876,433.746502,433.765198,34848500
2021-11-12,435.027893,437.590613,434.083229,437.038788,53466700
2021-11-15,438.320152,438.479137,436.06607,437.188416,46980500
2021-11-16,436.926503,440.050409,436.851691,438.918701,48857500
2021-11-17,438.656886,438.834595,437.235236,437.852539,47858300
2021-11-18,438.881252,439.601453,436.168881,439.339569,50625600
2021-11-19,439.227407,440.471375,438.189234,438.554016,57315600
2021-11-22,440.424639,442.903185,437.11366,437.319427,72762000
2021-11-23,436.991986,438.75036,434.401209,437.899231,73206500
2021-11-24,435.907002,439.189923,435.093294,439.068329,61858800
2021-11-26,432.427691,433.88676,428.153352,429.275726,112669600
2021-11-29,434.045825,436.374719,431.857221,434.541534,86268800
2021-11-30,432.109715,434.008377,425.843177,426.086365,148559600
2021-12-01,431.773043,434.607008,421.157354,421.35376,131939200
2021-12-02,421.568951,429.369371,421.176112,427.807404,127637800
2021-12-03,429.462828,430.519696,419.875978,424.084839,137331600
2021-12-06,426.619453,430.977965,424.215719,429.107361,98977500
2021-12-07,434.363783,438.544586,428.976432,437.983398,95484700
2021-12-08,438.376293,439.592174,436.627253,439.143219,72238800
2021-12-09,437.861878,439.246136,435.981939,436.178345,61272600
2021-12-10,438.871954,440.433893,436.32793,440.284241,77159800
2021-12-13,439.769854,440.115911,436.103456,436.384064,87724700
2021-12-14,433.129223,435.607769,430.472967,433.381744,97264100
2021-12-15,433.437886,440.39651,430.931254,440.153351,116899300
2021-12-16,441.995835,442.276415,434.728518,436.27179,116568600
2021-12-17,433.205453,436.199552,429.929789,431.628632,135511600
2021-12-20,426.569707,427.433193,423.434825,427.039001,107134800
2021-12-21,430.446042,434.763555,428.2873,434.622772,69806300
2021-12-22,434.369307,439.08101,434.172182,438.968384,58890200
2021-12-23,439.963282,443.192029,439.860051,441.699677,56439700
2021-12-27,443.069922,447.99751,443.023004,447.950592,56808600
2021-12-28,448.38237,449.405428,446.82431,447.584564,47274600
2021-12-29,447.687902,449.170859,446.693,448.157196,54503000
2021-12-30,448.579473,449.58377,446.458283,446.918182,55329000
2021-12-31,446.430224,447.575274,445.519792,445.791962,65237400
2022-01-03,447.049664,448.504494,444.75014,448.373077,72668200
2022-01-04,449.790325,450.503661,446.37385,448.22287,71178700
2022-01-05,447.856833,448.626482,439.522163,439.616028,104538900
2022-01-06,439.156085,441.906142,436.847137,439.203003,86858900
2022-01-07,439.212495,440.38573,436.115136,437.466705,85111600
2022-01-10,434.284841,437.138129,428.559446,436.922272,119362000
2022-01-11,436.659447,440.99572,433.674714,440.901855,74303100
2022-01-12,442.628905,444.140047,440.141651,442.093903,67605400
2022-01-13,443.192063,443.839691,434.979414,436.002472,91173100
2022-01-14,432.867479,436.527968,431.656693,436.180695,95890900
2022-01-18,431.50662,431.71311,427.34868,428.456207,109709100
2022-01-19,429.995492,431.384584,423.735095,424.007294,109357600
2022-01-20,425.884542,430.56809,417.202598,419.314423,122379700
2022-01-21,418.197403,420.543874,411.05476,411.082916,202271200
2022-01-24,405.498332,413.335551,394.920451,412.828705,251783900
2022-01-25,406.46507,412.716072,400.918009,407.788483,167997300
2022-01-26,413.654646,416.770766,402.522974,406.765411,186391100
2022-01-27,411.345745,414.471231,403.076783,404.756836,149878300
2022-01-28,406.108411,414.856061,401.546885,414.809143,164457400
2022-01-31,414.14267,422.627516,412.800496,422.280243,152251400
2022-02-01,423.002962,425.771809,419.492651,425.133575,123155400
2022-02-02,427.527003,429.9861,425.22745,429.263397,117361000
2022-02-03,423.256418,425.152357,418.338196,419.173553,118024400
2022-02-04,418.938965,424.974082,416.573703,421.144653,118454400
2022-02-07,421.904884,423.293977,418.469647,419.79306,84472900
2022-02-08,419.295591,424.166867,417.878313,423.24704,81012000
2022-02-09,427.26424,429.760889,427.067145,429.441772,92589900
2022-02-10,423.622531,429.601336,419.73679,421.726593,140103700
2022-02-11,421.811022,423.8759,411.984,413.410645,153214600
2022-02-14,412.903804,414.480626,408.605053,412.059052,123006300
2022-02-15,416.479835,418.873224,415.963594,418.704285,88482700
2022-02-16,416.66751,420.543884,414.799728,419.173553,84863600
2022-02-17,416.001129,419.145406,409.61874,410.219421,102259100
2022-02-18,410.472895,411.721234,405.301292,407.563293,132642900
2022-02-22,405.367016,408.755307,399.7073,403.189484,124391800
2022-02-23,406.089595,406.652754,395.474164,396.037323,132578000
2022-02-24,385.778658,402.429238,385.422018,401.997467,213942900
2022-02-25,403.226942,410.951535,401.584413,410.867065,121804500
2022-02-28,405.498345,411.289448,404.250035,409.815857,145615000
2022-03-01,408.323381,410.322578,400.880355,403.574127,137785900
2022-03-02,405.817448,412.716078,405.066589,410.998474,117726500
2022-03-03,413.420021,414.020703,407.159624,408.952332,105501700
2022-03-04,405.235571,406.75608,401.603239,405.629791,113978200
2022-03-07,405.047743,405.751684,393.60635,393.672058,137896600
2022-03-08,393.850477,400.97436,389.626829,390.687439,164772700
2022-03-09,399.031463,403.13309,396.853931,401.162048,116990800
2022-03-10,396.572283,400.242167,394.620032,399.350525,93972700
2022-03-11,401.828483,402.43856,393.766012,394.272858,95636300
2022-03-14,395.042511,398.477719,390.255704,391.391388,95729200
2022-03-15,393.991181,400.627007,392.72411,399.998169,106219100
2022-03-16,403.489766,408.924172,398.712326,408.867859,144954800
2022-03-17,406.962563,413.983215,406.587134,413.983215,102676900
2022-03-18,412.378859,418.837564,411.644487,418.517456,106345500
2022-03-21,418.348019,420.344003,414.902109,418.395111,88349800
2022-03-22,419.779103,424.223004,419.779103,423.290924,74650400
2022-03-23,420.767724,422.255288,417.754898,417.83963,79426100
2022-03-24,419.854412,424.147669,418.743444,424.138245,64736900
2022-03-25,424.769033,426.482578,422.198717,426.209534,77101300
2022-03-28,425.616414,429.241211,423.733405,429.241211,68529800
2022-03-29,433.1108,435.040901,430.436931,434.5513,86581500
2022-03-30,433.412064,434.221772,429.768447,431.868011,79666900
2022-03-31,431.105286,431.92439,424.768954,425.220886,121699900
2022-04-01,426.793228,426.934447,422.867172,426.426056,89048800
2022-04-04,426.623858,430.182743,425.804754,430.079163,59601000
2022-04-05,428.591542,431.048854,423.507425,424.646637,74214500
2022-04-06,420.748863,422.669511,417.528906,420.400482,106898000
2022-04-07,419.524913,424.326591,417.585417,422.51889,78097200
2022-04-08,421.765665,424.270069,419.854412,421.389069,79272700
2022-04-11,418.13143,418.969383,413.687558,414.186554,89770500
2022-04-12,417.161701,419.67553,411.107836,412.651917,84363600
2022-04-13,412.407094,418.131427,412.228206,417.378235,74070400
2022-04-14,417.604228,418.715225,412.077602,412.181183,97869500
2022-04-18,411.258468,414.026493,410.128651,412.350616,66002500
2022-04-19,412.246997,419.722543,412.077533,419.007019,77821000
2022-04-20,420.777095,421.389067,417.538318,418.69635,65224400
2022-04-21,422.302339,423.686351,411.531528,412.435364,85417300
2022-04-22,411.352678,412.454222,400.553622,401.11853,132471800
2022-04-25,398.887093,403.613434,394.339612,403.44397,119647700
2022-04-26,400.920736,401.118473,391.731674,391.759918,103996300
2022-04-27,392.833145,398.18091,390.73361,392.861389,122030000
2022-04-28,397.587819,404.507881,393.172162,402.784912,105449100
2022-04-29,398.811781,400.958409,387.155953,387.89975,145491100
2022-05-02,387.965652,391.590449,381.32803,390.23468,158312500
2022-05-03,390.733642,394.424323,389.180138,392.023499,100028200
2022-05-04,392.682591,404.526731,389.509726,403.961823,144247900
2022-05-05,399.715629,400.139317,385.489513,389.603882,172929100
2022-05-06,387.05243,390.535978,381.996556,387.278381,151770800
2022-05-09,381.403433,382.636802,373.30649,374.878815,155586100
2022-05-10,380.82902,382.326009,371.724691,375.744904,132497200
2022-05-11,374.784535,380.405315,369.03193,369.775726,142361000
2022-05-12,366.593562,372.647429,362.620413,369.389832,125090800
2022-05-13,373.504184,379.595719,372.468524,378.22113,104174400
2022-05-16,376.58288,380.339473,374.342095,376.686432,78622400
2022-05-17,382.749758,384.670435,379.030804,384.435059,83029700
2022-05-18,379.89699,380.17943,367.704498,368.937866,117674500
2022-05-19,365.887332,371.084453,364.465652,366.678192,98510700
2022-05-20,370.246528,373.805413,358.280018,366.838287,131432200
2022-05-23,369.851096,374.46449,367.544428,373.701874,76414900
2022-05-24,369.596965,372.035458,364.324535,370.849182,91448800
2022-05-25,369.36151,376.083864,368.966094,374.125519,91472900
2022-05-26,375.349531,383.229918,375.142399,381.601105,82168300
2022-05-27,384.048993,391.082031,383.851286,390.969055,84768700
2022-05-31,389.359058,392.098838,386.044973,388.77533,95937000
2022-06-01,390.884316,391.891704,383.126302,385.630707,86585800
2022-06-02,385.470637,393.02149,383.229853,392.974426,79609600
2022-06-03,388.276331,389.820411,385.555398,386.525146,71874300
2022-06-06,390.517115,392.240055,386.534542,387.702026,57508900
2022-06-07,384.227822,391.872831,383.766466,391.420898,59272400
2022-06-08,389.716874,391.496331,386.374545,387.165405,64350000
2022-06-09,385.395305,387.654909,377.957428,377.957428,86289800
2022-06-10,371.781148,372.628496,366.951227,366.998291,132893900
2022-06-13,357.630388,359.475728,351.463518,353.064087,170004900
2022-06-14,354.805876,355.832112,348.91205,352.000183,104011800
2022-06-15,355.28607,361.443516,350.352596,357.018463,125666800
2022-06-16,348.836767,349.241607,342.782872,345.202545,134473300
2022-06-17,345.615728,349.275084,342.457524,345.946655,111113900
2022-06-21,351.648456,356.035891,351.572794,354.655365,76811900
2022-06-22,350.447568,358.1067,350.031515,354.01239,90059400
2022-06-23,356.139941,358.210715,352.594049,357.482635,79292100
2022-06-24,360.640838,368.857854,360.612472,368.848389,98050300
2022-06-27,369.765611,370.058736,366.352113,367.439514,66009600
2022-06-28,368.990197,371.760713,359.818146,359.93161,86548900
2022-06-29,360.480183,361.463557,357.82313,359.638611,65676000
2022-06-30,355.76173,359.941168,352.282035,356.716766,112508300
2022-07-01,356.064266,360.924516,353.454481,360.489532,74839700
2022-07-05,355.421319,361.18931,352.603507,361.17038,81438000
2022-07-06,361.312202,364.867559,358.938838,362.390167,70426200
2022-07-07,364.158393,368.612025,362.40908,367.817749,64525900
2022-07-08,366.191375,369.377974,364.669019,367.515198,72397800
2022-07-11,364.848654,365.813126,362.626556,363.316833,58366900
2022-07-12,362.768416,365.141809,358.36205,360.101898,62219200
2022-07-13,354.683822,361.132626,354.267769,358.210785,84224600
2022-07-14,353.274847,358.418756,350.844751,357.34082,89704800
2022-07-15,361.728257,364.281311,359.827678,364.167847,79060400
2022-07-18,367.240935,367.912282,359.941124,361.160919,63203600
2022-07-19,365.066132,371.486568,364.413714,370.91922,78506000
2022-07-20,371.10834,374.692063,369.746715,373.283142,71843800
2022-07-21,372.706351,377.131618,370.314057,377.084351,64903900
2022-07-22,377.207339,378.39874,371.373151,373.585785,72197300
2022-07-25,374.209838,374.890651,371.808079,374.039642,53631500
2022-07-26,372.403829,372.611856,368.725571,369.61441,52946400
2022-07-27,372.895446,380.951731,372.602321,379.211884,82342100
2022-07-28,380.015628,384.658358,376.479172,383.968109,73966600
2022-07-29,385.395915,390.54929,384.630004,389.565887,87003700
2022-08-01,386.880441,390.908584,386.171263,388.412262,69997500
2022-08-02,386.852096,390.520917,384.677293,385.849792,63435400
2022-08-03,387.967855,393.055032,387.684195,391.891998,67820600
2022-08-04,391.816386,392.497198,389.99144,391.627289,45656600
2022-08-05,387.362768,391.608375,387.306037,390.965393,56814900
2022-08-08,392.648414,394.889413,389.414548,390.511414,53886100
2022-08-09,389.783397,390.284548,387.892254,388.960754,44931800
2022-08-10,395.98633,397.272321,394.038455,397.130463,68665700
2022-08-11,399.967176,401.820517,396.392918,397.130463,59489700
2022-08-12,399.059492,403.957545,398.113921,403.853546,61694500
2022-08-15,401.650226,406.03769,401.593494,405.517609,54048300
2022-08-16,404.449205,408.23149,403.645463,406.311981,59289000
2022-08-17,402.728326,406.122924,401.432898,403.42804,63563400
2022-08-18,403.626498,405.281247,402.340535,404.600464,49023200
2022-08-19,401.848871,402.11363,398.293514,399.163452,68016900
2022-08-22,394.350525,394.52075,389.953624,390.851929,77695600
2022-08-23,390.426333,392.809191,389.357833,389.906281,49105200
2022-08-24,389.679362,392.516076,388.998579,391.15448,49177800
2022-08-25,392.638998,396.723872,391.551596,396.676605,50942300
2022-08-26,396.563141,397.102094,383.192749,383.249481,103087000
2022-08-29,380.308682,383.750546,379.363111,380.715271,65370800
2022-08-30,381.868924,382.105317,374.446184,376.535889,85652400
2022-08-31,378.16227,379.400966,373.538442,373.670807,76029700
2022-09-01,371.505518,375.183776,368.810634,374.843384,78740100
2022-09-02,378.493301,379.703632,369.084855,370.8909,99632100
2022-09-06,371.732485,372.668592,367.278852,369.491486,76637400
2022-09-07,369.179319,376.895183,368.961856,376.129272,70964200
2022-09-08,373.869408,379.041655,372.668514,378.587799,80821700
2022-09-09,380.819319,385.329711,380.55456,384.469238,76706900
2022-09-12,386.530607,389.320053,386.228017,388.60141,69256300
2022-09-13,379.95889,381.159784,370.588304,371.704071,122947100
2022-09-14,372.999538,374.635387,369.831868,373.122467,85023700
2022-09-15,371.571618,374.408332,367.619138,368.8862,87633800
2022-09-16,364.723872,366.727209,362.796449,366.072083,103084800
2022-09-19,362.938835,368.910889,362.862862,368.910889,73278500
2022-09-20,365.597334,366.603755,361.93245,364.676361,77274900
2022-09-21,366.594226,369.632495,358.305499,358.315002,106746600
2022-09-22,357.545969,359.179033,354.564693,355.305267,89472600
2022-09-23,351.849217,351.887203,344.927707,349.352173,122346900
2022-09-26,347.890011,351.497931,344.680847,345.896149,92581200
2022-09-27,349.418612,351.67832,342.63001,345.013153,108294100
2022-09-28,345.962612,353.482284,344.272582,351.801758,110802200
2022-09-29,348.269711,348.554536,341.519098,344.452911,112952300
2022-09-30,343.513037,347.415315,338.993648,339.126556,153711200
2022-10-03,342.829377,349.92181,341.0539,348.079865,89756500
2022-10-04,353.577158,358.894114,348.041846,358.865631,103602800
2022-10-05,354.517184,360.280356,352.20051,358.030151,88065700
2022-10-06,356.634427,359.577745,353.843026,354.336761,82333500
2022-10-07,350.320538,354.422192,342.696413,344.452911,107789500
2022-10-10,345.563855,345.801219,339.591801,341.822998,76042800
2022-10-11,340.132931,344.680831,337.73081,339.658203,92482800
2022-10-12,340.06645,341.633045,338.290944,338.537811,76991800
2022-10-13,331.559375,348.934429,330.514968,347.47226,147254500
2022-10-14,349.921778,351.545368,338.917594,339.553741,123737000
2022-10-17,345.611299,349.380638,339.221453,348.279266,93168200
2022-10-18,356.169221,356.473053,348.94385,352.371399,97162900
2022-10-19,350.339583,353.055041,347.073454,349.874359,79746900
2022-10-20,349.428059,353.833546,346.180909,346.940491,88283100
2022-10-21,346.665155,355.855876,345.165028,355.371674,131038400
2022-10-24,356.890916,360.85013,354.251402,359.720276,85436900
2022-10-25,359.64425,365.777724,359.53032,365.464417,78846300
2022-10-26,362.331131,367.989876,362.074788,362.710907,104087300
2022-10-27,363.707923,365.540365,360.15694,360.774109,81971800
2022-10-28,360.669665,369.831905,360.489267,369.357178,100302000
2022-10-31,366.907594,368.768519,365.787244,366.689209,96631300
2022-11-01,370.420621,370.657984,363.916844,365.084656,85407600
2022-11-02,364.496007,368.986943,355.817998,355.922424,126990400
2022-11-03,352.694218,355.286242,350.149685,352.257477,87100100
2022-11-04,357.944685,359.720162,351.298498,357.327545,103505200
2022-11-07,358.618836,361.334294,356.54903,360.745636,68286900
2022-11-08,361.846926,365.654252,358.628288,362.691956,84641100
2022-11-09,360.726618,361.87548,354.726052,355.219788,78495500
2022-11-10,368.436202,375.072916,366.14804,374.740601,141455800
2022-11-11,375.59507,379.165032,373.715138,378.367493,93839900
2022-11-14,376.611034,379.953107,374.873515,375.148865,71903500
2022-11-15,380.874066,381.975438,374.550689,378.348511,93194500
2022-11-16,376.725013,377.674469,374.835606,375.46225,68508500
2022-11-17,370.724383,374.987458,370.42058,374.313324,74496300
2022-11-18,377.63647,377.702939,373.174046,376.012909,92922500
2022-11-21,374.69309,375.81344,372.813157,374.645599,51243200
2022-11-22,376.582486,379.848615,375.177282,379.687195,60429000
2022-11-23,379.354873,382.564037,379.127013,382.079834,68261600
2022-11-25,381.519718,382.545146,381.244397,381.994446,30545400
2022-11-28,378.918249,380.551314,375.139405,375.898987,67881600
2022-11-29,376.031827,377.218647,373.420825,375.253296,52310000
2022-11-30,375.5002,387.074066,373.591814,387.074066,144566700
2022-12-01,388.108882,389.276723,384.292082,386.789154,76398200
2022-12-02,381.91849,387.244922,381.814064,386.342957,85342700
2022-12-05,383.532555,384.463003,378.044703,379.392914,77289800
2022-12-06,379.231492,379.77266,371.844731,373.924011,77972200
2022-12-07,373.078991,375.642532,372.158018,373.287872,65927900
2022-12-08,375.167872,377.275635,373.392366,376.21225,60737900
2022-12-09,374.977894,377.522427,373.278361,373.401794,81447700
2022-12-12,374.189918,378.785309,373.525317,378.785309,75405800
2022-12-13,389.485657,389.742,378.899234,381.652649,123782500
2022-12-14,381.310813,385.004209,376.27871,379.212524,108111300
2022-12-15,374.370312,375.272306,368.284327,369.936371,117705900
2022-12-16,367.390639,368.725975,363.441858,365.568848,119858000
2022-12-19,365.759608,366.093449,360.809304,362.468933,79878100
2022-12-20,361.715379,364.576824,360.399109,362.964874,74427200
2022-12-21,365.54971,369.517585,365.015576,368.39209,78167400
2022-12-22,365.359004,368.373065,357.461414,363.136627,100120900
2022-12-23,362.116047,365.368561,360.57087,365.225494,59857300
2022-12-27,365.111065,365.454425,362.116071,363.785248,51638200
2022-12-28,363.718462,365.683349,359.035254,359.26416,70911500
2022-12-29,362.096923,366.598932,361.572307,365.730957,66970900
2022-12-30,363.06033,364.910706,360.952377,364.767639,84022200
2023-01-03,366.618028,368.582885,360.380067,363.231995,74850700
2023-01-04,365.482995,368.058308,362.449869,366.036224,85934100
2023-01-05,364.090384,364.204837,361.267099,361.858459,76970500
2023-01-06,364.939276,371.272623,361.887084,370.156647,104189600
2023-01-09,372.340924,375.517146,369.76564,369.946838,73978100
2023-01-10,369.364976,372.607942,368.430227,372.541168,65358100
2023-01-11,374.11505,377.329404,373.304301,377.253082,68881100
2023-01-12,378.350001,380.085923,374.296286,378.626587,90157700
2023-01-13,375.440835,380.667754,375.173768,380.095459,63903900
2023-01-17,380.076308,381.745485,378.721878,379.399078,62677300
2023-01-18,380.581859,381.64058,373.208856,373.409149,99632300
2023-01-19,371.377546,373.018109,369.374557,370.690826,86958900
2023-01-20,372.083354,377.749019,370.44279,377.596405,91806400
2023-01-23,378.397653,384.053772,377.443838,382.127075,84178800
2023-01-24,380.457906,382.623057,379.275184,381.716949,59524900
2023-01-25,377.663143,382.193765,375.383511,381.859924,84800300
2023-01-26,384.511617,386.218955,381.554783,386.056793,72287400
2023-01-27,385.017151,389.30932,384.80731,386.943848,68346200
2023-01-30,384.196791,386.419197,381.793187,382.088867,74202000
2023-01-31,382.604021,387.754619,382.260632,387.70694,86811800
2023-02-01,386.495537,394.564837,383.767639,391.827362,101459200
2023-02-02,395.699881,398.990556,393.811345,397.531219,101654500
2023-02-03,392.580877,397.712409,392.103969,393.305786,94736800
2023-02-06,390.863968,392.294691,389.252018,390.9021,60295300
2023-02-07,389.986498,397.254566,388.746549,396.014618,90990700
2023-02-08,394.049768,395.385104,390.997547,391.684296,76227500
2023-02-09,395.270632,395.423246,387.067814,388.288696,78694900
2023-02-10,387.115485,389.576345,386.304765,389.194824,70769700
2023-02-13,389.843383,393.897098,389.385541,393.76355,64913500
2023-02-14,392.246972,395.881006,389.643075,393.582336,88389300
2023-02-15,391.39821,394.936858,390.558848,394.860565,61555700
2023-02-16,389.910222,393.839937,389.290248,389.423767,76431500
2023-02-17,387.306277,388.689321,385.389098,388.450867,89257800
2023-02-21,384.444821,385.494024,380.400653,380.658173,82655900
2023-02-22,381.068357,382.604015,378.683818,380.133636,83742300
2023-02-23,383.014098,383.624554,377.949341,382.15567,96242400
2023-02-24,377.157679,378.903148,375.459889,378.073334,108194400
2023-02-27,381.402142,382.756573,378.426243,379.360992,80444700
2023-02-28,378.884125,380.839436,377.853989,377.958923,96438600
2023-03-01,377.148102,378.368985,375.211858,376.509033,99706800
2023-03-02,374.544209,380.276649,374.210368,379.437286,85127800
2023-03-03,381.249541,385.770645,380.600953,385.522644,90120000
2023-03-06,386.342903,388.632084,385.350956,385.789703,72795900
2023-03-07,385.741963,385.980417,379.26555,379.875977,108310600
2023-03-08,379.990481,381.249495,378.273596,380.496002,74746600
2023-03-09,381.278217,382.937876,372.493584,373.476013,111945300
2023-03-10,372.932253,375.002045,366.570321,368.086884,189253000
2023-03-13,364.176223,372.359975,363.069794,367.562256,157790000
2023-03-14,372.46495,375.278717,369.174274,373.638153,149752400
2023-03-15,368.06785,371.501563,365.988511,371.30127,172996900
2023-03-16,368.954842,378.159154,368.449321,377.815765,143254200
2023-03-17,376.490694,377.620485,372.019363,373.398102,140553400
2023-03-20,374.173634,377.400284,373.47471,376.988556,93055800
2023-03-21,380.339635,382.417326,378.750255,381.938599,91524200
2023-03-22,381.766329,385.366343,375.389671,375.427948,111746600
2023-03-23,378.281108,382.302433,373.742778,376.44281,119351300
2023-03-24,375.169401,378.999223,372.833206,378.913055,107682400
2023-03-27,381.182239,381.948221,378.731155,379.621582,74010400
2023-03-28,378.932252,379.621621,376.940757,378.769501,62871700
2023-03-29,382.915181,384.514144,381.718361,384.27478,77497900
2023-03-30,386.898234,387.147182,384.667375,386.524841,69840000
2023-03-31,387.443942,392.269526,387.338607,391.972717,112062600
2023-04-03,391.455768,393.868546,391.063208,393.466431,67391100
2023-04-04,394.107893,394.395148,389.914233,391.283417,66601500
2023-04-05,390.555781,391.312179,388.612147,390.258972,65200200
2023-04-06,389.464225,392.058951,388.420602,391.781281,63743300
2023-04-10,389.310983,392.259962,388.698227,392.18335,63681000
2023-04-11,392.805792,393.686634,391.522804,392.288757,59297900
2023-04-12,394.347246,394.6345,390.105724,390.689758,86420400
2023-04-13,391.771688,396.233435,390.632314,395.879181,85814800
2023-04-14,395.247225,397.430222,392.614222,394.912109,78161500
2023-04-17,394.826011,396.348362,393.600469,396.329224,66436400
2023-04-18,397.899448,398.033506,395.218583,396.587738,63560000
2023-04-19,394.682394,397.420703,394.624949,396.520721,55227300
2023-04-20,393.715242,396.099326,392.815232,394.35675,75840400
2023-04-21,394.653655,395.122799,392.719605,394.663239,73457400
2023-04-24,394.462044,395.496112,393.131196,395.074829,64332100
2023-04-25,393.11217,393.667511,388.746174,388.803619,97766700
2023-04-26,389.416287,390.488633,386.601366,387.156677,80447000
2023-04-27,389.68445,395.132375,389.435502,394.864288,92968400
2023-04-28,393.983332,398.24402,393.925887,398.234436,89433100
2023-05-01,397.794091,399.852615,397.602588,397.832397,62122300
2023-05-02,397.123939,397.17183,390.469639,393.361145,103998500
2023-05-03,393.858909,396.262132,390.421647,390.661011,91531800
2023-05-04,389.617452,389.942983,386.563165,387.894043,94901900
2023-05-05,391.513094,396.118452,391.254591,395.074829,87891800
2023-05-08,395.400554,395.659056,393.782451,395.180328,50046800
2023-05-09,393.638768,394.557918,393.217486,393.447266,49220100
2023-05-10,396.271762,396.903686,391.474899,395.285583,96142900
2023-05-11,394.423826,394.883386,392.528053,394.596161,70157100
2023-05-12,395.831415,396.042056,391.666476,394.079254,70481500
2023-05-15,394.682353,395.840866,392.777026,395.438751,54289400
2023-05-16,394.337663,395.256841,392.786589,392.796173,57705500
2023-05-17,394.806854,398.167504,393.169613,397.564331,87287000
2023-05-18,397.248335,401.815417,397.028139,401.394135,97177200
2023-05-19,402.294194,402.820783,399.594161,400.81012,103793300
2023-05-22,400.829318,402.504866,399.594192,400.972931,60745400
2023-05-23,399.335592,400.905833,396.080249,396.472809,86383500
2023-05-24,394.873896,395.256873,392.441951,393.600464,89213700
2023-05-25,397.09514,398.45474,394.864281,397.008972,90961600
2023-05-26,397.660043,402.868604,397.58346,402.150513,93830000
2023-05-30,404.074979,404.601568,400.924942,402.30368,72216000
2023-05-31,400.484605,401.384616,398.512249,400.072906,110811800
2023-06-01,400.302672,404.9272,399.057992,403.873993,88865000
2023-06-02,406.439936,410.499538,405.913347,409.714447,91426200
2023-06-05,410.059173,411.34216,408.230429,408.929382,65460200
2023-06-06,408.517637,410.346352,407.866545,409.819763,64022200
2023-06-07,410.212285,411.342075,407.981397,408.402679,85373300
2023-06-08,408.469793,411.323022,407.70384,410.873016,61952800
2023-06-09,411.667644,413.611278,410.624021,411.610199,85742800
2023-06-12,412.58676,415.420821,411.868669,415.344208,76104300
2023-06-13,416.799594,418.724059,416.138947,418.082581,95899700
2023-06-14,418.417693,420.380466,415.143182,418.580444,100612100
2023-06-15,417.766601,425.014548,417.670879,423.769867,110303100
2023-06-16,425.747617,426.314611,421.855529,422.326416,114165800
2023-06-20,420.394807,421.278922,418.069145,420.135315,76160400
2023-06-21,419.155072,419.952699,417.396403,417.982635,76982300
2023-06-22,417.031236,419.597122,416.694876,419.491425,70637200
2023-06-23,416.051017,418.097977,415.608959,416.320099,92074500
2023-06-26,415.753036,417.665441,414.378796,414.619049,72823600
2023-06-27,415.49366,419.779766,415.041983,419.164734,72813700
2023-06-28,418.088377,420.385211,417.473345,419.37616,75636000
2023-06-29,418.962882,421.192438,418.559274,421.029053,67882300
2023-06-30,424.229208,426.977689,423.912058,425.997467,104964000
2023-07-03,425.651564,426.766313,425.372863,426.48764,32793400
2023-07-05,424.680896,426.583711,424.671277,425.853333,58418400
2023-07-06,422.287982,422.941463,420.019978,422.518616,80658300
2023-07-07,421.528802,425.38247,421.211651,421.451904,86134200
2023-07-10,421.096307,422.691591,420.529313,422.518616,62443500
2023-07-11,423.277828,425.699568,422.307196,425.209442,64463800
2023-07-12,428.986275,430.033775,427.563967,428.630676,91924500
2023-07-13,430.43737,432.820691,430.004932,432.032654,72425200
2023-07-14,432.916837,433.762504,431.004403,431.763611,69815800
2023-07-17,431.619403,434.310226,431.571335,433.262726,52680200
2023-07-18,432.93601,437.126009,432.503543,436.482147,80668200
2023-07-19,437.270195,438.634816,436.40526,437.452789,65891700
2023-07-20,436.46291,437.356645,433.839336,434.550476,70591600
2023-07-21,436.261077,436.46291,434.540886,434.550476,71275600
2023-07-24,435.694104,437.299007,434.665814,436.49176,54023400
2023-07-25,436.222683,438.932715,436.174614,437.683411,55191200
2023-07-26,436.75121,439.172951,435.703711,437.750671,71052900
2023-07-27,441.123735,441.527373,433.944974,434.848328,92194400
2023-07-28,438.106252,439.932169,434.848407,439.105713,80011800
2023-07-31,439.576644,440.297403,438.269652,439.941833,62040400
2023-08-01,438.481058,439.422861,437.73147,438.682892,55291500
2023-08-02,435.578829,435.838291,431.830886,432.580475,93933400
2023-08-03,430.5719,433.214684,429.928009,431.340698,64276100
2023-08-04,433.147393,435.242392,428.870877,429.389832,100128900
2023-08-07,431.215793,433.291583,430.523863,433.137817,58357500
2023-08-08,430.610381,433.128258,427.909939,431.254272,71361300
2023-08-09,431.523304,431.686689,427.611977,428.371185,78789600
2023-08-10,430.716101,434.089263,427.362177,428.524994,93005500
2023-08-11,426.660622,429.284196,426.064799,428.275116,68690900
2023-08-14,427.362165,430.639191,427.054634,430.639191,47867400
2023-08-15,428.870908,429.226507,425.055688,425.622711,75707500
2023-08-16,425.209483,426.862425,422.393724,422.499451,80107200
2023-08-17,423.960123,424.219586,418.761044,419.279999,95711300
2023-08-18,416.473839,420.510102,416.127888,419.481812,98852000
2023-08-21,420.4909,422.951089,418.347862,422.211121,68719000
2023-08-22,423.979371,423.979371,420.510131,421.067505,64994200
2023-08-23,422.124577,426.372264,421.980432,425.757202,68441000
2023-08-24,427.352481,427.861816,419.827739,419.856598,88517300
2023-08-25,421.576784,424.094631,418.040266,422.816498,102325100
2023-08-28,424.997997,426.112774,422.81651,425.497742,61595400
2023-08-29,425.392055,431.926956,425.209461,431.648254,83081900
2023-08-30,431.984568,434.060358,431.283019,433.426086,69053900
2023-08-31,434.041236,435.175223,432.609336,432.791931,66084600
2023-09-01,435.501844,435.98235,432.147892,433.59903,58944100
2023-09-05,433.157056,433.474177,431.65788,431.725128,55166200
2023-09-06,430.917876,431.023602,426.506833,428.822876,70758500
2023-09-07,425.834075,428.178947,425.488125,427.506256,70355400
2023-09-08,427.554324,429.678152,427.198754,428.150146,61659700
2023-09-11,430.764109,431.273444,429.063128,430.965942,60180100
2023-09-12,429.524369,431.042755,428.025192,428.601776,67565400
2023-09-13,428.822891,430.25479,427.727323,429.101593,60199300
2023-09-14,431.561798,433.493413,430.264426,432.801483,83430800
2023-09-15,431.22279,431.550683,427.153012,427.586975,111848900
2023-09-18,427.278307,429.129972,426.80576,427.837677,55752200
2023-09-19,426.921478,427.509779,424.279026,426.950409,66514600
2023-09-20,428.204133,428.618819,422.822753,423.025299,82562600
2023-09-21,420.189926,420.450304,415.879048,416.033356,104095800
2023-09-22,417.055696,418.646954,414.683246,415.097961,100829700
2023-09-25,413.892438,416.882061,413.458445,416.843506,70874500
2023-09-26,413.815235,414.519259,409.890112,410.719513,96168400
2023-09-27,411.88647,412.44584,407.257352,410.883484,104705800
2023-09-28,410.333833,414.934021,409.745533,413.265594,92258300
2023-09-29,416.30342,416.477005,410.748455,412.262573,115111300
2023-10-02,411.433163,413.342689,409.350051,412.098602,83798600
2023-10-03,409.928721,412.156487,405.222434,406.582245,103760600
2023-10-04,407.045171,410.285548,405.588915,409.542969,87453000
2023-10-05,409.253672,410.227728,406.177256,409.388702,70142700
2023-10-06,406.948737,415.782663,405.627511,414.249268,113273300
2023-10-09,412.359012,417.470361,411.809326,416.901367,80374400
2023-10-10,417.528209,421.655849,417.132801,419.071259,78607300
2023-10-11,420.132117,421.038627,417.759666,420.787903,62451700
2023-10-12,421.395455,421.771557,415.879075,418.222565,81154200
2023-10-13,419.717419,420.913298,414.577169,416.139496,95143100
2023-10-16,418.376879,421.578701,418.135779,420.517853,75433200
2023-10-17,417.402843,422.543123,417.055673,420.498566,75324700
2023-10-18,418.733747,419.688496,413.815291,414.895416,93559800
2023-10-19,415.609055,417.412482,410.574875,411.249939,121323000
2023-10-20,410.816028,411.35609,406.090434,406.196533,123919900
2023-10-23,404.672715,409.340446,402.927149,405.492462,92035100
2023-10-24,407.604588,409.697354,405.762577,408.549713,78564200
2023-10-25,406.871596,406.900527,402.174934,402.686066,94223200
2023-10-26,401.625266,402.473916,396.94791,397.864075,115156800
2023-10-27,399.44573,399.841138,394.642997,396.060669,107367700
2023-10-30,398.838133,401.847063,397.545838,400.795868,86562700
2023-10-31,401.364786,403.631136,399.464913,403.312897,79665200
2023-11-01,404.277343,408.42426,403.746905,407.614166,98068100
2023-11-02,411.394589,415.58012,411.375312,415.425812,94938900
2023-11-03,417.721131,420.758992,417.595754,419.215942,100167800
2023-11-06,419.968098,420.623884,418.24181,420.180267,67831700
2023-11-07,420.180341,422.012699,419.042354,421.37619,64256100
2023-11-08,421.974093,422.494878,419.389502,421.684784,61746000
2023-11-09,422.822781,422.861365,417.97184,418.396179,83174400
2023-11-10,420.460014,425.233787,418.386526,424.925171,89462200
2023-11-13,423.594202,425.619422,422.813039,424.52002,52236100
2023-11-14,430.4318,434.038653,430.209977,432.756012,97176900
2023-11-15,434.087019,435.311828,432.823654,433.672333,77327600
2023-11-16,433.228673,434.520968,432.167825,434.202728,66665800
2023-11-17,434.21239,435.350406,433.296225,434.742828,83133200
2023-11-20,434.492034,438.928289,434.48238,438.089264,69936200
2023-11-21,437.047637,437.963831,435.871066,437.13443,49244600
2023-11-22,438.78365,440.133807,437.732455,438.822205,59394900
2023-11-24,438.870369,439.285055,438.542476,439.092163,29737400
2023-11-27,438.465385,439.275479,437.915668,438.301453,50506000
2023-11-28,437.915635,440.027677,437.356294,438.735382,62115000
2023-11-29,440.876378,442.004741,438.031409,438.426788,63146000
2023-11-30,439.265873,440.500307,437.202039,440.153107,79752700
2023-12-01,439.545513,443.287398,438.957242,442.756989,89183400
2023-12-04,439.381545,442.776229,438.166389,440.432739,72430900
2023-12-05,439.053683,441.300726,438.677552,440.345978,69793500
2023-12-06,442.477319,442.50625,438.13751,438.571503,69124700
2023-12-07,440.64489,442.564041,440.046966,441.917908,66995400
2023-12-08,441.175329,444.348219,440.934228,443.81781,83194400
2023-12-11,443.326015,445.717743,443.113846,445.544128,65002200
2023-12-12,445.196875,447.675395,444.203542,447.578949,68327600
2023-12-13,447.955094,454.001914,447.59827,453.75116,93278000
2023-12-14,455.679976,456.866201,452.545669,455.207428,119026000
2023-12-15,454.61285,455.784529,452.618129,454.457916,141553700
2023-12-18,456.055693,457.992318,455.000236,457.014313,70375300
2023-12-19,457.556476,459.870755,457.479024,459.793274,55761800
2023-12-20,458.941175,460.819703,452.995754,453.421814,102921000
2023-12-21,456.394579,457.992318,453.983491,457.721191,86667500
2023-12-22,458.844328,460.316182,456.7528,458.640991,67160400
2023-12-26,459.047747,461.47819,458.970266,460.577667,55387000
2023-12-27,460.374299,461.555641,459.84174,461.4104,68000300
2023-12-28,461.768698,462.417451,461.16835,461.584717,77158100
2023-12-29,461.391014,461.913911,458.302096,460.248413,122283100
2024-01-02,457.198236,458.660396,455.581141,457.672699,123623700
2024-01-03,455.523045,456.258971,453.334679,453.935028,103585900
2024-01-04,453.460568,456.036282,452.250178,452.4729,84232200
2024-01-05,452.676224,455.532757,451.649816,453.092621,86118900
2024-01-08,453.586385,459.706123,453.460499,459.560883,74879100
2024-01-09,456.917422,459.880455,456.413911,458.863739,65931400
2024-01-10,459.134858,462.320613,458.854039,461.458801,67310600
2024-01-11,462.456221,462.969426,457.29513,461.255524,77940700
2024-01-12,462.698288,463.434215,460.171008,461.575043,58026400
2024-01-16,460.200022,461.50722,458.069724,459.880463,85014900
2024-01-17,456.86905,457.808314,454.980829,457.324158,68843900
2024-01-18,458.989596,461.942936,457.449984,461.390991,91856200
2024-01-19,462.514291,467.423641,461.439479,467.142822,110834500
2024-01-22,468.672776,469.844426,467.481742,468.130524,75844900
2024-01-23,468.672716,469.737836,467.588212,469.495758,49945300
2024-01-24,472.352363,473.281934,469.515215,470.009064,81765000
2024-01-25,472.129555,472.836434,470.008979,472.565308,72525000
2024-01-26,472.139346,473.620863,471.12263,471.965057,76641600
2024-01-29,472.274833,475.847907,471.732581,475.702637,61322800
2024-01-30,475.015157,476.041566,474.579405,475.334717,58618400
2024-01-31,473.136654,473.58207,467.559167,467.578552,126011100
2024-02-01,469.27311,473.727351,468.469394,473.698303,91891600
2024-02-02,474.13401,480.331202,473.795095,478.685089,99228200
2024-02-05,478.055721,478.714166,474.695677,476.942139,75757100
2024-02-06,477.881368,478.656035,476.457948,478.326813,55918600
2024-02-07,480.563611,482.732621,479.663058,482.316254,70556500
2024-02-08,482.316298,482.906954,481.502919,482.529327,52343600
2024-02-09,483.032822,485.753777,482.693907,485.318054,63979400
2024-02-12,485.288962,487.545116,484.388409,485.10498,56502300
2024-02-13,478.859397,481.338274,475.17013,478.423645,113099200
2024-02-14,481.047798,483.255549,478.733518,482.771393,68387800
2024-02-15,483.468607,486.286399,482.994114,486.102417,61683000
2024-02-16,485.802216,486.935125,482.945683,483.68161,75532900
2024-02-20,481.948248,482.616386,478.781878,481.018677,71736700
2024-02-21,479.72121,481.609401,477.920134,481.454468,59293400
2024-02-22,488.038936,492.376954,487.080287,491.418335,76402500
2024-02-23,493.13228,493.965044,491.03106,491.757294,61321800
2024-02-26,492.193036,492.628789,489.830352,489.956238,50386700
2024-02-27,490.643793,491.089208,488.755572,490.866486,48854500
2024-02-28,489.31716,490.798676,488.958889,490.217712,56506600
2024-02-29,491.970378,493.587443,489.336568,491.980042,83924800
2024-03-01,492.851483,497.024876,492.444778,496.598816,76844800
2024-03-04,495.80485,497.90607,495.775772,496.066254,49799300
2024-03-05,494.071584,494.517029,488.910493,491.108551,72855600
2024-03-06,494.371714,495.843568,492.309234,493.597076,68382400
2024-03-07,496.87967,499.542528,493.655174,498.496735,58652100
2024-03-08,499.126207,501.798699,494.933399,495.5047,86532500
2024-03-11,494.304006,495.659637,492.386737,495.078644,62557200
2024-03-12,497.179892,500.985352,494.671938,500.404388,73114400
2024-03-13,500.723824,500.898113,498.186851,499.619934,55104100
2024-03-14,500.588274,500.743237,495.601503,498.632324,110171800
2024-03-15,495.577542,497.02483,493.547485,495.208435,107646300
2024-03-18,499.25884,500.696375,497.743582,498.15152,88893300
2024-03-19,497.461901,501.201461,496.461412,500.9198,60755300
2024-03-20,500.978096,505.688978,500.307882,505.552979,69594600
2024-03-21,508.379568,509.07889,506.941973,507.223694,60256100
2024-03-22,507.136269,507.621929,506.028949,506.262115,79070800
2024-03-25,504.892451,506.009494,504.707898,504.863342,48512100
2024-03-26,506.281488,506.621486,503.532693,503.930908,65463700
2024-03-27,506.747742,508.204723,504.591379,508.165833,82999800
2024-03-28,508.204664,509.564477,507.787003,508.068665,96294900
2024-04-01,508.806993,509.341208,506.028971,507.184845,62477500
2024-04-02,503.377225,504.095992,501.667691,503.960052,74230300
2024-04-03,502.872137,506.009544,502.823583,504.513672,59155800
2024-04-04,508.505812,508.845751,498.054392,498.355499,96858100
2024-04-05,499.705683,505.514162,499.268577,503.561798,74546500
2024-04-08,504.261195,505.261625,503.037322,503.843475,48401800
2024-04-09,505.572329,505.815159,499.598684,504.426178,68049200
2024-04-10,498.753737,501.35687,497.403647,499.375397,82652800
2024-04-11,500.890694,504.581701,497.393963,503.144165,70099000
2024-04-12,499.618196,501.026623,494.479901,496.199158,92561100
2024-04-15,500.356456,500.521564,489.137684,489.982758,92101400
2024-04-16,490.458646,491.973904,487.80693,489.089081,73484000
2024-04-17,491.536844,491.701982,484.805599,486.19458,75910300
2024-04-18,487.583531,489.671865,484.261602,485.194061,74548100
2024-04-19,485.116419,486.107155,479.696433,480.959167,102212600
2024-04-22,483.552526,487.972053,481.221362,485.388336,67961000
2024-04-23,487.389309,491.575699,485.203837,491.148315,64633600
2024-04-24,492.032205,492.818972,488.700582,490.915192,55928100
2024-04-25,484.863933,489.807953,483.222398,489.050323,69122400
2024-04-26,491.828246,495.257006,491.196893,493.683472,64306100
2024-04-29,495.460962,496.102037,492.702415,495.431824,46415400
2024-04-30,493.974896,494.946217,487.583618,487.583618,77483600
2024-05-01,487.000764,493.615456,485.534061,486.000305,80242800
2024-05-02,489.691315,491.381433,485.223234,490.546082,62550200
2024-05-03,496.50028,497.8504,493.97484,496.626556,72756700
2024-05-06,499.015965,501.793928,498.578859,501.755096,47264700
2024-05-07,502.716684,503.697728,501.638533,502.308746,52561300
2024-05-08,500.482689,502.891545,500.366135,502.35733,42047200
2024-05-09,502.541898,505.290752,501.89113,505.251862,43643700
2024-05-10,506.844771,507.650984,504.688468,505.902618,52233200
2024-05-13,507.573284,507.680115,504.834153,505.970581,36716400
2024-05-14,506.164889,508.806912,505.630675,508.292084,57535900
2024-05-15,510.749515,514.877627,510.118132,514.586243,59504900
2024-05-16,514.683401,516.276381,513.381805,513.527527,50244800
2024-05-17,513.644088,514.333747,512.196829,514.265747,59187600
2024-05-20,514.382278,516.315196,513.993726,514.858215,37764200
2024-05-21,514.100606,516.276355,513.896608,516.120911,33437000
2024-05-22,515.431378,516.140423,512.468802,514.634888,48390000
2024-05-23,517.675099,517.78193,509.671367,510.875854,57211200
2024-05-24,512.711556,515.062194,511.769403,514.255981,41291100
2024-05-28,515.062307,515.295415,511.9929,514.615479,36269600
2024-05-29,510.603872,512.18713,510.302765,511.01181,45190300
2024-05-30,509.477082,510.137573,506.378567,507.621826,46377600
2024-05-31,508.5738,512.371638,503.493753,512.245361,90785800
2024-06-03,513.848067,514.129729,507.612146,512.663025,46835700
2024-06-04,511.361564,513.974419,509.904583,513.236206,34632700
2024-06-05,515.547884,519.355444,513.566351,519.335999,47610400
2024-06-06,519.637124,520.064507,517.403098,519.326294,30808500
2024-06-07,518.354948,521.492354,517.267074,518.694946,43224500
2024-06-10,517.88869,520.618099,517.296199,520.297546,35686100
2024-06-11,518.753251,521.608936,516.791164,521.550659,36383400
2024-06-12,526.096382,528.514961,524.804509,525.834106,63251300
2024-06-13,527.572942,527.747772,524.115042,526.893005,44760900
2024-06-14,525.367968,527.24261,524.367479,527.213501,40089900
2024-06-17,526.533556,532.798587,526.077005,531.409546,55839500
2024-06-18,531.467831,532.885981,531.050171,532.759705,41376400
2024-06-20,533.682464,534.342955,529.544628,531.312439,70328200
2024-06-21,530.492922,531.71099,529.14817,530.600098,64338600
2024-06-24,530.424714,532.977779,528.758375,528.875305,45528700
2024-06-25,530.093298,531.272409,528.582906,530.911865,37936200
2024-06-26,529.801071,532.285918,529.157957,531.574585,38550600
2024-06-27,531.438204,532.987613,530.697609,532.412659,35041500
2024-06-28,533.182464,536.222817,529.080049,530.317566,76144500
2024-07-01,531.691567,531.935181,528.661028,531.408997,40297800
2024-07-02,529.810818,534.985168,529.762108,534.985168,40434800
2024-07-03,534.673362,537.733163,534.634405,537.37262,32789900
2024-07-05,537.674695,540.870875,537.041276,540.471375,41488400
2024-07-08,541.250918,542.040224,540.03285,541.095032,36110500
2024-07-09,542.050039,542.946521,541.328952,541.621277,27289700
2024-07-10,542.839343,547.321809,542.547018,546.980774,38701200
2024-07-11,547.097535,547.964814,541.630862,542.264221,53054200
2024-07-12,543.384994,549.270677,542.917275,545.684692,53084400
2024-07-15,547.67253,550.410744,545.333816,547.185303,40584300
2024-07-16,548.491082,550.722561,547.740733,550.430237,36475300
2024-07-17,544.525056,546.191394,542.390999,542.712585,57119000
2024-07-18,544.242402,545.22661,536.368795,538.541809,56270400
2024-07-19,538.30807,539.925697,533.913271,534.965698,65509100
2024-07-22,538.873206,541.085236,536.943805,540.481079,43346700
2024-07-23,540.373958,542.51777,539.146196,539.633423,34439600
2024-07-24,534.838961,535.141039,526.48788,527.40387,74515300
2024-07-25,527.520843,533.474804,523.720507,524.655945,61158300
2024-07-26,528.427187,533.211732,527.65733,530.531982,53763800
2024-07-29,532.071572,533.075229,528.855825,530.84375,39515800
2024-07-30,532.305421,533.357848,524.763154,528.154236,46853600
2024-07-31,534.955929,539.360481,533.591728,536.739197,65663400
2024-08-01,538.45427,540.695504,525.649925,529.138489,76428700
2024-08-02,522.063914,523.272228,515.096542,519.286743,82789100
2024-08-05,498.569759,510.204744,497.234732,504.163116,146267400
2024-08-06,505.956167,516.2172,504.640678,508.811371,84826300
2024-08-07,514.969856,518.010208,504.816059,505.410461,70698300
2024-08-08,510.526245,517.717722,508.509178,517.094116,63276600
2024-08-09,516.275632,520.855579,515.057564,519.37439,45619600
2024-08-12,520.563206,522.044336,517.386476,519.647217,42542100
2024-08-13,522.824044,528.427156,522.58043,528.193237,52333100
2024-08-14,528.982464,531.038608,526.322223,529.859497,42446900
2024-08-15,535.462598,539.223977,534.858441,538.941406,60846800
2024-08-16,537.333593,540.841664,537.177706,540.14978,44430700
2024-08-19,540.55899,545.314331,539.711219,545.314331,39121800
2024-08-20,544.86619,546.51302,543.092676,544.427673,33732300
2024-08-21,545.470322,547.750511,540.559034,546.298584,41514600
2024-08-22,548.189053,548.79321,540.802672,542.010986,56121500
2024-08-23,545.236401,548.705456,543.053574,547.769958,50639400
2024-08-26,548.79301,549.504342,544.76851,546.46405,35788600
2024-08-27,545.197411,547.701766,544.057316,547.214539,32693900
2024-08-28,546.873476,547.302238,540.86105,544.037781,41066000
2024-08-29,545.996438,549.280344,542.946392,544.086487,38715200
2024-08-30,546.44482,549.787192,542.907546,549.280457,62700100
2024-09-03,546.152372,546.483713,535.472391,537.976746,60600100
2024-09-04,536.14477,540.266692,535.423683,536.87561,47224900
2024-09-05,536.817215,539.652852,533.123995,535.569885,44264300
2024-09-06,535.89138,537.508948,525.65961,526.556091,68493800
2024-09-09,530.736609,533.718437,528.816903,532.451599,40445800
2024-09-10,534.351805,535.121662,529.499041,534.770813,36394600
2024-09-11,534.683108,541.172947,526.166386,540.256958,75248600
2024-09-12,540.831888,545.109757,538.619858,544.807678,51819600
2024-09-13,545.411782,548.646977,545.158415,547.653015,39310500
2024-09-16,547.389979,548.724976,545.597016,548.461914,36656100
2024-09-17,550.664147,552.10638,546.464251,548.686035,49321000
2024-09-18,549.338906,554.162467,546.50327,547.058716,59044900
2024-09-19,556.423183,558.245408,553.568039,556.393921,75315500
2024-09-20,555.031342,556.468155,552.421526,555.432068,77503100
2024-09-23,556.497555,557.465214,555.285475,556.820068,44116900
2024-09-24,557.611698,558.471852,554.796657,558.413208,46805700
2024-09-25,558.256925,558.990007,556.077186,557.181702,38428600
2024-09-26,561.423907,561.74648,557.04498,559.390808,48336000
2024-09-27,560.456141,561.267375,557.553103,558.579407,42100900
2024-09-30,557.553124,561.42382,555.26594,560.81781,63557400
2024-10-01,560.465969,561.111056,553.232866,555.793762,72668800
2024-10-02,554.904357,557.044961,552.519393,556.028381,38097800
2024-10-03,554.562195,556.947159,552.734381,555.011841,40846500
2024-10-04,559.439565,560.426792,555.285432,560.055359,42939100
2024-10-07,558.413238,559.058384,553.848596,554.992188,49964700
2024-10-08,557.55312,560.837375,556.683241,560.241089,37398700
2024-10-09,560.231378,564.678793,559.635152,564.121643,37912200
2024-10-10,562.782473,564.551643,561.531317,563.134338,44138100
2024-10-11,563.056128,567.239613,562.919271,566.506531,42268000
2024-10-14,568.109599,572.068293,567.630662,571.139709,36217200
2024-10-15,571.403526,571.706531,565.489947,566.702026,54203600
2024-10-16,566.702045,569.683235,565.900534,569.165161,30725400
2024-10-17,572.693746,572.89903,569.028334,569.21405,34393700
2024-10-18,570.895275,572.185507,569.438894,571.403564,37416800
2024-10-21,570.680158,571.657601,567.503468,570.465149,36439000
2024-10-22,567.943355,571.315546,567.288485,570.16217,34183800
2024-10-23,568.148651,568.588512,561.462913,564.952393,49314600
2024-10-24,566.897493,566.975705,563.564438,566.174194,34979900
2024-10-25,568.392953,571.276422,565.04033,565.978638,47268200
2024-10-28,569.438797,569.565869,567.425267,567.728271,30174700
2024-10-29,566.770422,569.761396,565.382469,568.647156,42899700
2024-10-30,568.177976,570.162215,566.22309,566.92688,41435800
2024-10-31,562.577183,562.645612,555.617793,555.813293,60182500
2024-11-01,558.432954,562.56752,557.748731,558.159241,45667500
2024-11-04,558.296063,559.586295,555.080296,556.95697,38217000
2024-11-05,557.865945,563.730605,557.650936,563.691528,39478300
2024-11-06,575.909485,578.577885,572.185429,577.707947,68182000
2024-11-07,579.702026,583.191506,579.623814,582.174927,47233200
2024-11-08,582.722323,586.114082,582.722323,584.696777,46444900
2024-11-11,586.28021,586.632075,583.533597,585.253906,37586800
2024-11-12,585.175731,585.771957,580.962953,583.435913,43006100
2024-11-13,583.895232,585.713262,581.53962,583.719299,47388600
2024-11-14,583.846362,584.325299,579.281719,579.965881,38904100
2024-11-15,576.417774,576.886988,570.689972,572.537354,75988800
2024-11-18,572.996722,576.19298,572.136627,574.88324,37001700
2024-11-19,571.520806,577.707979,570.856152,576.98468,49412000
2024-11-20,577.062948,577.463674,571.44265,577.180237,50032600
2024-11-21,580.014817,581.695991,574.199018,580.278687,46750300
2024-11-22,580.268904,582.702787,579.770458,582.077209,38226400
2024-11-25,585.996799,587.30654,581.774237,584.051697,42441400
2024-11-26,585.292952,587.765912,584.579437,587.101257,45621300
2024-11-27,586.915564,587.296721,583.807302,585.322327,34000200
2024-11-29,586.13361,589.740378,585.859957,588.958435,30177400
2024-12-02,589.368892,590.688476,588.880171,590.014038,31746000
2024-12-03,589.77949,590.532081,588.753186,590.28772,26906600
2024-12-04,591.969007,594.197547,591.304353,593.953186,42787600
2024-12-05,593.953151,594.754662,592.623843,592.975708,28762200
2024-12-06,593.738143,595.331381,593.327634,594.099792,31241500
2024-12-09,593.982458,594.148606,590.453902,591.040344,34742700
2024-12-10,591.714918,592.135211,588.54801,589.202881,37234500
2024-12-11,592.115532,594.705721,591.841819,593.757629,28677700
2024-12-12,592.897489,593.464363,590.698242,590.698242,31543800
2024-12-13,592.721597,593.435111,589.212549,590.580994,35904700
2024-12-16,592.330685,594.070563,591.558527,593.102844,43695200
2024-12-17,590.561459,591.519335,589.290795,590.65918,55773500
2024-12-18,590.356179,592.73136,572.674264,573.055481,108248700
2024-12-19,578.020878,579.623899,572.635156,572.879517,85919500
2024-12-20,570.560975,584.271601,569.717499,579.760254,125716700
2024-12-23,579.505283,583.830288,576.337475,583.232056,57635800
2024-12-24,584.575691,589.753989,583.997032,589.714722,33160100
2024-12-26,587.949392,590.871957,586.556768,589.753967,41219100
2024-12-27,586.027183,586.262609,579.377844,583.545959,64969300
2024-12-30,576.563059,580.338857,573.150068,576.886658,56578800
2024-12-31,578.544251,579.260227,573.160035,574.788086,57052700
2025-01-02,578.034214,579.74068,569.315484,573.375732,50204000
2025-01-03,576.210038,581.182301,575.131196,580.544861,37888500
2025-01-06,584.7816,588.145506,582.163,583.889099,47679400
2025-01-07,585.909439,586.233098,575.474486,577.288818,60393100
2025-01-08,577.357506,579.201288,573.92494,578.132263,47304700
2025-01-10,574.591767,574.660426,567.402979,569.305603,73105000
2025-01-13,564.67658,570.541343,564.264629,570.188293,47910100
2025-01-14,573.101074,573.728757,567.20686,570.9729,48420600
2025-01-15,578.956079,582.496511,577.847846,581.358887,56900200
2025-01-16,582.722068,582.898593,579.544503,580.240845,43319700
2025-01-17,585.458357,587.81208,584.134331,586.066406,58070600
2025-01-21,589.09682,591.440786,587.135354,591.430969,42532900
2025-01-22,594.245737,596.109154,593.696529,594.755737,48196000
2025-01-23,594.127985,598.001892,593.853411,598.001892,41152100
2025-01-24,598.060801,599.012143,595.108785,596.256226,34604700
2025-01-27,583.34976,588.135741,583.183052,587.821899,70361100
2025-01-28,589.047798,593.70628,585.742733,592.872681,44433300
2025-01-29,592.088017,592.490151,587.674719,590.214844,37177400
2025-01-30,592.32342,594.912509,589.145795,593.382568,39281300
2025-01-31,595.795226,598.20785,589.469487,590.22467,66566900
2025-02-03,581.250973,588.724153,579.112982,586.252747,65857200
2025-02-04,586.311639,590.695487,585.772248,590.185547,33457800
2025-02-05,589.067389,592.725503,587.047081,592.578369,30653100
2025-02-06,594.314342,594.765501,591.019094,594.638,35771500
2025-02-07,595.197089,596.413188,588.488848,589.195007,50788500
2025-02-10,592.39208,593.833728,591.126896,593.196228,26048700
2025-02-11,590.940568,594.186791,590.822885,593.6474,30056700
2025-02-12,587.655163,592.90206,586.978455,591.734985,45076100
2025-02-13,592.833452,598.188275,591.578145,597.9823,40921300
2025-02-14,598.188186,599.217944,597.334953,597.95282,26910400
2025-02-18,599.11008,599.708313,596.658248,599.708313,26749000
2025-02-19,598.325541,601.414813,597.81554,601.120605,31011100
2025-02-20,599.757436,599.894753,595.324564,598.619812,36554000
2025-02-21,598.403982,598.541299,587.919945,588.38092,76519800
2025-02-24,590.420814,591.411364,584.997332,585.703491,50737200
2025-02-25,585.644677,586.370409,578.200888,582.79071,58266500
2025-02-26,584.448255,588.027955,580.456665,583.085022,43321600
2025-02-27,585.35047,586.49797,573.385575,573.777832,74196700
2025-02-28,574.27802,583.261508,571.218138,582.731934,88744100
2025-03-03,584.69333,585.831013,568.727029,572.522461,74249200
2025-03-04,568.54073,574.111286,561.224441,565.745605,109648200
2025-03-05,565.578968,573.611174,562.038536,571.826233,71230500
2025-03-06,564.392188,568.991828,559.135473,561.675598,80094900
2025-03-07,559.900552,566.2655,554.732069,564.823792,81158800
2025-03-10,556.654183,558.566564,544.885389,549.779236,99326600
2025-03-11,548.622037,553.153018,541.384223,545.209045,88102100
2025-03-12,551.338579,552.260471,543.021984,548.102173,69588200
2025-03-13,547.729504,548.337554,539.08925,540.795715,74079400
2025-03-14,545.395386,552.966675,540.864404,551.966309,62660300
2025-03-17,551.946737,558.733453,551.515212,556.222778,49008700
2025-03-18,553.917893,554.133686,548.288496,550.210754,66041400
2025-03-19,551.985924,559.949471,550.809033,556.203064,66556000
2025-03-20,552.476369,559.576867,551.760394,554.594727,62958200
2025-03-21,550.154386,555.672834,548.924782,554.777649,83763000
2025-03-24,561.486381,565.765439,560.896195,564.712891,58766800
2025-03-25,565.912951,567.004825,564.329235,566.070374,38355700
2025-03-26,565.804724,566.926137,557.935259,559.312439,51848300
2025-03-27,557.925432,561.584764,555.721991,557.827087,42164200
2025-03-28,556.302268,557.030184,546.012922,546.593262,71662700
2025-03-31,540.858504,551.560981,537.94678,550.262512,95328200
2025-04-01,548.354248,553.75466,544.645743,551.816772,54609600
2025-04-02,545.993327,558.161483,545.757253,555.308838,76014500
2025-04-03,536.215622,539.028942,527.942871,527.942871,125986000
2025-04-04,515.125317,517.289432,496.818989,497.0354,217965100
2025-04-07,481.207966,514.633501,473.938533,496.150116,256611400
2025-04-08,513.344882,516.413968,481.17846,488.379028,165816600
2025-04-09,485.388642,539.668274,485.004991,539.668274,241867300
2025-04-10,523.486753,524.795069,501.009612,516.02063,162331200
2025-04-11,514.476193,527.677206,511.584162,525.227844,97866300
2025-04-14,535.172854,535.399142,525.14912,530.323303,68034000
2025-04-15,530.864214,534.366124,528.050895,528.83783,56892900
2025-04-16,523.004616,529.11331,511.800451,517.082825,83484800
2025-04-17,519.030589,522.502959,515.36141,517.820618,79868100
2025-04-21,512.656269,513.187496,500.163511,505.495087,69368100
2025-04-22,511.652939,520.66345,510.718428,518.646912,75948100
2025-04-23,531.611856,536.530271,525.168743,526.683594,90590700
2025-04-24,527.962483,538.497752,526.713246,537.769836,64150400
2025-04-25,537.730448,542.058618,534.818724,541.655334,61119600
2025-04-28,542.393044,544.517773,536.126987,541.861816,47613800
2025-04-29,539.953509,546.386835,539.599397,545.275269,47775100
2025-04-30,538.635456,547.439433,532.684184,545.491699,93101500
2025-05-01,551.226505,554.866144,548.757451,549.357483,63186100
2025-05-02,555.515362,559.10583,553.203731,557.512268,60717300
2025-05-05,553.390643,557.404087,552.534843,554.315308,38659200
2025-05-06,548.826329,554.157875,547.872186,549.682129,48264700
2025-05-07,551.010152,554.620253,546.967169,551.993835,55588000
2025-05-08,556.017083,561.004364,552.534866,555.840027,65130800
2025-05-09,557.236811,558.240187,553.577539,555.131775,37603400
2025-05-12,571.98226,573.487324,567.624551,573.477478,78993600
2025-05-13,573.890623,579.46815,573.329976,577.264709,67947200
2025-05-14,578.218823,579.369715,575.985843,578.002441,66283500
2025-05-15,576.00549,581.327189,575.552974,580.825562,71268100
2025-05-16,581.6027,584.799671,579.664873,584.504578,76052100
2025-05-19,578.50412,585.822726,578.50412,585.143982,68168500
2025-05-20,583.412648,584.356945,579.979544,583.176514,60614500
2025-05-21,578.838456,582.910918,572.326479,573.349487,95197700
2025-05-22,573.152769,577.048176,571.923165,573.575806,70860400
2025-05-23,566.581773,572.316662,566.207968,569.660706,76029000
2025-05-27,576.507146,581.661635,568.991793,581.504272,72588500
2025-05-28,581.90766,583.097939,577.412221,578.140137,68445500
2025-05-29,583.383137,583.520867,576.507201,580.422241,69973300
2025-05-30,579.320555,581.48467,573.723395,579.773071,90601200
2025-06-02,578.169636,583.117531,575.513679,583.038879,61630500
2025-06-03,582.674957,587.337606,582.192902,586.36377,63606200
2025-06-04,587.219521,588.193358,585.773476,586.206299,57314200
2025-06-05,587.878515,589.226156,581.405864,583.37323,92278700
2025-06-06,588.891744,591.02638,587.121126,589.363953,66588700
2025-06-09,589.934467,591.439531,588.724556,589.895142,53016400
2025-06-10,590.426245,593.623215,589.314738,593.239624,66247000
2025-06-11,594.331509,595.187308,589.491804,591.547668,73658200
2025-06-12,590.219777,593.898743,589.737782,593.898743,64129000
2025-06-13,588.734375,592.029689,585.763632,587.25885,89506000
2025-06-16,590.603486,594.587391,590.42637,592.846252,79984100
2025-06-17,590.416537,591.931388,587.022818,587.780273,82209400
2025-06-18,588.675334,591.409941,586.737447,587.69165,76605000
2025-06-20,590.356462,591.421998,584.91046,586.311462,94051400
2025-06-23,587.061195,592.487447,583.953469,592.102722,87426000
2025-06-24,596.226699,599.699459,595.318992,598.64386,67735300
2025-06-25,599.758633,600.449259,597.420417,598.979248,62114800
2025-06-26,600.824201,604.099691,600.212519,603.665588,78548400
2025-06-27,604.662046,608.124991,602.639546,606.664795,86258400
2025-06-30,609.1017,610.916994,606.79305,609.565369,92502500
2025-07-01,608.095362,610.532273,607.266659,609.368103,70030100
2025-07-02,608.963575,612.169996,608.342017,612.130554,66510400
2025-07-03,614.103693,617.882354,614.083942,616.954956,51065800
2025-07-07,615.00154,615.6626,609.585164,612.357483,74814500
2025-07-08,613.01844,613.768259,611.213022,612.022034,59024600
2025-07-09,614.419458,616.343262,612.584352,615.692139,66113300
2025-07-10,615.830255,618.464437,614.656209,617.428528,57529000
2025-07-11,614.389791,616.481359,613.196054,615.257996,63670200
2025-07-14,614.804229,616.777412,613.462479,616.432129,51898500
2025-07-15,619.105778,619.441186,613.718968,613.797913,74317300
2025-07-16,615.376431,616.353147,609.762724,615.849976,88987500
2025-07-17,616.027567,619.973932,615.810486,619.618713,68885700
2025-07-18,620.861886,621.02959,618.060001,619.164978,65621600
2025-07-21,620.338989,623.071806,619.914762,620.338989,63375000
2025-07-22,620.664568,621.286125,617.793613,620.427795,60046300
2025-07-23,623.081627,625.705994,621.286024,625.705994,70511000
2025-07-24,626.090848,627.620113,625.489042,625.913269,71307100
2025-07-25,626.574253,629.030856,626.327605,628.557251,56865400
2025-07-28,628.932152,629.48464,627.018162,628.399414,54917100
2025-07-29,629.790476,630.106193,625.834296,626.741943,60556300
2025-07-30,627.393082,629.129493,623.071808,625.952698,80418900
2025-07-31,630.885724,631.270449,622.312243,623.604675,103385200
2025-08-01,617.902089,617.941591,610.986074,613.383484,140103600
2025-08-04,617.280475,622.756044,617.191715,622.706726,73218000
2025-08-05,623.318407,624.127419,618.632099,619.549622,68051400
2025-08-06,620.615201,624.946351,619.707554,624.295227,64357500
2025-08-07,627.708767,628.438835,620.674367,623.772278,74205800
2025-08-08,625.557949,629.099838,625.242233,628.636108,64051600
2025-08-11,628.912455,630.382467,626.149952,627.393066,58742300
2025-08-12,629.73124,634.230094,628.251354,634.072266,64730800
2025-08-13,636.26255,637.525415,634.062471,636.242859,60092800
2025-08-14,634.170931,636.963001,633.727013,636.302002,59327500
2025-08-15,637.328113,637.426808,633.90467,634.812317,68592500
2025-08-18,634.240031,635.364759,633.569156,634.674133,43804900
2025-08-19,634.496572,635.473287,629.918774,631.230957,69750700
2025-08-20,630.826513,631.082976,624.462987,629.553772,88890300
2025-08-21,627.748268,629.415549,625.311356,627.028015,54805800
2025-08-22,629.208414,637.831211,628.705243,636.657166,84083200
2025-08-25,635.404241,636.63748,633.7369,633.855286,51274300
2025-08-26,633.588884,636.854498,632.967327,636.509155,51581600
2025-08-27,635.927158,638.689602,635.779145,637.959534,48341100
2025-08-28,638.561284,640.771239,636.686797,640.21875,61519500
2025-08-29,638.788169,639.153263,634.516272,636.400635,74522200
2025-09-02,628.951877,631.901775,626.406454,631.684753,81983500
2025-09-03,634.052556,635.571945,631.872227,635.108215,70820900
2025-09-04,635.779086,640.445703,634.881314,640.416077,65219200
2025-09-05,642.744478,643.46473,634.703795,638.56134,85178900
2025-09-08,639.922799,641.126472,638.551423,640.130005,63133100
2025-09-09,640.268175,642.132847,638.54164,641.609985,66133900
2025-09-10,644.855789,645.773312,641.905891,643.464722,78034500
2025-09-11,645.408199,649.502577,644.826144,648.811951,69934400
2025-09-12,648.782364,650.272127,648.091799,648.59491,72780100
2025-09-15,650.795105,652.176296,650.499139,652.048035,63772400
2025-09-16,652.600468,652.906369,650.370822,651.150208,61169000
2025-09-17,651.160135,652.847168,645.526677,650.341248,101952200
2025-09-18,653.014849,655.974622,651.416576,653.379883,90459200
2025-09-19,655.260655,657.456931,653.321554,656.616028,97945600
2025-09-22,655.132105,660.167744,655.102396,659.722595,69452200
2025-09-23,659.603711,660.217149,654.914313,656.131226,81708900
2025-09-24,657.417338,657.516247,652.628972,654.043701,68082200
2025-09-25,650.917495,652.371776,647.425143,651.026306,89622100
2025-09-26,652.470701,655.30016,650.858094,654.756042,69179200
2025-09-29,657.268926,658.17915,654.79561,656.596191,73499000
2025-09-30,655.854147,659.534473,654.548229,659.069458,86288000
2025-10-01,656.091635,662.225471,655.982823,661.315308,72545400
2025-10-02,663.293939,663.412653,659.663128,662.077026,56896000
2025-10-03,662.838843,665.500134,661.028359,662.0672,70494400
2025-10-06,664.451431,665.331946,662.314513,664.441528,54623300
2025-10-07,665.361629,665.806838,660.543614,661.978149,72020100
2025-10-08,663.096078,666.024506,662.27492,665.925537,60702200
2025-10-09,666.341158,666.746756,662.06726,663.996399,66501900
2025-10-10,664.956002,666.756583,645.871916,646.049988,159422600
2025-10-13,653.598568,658.030732,652.727956,655.963013,79560500
2025-10-14,650.155692,658.723294,646.198386,655.161682,88779600
2025-10-15,659.702725,663.076302,651.896925,658.070312,81702600
2025-10-16,659.702715,661.572556,650.096332,653.588684,110563300
2025-10-17,652.460824,658.654017,651.115354,657.298645,96500900
2025-10-20,660.197387,665.035209,660.147933,664.134888,60493400
2025-10-21,664.273362,665.806806,662.828924,664.124939,56249000
2025-10-22,664.827425,664.827425,656.220272,660.672241,80564000
2025-10-23,660.988803,665.529838,660.672211,664.589966,65604500
2025-10-24,669.239755,671.22825,668.438403,670.021301,74356500
2025-10-27,675.442867,678.222872,674.839393,677.926086,63339800
2025-10-28,679.716721,681.556853,677.520445,679.726624,61738100
2025-10-29,681.368861,682.338442,675.581326,680.053101,85657100
2025-10-30,676.60048,678.618685,672.573914,672.573914,76335800
2025-10-31,677.728203,677.767815,671.990121,674.780029,87164100
2025-11-03,678.351474,678.480091,672.682653,676.046387,57315000
2025-11-04,668.893485,672.702428,667.379847,668.032776,78427000
2025-11-05,667.775554,673.592799,666.974202,670.347839,74402400
2025-11-06,669.249681,670.150002,661.582401,663.155457,85035300
2025-11-07,660.781013,663.917221,654.152574,663.80835,100592400
2025-11-10,670.011443,674.898718,667.82507,674.166626,75842900
2025-11-11,672.692527,676.273884,671.485518,675.709961,58953400
2025-11-12,677.480861,677.64909,673.681881,676.085938,62312500
2025-11-13,673.236729,673.592872,663.363269,664.867004,103457800
2025-11-14,658.278041,668.448286,656.190577,664.758118,96846700
2025-11-17,662.551956,666.519165,655.102299,658.564941,90456100
2025-11-18,655.033066,658.020852,648.859679,653.034668,114467500
2025-11-19,653.727143,660.217122,651.718782,655.557373,94703000
2025-11-20,665.727665,668.349404,644.932063,645.565247,165293500
2025-11-21,648.058289,657.456891,643.903106,651.99585,123956200
2025-11-24,655.616775,662.908106,654.52854,661.592285,80437900
2025-11-25,661.493314,668.992425,657.387586,667.815125,81077100
2025-11-26,670.397308,674.423874,669.496987,672.425415,71879600
2025-11-28,673.592861,676.372866,673.236718,676.095886,49212000
2025-12-01,671.564717,675.700094,671.495457,673.009155,61201200
2025-12-02,674.641468,676.521212,672.079146,674.255676,62953800
2025-12-03,673.305944,677.599587,672.435332,676.590515,57238500
2025-12-04,677.985405,678.054665,674.06771,677.085144,61970300
2025-12-05,678.153594,681.04247,677.273139,678.371277,79241000
2025-12-08,679.261741,679.311196,674.295303,676.333313,55231500
2025-12-09,675.858445,678.074526,675.304424,675.749573,58310100
2025-12-10,675.274666,681.616222,674.038008,680.231201,85671300
2025-12-11,677.827193,681.893311,674.888862,681.814148,86173700
2025-12-12,680.824833,681.527277,671.920894,674.483276,113160300
2025-12-15,678.420708,678.440513,671.999989,673.464172,90811000
2025-12-16,671.980228,673.810518,667.77559,671.624084,122030600
2025-12-17,672.633198,673.177315,664.035948,664.233826,110625200
2025-12-18,670.367639,673.474138,667.696505,669.249695,108650100
2025-12-19,671.346369,675.811494,671.227243,675.315369,103599500
2025-12-22,678.639344,680.048322,675.315331,679.522461,69556700
2025-12-23,678.619507,682.866365,678.569906,682.628235,64840000
2025-12-24,682.61832,685.476005,682.469458,685.02948,39445600
2025-12-26,685.287481,686.299535,683.928104,684.960022,41613300
2025-12-29,682.211448,683.858617,680.75287,682.519043,62559500
2025-12-30,682.122139,683.223522,681.258887,681.685547,47160700
2025-12-31,681.814586,682.032851,676.426676,676.63501,74144800
2026-01-02,680.395659,681.546642,674.551292,677.875305,89377200
2026-01-05,681.219228,684.086845,681.060495,682.390076,71927200
2026-01-06,682.59843,686.954421,682.449629,686.448364,69273800
2026-01-07,686.825414,688.581716,683.977662,684.235657,75588300
2026-01-08,683.481544,685.267582,682.161835,684.166199,64019200
2026-01-09,685.277515,689.921237,683.838741,688.690857,80125500
2026-01-12,685.327079,690.695184,685.277479,689.772339,63976000
2026-01-13,690.099829,690.695215,685.9919,688.393188,78309700
2026-01-14,685.644576,686.358967,680.722995,685.009521,94676700
2026-01-15,689.186959,690.060144,685.892682,686.875,77862000
2026-01-16,688.28406,688.869515,684.751653,686.299561,79289200
2026-01-20,676.208345,679.462953,671.326492,672.328674,111623300
2026-01-21,674.382637,683.402154,672.874398,680.088074,127844500
2026-01-22,684.503572,685.773681,681.596287,683.64032,77112200
2026-01-23,682.816719,685.604939,681.834341,683.888306,63059600
2026-01-26,685.138576,688.75038,684.572986,687.361206,60473800
2026-01-27,688.800009,691.131832,688.194751,690.099854,55506100
2026-01-28,691.647768,692.431684,688.561885,690.030396,61172200
2026-01-29,690.992895,691.657686,679.522489,688.661072,97486200
2026-01-30,686.428519,688.829807,681.794729,686.607117,101835100
2026-02-02,684.235674,691.528686,684.07688,690.020447,79286500
2026-02-03,690.814257,691.558444,678.728661,684.186035,107904600
2026-02-04,684.99962,686.091131,676.476228,680.871887,105204600
2026-02-05,675.662624,678.391311,670.552513,672.368347,113610800
2026-02-06,676.178596,686.944483,675.573278,685.267578,89127600
2026-02-09,684.076857,690.47688,683.00527,688.571777,73885200
2026-02-10,689.564004,691.141648,686.299464,686.75592,65185700
2026-02-11,690.992889,691.737076,683.838745,686.597229,76353900
2026-02-12,688.859502,689.960885,675.097002,675.990051,118829000
2026-02-13,676.406837,680.961291,672.269172,676.46637,96267500
2026-02-17,674.868842,679.631629,670.542647,677.5578,81354700
2026-02-18,678.718764,683.809011,677.537985,680.97113,73570300
2026-02-19,678.540116,680.861947,676.267825,679.17511,58649400
2026-02-20,677.031971,684.711975,676.446517,684.086853,100034000
2026-02-23,682.499221,684.652386,675.097015,677.101379,90558100
2026-02-24,676.615175,683.015138,674.729876,682.022888,73798700
2026-02-25,684.830941,688.303815,684.751544,687.777954,56369500
2026-02-26,687.906959,687.926763,679.046115,683.957764,71671000
2026-02-27,677.795913,681.536653,676.357139,680.673401,83308900
2026-03-02,673.440014,683.283116,672.765291,681.060486,87477200
2026-03-03,669.828197,677.319671,664.470023,675.057373,105003100
2026-03-04,676.347316,681.765022,674.352884,679.82019,79182200
2026-03-05,676.793776,680.21705,670.373888,676.029724,106606500
2026-03-06,668.190931,670.870018,664.569256,667.168945,100687000
2026-03-09,661.225373,674.650482,657.256374,673.013306,102667700
2026-03-10,672.467495,678.063798,669.530474,671.931702,81505300
2026-03-11,672.32863,674.809255,668.121501,671.088318,68441700
2026-03-12,665.958338,666.444591,660.709358,660.897888,108882200
2026-03-13,664.083111,667.129325,656.23438,657.157166,97200200
2026-03-16,663.199923,666.861327,661.949679,663.84491,82023100
2026-03-17,667.178884,669.212984,664.509729,665.591248,87128000
2026-03-18,663.180117,664.529563,656.065703,656.303833,82062600
2026-03-19,651.878317,657.841748,650.09228,654.686401,111272500
2026-03-20,653.201008,653.380093,641.470394,645.301025,163617500
2026-03-23,654.753104,659.280158,650.643916,652.07666,134802700
2026-03-24,648.037146,653.718388,646.604402,649.887756,96457500
2026-03-25,655.35005,657.558892,650.942387,653.509399,90653800
2026-03-26,648.773402,651.549317,641.569903,641.838562,96494400
2026-03-27,639.261566,639.420733,629.91888,630.893982,103649400
2026-03-30,636.883655,637.142354,626.108285,628.784668,99275900
2026-03-31,635.719509,648.255976,634.764326,647.062073,152534100
2026-04-01,650.604166,655.200875,649.708678,651.937378,97841500
2026-04-02,643.16181,654.882464,641.858415,652.524414,68358700
2026-04-06,652.554292,656.394822,652.21604,655.608826,39105800
2026-04-07,653.340285,656.285327,647.778434,655.897278,69980400
2026-04-08,672.980812,673.667336,668.075668,672.602722,93606100
2026-04-09,671.438579,677.726671,670.373965,676.482971,57134400
2026-04-10,677.88595,678.592393,675.03042,676.035339,42253500
2026-04-13,673.995643,682.84085,673.16987,682.641846,54185800
2026-04-14,684.22382,691.079107,684.193942,690.959717,63480500
2026-04-15,691.755705,696.750422,690.70105,696.412109,58240400
2026-04-16,697.526462,699.237824,695.009245,698.123413,49972400
2026-04-17,702.580891,708.799389,702.202801,706.56073,70661900
2026-04-20,705.207522,706.331771,702.580814,705.147766,43546800
2026-04-21,706.700012,707.694972,699.098506,700.53125,58941400
2026-04-22,705.575691,707.864086,704.650325,707.625305,42518500
2026-04-23,705.923907,708.769477,698.740327,704.879211,56174000
2026-04-24,707.167629,710.86885,705.436409,710.341553,45182000
2026-04-27,709.575388,712.023011,708.709778,711.565308,33135900
2026-04-28,708.232194,709.286849,705.67514,708.102844,43117400
2026-04-29,707.416315,708.610278,704.799566,707.993408,41859200
2026-04-30,711.028064,716.162029,706.869139,715.03772,67240900
2026-05-01,717.614652,721.216401,716.838554,717.0177,43049800
2026-05-04,716.440606,718.480261,711.386194,714.390991,51950600
2026-05-05,718.13209,721.385567,717.853472,720.122009,36933200
2026-05-06,724.489821,730.887466,724.151569,730.131287,53288900
2026-05-07,731.34512,732.419694,726.071846,727.892639,51724600
2026-05-08,731.225717,734.359864,730.867546,733.902161,47227100
2026-05-11,732.738059,737.05615,732.738059,735.573669,44024000
2026-05-12,733.175874,735.116058,728.141381,734.459351,54185300
2026-05-13,734.74787,740.160454,731.762991,738.568542,44200200
2026-05-14,739.90181,745.752178,739.812237,744.398987,45307600
2026-05-15,738.051187,739.712813,734.240535,735.444397,60410800
2026-05-18,736.101047,737.682999,729.693504,734.927002,47843900
2026-05-19,731.076556,733.932085,727.842936,730.031799,54255900
2026-05-20,732.0018,738.130725,730.190966,737.513855,45768000
2026-05-21,734.917049,741.115628,733.315178,738.97644,43332200
2026-05-22,742.478726,745.16513,740.727588,741.881775,41762000
2026-05-26,746.22973,748.33904,744.597982,746.806824,41123600
2026-05-27,747.095356,747.592836,744.448729,746.67749,42106300
2026-05-28,746.468519,751.343846,745.453641,750.79657,41562600
2026-05-29,752.090081,754.259086,750.886158,752.667114,55075700
2026-06-01,751.552771,756.448017,750.886165,754.716736,43634900
2026-06-02,753.214401,756.567411,752.935783,755.741577,31581900
2026-06-03,754.328742,754.975429,749.77181,750.438416,51402500
2026-06-04,748.309148,754.48787,747.682319,753.274048,49923000
2026-06-05,748.518135,749.025574,731.822742,733.83252,93989400
2026-06-08,739.613227,741.583289,734.469303,735.49408,49319100
2026-06-09,739.881874,743.135411,718.947944,733.335022,87683500
2026-06-10,729.693522,734.658361,721.674149,721.773621,60341300
2026-06-11,725.086866,736.270204,720.758755,734.041504,86330500
2026-06-12,736.976616,740.687797,731.325253,738.011353,57079500
2026-06-15,748.06043,752.866103,747.970918,751.025452,60176400
2026-06-16,750.746858,751.632386,746.100413,746.548157,67093100
2026-06-17,747.503232,748.358943,735.494061,737.225342,85945200
2026-06-18,745.907752,746.376558,742.017388,744.890259,80875700
2026-06-22,745.847941,748.321779,741.289254,742.546143,46628100
2026-06-23,731.992289,737.79788,730.48602,731.762878,66846800
2026-06-24,733.348918,738.117107,729.029688,731.423706,57439500
2026-06-25,737.079645,737.538528,727.792709,732.481079,53934400
2026-06-26,727.144386,734.705627,714.805032,727.184265,71034000
2026-06-29,734.705591,739.7231,730.276587,739.16449,58035200
2026-06-30,739.45376,746.167131,739.054787,744.920227,55626000
2026-07-01,743.154593,747.583597,740.541087,743.91272,47100900
2026-07-02,745.548686,749.448974,738.196947,742.935181,57447800
2026-07-06,746.88532,750.546212,745.558598,749.419067,50673300
2026-07-07,748.361642,749.09986,743.364103,745.85791,43721500
2026-07-08,741.319147,744.301792,737.678225,743.55365,43767400
2026-07-09,745.498776,750.107327,743.743187,749.848022,41441700
2026-07-10,750.187115,753.548763,746.246887,753.079956,42191300
2026-07-13,750.606084,752.042519,746.147185,747.31427,44013600
2026-07-14,749.049947,751.473982,746.805521,749.967712,35143100
2026-07-15,752.371712,753.70842,748.341741,752.940308,43844800
2026-07-16,750.895398,752.700913,746.027481,748.860413,46409800
2026-07-17,740.241828,745.438883,738.964969,741.448792,62651000
2026-07-20,745.209491,746.875337,739.673251,740.251831,50422300
2026-07-21,744.441392,747.18458,742.336633,746.426514,34324300
2026-07-22,744.770573,748.162175,744.521192,745.558594,32836200
2026-07-23,737.538556,740.720657,733.388887,736.351501,55437300
2026-07-24,736.680667,741.877722,735.463657,737.099609,44782000
2026-07-27,743.064807,743.683328,734.047222,737.259277,41461200
2026-07-28,737.358995,740.950053,734.156924,739.024841,47322200
2026-07-29,738.137053,740.840362,727.293983,727.653137,70697200
2026-07-30,734.226739,740.61091,732.770395,739.852783,66811300
2026-07-31,742.835411,747.04499,735.85275,745.179626,62445900
2026-08-03,747.583618,756.700993,746.945189,755.793213,59927500
2026-08-04,758.745865,771.494176,758.636152,769.419373,69154800
2026-08-05,773.928165,774.925688,767.603904,767.883179,44689100
2026-08-06,768.302187,769.908185,765.558999,766.65625,38416900
2026-08-07,769.110163,772.002943,767.703621,771.344604,43586300
2026-08-10,770.686185,773.130128,769.708632,771.115173,39249500
2026-08-11,772.611504,772.691262,767.29469,768.651306,36740600
2026-08-12,772.79101,772.980541,769.369513,770.576477,33179100
2026-08-13,772.950632,777.439486,772.192505,775.953186,35634500
2026-08-14,776.611494,776.87086,773.509212,774.416992,31367900
2026-08-17,774.257358,774.855908,770.596466,770.756042,34356600
2026-08-18,766.795915,767.593921,765.020295,765.549011,43920900
2026-08-19,768.451736,770.556495,766.197324,767.154968,40306000
2026-08-20,764.062722,766.2473,760.152388,760.710999,45520300
2026-08-21,764.152442,765.947971,762.277094,763.823242,39188700
2026-08-24,762.88561,763.324462,760.192286,761.578796,32430900
2026-08-25,764.262137,764.880657,761.159855,764.012756,27422300
2026-08-26,762.835681,765.449186,762.037674,764.182373,28751600
2026-08-27,766.596406,770.44683,765.259698,769.189941,34557100
2026-08-28,769.848339,773.379549,766.406873,767.444275,36744300
2026-08-31,765.429299,766.097622,762.825718,765.149963,38810800
2026-09-01,760.122477,762.775861,757.598715,759.893066,41126300
2026-09-02,760.5614,764.531522,759.843152,763.264648,29566200
2026-09-03,765.997917,772.112738,765.54902,771.254822,43531600
2026-09-04,770.097726,770.955581,767.095172,768.282227,34054200
2026-09-08,767.164965,767.793409,763.244707,764.062683,44746100
2026-09-09,762.187367,762.576355,759.05513,760.511536,32812400
2026-09-10,756.152337,758.22714,754.765765,755.95282,42740400
2026-09-11,762.825717,764.481639,761.708496,762.39679,45512700
2026-09-14,757.119891,761.628714,756.052534,758.995239,43992400
2026-09-15,758.237134,758.466545,754.276997,755.513916,46195000
2026-09-16,757.618702,759.78331,747.743201,752.18219,59217700
2026-09-17,761.259685,761.678627,758.077584,760.710999,49652800
2026-09-18,761.309998,762.0,757.969971,761.690002,65395100
2026-09-21,766.25,774.890015,766.030029,773.5,50484700
2026-09-22,774.030029,775.140015,772.570007,773.380005,34802300
2026-09-23,772.789978,773.049988,766.5,767.809998,54931700
2026-09-24,764.070007,768.950012,763.25,767.179993,43983700
2026-09-25,768.780029,772.280029,766.289978,771.349976,36666700
2026-09-28,768.349976,769.539978,763.719971,765.609985,42694500
2026-09-29,766.830017,766.97998,762.349976,764.200012,36910500
2026-09-30,766.450012,769.409973,762.179993,762.630005,62110000
2026-10-01,764.359985,765.650024,758.789978,763.98999,47708100
2026-10-02,770.580017,772.650024,767.150024,769.640015,46335300
2026-10-05,769.690002,776.609985,769.630005,774.830017,44840200
2026-10-06,778.150024,781.619995,777.960022,779.090027,36054300
2026-10-07,775.77002,779.099976,773.609985,777.219971,30989200
2026-10-08,774.859985,777.090027,770.440002,773.929993,40351800
